script_id,model,prompt_type,language,category,snippet,script_path,run_id,status,elapsed_seconds,energy_joules,avg_power_watts,error_message
script_4,original,base,python,data_visualization,02_distribution_boxplot,/home/romakrut/PycharmProjects/masters-thesis/task_equivalents/python/data_visualization/02_distribution_boxplot.py,1,ok,0.841694642,14.110000000,16.763799240,
script_4,original,base,python,data_visualization,02_distribution_boxplot,/home/romakrut/PycharmProjects/masters-thesis/task_equivalents/python/data_visualization/02_distribution_boxplot.py,2,ok,0.843893484,14.310000000,16.957116356,
script_4,original,base,python,data_visualization,02_distribution_boxplot,/home/romakrut/PycharmProjects/masters-thesis/task_equivalents/python/data_visualization/02_distribution_boxplot.py,3,ok,0.840853107,14.410000000,17.137357144,
script_4,original,base,python,data_visualization,02_distribution_boxplot,/home/romakrut/PycharmProjects/masters-thesis/task_equivalents/python/data_visualization/02_distribution_boxplot.py,4,ok,0.841129552,13.900000000,16.525397267,
script_4,original,base,python,data_visualization,02_distribution_boxplot,/home/romakrut/PycharmProjects/masters-thesis/task_equivalents/python/data_visualization/02_distribution_boxplot.py,5,ok,0.844554065,14.050000000,16.635998312,
script_4,original,base,python,data_visualization,02_distribution_boxplot,/home/romakrut/PycharmProjects/masters-thesis/task_equivalents/python/data_visualization/02_distribution_boxplot.py,6,ok,0.851235995,14.440000000,16.963568370,
script_4,original,base,python,data_visualization,02_distribution_boxplot,/home/romakrut/PycharmProjects/masters-thesis/task_equivalents/python/data_visualization/02_distribution_boxplot.py,7,ok,0.844614740,14.310000000,16.942635882,
script_4,original,base,python,data_visualization,02_distribution_boxplot,/home/romakrut/PycharmProjects/masters-thesis/task_equivalents/python/data_visualization/02_distribution_boxplot.py,8,ok,0.853702123,14.240000000,16.680291189,
script_4,original,base,python,data_visualization,02_distribution_boxplot,/home/romakrut/PycharmProjects/masters-thesis/task_equivalents/python/data_visualization/02_distribution_boxplot.py,9,ok,0.857170657,14.270000000,16.647793393,
script_4,original,base,python,data_visualization,02_distribution_boxplot,/home/romakrut/PycharmProjects/masters-thesis/task_equivalents/python/data_visualization/02_distribution_boxplot.py,10,ok,0.852956373,14.240000000,16.694874968,
script_4,original,base,python,data_visualization,02_distribution_boxplot,/home/romakrut/PycharmProjects/masters-thesis/task_equivalents/python/data_visualization/02_distribution_boxplot.py,11,ok,0.844707553,14.110000000,16.704005960,
script_4,original,base,python,data_visualization,02_distribution_boxplot,/home/romakrut/PycharmProjects/masters-thesis/task_equivalents/python/data_visualization/02_distribution_boxplot.py,12,ok,0.862375701,14.130000000,16.384970012,
script_4,original,base,python,data_visualization,02_distribution_boxplot,/home/romakrut/PycharmProjects/masters-thesis/task_equivalents/python/data_visualization/02_distribution_boxplot.py,13,ok,0.841836975,14.010000000,16.642177068,
script_4,original,base,python,data_visualization,02_distribution_boxplot,/home/romakrut/PycharmProjects/masters-thesis/task_equivalents/python/data_visualization/02_distribution_boxplot.py,14,ok,0.842042084,14.220000000,16.887516990,
script_4,original,base,python,data_visualization,02_distribution_boxplot,/home/romakrut/PycharmProjects/masters-thesis/task_equivalents/python/data_visualization/02_distribution_boxplot.py,15,ok,0.843072730,14.460000000,17.151545158,
script_4,original,base,python,data_visualization,02_distribution_boxplot,/home/romakrut/PycharmProjects/masters-thesis/task_equivalents/python/data_visualization/02_distribution_boxplot.py,16,ok,0.847575716,14.270000000,16.836253954,
script_4,original,base,python,data_visualization,02_distribution_boxplot,/home/romakrut/PycharmProjects/masters-thesis/task_equivalents/python/data_visualization/02_distribution_boxplot.py,17,ok,0.845388091,14.480000000,17.128228034,
script_4,original,base,python,data_visualization,02_distribution_boxplot,/home/romakrut/PycharmProjects/masters-thesis/task_equivalents/python/data_visualization/02_distribution_boxplot.py,18,ok,0.846806731,14.360000000,16.957824583,
script_4,original,base,python,data_visualization,02_distribution_boxplot,/home/romakrut/PycharmProjects/masters-thesis/task_equivalents/python/data_visualization/02_distribution_boxplot.py,19,ok,0.854451948,14.170000000,16.583729528,
script_4,original,base,python,data_visualization,02_distribution_boxplot,/home/romakrut/PycharmProjects/masters-thesis/task_equivalents/python/data_visualization/02_distribution_boxplot.py,20,ok,0.844125151,14.120000000,16.727377431,
script_4,original,base,python,data_visualization,02_distribution_boxplot,/home/romakrut/PycharmProjects/masters-thesis/task_equivalents/python/data_visualization/02_distribution_boxplot.py,21,ok,0.850162304,14.410000000,16.949704700,
script_4,original,base,python,data_visualization,02_distribution_boxplot,/home/romakrut/PycharmProjects/masters-thesis/task_equivalents/python/data_visualization/02_distribution_boxplot.py,22,ok,0.844640061,14.350000000,16.989485418,
script_4,original,base,python,data_visualization,02_distribution_boxplot,/home/romakrut/PycharmProjects/masters-thesis/task_equivalents/python/data_visualization/02_distribution_boxplot.py,23,ok,0.854811535,14.610000000,17.091486722,
script_4,original,base,python,data_visualization,02_distribution_boxplot,/home/romakrut/PycharmProjects/masters-thesis/task_equivalents/python/data_visualization/02_distribution_boxplot.py,24,ok,0.839759515,14.180000000,16.885786641,
script_4,original,base,python,data_visualization,02_distribution_boxplot,/home/romakrut/PycharmProjects/masters-thesis/task_equivalents/python/data_visualization/02_distribution_boxplot.py,25,ok,0.847463271,14.400000000,16.991886838,
script_4,original,base,python,data_visualization,02_distribution_boxplot,/home/romakrut/PycharmProjects/masters-thesis/task_equivalents/python/data_visualization/02_distribution_boxplot.py,26,ok,0.860024537,14.370000000,16.708825599,
script_4,original,base,python,data_visualization,02_distribution_boxplot,/home/romakrut/PycharmProjects/masters-thesis/task_equivalents/python/data_visualization/02_distribution_boxplot.py,27,ok,0.851807478,14.350000000,16.846529727,
script_4,original,base,python,data_visualization,02_distribution_boxplot,/home/romakrut/PycharmProjects/masters-thesis/task_equivalents/python/data_visualization/02_distribution_boxplot.py,28,ok,0.848539266,14.320000000,16.876060512,
script_4,original,base,python,data_visualization,02_distribution_boxplot,/home/romakrut/PycharmProjects/masters-thesis/task_equivalents/python/data_visualization/02_distribution_boxplot.py,29,ok,0.843584765,14.060000000,16.666967664,
script_4,original,base,python,data_visualization,02_distribution_boxplot,/home/romakrut/PycharmProjects/masters-thesis/task_equivalents/python/data_visualization/02_distribution_boxplot.py,30,ok,0.841263767,14.190000000,16.867480280,
script_2,original,base,python,data_manipulation_preprocessing,02_merge_aggregate_reshape,/home/romakrut/PycharmProjects/masters-thesis/task_equivalents/python/data_manipulation_preprocessing/02_merge_aggregate_reshape.py,1,ok,0.616436192,10.070000000,16.335835129,
script_2,original,base,python,data_manipulation_preprocessing,02_merge_aggregate_reshape,/home/romakrut/PycharmProjects/masters-thesis/task_equivalents/python/data_manipulation_preprocessing/02_merge_aggregate_reshape.py,2,ok,0.621774205,10.040000000,16.147340818,
script_2,original,base,python,data_manipulation_preprocessing,02_merge_aggregate_reshape,/home/romakrut/PycharmProjects/masters-thesis/task_equivalents/python/data_manipulation_preprocessing/02_merge_aggregate_reshape.py,3,ok,0.615964785,10.080000000,16.364571881,
script_2,original,base,python,data_manipulation_preprocessing,02_merge_aggregate_reshape,/home/romakrut/PycharmProjects/masters-thesis/task_equivalents/python/data_manipulation_preprocessing/02_merge_aggregate_reshape.py,4,ok,0.616747956,10.150000000,16.457290051,
script_2,original,base,python,data_manipulation_preprocessing,02_merge_aggregate_reshape,/home/romakrut/PycharmProjects/masters-thesis/task_equivalents/python/data_manipulation_preprocessing/02_merge_aggregate_reshape.py,5,ok,0.626743416,10.170000000,16.226736078,
script_2,original,base,python,data_manipulation_preprocessing,02_merge_aggregate_reshape,/home/romakrut/PycharmProjects/masters-thesis/task_equivalents/python/data_manipulation_preprocessing/02_merge_aggregate_reshape.py,6,ok,0.620018092,10.040000000,16.193075863,
script_2,original,base,python,data_manipulation_preprocessing,02_merge_aggregate_reshape,/home/romakrut/PycharmProjects/masters-thesis/task_equivalents/python/data_manipulation_preprocessing/02_merge_aggregate_reshape.py,7,ok,0.627636063,10.090000000,16.076195418,
script_2,original,base,python,data_manipulation_preprocessing,02_merge_aggregate_reshape,/home/romakrut/PycharmProjects/masters-thesis/task_equivalents/python/data_manipulation_preprocessing/02_merge_aggregate_reshape.py,8,ok,0.624923220,10.140000000,16.225993331,
script_2,original,base,python,data_manipulation_preprocessing,02_merge_aggregate_reshape,/home/romakrut/PycharmProjects/masters-thesis/task_equivalents/python/data_manipulation_preprocessing/02_merge_aggregate_reshape.py,9,ok,0.618643042,10.000000000,16.164410364,
script_2,original,base,python,data_manipulation_preprocessing,02_merge_aggregate_reshape,/home/romakrut/PycharmProjects/masters-thesis/task_equivalents/python/data_manipulation_preprocessing/02_merge_aggregate_reshape.py,10,ok,0.622896746,9.940000000,15.957700957,
script_2,original,base,python,data_manipulation_preprocessing,02_merge_aggregate_reshape,/home/romakrut/PycharmProjects/masters-thesis/task_equivalents/python/data_manipulation_preprocessing/02_merge_aggregate_reshape.py,11,ok,0.615581856,10.190000000,16.553444356,
script_2,original,base,python,data_manipulation_preprocessing,02_merge_aggregate_reshape,/home/romakrut/PycharmProjects/masters-thesis/task_equivalents/python/data_manipulation_preprocessing/02_merge_aggregate_reshape.py,12,ok,0.618497817,10.300000000,16.653251987,
script_2,original,base,python,data_manipulation_preprocessing,02_merge_aggregate_reshape,/home/romakrut/PycharmProjects/masters-thesis/task_equivalents/python/data_manipulation_preprocessing/02_merge_aggregate_reshape.py,13,ok,0.619797001,10.250000000,16.537672792,
script_2,original,base,python,data_manipulation_preprocessing,02_merge_aggregate_reshape,/home/romakrut/PycharmProjects/masters-thesis/task_equivalents/python/data_manipulation_preprocessing/02_merge_aggregate_reshape.py,14,ok,0.617688961,10.020000000,16.221756633,
script_2,original,base,python,data_manipulation_preprocessing,02_merge_aggregate_reshape,/home/romakrut/PycharmProjects/masters-thesis/task_equivalents/python/data_manipulation_preprocessing/02_merge_aggregate_reshape.py,15,ok,0.615251618,10.230000000,16.627343514,
script_2,original,base,python,data_manipulation_preprocessing,02_merge_aggregate_reshape,/home/romakrut/PycharmProjects/masters-thesis/task_equivalents/python/data_manipulation_preprocessing/02_merge_aggregate_reshape.py,16,ok,0.621233526,10.160000000,16.354558431,
script_2,original,base,python,data_manipulation_preprocessing,02_merge_aggregate_reshape,/home/romakrut/PycharmProjects/masters-thesis/task_equivalents/python/data_manipulation_preprocessing/02_merge_aggregate_reshape.py,17,ok,0.624675681,10.270000000,16.440531163,
script_2,original,base,python,data_manipulation_preprocessing,02_merge_aggregate_reshape,/home/romakrut/PycharmProjects/masters-thesis/task_equivalents/python/data_manipulation_preprocessing/02_merge_aggregate_reshape.py,18,ok,0.626899276,10.080000000,16.079138046,
script_2,original,base,python,data_manipulation_preprocessing,02_merge_aggregate_reshape,/home/romakrut/PycharmProjects/masters-thesis/task_equivalents/python/data_manipulation_preprocessing/02_merge_aggregate_reshape.py,19,ok,0.615707807,10.180000000,16.533816665,
script_2,original,base,python,data_manipulation_preprocessing,02_merge_aggregate_reshape,/home/romakrut/PycharmProjects/masters-thesis/task_equivalents/python/data_manipulation_preprocessing/02_merge_aggregate_reshape.py,20,ok,0.618370487,10.180000000,16.462622674,
script_2,original,base,python,data_manipulation_preprocessing,02_merge_aggregate_reshape,/home/romakrut/PycharmProjects/masters-thesis/task_equivalents/python/data_manipulation_preprocessing/02_merge_aggregate_reshape.py,21,ok,0.630571999,10.590000000,16.794275700,
script_2,original,base,python,data_manipulation_preprocessing,02_merge_aggregate_reshape,/home/romakrut/PycharmProjects/masters-thesis/task_equivalents/python/data_manipulation_preprocessing/02_merge_aggregate_reshape.py,22,ok,0.615812450,10.090000000,16.384858734,
script_2,original,base,python,data_manipulation_preprocessing,02_merge_aggregate_reshape,/home/romakrut/PycharmProjects/masters-thesis/task_equivalents/python/data_manipulation_preprocessing/02_merge_aggregate_reshape.py,23,ok,0.624105047,10.280000000,16.471586073,
script_2,original,base,python,data_manipulation_preprocessing,02_merge_aggregate_reshape,/home/romakrut/PycharmProjects/masters-thesis/task_equivalents/python/data_manipulation_preprocessing/02_merge_aggregate_reshape.py,24,ok,0.618980115,10.140000000,16.381786352,
script_2,original,base,python,data_manipulation_preprocessing,02_merge_aggregate_reshape,/home/romakrut/PycharmProjects/masters-thesis/task_equivalents/python/data_manipulation_preprocessing/02_merge_aggregate_reshape.py,25,ok,0.619382370,10.310000000,16.645614243,
script_2,original,base,python,data_manipulation_preprocessing,02_merge_aggregate_reshape,/home/romakrut/PycharmProjects/masters-thesis/task_equivalents/python/data_manipulation_preprocessing/02_merge_aggregate_reshape.py,26,ok,0.619367775,10.060000000,16.242369084,
script_2,original,base,python,data_manipulation_preprocessing,02_merge_aggregate_reshape,/home/romakrut/PycharmProjects/masters-thesis/task_equivalents/python/data_manipulation_preprocessing/02_merge_aggregate_reshape.py,27,ok,0.616811884,10.240000000,16.601495960,
script_2,original,base,python,data_manipulation_preprocessing,02_merge_aggregate_reshape,/home/romakrut/PycharmProjects/masters-thesis/task_equivalents/python/data_manipulation_preprocessing/02_merge_aggregate_reshape.py,28,ok,0.618619852,10.370000000,16.763121918,
script_2,original,base,python,data_manipulation_preprocessing,02_merge_aggregate_reshape,/home/romakrut/PycharmProjects/masters-thesis/task_equivalents/python/data_manipulation_preprocessing/02_merge_aggregate_reshape.py,29,ok,0.618640043,10.290000000,16.633258898,
script_2,original,base,python,data_manipulation_preprocessing,02_merge_aggregate_reshape,/home/romakrut/PycharmProjects/masters-thesis/task_equivalents/python/data_manipulation_preprocessing/02_merge_aggregate_reshape.py,30,ok,0.621241395,10.290000000,16.563609706,
script_1,original,base,python,data_manipulation_preprocessing,01_impute_encode_scale,/home/romakrut/PycharmProjects/masters-thesis/task_equivalents/python/data_manipulation_preprocessing/01_impute_encode_scale.py,1,ok,0.587790897,9.840000000,16.740647142,
script_1,original,base,python,data_manipulation_preprocessing,01_impute_encode_scale,/home/romakrut/PycharmProjects/masters-thesis/task_equivalents/python/data_manipulation_preprocessing/01_impute_encode_scale.py,2,ok,0.586468924,9.580000000,16.335051369,
script_1,original,base,python,data_manipulation_preprocessing,01_impute_encode_scale,/home/romakrut/PycharmProjects/masters-thesis/task_equivalents/python/data_manipulation_preprocessing/01_impute_encode_scale.py,3,ok,0.588568570,9.590000000,16.293768456,
script_1,original,base,python,data_manipulation_preprocessing,01_impute_encode_scale,/home/romakrut/PycharmProjects/masters-thesis/task_equivalents/python/data_manipulation_preprocessing/01_impute_encode_scale.py,4,ok,0.595585254,9.640000000,16.185760032,
script_1,original,base,python,data_manipulation_preprocessing,01_impute_encode_scale,/home/romakrut/PycharmProjects/masters-thesis/task_equivalents/python/data_manipulation_preprocessing/01_impute_encode_scale.py,5,ok,0.584959997,9.730000000,16.633616059,
script_1,original,base,python,data_manipulation_preprocessing,01_impute_encode_scale,/home/romakrut/PycharmProjects/masters-thesis/task_equivalents/python/data_manipulation_preprocessing/01_impute_encode_scale.py,6,ok,0.587931421,9.530000000,16.209373508,
script_1,original,base,python,data_manipulation_preprocessing,01_impute_encode_scale,/home/romakrut/PycharmProjects/masters-thesis/task_equivalents/python/data_manipulation_preprocessing/01_impute_encode_scale.py,7,ok,0.587592607,9.640000000,16.405924590,
script_1,original,base,python,data_manipulation_preprocessing,01_impute_encode_scale,/home/romakrut/PycharmProjects/masters-thesis/task_equivalents/python/data_manipulation_preprocessing/01_impute_encode_scale.py,8,ok,0.586660065,9.760000000,16.636550845,
script_1,original,base,python,data_manipulation_preprocessing,01_impute_encode_scale,/home/romakrut/PycharmProjects/masters-thesis/task_equivalents/python/data_manipulation_preprocessing/01_impute_encode_scale.py,9,ok,0.585186949,9.640000000,16.473368069,
script_1,original,base,python,data_manipulation_preprocessing,01_impute_encode_scale,/home/romakrut/PycharmProjects/masters-thesis/task_equivalents/python/data_manipulation_preprocessing/01_impute_encode_scale.py,10,ok,0.584679337,9.590000000,16.402153100,
script_1,original,base,python,data_manipulation_preprocessing,01_impute_encode_scale,/home/romakrut/PycharmProjects/masters-thesis/task_equivalents/python/data_manipulation_preprocessing/01_impute_encode_scale.py,11,ok,0.587499936,9.680000000,16.476597540,
script_1,original,base,python,data_manipulation_preprocessing,01_impute_encode_scale,/home/romakrut/PycharmProjects/masters-thesis/task_equivalents/python/data_manipulation_preprocessing/01_impute_encode_scale.py,12,ok,0.590538191,9.820000000,16.628899112,
script_1,original,base,python,data_manipulation_preprocessing,01_impute_encode_scale,/home/romakrut/PycharmProjects/masters-thesis/task_equivalents/python/data_manipulation_preprocessing/01_impute_encode_scale.py,13,ok,0.588819799,9.570000000,16.252850220,
script_1,original,base,python,data_manipulation_preprocessing,01_impute_encode_scale,/home/romakrut/PycharmProjects/masters-thesis/task_equivalents/python/data_manipulation_preprocessing/01_impute_encode_scale.py,14,ok,0.586317442,9.700000000,16.543939008,
script_1,original,base,python,data_manipulation_preprocessing,01_impute_encode_scale,/home/romakrut/PycharmProjects/masters-thesis/task_equivalents/python/data_manipulation_preprocessing/01_impute_encode_scale.py,15,ok,0.585103299,9.430000000,16.116812221,
script_1,original,base,python,data_manipulation_preprocessing,01_impute_encode_scale,/home/romakrut/PycharmProjects/masters-thesis/task_equivalents/python/data_manipulation_preprocessing/01_impute_encode_scale.py,16,ok,0.584772292,9.710000000,16.604753907,
script_1,original,base,python,data_manipulation_preprocessing,01_impute_encode_scale,/home/romakrut/PycharmProjects/masters-thesis/task_equivalents/python/data_manipulation_preprocessing/01_impute_encode_scale.py,17,ok,0.594476112,9.760000000,16.417816970,
script_1,original,base,python,data_manipulation_preprocessing,01_impute_encode_scale,/home/romakrut/PycharmProjects/masters-thesis/task_equivalents/python/data_manipulation_preprocessing/01_impute_encode_scale.py,18,ok,0.586581843,9.530000000,16.246667219,
script_1,original,base,python,data_manipulation_preprocessing,01_impute_encode_scale,/home/romakrut/PycharmProjects/masters-thesis/task_equivalents/python/data_manipulation_preprocessing/01_impute_encode_scale.py,19,ok,0.589093430,9.830000000,16.686656988,
script_1,original,base,python,data_manipulation_preprocessing,01_impute_encode_scale,/home/romakrut/PycharmProjects/masters-thesis/task_equivalents/python/data_manipulation_preprocessing/01_impute_encode_scale.py,20,ok,0.590711966,9.700000000,16.420862549,
script_1,original,base,python,data_manipulation_preprocessing,01_impute_encode_scale,/home/romakrut/PycharmProjects/masters-thesis/task_equivalents/python/data_manipulation_preprocessing/01_impute_encode_scale.py,21,ok,0.587483397,9.600000000,16.340887332,
script_1,original,base,python,data_manipulation_preprocessing,01_impute_encode_scale,/home/romakrut/PycharmProjects/masters-thesis/task_equivalents/python/data_manipulation_preprocessing/01_impute_encode_scale.py,22,ok,0.588659030,9.880000000,16.783909694,
script_1,original,base,python,data_manipulation_preprocessing,01_impute_encode_scale,/home/romakrut/PycharmProjects/masters-thesis/task_equivalents/python/data_manipulation_preprocessing/01_impute_encode_scale.py,23,ok,0.587871185,9.790000000,16.653308156,
script_1,original,base,python,data_manipulation_preprocessing,01_impute_encode_scale,/home/romakrut/PycharmProjects/masters-thesis/task_equivalents/python/data_manipulation_preprocessing/01_impute_encode_scale.py,24,ok,0.585604202,9.960000000,17.008074679,
script_1,original,base,python,data_manipulation_preprocessing,01_impute_encode_scale,/home/romakrut/PycharmProjects/masters-thesis/task_equivalents/python/data_manipulation_preprocessing/01_impute_encode_scale.py,25,ok,0.588245606,9.700000000,16.489710932,
script_1,original,base,python,data_manipulation_preprocessing,01_impute_encode_scale,/home/romakrut/PycharmProjects/masters-thesis/task_equivalents/python/data_manipulation_preprocessing/01_impute_encode_scale.py,26,ok,0.588694845,9.860000000,16.748915136,
script_1,original,base,python,data_manipulation_preprocessing,01_impute_encode_scale,/home/romakrut/PycharmProjects/masters-thesis/task_equivalents/python/data_manipulation_preprocessing/01_impute_encode_scale.py,27,ok,0.587889965,9.620000000,16.363606411,
script_1,original,base,python,data_manipulation_preprocessing,01_impute_encode_scale,/home/romakrut/PycharmProjects/masters-thesis/task_equivalents/python/data_manipulation_preprocessing/01_impute_encode_scale.py,28,ok,0.584275007,9.550000000,16.345042806,
script_1,original,base,python,data_manipulation_preprocessing,01_impute_encode_scale,/home/romakrut/PycharmProjects/masters-thesis/task_equivalents/python/data_manipulation_preprocessing/01_impute_encode_scale.py,29,ok,0.583269936,9.810000000,16.818970762,
script_1,original,base,python,data_manipulation_preprocessing,01_impute_encode_scale,/home/romakrut/PycharmProjects/masters-thesis/task_equivalents/python/data_manipulation_preprocessing/01_impute_encode_scale.py,30,ok,0.589793410,9.710000000,16.463391817,
script_6,original,base,python,machine_learning_workflows,02_regression_workflow_feature_importance,/home/romakrut/PycharmProjects/masters-thesis/task_equivalents/python/machine_learning_workflows/02_regression_workflow_feature_importance.py,1,ok,12.234989275,192.130000000,15.703323941,
script_6,original,base,python,machine_learning_workflows,02_regression_workflow_feature_importance,/home/romakrut/PycharmProjects/masters-thesis/task_equivalents/python/machine_learning_workflows/02_regression_workflow_feature_importance.py,2,ok,12.205449574,195.000000000,15.976470086,
script_6,original,base,python,machine_learning_workflows,02_regression_workflow_feature_importance,/home/romakrut/PycharmProjects/masters-thesis/task_equivalents/python/machine_learning_workflows/02_regression_workflow_feature_importance.py,3,ok,12.165169539,191.350000000,15.729332780,
script_6,original,base,python,machine_learning_workflows,02_regression_workflow_feature_importance,/home/romakrut/PycharmProjects/masters-thesis/task_equivalents/python/machine_learning_workflows/02_regression_workflow_feature_importance.py,4,ok,12.174212707,191.880000000,15.761183464,
script_6,original,base,python,machine_learning_workflows,02_regression_workflow_feature_importance,/home/romakrut/PycharmProjects/masters-thesis/task_equivalents/python/machine_learning_workflows/02_regression_workflow_feature_importance.py,5,ok,12.142508037,194.320000000,16.003283622,
script_6,original,base,python,machine_learning_workflows,02_regression_workflow_feature_importance,/home/romakrut/PycharmProjects/masters-thesis/task_equivalents/python/machine_learning_workflows/02_regression_workflow_feature_importance.py,6,ok,12.167547340,192.880000000,15.852003252,
script_6,original,base,python,machine_learning_workflows,02_regression_workflow_feature_importance,/home/romakrut/PycharmProjects/masters-thesis/task_equivalents/python/machine_learning_workflows/02_regression_workflow_feature_importance.py,7,ok,12.193818972,193.350000000,15.856394165,
script_6,original,base,python,machine_learning_workflows,02_regression_workflow_feature_importance,/home/romakrut/PycharmProjects/masters-thesis/task_equivalents/python/machine_learning_workflows/02_regression_workflow_feature_importance.py,8,ok,12.276510746,193.990000000,15.801721190,
script_6,original,base,python,machine_learning_workflows,02_regression_workflow_feature_importance,/home/romakrut/PycharmProjects/masters-thesis/task_equivalents/python/machine_learning_workflows/02_regression_workflow_feature_importance.py,9,ok,12.124800405,190.110000000,15.679433364,
script_6,original,base,python,machine_learning_workflows,02_regression_workflow_feature_importance,/home/romakrut/PycharmProjects/masters-thesis/task_equivalents/python/machine_learning_workflows/02_regression_workflow_feature_importance.py,10,ok,12.179964747,192.260000000,15.784938955,
script_6,original,base,python,machine_learning_workflows,02_regression_workflow_feature_importance,/home/romakrut/PycharmProjects/masters-thesis/task_equivalents/python/machine_learning_workflows/02_regression_workflow_feature_importance.py,11,ok,12.174205246,191.880000000,15.761193123,
script_6,original,base,python,machine_learning_workflows,02_regression_workflow_feature_importance,/home/romakrut/PycharmProjects/masters-thesis/task_equivalents/python/machine_learning_workflows/02_regression_workflow_feature_importance.py,12,ok,12.156136578,191.940000000,15.789556062,
script_6,original,base,python,machine_learning_workflows,02_regression_workflow_feature_importance,/home/romakrut/PycharmProjects/masters-thesis/task_equivalents/python/machine_learning_workflows/02_regression_workflow_feature_importance.py,13,ok,12.170014171,193.400000000,15.891518061,
script_6,original,base,python,machine_learning_workflows,02_regression_workflow_feature_importance,/home/romakrut/PycharmProjects/masters-thesis/task_equivalents/python/machine_learning_workflows/02_regression_workflow_feature_importance.py,14,ok,12.179212195,195.570000000,16.057688861,
script_6,original,base,python,machine_learning_workflows,02_regression_workflow_feature_importance,/home/romakrut/PycharmProjects/masters-thesis/task_equivalents/python/machine_learning_workflows/02_regression_workflow_feature_importance.py,15,ok,12.175180014,191.140000000,15.699151863,
script_6,original,base,python,machine_learning_workflows,02_regression_workflow_feature_importance,/home/romakrut/PycharmProjects/masters-thesis/task_equivalents/python/machine_learning_workflows/02_regression_workflow_feature_importance.py,16,ok,12.187745466,190.130000000,15.600096058,
script_6,original,base,python,machine_learning_workflows,02_regression_workflow_feature_importance,/home/romakrut/PycharmProjects/masters-thesis/task_equivalents/python/machine_learning_workflows/02_regression_workflow_feature_importance.py,17,ok,12.136411256,194.060000000,15.989899807,
script_6,original,base,python,machine_learning_workflows,02_regression_workflow_feature_importance,/home/romakrut/PycharmProjects/masters-thesis/task_equivalents/python/machine_learning_workflows/02_regression_workflow_feature_importance.py,18,ok,12.147838058,196.200000000,16.151022022,
script_6,original,base,python,machine_learning_workflows,02_regression_workflow_feature_importance,/home/romakrut/PycharmProjects/masters-thesis/task_equivalents/python/machine_learning_workflows/02_regression_workflow_feature_importance.py,19,ok,12.154543739,191.280000000,15.737324585,
script_6,original,base,python,machine_learning_workflows,02_regression_workflow_feature_importance,/home/romakrut/PycharmProjects/masters-thesis/task_equivalents/python/machine_learning_workflows/02_regression_workflow_feature_importance.py,20,ok,12.186923637,194.560000000,15.964652425,
script_6,original,base,python,machine_learning_workflows,02_regression_workflow_feature_importance,/home/romakrut/PycharmProjects/masters-thesis/task_equivalents/python/machine_learning_workflows/02_regression_workflow_feature_importance.py,21,ok,12.117086293,192.180000000,15.860248525,
script_6,original,base,python,machine_learning_workflows,02_regression_workflow_feature_importance,/home/romakrut/PycharmProjects/masters-thesis/task_equivalents/python/machine_learning_workflows/02_regression_workflow_feature_importance.py,22,ok,12.190572280,196.900000000,16.151825811,
script_6,original,base,python,machine_learning_workflows,02_regression_workflow_feature_importance,/home/romakrut/PycharmProjects/masters-thesis/task_equivalents/python/machine_learning_workflows/02_regression_workflow_feature_importance.py,23,ok,12.174148930,192.400000000,15.803979490,
script_6,original,base,python,machine_learning_workflows,02_regression_workflow_feature_importance,/home/romakrut/PycharmProjects/masters-thesis/task_equivalents/python/machine_learning_workflows/02_regression_workflow_feature_importance.py,24,ok,12.154968675,195.440000000,16.079021281,
script_6,original,base,python,machine_learning_workflows,02_regression_workflow_feature_importance,/home/romakrut/PycharmProjects/masters-thesis/task_equivalents/python/machine_learning_workflows/02_regression_workflow_feature_importance.py,25,ok,12.180234974,195.070000000,16.015290380,
script_6,original,base,python,machine_learning_workflows,02_regression_workflow_feature_importance,/home/romakrut/PycharmProjects/masters-thesis/task_equivalents/python/machine_learning_workflows/02_regression_workflow_feature_importance.py,26,ok,12.164781164,192.210000000,15.800530845,
script_6,original,base,python,machine_learning_workflows,02_regression_workflow_feature_importance,/home/romakrut/PycharmProjects/masters-thesis/task_equivalents/python/machine_learning_workflows/02_regression_workflow_feature_importance.py,27,ok,12.431524820,199.410000000,16.040671027,
script_6,original,base,python,machine_learning_workflows,02_regression_workflow_feature_importance,/home/romakrut/PycharmProjects/masters-thesis/task_equivalents/python/machine_learning_workflows/02_regression_workflow_feature_importance.py,28,ok,12.233656259,197.990000000,16.184041452,
script_6,original,base,python,machine_learning_workflows,02_regression_workflow_feature_importance,/home/romakrut/PycharmProjects/masters-thesis/task_equivalents/python/machine_learning_workflows/02_regression_workflow_feature_importance.py,29,ok,12.157199455,193.650000000,15.928833011,
script_6,original,base,python,machine_learning_workflows,02_regression_workflow_feature_importance,/home/romakrut/PycharmProjects/masters-thesis/task_equivalents/python/machine_learning_workflows/02_regression_workflow_feature_importance.py,30,ok,12.141163872,192.840000000,15.883156016,
script_15,original,base,r,statistical_modelling_analysis,01_linear_regression_inference,/home/romakrut/PycharmProjects/masters-thesis/task_equivalents/r/statistical_modelling_analysis/01_linear_regression_inference.R,1,ok,0.094498606,1.570000000,16.614001692,
script_15,original,base,r,statistical_modelling_analysis,01_linear_regression_inference,/home/romakrut/PycharmProjects/masters-thesis/task_equivalents/r/statistical_modelling_analysis/01_linear_regression_inference.R,2,ok,0.097870245,1.470000000,15.019886790,
script_15,original,base,r,statistical_modelling_analysis,01_linear_regression_inference,/home/romakrut/PycharmProjects/masters-thesis/task_equivalents/r/statistical_modelling_analysis/01_linear_regression_inference.R,3,ok,0.099698711,1.430000000,14.343214528,
script_15,original,base,r,statistical_modelling_analysis,01_linear_regression_inference,/home/romakrut/PycharmProjects/masters-thesis/task_equivalents/r/statistical_modelling_analysis/01_linear_regression_inference.R,4,ok,0.100594672,1.490000000,14.811917673,
script_15,original,base,r,statistical_modelling_analysis,01_linear_regression_inference,/home/romakrut/PycharmProjects/masters-thesis/task_equivalents/r/statistical_modelling_analysis/01_linear_regression_inference.R,5,ok,0.099032462,1.450000000,14.641663660,
script_15,original,base,r,statistical_modelling_analysis,01_linear_regression_inference,/home/romakrut/PycharmProjects/masters-thesis/task_equivalents/r/statistical_modelling_analysis/01_linear_regression_inference.R,6,ok,0.104745616,1.530000000,14.606816576,
script_15,original,base,r,statistical_modelling_analysis,01_linear_regression_inference,/home/romakrut/PycharmProjects/masters-thesis/task_equivalents/r/statistical_modelling_analysis/01_linear_regression_inference.R,7,ok,0.095054874,1.500000000,15.780358617,
script_15,original,base,r,statistical_modelling_analysis,01_linear_regression_inference,/home/romakrut/PycharmProjects/masters-thesis/task_equivalents/r/statistical_modelling_analysis/01_linear_regression_inference.R,8,ok,0.094981039,1.480000000,15.582057383,
script_15,original,base,r,statistical_modelling_analysis,01_linear_regression_inference,/home/romakrut/PycharmProjects/masters-thesis/task_equivalents/r/statistical_modelling_analysis/01_linear_regression_inference.R,9,ok,0.097719157,1.470000000,15.043109715,
script_15,original,base,r,statistical_modelling_analysis,01_linear_regression_inference,/home/romakrut/PycharmProjects/masters-thesis/task_equivalents/r/statistical_modelling_analysis/01_linear_regression_inference.R,10,ok,0.098560586,1.500000000,15.219065357,
script_15,original,base,r,statistical_modelling_analysis,01_linear_regression_inference,/home/romakrut/PycharmProjects/masters-thesis/task_equivalents/r/statistical_modelling_analysis/01_linear_regression_inference.R,11,ok,0.101491395,1.560000000,15.370761235,
script_15,original,base,r,statistical_modelling_analysis,01_linear_regression_inference,/home/romakrut/PycharmProjects/masters-thesis/task_equivalents/r/statistical_modelling_analysis/01_linear_regression_inference.R,12,ok,0.095604524,1.520000000,15.898829223,
script_15,original,base,r,statistical_modelling_analysis,01_linear_regression_inference,/home/romakrut/PycharmProjects/masters-thesis/task_equivalents/r/statistical_modelling_analysis/01_linear_regression_inference.R,13,ok,0.111235654,1.590000000,14.293978080,
script_15,original,base,r,statistical_modelling_analysis,01_linear_regression_inference,/home/romakrut/PycharmProjects/masters-thesis/task_equivalents/r/statistical_modelling_analysis/01_linear_regression_inference.R,14,ok,0.100452283,1.470000000,14.633813748,
script_15,original,base,r,statistical_modelling_analysis,01_linear_regression_inference,/home/romakrut/PycharmProjects/masters-thesis/task_equivalents/r/statistical_modelling_analysis/01_linear_regression_inference.R,15,ok,0.098718337,1.470000000,14.890850522,
script_15,original,base,r,statistical_modelling_analysis,01_linear_regression_inference,/home/romakrut/PycharmProjects/masters-thesis/task_equivalents/r/statistical_modelling_analysis/01_linear_regression_inference.R,16,ok,0.095991904,1.550000000,16.147195080,
script_15,original,base,r,statistical_modelling_analysis,01_linear_regression_inference,/home/romakrut/PycharmProjects/masters-thesis/task_equivalents/r/statistical_modelling_analysis/01_linear_regression_inference.R,17,ok,0.096687814,1.480000000,15.306996185,
script_15,original,base,r,statistical_modelling_analysis,01_linear_regression_inference,/home/romakrut/PycharmProjects/masters-thesis/task_equivalents/r/statistical_modelling_analysis/01_linear_regression_inference.R,18,ok,0.104452942,1.460000000,13.977586194,
script_15,original,base,r,statistical_modelling_analysis,01_linear_regression_inference,/home/romakrut/PycharmProjects/masters-thesis/task_equivalents/r/statistical_modelling_analysis/01_linear_regression_inference.R,19,ok,0.100804089,1.480000000,14.681944102,
script_15,original,base,r,statistical_modelling_analysis,01_linear_regression_inference,/home/romakrut/PycharmProjects/masters-thesis/task_equivalents/r/statistical_modelling_analysis/01_linear_regression_inference.R,20,ok,0.101659027,1.490000000,14.656839082,
script_15,original,base,r,statistical_modelling_analysis,01_linear_regression_inference,/home/romakrut/PycharmProjects/masters-thesis/task_equivalents/r/statistical_modelling_analysis/01_linear_regression_inference.R,21,ok,0.101234277,1.560000000,15.409800378,
script_15,original,base,r,statistical_modelling_analysis,01_linear_regression_inference,/home/romakrut/PycharmProjects/masters-thesis/task_equivalents/r/statistical_modelling_analysis/01_linear_regression_inference.R,22,ok,0.099232397,1.510000000,15.216804649,
script_15,original,base,r,statistical_modelling_analysis,01_linear_regression_inference,/home/romakrut/PycharmProjects/masters-thesis/task_equivalents/r/statistical_modelling_analysis/01_linear_regression_inference.R,23,ok,0.098902200,1.440000000,14.559837900,
script_15,original,base,r,statistical_modelling_analysis,01_linear_regression_inference,/home/romakrut/PycharmProjects/masters-thesis/task_equivalents/r/statistical_modelling_analysis/01_linear_regression_inference.R,24,ok,0.098240656,1.480000000,15.065045983,
script_15,original,base,r,statistical_modelling_analysis,01_linear_regression_inference,/home/romakrut/PycharmProjects/masters-thesis/task_equivalents/r/statistical_modelling_analysis/01_linear_regression_inference.R,25,ok,0.097301592,1.470000000,15.107666481,
script_15,original,base,r,statistical_modelling_analysis,01_linear_regression_inference,/home/romakrut/PycharmProjects/masters-thesis/task_equivalents/r/statistical_modelling_analysis/01_linear_regression_inference.R,26,ok,0.100927593,1.550000000,15.357544492,
script_15,original,base,r,statistical_modelling_analysis,01_linear_regression_inference,/home/romakrut/PycharmProjects/masters-thesis/task_equivalents/r/statistical_modelling_analysis/01_linear_regression_inference.R,27,ok,0.096776940,1.450000000,14.982908118,
script_15,original,base,r,statistical_modelling_analysis,01_linear_regression_inference,/home/romakrut/PycharmProjects/masters-thesis/task_equivalents/r/statistical_modelling_analysis/01_linear_regression_inference.R,28,ok,0.098313139,1.490000000,15.155654831,
script_15,original,base,r,statistical_modelling_analysis,01_linear_regression_inference,/home/romakrut/PycharmProjects/masters-thesis/task_equivalents/r/statistical_modelling_analysis/01_linear_regression_inference.R,29,ok,0.110116197,1.460000000,13.258721603,
script_15,original,base,r,statistical_modelling_analysis,01_linear_regression_inference,/home/romakrut/PycharmProjects/masters-thesis/task_equivalents/r/statistical_modelling_analysis/01_linear_regression_inference.R,30,ok,0.097680055,1.480000000,15.151506620,
script_16,original,base,r,statistical_modelling_analysis,02_logistic_regression_odds_ratios,/home/romakrut/PycharmProjects/masters-thesis/task_equivalents/r/statistical_modelling_analysis/02_logistic_regression_odds_ratios.R,1,ok,0.105484595,1.640000000,15.547293896,
script_16,original,base,r,statistical_modelling_analysis,02_logistic_regression_odds_ratios,/home/romakrut/PycharmProjects/masters-thesis/task_equivalents/r/statistical_modelling_analysis/02_logistic_regression_odds_ratios.R,2,ok,0.112057820,1.650000000,14.724541313,
script_16,original,base,r,statistical_modelling_analysis,02_logistic_regression_odds_ratios,/home/romakrut/PycharmProjects/masters-thesis/task_equivalents/r/statistical_modelling_analysis/02_logistic_regression_odds_ratios.R,3,ok,0.104633251,1.550000000,14.813646572,
script_16,original,base,r,statistical_modelling_analysis,02_logistic_regression_odds_ratios,/home/romakrut/PycharmProjects/masters-thesis/task_equivalents/r/statistical_modelling_analysis/02_logistic_regression_odds_ratios.R,4,ok,0.104898260,1.590000000,15.157544081,
script_16,original,base,r,statistical_modelling_analysis,02_logistic_regression_odds_ratios,/home/romakrut/PycharmProjects/masters-thesis/task_equivalents/r/statistical_modelling_analysis/02_logistic_regression_odds_ratios.R,5,ok,0.107903699,1.540000000,14.271985245,
script_16,original,base,r,statistical_modelling_analysis,02_logistic_regression_odds_ratios,/home/romakrut/PycharmProjects/masters-thesis/task_equivalents/r/statistical_modelling_analysis/02_logistic_regression_odds_ratios.R,6,ok,0.104144595,1.680000000,16.131418054,
script_16,original,base,r,statistical_modelling_analysis,02_logistic_regression_odds_ratios,/home/romakrut/PycharmProjects/masters-thesis/task_equivalents/r/statistical_modelling_analysis/02_logistic_regression_odds_ratios.R,7,ok,0.105832537,1.580000000,14.929246192,
script_16,original,base,r,statistical_modelling_analysis,02_logistic_regression_odds_ratios,/home/romakrut/PycharmProjects/masters-thesis/task_equivalents/r/statistical_modelling_analysis/02_logistic_regression_odds_ratios.R,8,ok,0.105040688,1.560000000,14.851387874,
script_16,original,base,r,statistical_modelling_analysis,02_logistic_regression_odds_ratios,/home/romakrut/PycharmProjects/masters-thesis/task_equivalents/r/statistical_modelling_analysis/02_logistic_regression_odds_ratios.R,9,ok,0.106049514,1.510000000,14.238631966,
script_16,original,base,r,statistical_modelling_analysis,02_logistic_regression_odds_ratios,/home/romakrut/PycharmProjects/masters-thesis/task_equivalents/r/statistical_modelling_analysis/02_logistic_regression_odds_ratios.R,10,ok,0.107532709,1.870000000,17.390057568,
script_16,original,base,r,statistical_modelling_analysis,02_logistic_regression_odds_ratios,/home/romakrut/PycharmProjects/masters-thesis/task_equivalents/r/statistical_modelling_analysis/02_logistic_regression_odds_ratios.R,11,ok,0.108137074,1.580000000,14.611085186,
script_16,original,base,r,statistical_modelling_analysis,02_logistic_regression_odds_ratios,/home/romakrut/PycharmProjects/masters-thesis/task_equivalents/r/statistical_modelling_analysis/02_logistic_regression_odds_ratios.R,12,ok,0.102525111,1.580000000,15.410858711,
script_16,original,base,r,statistical_modelling_analysis,02_logistic_regression_odds_ratios,/home/romakrut/PycharmProjects/masters-thesis/task_equivalents/r/statistical_modelling_analysis/02_logistic_regression_odds_ratios.R,13,ok,0.104128344,1.560000000,14.981511662,
script_16,original,base,r,statistical_modelling_analysis,02_logistic_regression_odds_ratios,/home/romakrut/PycharmProjects/masters-thesis/task_equivalents/r/statistical_modelling_analysis/02_logistic_regression_odds_ratios.R,14,ok,0.106742671,1.560000000,14.614586513,
script_16,original,base,r,statistical_modelling_analysis,02_logistic_regression_odds_ratios,/home/romakrut/PycharmProjects/masters-thesis/task_equivalents/r/statistical_modelling_analysis/02_logistic_regression_odds_ratios.R,15,ok,0.102635313,1.670000000,16.271202875,
script_16,original,base,r,statistical_modelling_analysis,02_logistic_regression_odds_ratios,/home/romakrut/PycharmProjects/masters-thesis/task_equivalents/r/statistical_modelling_analysis/02_logistic_regression_odds_ratios.R,16,ok,0.105487803,1.560000000,14.788439570,
script_16,original,base,r,statistical_modelling_analysis,02_logistic_regression_odds_ratios,/home/romakrut/PycharmProjects/masters-thesis/task_equivalents/r/statistical_modelling_analysis/02_logistic_regression_odds_ratios.R,17,ok,0.106309109,1.560000000,14.674189396,
script_16,original,base,r,statistical_modelling_analysis,02_logistic_regression_odds_ratios,/home/romakrut/PycharmProjects/masters-thesis/task_equivalents/r/statistical_modelling_analysis/02_logistic_regression_odds_ratios.R,18,ok,0.103837578,1.600000000,15.408679890,
script_16,original,base,r,statistical_modelling_analysis,02_logistic_regression_odds_ratios,/home/romakrut/PycharmProjects/masters-thesis/task_equivalents/r/statistical_modelling_analysis/02_logistic_regression_odds_ratios.R,19,ok,0.108407434,1.620000000,14.943624623,
script_16,original,base,r,statistical_modelling_analysis,02_logistic_regression_odds_ratios,/home/romakrut/PycharmProjects/masters-thesis/task_equivalents/r/statistical_modelling_analysis/02_logistic_regression_odds_ratios.R,20,ok,0.105740953,1.690000000,15.982454783,
script_16,original,base,r,statistical_modelling_analysis,02_logistic_regression_odds_ratios,/home/romakrut/PycharmProjects/masters-thesis/task_equivalents/r/statistical_modelling_analysis/02_logistic_regression_odds_ratios.R,21,ok,0.104830081,1.550000000,14.785832322,
script_16,original,base,r,statistical_modelling_analysis,02_logistic_regression_odds_ratios,/home/romakrut/PycharmProjects/masters-thesis/task_equivalents/r/statistical_modelling_analysis/02_logistic_regression_odds_ratios.R,22,ok,0.107212075,1.550000000,14.457326752,
script_16,original,base,r,statistical_modelling_analysis,02_logistic_regression_odds_ratios,/home/romakrut/PycharmProjects/masters-thesis/task_equivalents/r/statistical_modelling_analysis/02_logistic_regression_odds_ratios.R,23,ok,0.104371272,1.590000000,15.234077055,
script_16,original,base,r,statistical_modelling_analysis,02_logistic_regression_odds_ratios,/home/romakrut/PycharmProjects/masters-thesis/task_equivalents/r/statistical_modelling_analysis/02_logistic_regression_odds_ratios.R,24,ok,0.107203640,1.550000000,14.458464283,
script_16,original,base,r,statistical_modelling_analysis,02_logistic_regression_odds_ratios,/home/romakrut/PycharmProjects/masters-thesis/task_equivalents/r/statistical_modelling_analysis/02_logistic_regression_odds_ratios.R,25,ok,0.102075299,1.590000000,15.576736150,
script_16,original,base,r,statistical_modelling_analysis,02_logistic_regression_odds_ratios,/home/romakrut/PycharmProjects/masters-thesis/task_equivalents/r/statistical_modelling_analysis/02_logistic_regression_odds_ratios.R,26,ok,0.101331602,1.560000000,15.394999874,
script_16,original,base,r,statistical_modelling_analysis,02_logistic_regression_odds_ratios,/home/romakrut/PycharmProjects/masters-thesis/task_equivalents/r/statistical_modelling_analysis/02_logistic_regression_odds_ratios.R,27,ok,0.107424362,1.560000000,14.521845613,
script_16,original,base,r,statistical_modelling_analysis,02_logistic_regression_odds_ratios,/home/romakrut/PycharmProjects/masters-thesis/task_equivalents/r/statistical_modelling_analysis/02_logistic_regression_odds_ratios.R,28,ok,0.105167132,1.580000000,15.023705315,
script_16,original,base,r,statistical_modelling_analysis,02_logistic_regression_odds_ratios,/home/romakrut/PycharmProjects/masters-thesis/task_equivalents/r/statistical_modelling_analysis/02_logistic_regression_odds_ratios.R,29,ok,0.104767253,1.590000000,15.176497946,
script_16,original,base,r,statistical_modelling_analysis,02_logistic_regression_odds_ratios,/home/romakrut/PycharmProjects/masters-thesis/task_equivalents/r/statistical_modelling_analysis/02_logistic_regression_odds_ratios.R,30,ok,0.101890630,1.680000000,16.488267861,
script_14,original,base,r,machine_learning_workflows,02_regression_workflow_feature_importance,/home/romakrut/PycharmProjects/masters-thesis/task_equivalents/r/machine_learning_workflows/02_regression_workflow_feature_importance.R,1,ok,1.481554093,24.730000000,16.691931882,
script_14,original,base,r,machine_learning_workflows,02_regression_workflow_feature_importance,/home/romakrut/PycharmProjects/masters-thesis/task_equivalents/r/machine_learning_workflows/02_regression_workflow_feature_importance.R,2,ok,1.493632378,25.030000000,16.757804911,
script_14,original,base,r,machine_learning_workflows,02_regression_workflow_feature_importance,/home/romakrut/PycharmProjects/masters-thesis/task_equivalents/r/machine_learning_workflows/02_regression_workflow_feature_importance.R,3,ok,1.492425056,25.090000000,16.811564439,
script_14,original,base,r,machine_learning_workflows,02_regression_workflow_feature_importance,/home/romakrut/PycharmProjects/masters-thesis/task_equivalents/r/machine_learning_workflows/02_regression_workflow_feature_importance.R,4,ok,1.508895730,25.020000000,16.581662671,
script_14,original,base,r,machine_learning_workflows,02_regression_workflow_feature_importance,/home/romakrut/PycharmProjects/masters-thesis/task_equivalents/r/machine_learning_workflows/02_regression_workflow_feature_importance.R,5,ok,1.480701411,25.250000000,17.052729073,
script_14,original,base,r,machine_learning_workflows,02_regression_workflow_feature_importance,/home/romakrut/PycharmProjects/masters-thesis/task_equivalents/r/machine_learning_workflows/02_regression_workflow_feature_importance.R,6,ok,1.501991060,25.410000000,16.917544103,
script_14,original,base,r,machine_learning_workflows,02_regression_workflow_feature_importance,/home/romakrut/PycharmProjects/masters-thesis/task_equivalents/r/machine_learning_workflows/02_regression_workflow_feature_importance.R,7,ok,1.490966810,25.360000000,17.009097607,
script_14,original,base,r,machine_learning_workflows,02_regression_workflow_feature_importance,/home/romakrut/PycharmProjects/masters-thesis/task_equivalents/r/machine_learning_workflows/02_regression_workflow_feature_importance.R,8,ok,1.473156331,25.240000000,17.133280066,
script_14,original,base,r,machine_learning_workflows,02_regression_workflow_feature_importance,/home/romakrut/PycharmProjects/masters-thesis/task_equivalents/r/machine_learning_workflows/02_regression_workflow_feature_importance.R,9,ok,1.496248769,25.130000000,16.795335455,
script_14,original,base,r,machine_learning_workflows,02_regression_workflow_feature_importance,/home/romakrut/PycharmProjects/masters-thesis/task_equivalents/r/machine_learning_workflows/02_regression_workflow_feature_importance.R,10,ok,1.507669783,25.440000000,16.873721479,
script_14,original,base,r,machine_learning_workflows,02_regression_workflow_feature_importance,/home/romakrut/PycharmProjects/masters-thesis/task_equivalents/r/machine_learning_workflows/02_regression_workflow_feature_importance.R,11,ok,1.475832818,25.280000000,17.129311458,
script_14,original,base,r,machine_learning_workflows,02_regression_workflow_feature_importance,/home/romakrut/PycharmProjects/masters-thesis/task_equivalents/r/machine_learning_workflows/02_regression_workflow_feature_importance.R,12,ok,1.505572629,25.840000000,17.162904999,
script_14,original,base,r,machine_learning_workflows,02_regression_workflow_feature_importance,/home/romakrut/PycharmProjects/masters-thesis/task_equivalents/r/machine_learning_workflows/02_regression_workflow_feature_importance.R,13,ok,1.473928506,25.390000000,17.226072972,
script_14,original,base,r,machine_learning_workflows,02_regression_workflow_feature_importance,/home/romakrut/PycharmProjects/masters-thesis/task_equivalents/r/machine_learning_workflows/02_regression_workflow_feature_importance.R,14,ok,1.497261183,25.320000000,16.910877199,
script_14,original,base,r,machine_learning_workflows,02_regression_workflow_feature_importance,/home/romakrut/PycharmProjects/masters-thesis/task_equivalents/r/machine_learning_workflows/02_regression_workflow_feature_importance.R,15,ok,1.504232723,25.390000000,16.879037141,
script_14,original,base,r,machine_learning_workflows,02_regression_workflow_feature_importance,/home/romakrut/PycharmProjects/masters-thesis/task_equivalents/r/machine_learning_workflows/02_regression_workflow_feature_importance.R,16,ok,1.469408696,25.200000000,17.149755591,
script_14,original,base,r,machine_learning_workflows,02_regression_workflow_feature_importance,/home/romakrut/PycharmProjects/masters-thesis/task_equivalents/r/machine_learning_workflows/02_regression_workflow_feature_importance.R,17,ok,1.497712452,25.750000000,17.192886369,
script_14,original,base,r,machine_learning_workflows,02_regression_workflow_feature_importance,/home/romakrut/PycharmProjects/masters-thesis/task_equivalents/r/machine_learning_workflows/02_regression_workflow_feature_importance.R,18,ok,1.504709673,25.580000000,16.999957174,
script_14,original,base,r,machine_learning_workflows,02_regression_workflow_feature_importance,/home/romakrut/PycharmProjects/masters-thesis/task_equivalents/r/machine_learning_workflows/02_regression_workflow_feature_importance.R,19,ok,1.472378242,25.420000000,17.264585468,
script_14,original,base,r,machine_learning_workflows,02_regression_workflow_feature_importance,/home/romakrut/PycharmProjects/masters-thesis/task_equivalents/r/machine_learning_workflows/02_regression_workflow_feature_importance.R,20,ok,1.489000534,25.800000000,17.327058930,
script_14,original,base,r,machine_learning_workflows,02_regression_workflow_feature_importance,/home/romakrut/PycharmProjects/masters-thesis/task_equivalents/r/machine_learning_workflows/02_regression_workflow_feature_importance.R,21,ok,1.498068565,25.620000000,17.102020961,
script_14,original,base,r,machine_learning_workflows,02_regression_workflow_feature_importance,/home/romakrut/PycharmProjects/masters-thesis/task_equivalents/r/machine_learning_workflows/02_regression_workflow_feature_importance.R,22,ok,1.469209833,25.730000000,17.512814999,
script_14,original,base,r,machine_learning_workflows,02_regression_workflow_feature_importance,/home/romakrut/PycharmProjects/masters-thesis/task_equivalents/r/machine_learning_workflows/02_regression_workflow_feature_importance.R,23,ok,1.487731974,25.520000000,17.153627432,
script_14,original,base,r,machine_learning_workflows,02_regression_workflow_feature_importance,/home/romakrut/PycharmProjects/masters-thesis/task_equivalents/r/machine_learning_workflows/02_regression_workflow_feature_importance.R,24,ok,1.482284110,25.920000000,17.486526250,
script_14,original,base,r,machine_learning_workflows,02_regression_workflow_feature_importance,/home/romakrut/PycharmProjects/masters-thesis/task_equivalents/r/machine_learning_workflows/02_regression_workflow_feature_importance.R,25,ok,1.479100688,25.900000000,17.510640222,
script_14,original,base,r,machine_learning_workflows,02_regression_workflow_feature_importance,/home/romakrut/PycharmProjects/masters-thesis/task_equivalents/r/machine_learning_workflows/02_regression_workflow_feature_importance.R,26,ok,1.476731700,25.740000000,17.430383596,
script_14,original,base,r,machine_learning_workflows,02_regression_workflow_feature_importance,/home/romakrut/PycharmProjects/masters-thesis/task_equivalents/r/machine_learning_workflows/02_regression_workflow_feature_importance.R,27,ok,1.476229907,25.770000000,17.456630487,
script_14,original,base,r,machine_learning_workflows,02_regression_workflow_feature_importance,/home/romakrut/PycharmProjects/masters-thesis/task_equivalents/r/machine_learning_workflows/02_regression_workflow_feature_importance.R,28,ok,1.500095975,25.860000000,17.238896998,
script_14,original,base,r,machine_learning_workflows,02_regression_workflow_feature_importance,/home/romakrut/PycharmProjects/masters-thesis/task_equivalents/r/machine_learning_workflows/02_regression_workflow_feature_importance.R,29,ok,1.471692074,25.720000000,17.476481972,
script_14,original,base,r,machine_learning_workflows,02_regression_workflow_feature_importance,/home/romakrut/PycharmProjects/masters-thesis/task_equivalents/r/machine_learning_workflows/02_regression_workflow_feature_importance.R,30,ok,1.470461325,25.440000000,17.300693033,
script_3,original,base,python,data_visualization,01_scatter_trend_grouped,/home/romakrut/PycharmProjects/masters-thesis/task_equivalents/python/data_visualization/01_scatter_trend_grouped.py,1,ok,0.915934165,15.370000000,16.780682048,
script_3,original,base,python,data_visualization,01_scatter_trend_grouped,/home/romakrut/PycharmProjects/masters-thesis/task_equivalents/python/data_visualization/01_scatter_trend_grouped.py,2,ok,0.905929831,14.800000000,16.336806112,
script_3,original,base,python,data_visualization,01_scatter_trend_grouped,/home/romakrut/PycharmProjects/masters-thesis/task_equivalents/python/data_visualization/01_scatter_trend_grouped.py,3,ok,0.923019213,15.010000000,16.261850012,
script_3,original,base,python,data_visualization,01_scatter_trend_grouped,/home/romakrut/PycharmProjects/masters-thesis/task_equivalents/python/data_visualization/01_scatter_trend_grouped.py,4,ok,0.905389269,15.120000000,16.699999125,
script_3,original,base,python,data_visualization,01_scatter_trend_grouped,/home/romakrut/PycharmProjects/masters-thesis/task_equivalents/python/data_visualization/01_scatter_trend_grouped.py,5,ok,0.915366692,14.850000000,16.223006725,
script_3,original,base,python,data_visualization,01_scatter_trend_grouped,/home/romakrut/PycharmProjects/masters-thesis/task_equivalents/python/data_visualization/01_scatter_trend_grouped.py,6,ok,0.904962107,15.260000000,16.862584502,
script_3,original,base,python,data_visualization,01_scatter_trend_grouped,/home/romakrut/PycharmProjects/masters-thesis/task_equivalents/python/data_visualization/01_scatter_trend_grouped.py,7,ok,0.935600825,14.830000000,15.850776959,
script_3,original,base,python,data_visualization,01_scatter_trend_grouped,/home/romakrut/PycharmProjects/masters-thesis/task_equivalents/python/data_visualization/01_scatter_trend_grouped.py,8,ok,0.904660817,14.960000000,16.536584451,
script_3,original,base,python,data_visualization,01_scatter_trend_grouped,/home/romakrut/PycharmProjects/masters-thesis/task_equivalents/python/data_visualization/01_scatter_trend_grouped.py,9,ok,0.907935241,15.240000000,16.785338108,
script_3,original,base,python,data_visualization,01_scatter_trend_grouped,/home/romakrut/PycharmProjects/masters-thesis/task_equivalents/python/data_visualization/01_scatter_trend_grouped.py,10,ok,0.905670161,15.170000000,16.750027387,
script_3,original,base,python,data_visualization,01_scatter_trend_grouped,/home/romakrut/PycharmProjects/masters-thesis/task_equivalents/python/data_visualization/01_scatter_trend_grouped.py,11,ok,0.905293848,15.160000000,16.745943909,
script_3,original,base,python,data_visualization,01_scatter_trend_grouped,/home/romakrut/PycharmProjects/masters-thesis/task_equivalents/python/data_visualization/01_scatter_trend_grouped.py,12,ok,0.914332003,15.140000000,16.558536670,
script_3,original,base,python,data_visualization,01_scatter_trend_grouped,/home/romakrut/PycharmProjects/masters-thesis/task_equivalents/python/data_visualization/01_scatter_trend_grouped.py,13,ok,0.902346038,15.010000000,16.634416696,
script_3,original,base,python,data_visualization,01_scatter_trend_grouped,/home/romakrut/PycharmProjects/masters-thesis/task_equivalents/python/data_visualization/01_scatter_trend_grouped.py,14,ok,0.908257911,15.100000000,16.625233667,
script_3,original,base,python,data_visualization,01_scatter_trend_grouped,/home/romakrut/PycharmProjects/masters-thesis/task_equivalents/python/data_visualization/01_scatter_trend_grouped.py,15,ok,0.908637341,14.950000000,16.453208916,
script_3,original,base,python,data_visualization,01_scatter_trend_grouped,/home/romakrut/PycharmProjects/masters-thesis/task_equivalents/python/data_visualization/01_scatter_trend_grouped.py,16,ok,0.907352889,15.290000000,16.851216528,
script_3,original,base,python,data_visualization,01_scatter_trend_grouped,/home/romakrut/PycharmProjects/masters-thesis/task_equivalents/python/data_visualization/01_scatter_trend_grouped.py,17,ok,0.910302679,15.060000000,16.543947796,
script_3,original,base,python,data_visualization,01_scatter_trend_grouped,/home/romakrut/PycharmProjects/masters-thesis/task_equivalents/python/data_visualization/01_scatter_trend_grouped.py,18,ok,0.916579584,15.120000000,16.496112573,
script_3,original,base,python,data_visualization,01_scatter_trend_grouped,/home/romakrut/PycharmProjects/masters-thesis/task_equivalents/python/data_visualization/01_scatter_trend_grouped.py,19,ok,0.901135002,14.970000000,16.612383235,
script_3,original,base,python,data_visualization,01_scatter_trend_grouped,/home/romakrut/PycharmProjects/masters-thesis/task_equivalents/python/data_visualization/01_scatter_trend_grouped.py,20,ok,0.919946688,15.600000000,16.957504390,
script_3,original,base,python,data_visualization,01_scatter_trend_grouped,/home/romakrut/PycharmProjects/masters-thesis/task_equivalents/python/data_visualization/01_scatter_trend_grouped.py,21,ok,0.906570783,15.040000000,16.589989753,
script_3,original,base,python,data_visualization,01_scatter_trend_grouped,/home/romakrut/PycharmProjects/masters-thesis/task_equivalents/python/data_visualization/01_scatter_trend_grouped.py,22,ok,0.919048063,15.500000000,16.865276827,
script_3,original,base,python,data_visualization,01_scatter_trend_grouped,/home/romakrut/PycharmProjects/masters-thesis/task_equivalents/python/data_visualization/01_scatter_trend_grouped.py,23,ok,0.909865644,15.400000000,16.925575882,
script_3,original,base,python,data_visualization,01_scatter_trend_grouped,/home/romakrut/PycharmProjects/masters-thesis/task_equivalents/python/data_visualization/01_scatter_trend_grouped.py,24,ok,0.920101731,15.330000000,16.661201130,
script_3,original,base,python,data_visualization,01_scatter_trend_grouped,/home/romakrut/PycharmProjects/masters-thesis/task_equivalents/python/data_visualization/01_scatter_trend_grouped.py,25,ok,0.914661030,15.240000000,16.661910260,
script_3,original,base,python,data_visualization,01_scatter_trend_grouped,/home/romakrut/PycharmProjects/masters-thesis/task_equivalents/python/data_visualization/01_scatter_trend_grouped.py,26,ok,0.919139756,15.140000000,16.471923776,
script_3,original,base,python,data_visualization,01_scatter_trend_grouped,/home/romakrut/PycharmProjects/masters-thesis/task_equivalents/python/data_visualization/01_scatter_trend_grouped.py,27,ok,0.906376098,15.650000000,17.266563002,
script_3,original,base,python,data_visualization,01_scatter_trend_grouped,/home/romakrut/PycharmProjects/masters-thesis/task_equivalents/python/data_visualization/01_scatter_trend_grouped.py,28,ok,0.917414511,15.140000000,16.502900072,
script_3,original,base,python,data_visualization,01_scatter_trend_grouped,/home/romakrut/PycharmProjects/masters-thesis/task_equivalents/python/data_visualization/01_scatter_trend_grouped.py,29,ok,0.914833556,15.340000000,16.768077536,
script_3,original,base,python,data_visualization,01_scatter_trend_grouped,/home/romakrut/PycharmProjects/masters-thesis/task_equivalents/python/data_visualization/01_scatter_trend_grouped.py,30,ok,0.905776894,15.000000000,16.560369446,
script_9,original,base,r,data_manipulation_preprocessing,01_impute_encode_scale,/home/romakrut/PycharmProjects/masters-thesis/task_equivalents/r/data_manipulation_preprocessing/01_impute_encode_scale.R,1,ok,0.089830146,1.470000000,16.364216975,
script_9,original,base,r,data_manipulation_preprocessing,01_impute_encode_scale,/home/romakrut/PycharmProjects/masters-thesis/task_equivalents/r/data_manipulation_preprocessing/01_impute_encode_scale.R,2,ok,0.087748825,1.400000000,15.954629592,
script_9,original,base,r,data_manipulation_preprocessing,01_impute_encode_scale,/home/romakrut/PycharmProjects/masters-thesis/task_equivalents/r/data_manipulation_preprocessing/01_impute_encode_scale.R,3,ok,0.088062796,1.380000000,15.670635759,
script_9,original,base,r,data_manipulation_preprocessing,01_impute_encode_scale,/home/romakrut/PycharmProjects/masters-thesis/task_equivalents/r/data_manipulation_preprocessing/01_impute_encode_scale.R,4,ok,0.096229166,1.390000000,14.444685097,
script_9,original,base,r,data_manipulation_preprocessing,01_impute_encode_scale,/home/romakrut/PycharmProjects/masters-thesis/task_equivalents/r/data_manipulation_preprocessing/01_impute_encode_scale.R,5,ok,0.088434192,1.360000000,15.378667111,
script_9,original,base,r,data_manipulation_preprocessing,01_impute_encode_scale,/home/romakrut/PycharmProjects/masters-thesis/task_equivalents/r/data_manipulation_preprocessing/01_impute_encode_scale.R,6,ok,0.093879010,1.350000000,14.380211295,
script_9,original,base,r,data_manipulation_preprocessing,01_impute_encode_scale,/home/romakrut/PycharmProjects/masters-thesis/task_equivalents/r/data_manipulation_preprocessing/01_impute_encode_scale.R,7,ok,0.095506563,1.350000000,14.135154251,
script_9,original,base,r,data_manipulation_preprocessing,01_impute_encode_scale,/home/romakrut/PycharmProjects/masters-thesis/task_equivalents/r/data_manipulation_preprocessing/01_impute_encode_scale.R,8,ok,0.093818926,1.330000000,14.176244141,
script_9,original,base,r,data_manipulation_preprocessing,01_impute_encode_scale,/home/romakrut/PycharmProjects/masters-thesis/task_equivalents/r/data_manipulation_preprocessing/01_impute_encode_scale.R,9,ok,0.097275454,1.350000000,13.878115645,
script_9,original,base,r,data_manipulation_preprocessing,01_impute_encode_scale,/home/romakrut/PycharmProjects/masters-thesis/task_equivalents/r/data_manipulation_preprocessing/01_impute_encode_scale.R,10,ok,0.093236187,1.360000000,14.586611098,
script_9,original,base,r,data_manipulation_preprocessing,01_impute_encode_scale,/home/romakrut/PycharmProjects/masters-thesis/task_equivalents/r/data_manipulation_preprocessing/01_impute_encode_scale.R,11,ok,0.090161091,1.430000000,15.860500180,
script_9,original,base,r,data_manipulation_preprocessing,01_impute_encode_scale,/home/romakrut/PycharmProjects/masters-thesis/task_equivalents/r/data_manipulation_preprocessing/01_impute_encode_scale.R,12,ok,0.094232204,1.470000000,15.599762476,
script_9,original,base,r,data_manipulation_preprocessing,01_impute_encode_scale,/home/romakrut/PycharmProjects/masters-thesis/task_equivalents/r/data_manipulation_preprocessing/01_impute_encode_scale.R,13,ok,0.092223927,1.380000000,14.963578812,
script_9,original,base,r,data_manipulation_preprocessing,01_impute_encode_scale,/home/romakrut/PycharmProjects/masters-thesis/task_equivalents/r/data_manipulation_preprocessing/01_impute_encode_scale.R,14,ok,0.092743225,1.350000000,14.556319343,
script_9,original,base,r,data_manipulation_preprocessing,01_impute_encode_scale,/home/romakrut/PycharmProjects/masters-thesis/task_equivalents/r/data_manipulation_preprocessing/01_impute_encode_scale.R,15,ok,0.089732084,1.370000000,15.267671706,
script_9,original,base,r,data_manipulation_preprocessing,01_impute_encode_scale,/home/romakrut/PycharmProjects/masters-thesis/task_equivalents/r/data_manipulation_preprocessing/01_impute_encode_scale.R,16,ok,0.099464096,1.350000000,13.572736840,
script_9,original,base,r,data_manipulation_preprocessing,01_impute_encode_scale,/home/romakrut/PycharmProjects/masters-thesis/task_equivalents/r/data_manipulation_preprocessing/01_impute_encode_scale.R,17,ok,0.091856341,1.370000000,14.914593648,
script_9,original,base,r,data_manipulation_preprocessing,01_impute_encode_scale,/home/romakrut/PycharmProjects/masters-thesis/task_equivalents/r/data_manipulation_preprocessing/01_impute_encode_scale.R,18,ok,0.091356116,1.410000000,15.434106240,
script_9,original,base,r,data_manipulation_preprocessing,01_impute_encode_scale,/home/romakrut/PycharmProjects/masters-thesis/task_equivalents/r/data_manipulation_preprocessing/01_impute_encode_scale.R,19,ok,0.090144778,1.390000000,15.419639727,
script_9,original,base,r,data_manipulation_preprocessing,01_impute_encode_scale,/home/romakrut/PycharmProjects/masters-thesis/task_equivalents/r/data_manipulation_preprocessing/01_impute_encode_scale.R,20,ok,0.087875418,1.370000000,15.590253010,
script_9,original,base,r,data_manipulation_preprocessing,01_impute_encode_scale,/home/romakrut/PycharmProjects/masters-thesis/task_equivalents/r/data_manipulation_preprocessing/01_impute_encode_scale.R,21,ok,0.090435102,1.350000000,14.927831894,
script_9,original,base,r,data_manipulation_preprocessing,01_impute_encode_scale,/home/romakrut/PycharmProjects/masters-thesis/task_equivalents/r/data_manipulation_preprocessing/01_impute_encode_scale.R,22,ok,0.090334826,1.390000000,15.387199617,
script_9,original,base,r,data_manipulation_preprocessing,01_impute_encode_scale,/home/romakrut/PycharmProjects/masters-thesis/task_equivalents/r/data_manipulation_preprocessing/01_impute_encode_scale.R,23,ok,0.096431176,1.310000000,13.584818254,
script_9,original,base,r,data_manipulation_preprocessing,01_impute_encode_scale,/home/romakrut/PycharmProjects/masters-thesis/task_equivalents/r/data_manipulation_preprocessing/01_impute_encode_scale.R,24,ok,0.088606292,1.360000000,15.348797126,
script_9,original,base,r,data_manipulation_preprocessing,01_impute_encode_scale,/home/romakrut/PycharmProjects/masters-thesis/task_equivalents/r/data_manipulation_preprocessing/01_impute_encode_scale.R,25,ok,0.091169598,1.360000000,14.917253447,
script_9,original,base,r,data_manipulation_preprocessing,01_impute_encode_scale,/home/romakrut/PycharmProjects/masters-thesis/task_equivalents/r/data_manipulation_preprocessing/01_impute_encode_scale.R,26,ok,0.088371788,1.450000000,16.407951370,
script_9,original,base,r,data_manipulation_preprocessing,01_impute_encode_scale,/home/romakrut/PycharmProjects/masters-thesis/task_equivalents/r/data_manipulation_preprocessing/01_impute_encode_scale.R,27,ok,0.098795765,1.320000000,13.360896593,
script_9,original,base,r,data_manipulation_preprocessing,01_impute_encode_scale,/home/romakrut/PycharmProjects/masters-thesis/task_equivalents/r/data_manipulation_preprocessing/01_impute_encode_scale.R,28,ok,0.093293785,1.380000000,14.791982124,
script_9,original,base,r,data_manipulation_preprocessing,01_impute_encode_scale,/home/romakrut/PycharmProjects/masters-thesis/task_equivalents/r/data_manipulation_preprocessing/01_impute_encode_scale.R,29,ok,0.094082326,1.370000000,14.561714811,
script_9,original,base,r,data_manipulation_preprocessing,01_impute_encode_scale,/home/romakrut/PycharmProjects/masters-thesis/task_equivalents/r/data_manipulation_preprocessing/01_impute_encode_scale.R,30,ok,0.095426261,1.330000000,13.937463190,
script_5,original,base,python,machine_learning_workflows,01_pipeline_cv_gridsearch_classification,/home/romakrut/PycharmProjects/masters-thesis/task_equivalents/python/machine_learning_workflows/01_pipeline_cv_gridsearch_classification.py,1,ok,2.683265656,104.050000000,38.777375534,
script_5,original,base,python,machine_learning_workflows,01_pipeline_cv_gridsearch_classification,/home/romakrut/PycharmProjects/masters-thesis/task_equivalents/python/machine_learning_workflows/01_pipeline_cv_gridsearch_classification.py,2,ok,2.666822373,104.190000000,39.068968768,
script_5,original,base,python,machine_learning_workflows,01_pipeline_cv_gridsearch_classification,/home/romakrut/PycharmProjects/masters-thesis/task_equivalents/python/machine_learning_workflows/01_pipeline_cv_gridsearch_classification.py,3,ok,2.687653711,104.910000000,39.034046526,
script_5,original,base,python,machine_learning_workflows,01_pipeline_cv_gridsearch_classification,/home/romakrut/PycharmProjects/masters-thesis/task_equivalents/python/machine_learning_workflows/01_pipeline_cv_gridsearch_classification.py,4,ok,2.719381806,106.220000000,39.060348115,
script_5,original,base,python,machine_learning_workflows,01_pipeline_cv_gridsearch_classification,/home/romakrut/PycharmProjects/masters-thesis/task_equivalents/python/machine_learning_workflows/01_pipeline_cv_gridsearch_classification.py,5,ok,2.682114055,106.480000000,39.700026851,
script_5,original,base,python,machine_learning_workflows,01_pipeline_cv_gridsearch_classification,/home/romakrut/PycharmProjects/masters-thesis/task_equivalents/python/machine_learning_workflows/01_pipeline_cv_gridsearch_classification.py,6,ok,2.709298752,106.540000000,39.323828692,
script_5,original,base,python,machine_learning_workflows,01_pipeline_cv_gridsearch_classification,/home/romakrut/PycharmProjects/masters-thesis/task_equivalents/python/machine_learning_workflows/01_pipeline_cv_gridsearch_classification.py,7,ok,2.684501326,105.490000000,39.295938869,
script_5,original,base,python,machine_learning_workflows,01_pipeline_cv_gridsearch_classification,/home/romakrut/PycharmProjects/masters-thesis/task_equivalents/python/machine_learning_workflows/01_pipeline_cv_gridsearch_classification.py,8,ok,2.692408407,104.770000000,38.913115755,
script_5,original,base,python,machine_learning_workflows,01_pipeline_cv_gridsearch_classification,/home/romakrut/PycharmProjects/masters-thesis/task_equivalents/python/machine_learning_workflows/01_pipeline_cv_gridsearch_classification.py,9,ok,2.666824935,101.490000000,38.056491323,
script_5,original,base,python,machine_learning_workflows,01_pipeline_cv_gridsearch_classification,/home/romakrut/PycharmProjects/masters-thesis/task_equivalents/python/machine_learning_workflows/01_pipeline_cv_gridsearch_classification.py,10,ok,2.726774616,103.650000000,38.011942532,
script_5,original,base,python,machine_learning_workflows,01_pipeline_cv_gridsearch_classification,/home/romakrut/PycharmProjects/masters-thesis/task_equivalents/python/machine_learning_workflows/01_pipeline_cv_gridsearch_classification.py,11,ok,2.739242673,103.090000000,37.634489641,
script_5,original,base,python,machine_learning_workflows,01_pipeline_cv_gridsearch_classification,/home/romakrut/PycharmProjects/masters-thesis/task_equivalents/python/machine_learning_workflows/01_pipeline_cv_gridsearch_classification.py,12,ok,2.691462248,99.660000000,37.028199104,
script_5,original,base,python,machine_learning_workflows,01_pipeline_cv_gridsearch_classification,/home/romakrut/PycharmProjects/masters-thesis/task_equivalents/python/machine_learning_workflows/01_pipeline_cv_gridsearch_classification.py,13,ok,2.788822806,104.060000000,37.313234737,
script_5,original,base,python,machine_learning_workflows,01_pipeline_cv_gridsearch_classification,/home/romakrut/PycharmProjects/masters-thesis/task_equivalents/python/machine_learning_workflows/01_pipeline_cv_gridsearch_classification.py,14,ok,2.751407367,102.420000000,37.224585944,
script_5,original,base,python,machine_learning_workflows,01_pipeline_cv_gridsearch_classification,/home/romakrut/PycharmProjects/masters-thesis/task_equivalents/python/machine_learning_workflows/01_pipeline_cv_gridsearch_classification.py,15,ok,2.687889539,99.800000000,37.129501995,
script_5,original,base,python,machine_learning_workflows,01_pipeline_cv_gridsearch_classification,/home/romakrut/PycharmProjects/masters-thesis/task_equivalents/python/machine_learning_workflows/01_pipeline_cv_gridsearch_classification.py,16,ok,2.715548319,100.830000000,37.130622679,
script_5,original,base,python,machine_learning_workflows,01_pipeline_cv_gridsearch_classification,/home/romakrut/PycharmProjects/masters-thesis/task_equivalents/python/machine_learning_workflows/01_pipeline_cv_gridsearch_classification.py,17,ok,2.690159683,100.730000000,37.443873922,
script_5,original,base,python,machine_learning_workflows,01_pipeline_cv_gridsearch_classification,/home/romakrut/PycharmProjects/masters-thesis/task_equivalents/python/machine_learning_workflows/01_pipeline_cv_gridsearch_classification.py,18,ok,2.760692637,100.380000000,36.360440367,
script_5,original,base,python,machine_learning_workflows,01_pipeline_cv_gridsearch_classification,/home/romakrut/PycharmProjects/masters-thesis/task_equivalents/python/machine_learning_workflows/01_pipeline_cv_gridsearch_classification.py,19,ok,2.722089111,99.990000000,36.732816569,
script_5,original,base,python,machine_learning_workflows,01_pipeline_cv_gridsearch_classification,/home/romakrut/PycharmProjects/masters-thesis/task_equivalents/python/machine_learning_workflows/01_pipeline_cv_gridsearch_classification.py,20,ok,4.253782965,84.070000000,19.763584718,
script_5,original,base,python,machine_learning_workflows,01_pipeline_cv_gridsearch_classification,/home/romakrut/PycharmProjects/masters-thesis/task_equivalents/python/machine_learning_workflows/01_pipeline_cv_gridsearch_classification.py,21,ok,4.600407149,81.060000000,17.620179557,
script_5,original,base,python,machine_learning_workflows,01_pipeline_cv_gridsearch_classification,/home/romakrut/PycharmProjects/masters-thesis/task_equivalents/python/machine_learning_workflows/01_pipeline_cv_gridsearch_classification.py,22,ok,4.476328738,80.370000000,17.954445418,
script_5,original,base,python,machine_learning_workflows,01_pipeline_cv_gridsearch_classification,/home/romakrut/PycharmProjects/masters-thesis/task_equivalents/python/machine_learning_workflows/01_pipeline_cv_gridsearch_classification.py,23,ok,4.509575240,80.640000000,17.881950230,
script_5,original,base,python,machine_learning_workflows,01_pipeline_cv_gridsearch_classification,/home/romakrut/PycharmProjects/masters-thesis/task_equivalents/python/machine_learning_workflows/01_pipeline_cv_gridsearch_classification.py,24,ok,4.481913416,79.370000000,17.708954331,
script_5,original,base,python,machine_learning_workflows,01_pipeline_cv_gridsearch_classification,/home/romakrut/PycharmProjects/masters-thesis/task_equivalents/python/machine_learning_workflows/01_pipeline_cv_gridsearch_classification.py,25,ok,4.454096207,80.290000000,18.026103674,
script_5,original,base,python,machine_learning_workflows,01_pipeline_cv_gridsearch_classification,/home/romakrut/PycharmProjects/masters-thesis/task_equivalents/python/machine_learning_workflows/01_pipeline_cv_gridsearch_classification.py,26,ok,3.920204410,79.700000000,20.330572507,
script_5,original,base,python,machine_learning_workflows,01_pipeline_cv_gridsearch_classification,/home/romakrut/PycharmProjects/masters-thesis/task_equivalents/python/machine_learning_workflows/01_pipeline_cv_gridsearch_classification.py,27,ok,3.057687474,93.400000000,30.545960238,
script_5,original,base,python,machine_learning_workflows,01_pipeline_cv_gridsearch_classification,/home/romakrut/PycharmProjects/masters-thesis/task_equivalents/python/machine_learning_workflows/01_pipeline_cv_gridsearch_classification.py,28,ok,2.682073297,104.660000000,39.022050634,
script_5,original,base,python,machine_learning_workflows,01_pipeline_cv_gridsearch_classification,/home/romakrut/PycharmProjects/masters-thesis/task_equivalents/python/machine_learning_workflows/01_pipeline_cv_gridsearch_classification.py,29,ok,2.787177860,105.320000000,37.787326568,
script_5,original,base,python,machine_learning_workflows,01_pipeline_cv_gridsearch_classification,/home/romakrut/PycharmProjects/masters-thesis/task_equivalents/python/machine_learning_workflows/01_pipeline_cv_gridsearch_classification.py,30,ok,2.768524803,102.200000000,36.914966371,
script_7,original,base,python,statistical_modelling_analysis,01_linear_regression_inference,/home/romakrut/PycharmProjects/masters-thesis/task_equivalents/python/statistical_modelling_analysis/01_linear_regression_inference.py,1,ok,0.721426576,11.920000000,16.522817978,
script_7,original,base,python,statistical_modelling_analysis,01_linear_regression_inference,/home/romakrut/PycharmProjects/masters-thesis/task_equivalents/python/statistical_modelling_analysis/01_linear_regression_inference.py,2,ok,0.719514950,11.990000000,16.664003993,
script_7,original,base,python,statistical_modelling_analysis,01_linear_regression_inference,/home/romakrut/PycharmProjects/masters-thesis/task_equivalents/python/statistical_modelling_analysis/01_linear_regression_inference.py,3,ok,0.723757651,11.910000000,16.455784590,
script_7,original,base,python,statistical_modelling_analysis,01_linear_regression_inference,/home/romakrut/PycharmProjects/masters-thesis/task_equivalents/python/statistical_modelling_analysis/01_linear_regression_inference.py,4,ok,0.731737437,12.060000000,16.481321565,
script_7,original,base,python,statistical_modelling_analysis,01_linear_regression_inference,/home/romakrut/PycharmProjects/masters-thesis/task_equivalents/python/statistical_modelling_analysis/01_linear_regression_inference.py,5,ok,0.721354699,11.940000000,16.552189951,
script_7,original,base,python,statistical_modelling_analysis,01_linear_regression_inference,/home/romakrut/PycharmProjects/masters-thesis/task_equivalents/python/statistical_modelling_analysis/01_linear_regression_inference.py,6,ok,0.731545597,11.990000000,16.389955799,
script_7,original,base,python,statistical_modelling_analysis,01_linear_regression_inference,/home/romakrut/PycharmProjects/masters-thesis/task_equivalents/python/statistical_modelling_analysis/01_linear_regression_inference.py,7,ok,0.718886180,11.870000000,16.511654181,
script_7,original,base,python,statistical_modelling_analysis,01_linear_regression_inference,/home/romakrut/PycharmProjects/masters-thesis/task_equivalents/python/statistical_modelling_analysis/01_linear_regression_inference.py,8,ok,0.723185513,11.920000000,16.482631062,
script_7,original,base,python,statistical_modelling_analysis,01_linear_regression_inference,/home/romakrut/PycharmProjects/masters-thesis/task_equivalents/python/statistical_modelling_analysis/01_linear_regression_inference.py,9,ok,0.720555702,11.990000000,16.639934937,
script_7,original,base,python,statistical_modelling_analysis,01_linear_regression_inference,/home/romakrut/PycharmProjects/masters-thesis/task_equivalents/python/statistical_modelling_analysis/01_linear_regression_inference.py,10,ok,0.720768087,11.930000000,16.551787205,
script_7,original,base,python,statistical_modelling_analysis,01_linear_regression_inference,/home/romakrut/PycharmProjects/masters-thesis/task_equivalents/python/statistical_modelling_analysis/01_linear_regression_inference.py,11,ok,0.728899219,12.030000000,16.504339264,
script_7,original,base,python,statistical_modelling_analysis,01_linear_regression_inference,/home/romakrut/PycharmProjects/masters-thesis/task_equivalents/python/statistical_modelling_analysis/01_linear_regression_inference.py,12,ok,0.722920801,11.960000000,16.543997605,
script_7,original,base,python,statistical_modelling_analysis,01_linear_regression_inference,/home/romakrut/PycharmProjects/masters-thesis/task_equivalents/python/statistical_modelling_analysis/01_linear_regression_inference.py,13,ok,0.722316241,12.200000000,16.890108941,
script_7,original,base,python,statistical_modelling_analysis,01_linear_regression_inference,/home/romakrut/PycharmProjects/masters-thesis/task_equivalents/python/statistical_modelling_analysis/01_linear_regression_inference.py,14,ok,0.729638453,11.930000000,16.350563695,
script_7,original,base,python,statistical_modelling_analysis,01_linear_regression_inference,/home/romakrut/PycharmProjects/masters-thesis/task_equivalents/python/statistical_modelling_analysis/01_linear_regression_inference.py,15,ok,0.719604248,11.870000000,16.495177777,
script_7,original,base,python,statistical_modelling_analysis,01_linear_regression_inference,/home/romakrut/PycharmProjects/masters-thesis/task_equivalents/python/statistical_modelling_analysis/01_linear_regression_inference.py,16,ok,0.720625172,11.820000000,16.402424533,
script_7,original,base,python,statistical_modelling_analysis,01_linear_regression_inference,/home/romakrut/PycharmProjects/masters-thesis/task_equivalents/python/statistical_modelling_analysis/01_linear_regression_inference.py,17,ok,0.728131283,12.010000000,16.494278272,
script_7,original,base,python,statistical_modelling_analysis,01_linear_regression_inference,/home/romakrut/PycharmProjects/masters-thesis/task_equivalents/python/statistical_modelling_analysis/01_linear_regression_inference.py,18,ok,0.723593502,11.860000000,16.390418055,
script_7,original,base,python,statistical_modelling_analysis,01_linear_regression_inference,/home/romakrut/PycharmProjects/masters-thesis/task_equivalents/python/statistical_modelling_analysis/01_linear_regression_inference.py,19,ok,0.718994397,12.020000000,16.717793699,
script_7,original,base,python,statistical_modelling_analysis,01_linear_regression_inference,/home/romakrut/PycharmProjects/masters-thesis/task_equivalents/python/statistical_modelling_analysis/01_linear_regression_inference.py,20,ok,0.723416330,12.140000000,16.781484598,
script_7,original,base,python,statistical_modelling_analysis,01_linear_regression_inference,/home/romakrut/PycharmProjects/masters-thesis/task_equivalents/python/statistical_modelling_analysis/01_linear_regression_inference.py,21,ok,0.723198133,12.260000000,16.952477393,
script_7,original,base,python,statistical_modelling_analysis,01_linear_regression_inference,/home/romakrut/PycharmProjects/masters-thesis/task_equivalents/python/statistical_modelling_analysis/01_linear_regression_inference.py,22,ok,0.727078039,12.180000000,16.751984446,
script_7,original,base,python,statistical_modelling_analysis,01_linear_regression_inference,/home/romakrut/PycharmProjects/masters-thesis/task_equivalents/python/statistical_modelling_analysis/01_linear_regression_inference.py,23,ok,0.721852844,12.260000000,16.984071064,
script_7,original,base,python,statistical_modelling_analysis,01_linear_regression_inference,/home/romakrut/PycharmProjects/masters-thesis/task_equivalents/python/statistical_modelling_analysis/01_linear_regression_inference.py,24,ok,0.723402352,12.230000000,16.906220952,
script_7,original,base,python,statistical_modelling_analysis,01_linear_regression_inference,/home/romakrut/PycharmProjects/masters-thesis/task_equivalents/python/statistical_modelling_analysis/01_linear_regression_inference.py,25,ok,0.727683855,12.230000000,16.806749134,
script_7,original,base,python,statistical_modelling_analysis,01_linear_regression_inference,/home/romakrut/PycharmProjects/masters-thesis/task_equivalents/python/statistical_modelling_analysis/01_linear_regression_inference.py,26,ok,0.720700670,12.060000000,16.733715538,
script_7,original,base,python,statistical_modelling_analysis,01_linear_regression_inference,/home/romakrut/PycharmProjects/masters-thesis/task_equivalents/python/statistical_modelling_analysis/01_linear_regression_inference.py,27,ok,0.732405259,12.060000000,16.466293561,
script_7,original,base,python,statistical_modelling_analysis,01_linear_regression_inference,/home/romakrut/PycharmProjects/masters-thesis/task_equivalents/python/statistical_modelling_analysis/01_linear_regression_inference.py,28,ok,0.725777451,12.290000000,16.933565493,
script_7,original,base,python,statistical_modelling_analysis,01_linear_regression_inference,/home/romakrut/PycharmProjects/masters-thesis/task_equivalents/python/statistical_modelling_analysis/01_linear_regression_inference.py,29,ok,0.727506895,12.040000000,16.549671326,
script_7,original,base,python,statistical_modelling_analysis,01_linear_regression_inference,/home/romakrut/PycharmProjects/masters-thesis/task_equivalents/python/statistical_modelling_analysis/01_linear_regression_inference.py,30,ok,0.725651150,11.920000000,16.426625935,
script_8,original,base,python,statistical_modelling_analysis,02_logistic_regression_odds_ratios,/home/romakrut/PycharmProjects/masters-thesis/task_equivalents/python/statistical_modelling_analysis/02_logistic_regression_odds_ratios.py,1,ok,0.753781403,12.420000000,16.476925473,
script_8,original,base,python,statistical_modelling_analysis,02_logistic_regression_odds_ratios,/home/romakrut/PycharmProjects/masters-thesis/task_equivalents/python/statistical_modelling_analysis/02_logistic_regression_odds_ratios.py,2,ok,0.757648248,12.420000000,16.392831413,
script_8,original,base,python,statistical_modelling_analysis,02_logistic_regression_odds_ratios,/home/romakrut/PycharmProjects/masters-thesis/task_equivalents/python/statistical_modelling_analysis/02_logistic_regression_odds_ratios.py,3,ok,0.755197168,12.500000000,16.551968850,
script_8,original,base,python,statistical_modelling_analysis,02_logistic_regression_odds_ratios,/home/romakrut/PycharmProjects/masters-thesis/task_equivalents/python/statistical_modelling_analysis/02_logistic_regression_odds_ratios.py,4,ok,0.759225464,12.500000000,16.464147467,
script_8,original,base,python,statistical_modelling_analysis,02_logistic_regression_odds_ratios,/home/romakrut/PycharmProjects/masters-thesis/task_equivalents/python/statistical_modelling_analysis/02_logistic_regression_odds_ratios.py,5,ok,0.757918418,12.360000000,16.307823780,
script_8,original,base,python,statistical_modelling_analysis,02_logistic_regression_odds_ratios,/home/romakrut/PycharmProjects/masters-thesis/task_equivalents/python/statistical_modelling_analysis/02_logistic_regression_odds_ratios.py,6,ok,0.764738026,12.590000000,16.463154142,
script_8,original,base,python,statistical_modelling_analysis,02_logistic_regression_odds_ratios,/home/romakrut/PycharmProjects/masters-thesis/task_equivalents/python/statistical_modelling_analysis/02_logistic_regression_odds_ratios.py,7,ok,0.757914357,12.310000000,16.241940644,
script_8,original,base,python,statistical_modelling_analysis,02_logistic_regression_odds_ratios,/home/romakrut/PycharmProjects/masters-thesis/task_equivalents/python/statistical_modelling_analysis/02_logistic_regression_odds_ratios.py,8,ok,0.754331095,12.660000000,16.783081175,
script_8,original,base,python,statistical_modelling_analysis,02_logistic_regression_odds_ratios,/home/romakrut/PycharmProjects/masters-thesis/task_equivalents/python/statistical_modelling_analysis/02_logistic_regression_odds_ratios.py,9,ok,0.757536145,12.390000000,16.355655214,
script_8,original,base,python,statistical_modelling_analysis,02_logistic_regression_odds_ratios,/home/romakrut/PycharmProjects/masters-thesis/task_equivalents/python/statistical_modelling_analysis/02_logistic_regression_odds_ratios.py,10,ok,0.760343153,12.300000000,16.176906376,
script_8,original,base,python,statistical_modelling_analysis,02_logistic_regression_odds_ratios,/home/romakrut/PycharmProjects/masters-thesis/task_equivalents/python/statistical_modelling_analysis/02_logistic_regression_odds_ratios.py,11,ok,0.753328663,12.520000000,16.619572061,
script_8,original,base,python,statistical_modelling_analysis,02_logistic_regression_odds_ratios,/home/romakrut/PycharmProjects/masters-thesis/task_equivalents/python/statistical_modelling_analysis/02_logistic_regression_odds_ratios.py,12,ok,0.759159954,12.670000000,16.689499931,
script_8,original,base,python,statistical_modelling_analysis,02_logistic_regression_odds_ratios,/home/romakrut/PycharmProjects/masters-thesis/task_equivalents/python/statistical_modelling_analysis/02_logistic_regression_odds_ratios.py,13,ok,0.755459236,12.620000000,16.705070768,
script_8,original,base,python,statistical_modelling_analysis,02_logistic_regression_odds_ratios,/home/romakrut/PycharmProjects/masters-thesis/task_equivalents/python/statistical_modelling_analysis/02_logistic_regression_odds_ratios.py,14,ok,0.751609429,12.450000000,16.564454249,
script_8,original,base,python,statistical_modelling_analysis,02_logistic_regression_odds_ratios,/home/romakrut/PycharmProjects/masters-thesis/task_equivalents/python/statistical_modelling_analysis/02_logistic_regression_odds_ratios.py,15,ok,0.756865309,12.520000000,16.541912876,
script_8,original,base,python,statistical_modelling_analysis,02_logistic_regression_odds_ratios,/home/romakrut/PycharmProjects/masters-thesis/task_equivalents/python/statistical_modelling_analysis/02_logistic_regression_odds_ratios.py,16,ok,0.759057993,12.490000000,16.454605729,
script_8,original,base,python,statistical_modelling_analysis,02_logistic_regression_odds_ratios,/home/romakrut/PycharmProjects/masters-thesis/task_equivalents/python/statistical_modelling_analysis/02_logistic_regression_odds_ratios.py,17,ok,0.755688124,12.760000000,16.885272634,
script_8,original,base,python,statistical_modelling_analysis,02_logistic_regression_odds_ratios,/home/romakrut/PycharmProjects/masters-thesis/task_equivalents/python/statistical_modelling_analysis/02_logistic_regression_odds_ratios.py,18,ok,0.761515281,12.440000000,16.335850784,
script_8,original,base,python,statistical_modelling_analysis,02_logistic_regression_odds_ratios,/home/romakrut/PycharmProjects/masters-thesis/task_equivalents/python/statistical_modelling_analysis/02_logistic_regression_odds_ratios.py,19,ok,0.753697732,12.660000000,16.797184684,
script_8,original,base,python,statistical_modelling_analysis,02_logistic_regression_odds_ratios,/home/romakrut/PycharmProjects/masters-thesis/task_equivalents/python/statistical_modelling_analysis/02_logistic_regression_odds_ratios.py,20,ok,0.754088726,12.670000000,16.801736405,
script_8,original,base,python,statistical_modelling_analysis,02_logistic_regression_odds_ratios,/home/romakrut/PycharmProjects/masters-thesis/task_equivalents/python/statistical_modelling_analysis/02_logistic_regression_odds_ratios.py,21,ok,0.750171890,12.360000000,16.476223869,
script_8,original,base,python,statistical_modelling_analysis,02_logistic_regression_odds_ratios,/home/romakrut/PycharmProjects/masters-thesis/task_equivalents/python/statistical_modelling_analysis/02_logistic_regression_odds_ratios.py,22,ok,0.756224809,12.710000000,16.807171424,
script_8,original,base,python,statistical_modelling_analysis,02_logistic_regression_odds_ratios,/home/romakrut/PycharmProjects/masters-thesis/task_equivalents/python/statistical_modelling_analysis/02_logistic_regression_odds_ratios.py,23,ok,0.752964444,12.500000000,16.601049491,
script_8,original,base,python,statistical_modelling_analysis,02_logistic_regression_odds_ratios,/home/romakrut/PycharmProjects/masters-thesis/task_equivalents/python/statistical_modelling_analysis/02_logistic_regression_odds_ratios.py,24,ok,0.754524115,12.700000000,16.831801327,
script_8,original,base,python,statistical_modelling_analysis,02_logistic_regression_odds_ratios,/home/romakrut/PycharmProjects/masters-thesis/task_equivalents/python/statistical_modelling_analysis/02_logistic_regression_odds_ratios.py,25,ok,0.754054939,12.630000000,16.749442709,
script_8,original,base,python,statistical_modelling_analysis,02_logistic_regression_odds_ratios,/home/romakrut/PycharmProjects/masters-thesis/task_equivalents/python/statistical_modelling_analysis/02_logistic_regression_odds_ratios.py,26,ok,0.756687598,12.560000000,16.598659781,
script_8,original,base,python,statistical_modelling_analysis,02_logistic_regression_odds_ratios,/home/romakrut/PycharmProjects/masters-thesis/task_equivalents/python/statistical_modelling_analysis/02_logistic_regression_odds_ratios.py,27,ok,0.753672934,12.770000000,16.943689263,
script_8,original,base,python,statistical_modelling_analysis,02_logistic_regression_odds_ratios,/home/romakrut/PycharmProjects/masters-thesis/task_equivalents/python/statistical_modelling_analysis/02_logistic_regression_odds_ratios.py,28,ok,0.761487899,12.550000000,16.480892233,
script_8,original,base,python,statistical_modelling_analysis,02_logistic_regression_odds_ratios,/home/romakrut/PycharmProjects/masters-thesis/task_equivalents/python/statistical_modelling_analysis/02_logistic_regression_odds_ratios.py,29,ok,0.755301023,12.670000000,16.774768753,
script_8,original,base,python,statistical_modelling_analysis,02_logistic_regression_odds_ratios,/home/romakrut/PycharmProjects/masters-thesis/task_equivalents/python/statistical_modelling_analysis/02_logistic_regression_odds_ratios.py,30,ok,0.752602207,12.460000000,16.555890860,
script_12,original,base,r,data_visualization,02_distribution_boxplot,/home/romakrut/PycharmProjects/masters-thesis/task_equivalents/r/data_visualization/02_distribution_boxplot.R,1,ok,0.118684927,1.870000000,15.756002445,
script_12,original,base,r,data_visualization,02_distribution_boxplot,/home/romakrut/PycharmProjects/masters-thesis/task_equivalents/r/data_visualization/02_distribution_boxplot.R,2,ok,0.119513210,1.810000000,15.144769352,
script_12,original,base,r,data_visualization,02_distribution_boxplot,/home/romakrut/PycharmProjects/masters-thesis/task_equivalents/r/data_visualization/02_distribution_boxplot.R,3,ok,0.115211166,1.810000000,15.710282804,
script_12,original,base,r,data_visualization,02_distribution_boxplot,/home/romakrut/PycharmProjects/masters-thesis/task_equivalents/r/data_visualization/02_distribution_boxplot.R,4,ok,0.118562463,1.750000000,14.760152208,
script_12,original,base,r,data_visualization,02_distribution_boxplot,/home/romakrut/PycharmProjects/masters-thesis/task_equivalents/r/data_visualization/02_distribution_boxplot.R,5,ok,0.121885733,1.930000000,15.834502960,
script_12,original,base,r,data_visualization,02_distribution_boxplot,/home/romakrut/PycharmProjects/masters-thesis/task_equivalents/r/data_visualization/02_distribution_boxplot.R,6,ok,0.115567942,1.760000000,15.229136814,
script_12,original,base,r,data_visualization,02_distribution_boxplot,/home/romakrut/PycharmProjects/masters-thesis/task_equivalents/r/data_visualization/02_distribution_boxplot.R,7,ok,0.119628176,1.810000000,15.130214808,
script_12,original,base,r,data_visualization,02_distribution_boxplot,/home/romakrut/PycharmProjects/masters-thesis/task_equivalents/r/data_visualization/02_distribution_boxplot.R,8,ok,0.119320172,1.790000000,15.001654540,
script_12,original,base,r,data_visualization,02_distribution_boxplot,/home/romakrut/PycharmProjects/masters-thesis/task_equivalents/r/data_visualization/02_distribution_boxplot.R,9,ok,0.117740934,1.780000000,15.117936809,
script_12,original,base,r,data_visualization,02_distribution_boxplot,/home/romakrut/PycharmProjects/masters-thesis/task_equivalents/r/data_visualization/02_distribution_boxplot.R,10,ok,0.112176802,1.870000000,16.670113309,
script_12,original,base,r,data_visualization,02_distribution_boxplot,/home/romakrut/PycharmProjects/masters-thesis/task_equivalents/r/data_visualization/02_distribution_boxplot.R,11,ok,0.120027261,1.780000000,14.829964336,
script_12,original,base,r,data_visualization,02_distribution_boxplot,/home/romakrut/PycharmProjects/masters-thesis/task_equivalents/r/data_visualization/02_distribution_boxplot.R,12,ok,0.119350910,1.760000000,14.746431343,
script_12,original,base,r,data_visualization,02_distribution_boxplot,/home/romakrut/PycharmProjects/masters-thesis/task_equivalents/r/data_visualization/02_distribution_boxplot.R,13,ok,0.118612396,1.840000000,15.512712516,
script_12,original,base,r,data_visualization,02_distribution_boxplot,/home/romakrut/PycharmProjects/masters-thesis/task_equivalents/r/data_visualization/02_distribution_boxplot.R,14,ok,0.116901815,1.750000000,14.969827457,
script_12,original,base,r,data_visualization,02_distribution_boxplot,/home/romakrut/PycharmProjects/masters-thesis/task_equivalents/r/data_visualization/02_distribution_boxplot.R,15,ok,0.118282893,1.880000000,15.894098904,
script_12,original,base,r,data_visualization,02_distribution_boxplot,/home/romakrut/PycharmProjects/masters-thesis/task_equivalents/r/data_visualization/02_distribution_boxplot.R,16,ok,0.117171136,1.780000000,15.191454660,
script_12,original,base,r,data_visualization,02_distribution_boxplot,/home/romakrut/PycharmProjects/masters-thesis/task_equivalents/r/data_visualization/02_distribution_boxplot.R,17,ok,0.113810944,1.800000000,15.815702223,
script_12,original,base,r,data_visualization,02_distribution_boxplot,/home/romakrut/PycharmProjects/masters-thesis/task_equivalents/r/data_visualization/02_distribution_boxplot.R,18,ok,0.115673346,1.760000000,15.215259702,
script_12,original,base,r,data_visualization,02_distribution_boxplot,/home/romakrut/PycharmProjects/masters-thesis/task_equivalents/r/data_visualization/02_distribution_boxplot.R,19,ok,0.119360948,1.760000000,14.745191199,
script_12,original,base,r,data_visualization,02_distribution_boxplot,/home/romakrut/PycharmProjects/masters-thesis/task_equivalents/r/data_visualization/02_distribution_boxplot.R,20,ok,0.117716530,1.890000000,16.055519136,
script_12,original,base,r,data_visualization,02_distribution_boxplot,/home/romakrut/PycharmProjects/masters-thesis/task_equivalents/r/data_visualization/02_distribution_boxplot.R,21,ok,0.119025207,1.790000000,15.038831228,
script_12,original,base,r,data_visualization,02_distribution_boxplot,/home/romakrut/PycharmProjects/masters-thesis/task_equivalents/r/data_visualization/02_distribution_boxplot.R,22,ok,0.120021504,1.790000000,14.913994079,
script_12,original,base,r,data_visualization,02_distribution_boxplot,/home/romakrut/PycharmProjects/masters-thesis/task_equivalents/r/data_visualization/02_distribution_boxplot.R,23,ok,0.113951546,1.800000000,15.796187618,
script_12,original,base,r,data_visualization,02_distribution_boxplot,/home/romakrut/PycharmProjects/masters-thesis/task_equivalents/r/data_visualization/02_distribution_boxplot.R,24,ok,0.117688322,1.760000000,14.954754814,
script_12,original,base,r,data_visualization,02_distribution_boxplot,/home/romakrut/PycharmProjects/masters-thesis/task_equivalents/r/data_visualization/02_distribution_boxplot.R,25,ok,0.113836548,1.890000000,16.602752220,
script_12,original,base,r,data_visualization,02_distribution_boxplot,/home/romakrut/PycharmProjects/masters-thesis/task_equivalents/r/data_visualization/02_distribution_boxplot.R,26,ok,0.123762648,1.810000000,14.624767886,
script_12,original,base,r,data_visualization,02_distribution_boxplot,/home/romakrut/PycharmProjects/masters-thesis/task_equivalents/r/data_visualization/02_distribution_boxplot.R,27,ok,0.114322023,1.810000000,15.832470004,
script_12,original,base,r,data_visualization,02_distribution_boxplot,/home/romakrut/PycharmProjects/masters-thesis/task_equivalents/r/data_visualization/02_distribution_boxplot.R,28,ok,0.131523131,1.750000000,13.305644313,
script_12,original,base,r,data_visualization,02_distribution_boxplot,/home/romakrut/PycharmProjects/masters-thesis/task_equivalents/r/data_visualization/02_distribution_boxplot.R,29,ok,0.113802980,1.830000000,16.080422499,
script_12,original,base,r,data_visualization,02_distribution_boxplot,/home/romakrut/PycharmProjects/masters-thesis/task_equivalents/r/data_visualization/02_distribution_boxplot.R,30,ok,0.115091401,1.880000000,16.334843296,
script_11,original,base,r,data_visualization,01_scatter_trend_grouped,/home/romakrut/PycharmProjects/masters-thesis/task_equivalents/r/data_visualization/01_scatter_trend_grouped.R,1,ok,0.114381152,1.820000000,15.911712447,
script_11,original,base,r,data_visualization,01_scatter_trend_grouped,/home/romakrut/PycharmProjects/masters-thesis/task_equivalents/r/data_visualization/01_scatter_trend_grouped.R,2,ok,0.114963261,1.700000000,14.787332798,
script_11,original,base,r,data_visualization,01_scatter_trend_grouped,/home/romakrut/PycharmProjects/masters-thesis/task_equivalents/r/data_visualization/01_scatter_trend_grouped.R,3,ok,0.119233399,1.720000000,14.425488281,
script_11,original,base,r,data_visualization,01_scatter_trend_grouped,/home/romakrut/PycharmProjects/masters-thesis/task_equivalents/r/data_visualization/01_scatter_trend_grouped.R,4,ok,0.117412097,1.690000000,14.393746839,
script_11,original,base,r,data_visualization,01_scatter_trend_grouped,/home/romakrut/PycharmProjects/masters-thesis/task_equivalents/r/data_visualization/01_scatter_trend_grouped.R,5,ok,0.109930640,1.750000000,15.919128643,
script_11,original,base,r,data_visualization,01_scatter_trend_grouped,/home/romakrut/PycharmProjects/masters-thesis/task_equivalents/r/data_visualization/01_scatter_trend_grouped.R,6,ok,0.113607631,1.730000000,15.227850319,
script_11,original,base,r,data_visualization,01_scatter_trend_grouped,/home/romakrut/PycharmProjects/masters-thesis/task_equivalents/r/data_visualization/01_scatter_trend_grouped.R,7,ok,0.112019548,1.700000000,15.175922688,
script_11,original,base,r,data_visualization,01_scatter_trend_grouped,/home/romakrut/PycharmProjects/masters-thesis/task_equivalents/r/data_visualization/01_scatter_trend_grouped.R,8,ok,0.115356746,1.700000000,14.736892804,
script_11,original,base,r,data_visualization,01_scatter_trend_grouped,/home/romakrut/PycharmProjects/masters-thesis/task_equivalents/r/data_visualization/01_scatter_trend_grouped.R,9,ok,0.114479889,1.690000000,14.762418227,
script_11,original,base,r,data_visualization,01_scatter_trend_grouped,/home/romakrut/PycharmProjects/masters-thesis/task_equivalents/r/data_visualization/01_scatter_trend_grouped.R,10,ok,0.114466349,1.690000000,14.764164445,
script_11,original,base,r,data_visualization,01_scatter_trend_grouped,/home/romakrut/PycharmProjects/masters-thesis/task_equivalents/r/data_visualization/01_scatter_trend_grouped.R,11,ok,0.110672604,1.800000000,16.264187657,
script_11,original,base,r,data_visualization,01_scatter_trend_grouped,/home/romakrut/PycharmProjects/masters-thesis/task_equivalents/r/data_visualization/01_scatter_trend_grouped.R,12,ok,0.110378901,1.760000000,15.945076315,
script_11,original,base,r,data_visualization,01_scatter_trend_grouped,/home/romakrut/PycharmProjects/masters-thesis/task_equivalents/r/data_visualization/01_scatter_trend_grouped.R,13,ok,0.115166931,1.680000000,14.587520788,
script_11,original,base,r,data_visualization,01_scatter_trend_grouped,/home/romakrut/PycharmProjects/masters-thesis/task_equivalents/r/data_visualization/01_scatter_trend_grouped.R,14,ok,0.118006673,1.730000000,14.660187903,
script_11,original,base,r,data_visualization,01_scatter_trend_grouped,/home/romakrut/PycharmProjects/masters-thesis/task_equivalents/r/data_visualization/01_scatter_trend_grouped.R,15,ok,0.116196998,1.710000000,14.716387079,
script_11,original,base,r,data_visualization,01_scatter_trend_grouped,/home/romakrut/PycharmProjects/masters-thesis/task_equivalents/r/data_visualization/01_scatter_trend_grouped.R,16,ok,0.117307171,1.870000000,15.941054448,
script_11,original,base,r,data_visualization,01_scatter_trend_grouped,/home/romakrut/PycharmProjects/masters-thesis/task_equivalents/r/data_visualization/01_scatter_trend_grouped.R,17,ok,0.115262623,1.750000000,15.182718859,
script_11,original,base,r,data_visualization,01_scatter_trend_grouped,/home/romakrut/PycharmProjects/masters-thesis/task_equivalents/r/data_visualization/01_scatter_trend_grouped.R,18,ok,0.114344182,1.710000000,14.954849211,
script_11,original,base,r,data_visualization,01_scatter_trend_grouped,/home/romakrut/PycharmProjects/masters-thesis/task_equivalents/r/data_visualization/01_scatter_trend_grouped.R,19,ok,0.109903586,1.750000000,15.923047315,
script_11,original,base,r,data_visualization,01_scatter_trend_grouped,/home/romakrut/PycharmProjects/masters-thesis/task_equivalents/r/data_visualization/01_scatter_trend_grouped.R,20,ok,0.111175370,1.770000000,15.920792528,
script_11,original,base,r,data_visualization,01_scatter_trend_grouped,/home/romakrut/PycharmProjects/masters-thesis/task_equivalents/r/data_visualization/01_scatter_trend_grouped.R,21,ok,0.113197906,1.690000000,14.929604793,
script_11,original,base,r,data_visualization,01_scatter_trend_grouped,/home/romakrut/PycharmProjects/masters-thesis/task_equivalents/r/data_visualization/01_scatter_trend_grouped.R,22,ok,0.113747797,1.740000000,15.296999554,
script_11,original,base,r,data_visualization,01_scatter_trend_grouped,/home/romakrut/PycharmProjects/masters-thesis/task_equivalents/r/data_visualization/01_scatter_trend_grouped.R,23,ok,0.111160855,1.760000000,15.832911685,
script_11,original,base,r,data_visualization,01_scatter_trend_grouped,/home/romakrut/PycharmProjects/masters-thesis/task_equivalents/r/data_visualization/01_scatter_trend_grouped.R,24,ok,0.117150382,1.720000000,14.681983709,
script_11,original,base,r,data_visualization,01_scatter_trend_grouped,/home/romakrut/PycharmProjects/masters-thesis/task_equivalents/r/data_visualization/01_scatter_trend_grouped.R,25,ok,0.112210439,1.730000000,15.417460402,
script_11,original,base,r,data_visualization,01_scatter_trend_grouped,/home/romakrut/PycharmProjects/masters-thesis/task_equivalents/r/data_visualization/01_scatter_trend_grouped.R,26,ok,0.119610380,1.790000000,14.965256360,
script_11,original,base,r,data_visualization,01_scatter_trend_grouped,/home/romakrut/PycharmProjects/masters-thesis/task_equivalents/r/data_visualization/01_scatter_trend_grouped.R,27,ok,0.113724954,1.740000000,15.300072137,
script_11,original,base,r,data_visualization,01_scatter_trend_grouped,/home/romakrut/PycharmProjects/masters-thesis/task_equivalents/r/data_visualization/01_scatter_trend_grouped.R,28,ok,0.116259190,1.700000000,14.622499950,
script_11,original,base,r,data_visualization,01_scatter_trend_grouped,/home/romakrut/PycharmProjects/masters-thesis/task_equivalents/r/data_visualization/01_scatter_trend_grouped.R,29,ok,0.112478414,1.760000000,15.647446807,
script_11,original,base,r,data_visualization,01_scatter_trend_grouped,/home/romakrut/PycharmProjects/masters-thesis/task_equivalents/r/data_visualization/01_scatter_trend_grouped.R,30,ok,0.116213106,1.730000000,14.886444908,
script_13,original,base,r,machine_learning_workflows,01_pipeline_cv_gridsearch_classification,/home/romakrut/PycharmProjects/masters-thesis/task_equivalents/r/machine_learning_workflows/01_pipeline_cv_gridsearch_classification.R,1,ok,2.024922255,34.670000000,17.121644999,
script_13,original,base,r,machine_learning_workflows,01_pipeline_cv_gridsearch_classification,/home/romakrut/PycharmProjects/masters-thesis/task_equivalents/r/machine_learning_workflows/01_pipeline_cv_gridsearch_classification.R,2,ok,2.009024770,35.480000000,17.660309883,
script_13,original,base,r,machine_learning_workflows,01_pipeline_cv_gridsearch_classification,/home/romakrut/PycharmProjects/masters-thesis/task_equivalents/r/machine_learning_workflows/01_pipeline_cv_gridsearch_classification.R,3,ok,2.010817028,35.340000000,17.574945660,
script_13,original,base,r,machine_learning_workflows,01_pipeline_cv_gridsearch_classification,/home/romakrut/PycharmProjects/masters-thesis/task_equivalents/r/machine_learning_workflows/01_pipeline_cv_gridsearch_classification.R,4,ok,2.058190635,35.430000000,17.214148873,
script_13,original,base,r,machine_learning_workflows,01_pipeline_cv_gridsearch_classification,/home/romakrut/PycharmProjects/masters-thesis/task_equivalents/r/machine_learning_workflows/01_pipeline_cv_gridsearch_classification.R,5,ok,2.009323885,36.190000000,18.011033597,
script_13,original,base,r,machine_learning_workflows,01_pipeline_cv_gridsearch_classification,/home/romakrut/PycharmProjects/masters-thesis/task_equivalents/r/machine_learning_workflows/01_pipeline_cv_gridsearch_classification.R,6,ok,2.024406807,35.520000000,17.545880540,
script_13,original,base,r,machine_learning_workflows,01_pipeline_cv_gridsearch_classification,/home/romakrut/PycharmProjects/masters-thesis/task_equivalents/r/machine_learning_workflows/01_pipeline_cv_gridsearch_classification.R,7,ok,2.016476793,36.100000000,17.902512008,
script_13,original,base,r,machine_learning_workflows,01_pipeline_cv_gridsearch_classification,/home/romakrut/PycharmProjects/masters-thesis/task_equivalents/r/machine_learning_workflows/01_pipeline_cv_gridsearch_classification.R,8,ok,2.046357885,35.570000000,17.382101274,
script_13,original,base,r,machine_learning_workflows,01_pipeline_cv_gridsearch_classification,/home/romakrut/PycharmProjects/masters-thesis/task_equivalents/r/machine_learning_workflows/01_pipeline_cv_gridsearch_classification.R,9,ok,2.009309330,36.070000000,17.951442051,
script_13,original,base,r,machine_learning_workflows,01_pipeline_cv_gridsearch_classification,/home/romakrut/PycharmProjects/masters-thesis/task_equivalents/r/machine_learning_workflows/01_pipeline_cv_gridsearch_classification.R,10,ok,2.007582654,35.540000000,17.702882583,
script_13,original,base,r,machine_learning_workflows,01_pipeline_cv_gridsearch_classification,/home/romakrut/PycharmProjects/masters-thesis/task_equivalents/r/machine_learning_workflows/01_pipeline_cv_gridsearch_classification.R,11,ok,2.046296977,35.640000000,17.416826785,
script_13,original,base,r,machine_learning_workflows,01_pipeline_cv_gridsearch_classification,/home/romakrut/PycharmProjects/masters-thesis/task_equivalents/r/machine_learning_workflows/01_pipeline_cv_gridsearch_classification.R,12,ok,2.009353148,36.300000000,18.065515281,
script_13,original,base,r,machine_learning_workflows,01_pipeline_cv_gridsearch_classification,/home/romakrut/PycharmProjects/masters-thesis/task_equivalents/r/machine_learning_workflows/01_pipeline_cv_gridsearch_classification.R,13,ok,2.006088751,35.560000000,17.726035292,
script_13,original,base,r,machine_learning_workflows,01_pipeline_cv_gridsearch_classification,/home/romakrut/PycharmProjects/masters-thesis/task_equivalents/r/machine_learning_workflows/01_pipeline_cv_gridsearch_classification.R,14,ok,2.006839969,36.330000000,18.103087721,
script_13,original,base,r,machine_learning_workflows,01_pipeline_cv_gridsearch_classification,/home/romakrut/PycharmProjects/masters-thesis/task_equivalents/r/machine_learning_workflows/01_pipeline_cv_gridsearch_classification.R,15,ok,2.005362275,36.680000000,18.290959423,
script_13,original,base,r,machine_learning_workflows,01_pipeline_cv_gridsearch_classification,/home/romakrut/PycharmProjects/masters-thesis/task_equivalents/r/machine_learning_workflows/01_pipeline_cv_gridsearch_classification.R,16,ok,2.006212472,36.890000000,18.387882896,
script_13,original,base,r,machine_learning_workflows,01_pipeline_cv_gridsearch_classification,/home/romakrut/PycharmProjects/masters-thesis/task_equivalents/r/machine_learning_workflows/01_pipeline_cv_gridsearch_classification.R,17,ok,2.023610190,36.040000000,17.809754160,
script_13,original,base,r,machine_learning_workflows,01_pipeline_cv_gridsearch_classification,/home/romakrut/PycharmProjects/masters-thesis/task_equivalents/r/machine_learning_workflows/01_pipeline_cv_gridsearch_classification.R,18,ok,2.005983069,36.710000000,18.300254158,
script_13,original,base,r,machine_learning_workflows,01_pipeline_cv_gridsearch_classification,/home/romakrut/PycharmProjects/masters-thesis/task_equivalents/r/machine_learning_workflows/01_pipeline_cv_gridsearch_classification.R,19,ok,2.018943327,36.190000000,17.925218363,
script_13,original,base,r,machine_learning_workflows,01_pipeline_cv_gridsearch_classification,/home/romakrut/PycharmProjects/masters-thesis/task_equivalents/r/machine_learning_workflows/01_pipeline_cv_gridsearch_classification.R,20,ok,2.036828122,36.590000000,17.964206015,
script_13,original,base,r,machine_learning_workflows,01_pipeline_cv_gridsearch_classification,/home/romakrut/PycharmProjects/masters-thesis/task_equivalents/r/machine_learning_workflows/01_pipeline_cv_gridsearch_classification.R,21,ok,2.000375048,36.270000000,18.131599890,
script_13,original,base,r,machine_learning_workflows,01_pipeline_cv_gridsearch_classification,/home/romakrut/PycharmProjects/masters-thesis/task_equivalents/r/machine_learning_workflows/01_pipeline_cv_gridsearch_classification.R,22,ok,2.003430111,36.410000000,18.173830871,
script_13,original,base,r,machine_learning_workflows,01_pipeline_cv_gridsearch_classification,/home/romakrut/PycharmProjects/masters-thesis/task_equivalents/r/machine_learning_workflows/01_pipeline_cv_gridsearch_classification.R,23,ok,2.024717980,36.550000000,18.051896788,
script_13,original,base,r,machine_learning_workflows,01_pipeline_cv_gridsearch_classification,/home/romakrut/PycharmProjects/masters-thesis/task_equivalents/r/machine_learning_workflows/01_pipeline_cv_gridsearch_classification.R,24,ok,2.007104347,36.290000000,18.080773954,
script_13,original,base,r,machine_learning_workflows,01_pipeline_cv_gridsearch_classification,/home/romakrut/PycharmProjects/masters-thesis/task_equivalents/r/machine_learning_workflows/01_pipeline_cv_gridsearch_classification.R,25,ok,2.037224046,35.800000000,17.572932182,
script_13,original,base,r,machine_learning_workflows,01_pipeline_cv_gridsearch_classification,/home/romakrut/PycharmProjects/masters-thesis/task_equivalents/r/machine_learning_workflows/01_pipeline_cv_gridsearch_classification.R,26,ok,2.006951597,35.940000000,17.907756248,
script_13,original,base,r,machine_learning_workflows,01_pipeline_cv_gridsearch_classification,/home/romakrut/PycharmProjects/masters-thesis/task_equivalents/r/machine_learning_workflows/01_pipeline_cv_gridsearch_classification.R,27,ok,2.006706584,35.880000000,17.880042995,
script_13,original,base,r,machine_learning_workflows,01_pipeline_cv_gridsearch_classification,/home/romakrut/PycharmProjects/masters-thesis/task_equivalents/r/machine_learning_workflows/01_pipeline_cv_gridsearch_classification.R,28,ok,2.010442950,36.060000000,17.936345819,
script_13,original,base,r,machine_learning_workflows,01_pipeline_cv_gridsearch_classification,/home/romakrut/PycharmProjects/masters-thesis/task_equivalents/r/machine_learning_workflows/01_pipeline_cv_gridsearch_classification.R,29,ok,2.000748229,36.870000000,18.428105778,
script_13,original,base,r,machine_learning_workflows,01_pipeline_cv_gridsearch_classification,/home/romakrut/PycharmProjects/masters-thesis/task_equivalents/r/machine_learning_workflows/01_pipeline_cv_gridsearch_classification.R,30,ok,2.037194269,35.930000000,17.637002296,
script_10,original,base,r,data_manipulation_preprocessing,02_merge_aggregate_reshape,/home/romakrut/PycharmProjects/masters-thesis/task_equivalents/r/data_manipulation_preprocessing/02_merge_aggregate_reshape.R,1,ok,0.099275985,1.450000000,14.605747805,
script_10,original,base,r,data_manipulation_preprocessing,02_merge_aggregate_reshape,/home/romakrut/PycharmProjects/masters-thesis/task_equivalents/r/data_manipulation_preprocessing/02_merge_aggregate_reshape.R,2,ok,0.096167788,1.370000000,14.245934408,
script_10,original,base,r,data_manipulation_preprocessing,02_merge_aggregate_reshape,/home/romakrut/PycharmProjects/masters-thesis/task_equivalents/r/data_manipulation_preprocessing/02_merge_aggregate_reshape.R,3,ok,0.092556037,1.380000000,14.909886429,
script_10,original,base,r,data_manipulation_preprocessing,02_merge_aggregate_reshape,/home/romakrut/PycharmProjects/masters-thesis/task_equivalents/r/data_manipulation_preprocessing/02_merge_aggregate_reshape.R,4,ok,0.094993674,1.360000000,14.316742818,
script_10,original,base,r,data_manipulation_preprocessing,02_merge_aggregate_reshape,/home/romakrut/PycharmProjects/masters-thesis/task_equivalents/r/data_manipulation_preprocessing/02_merge_aggregate_reshape.R,5,ok,0.088246450,1.410000000,15.977979851,
script_10,original,base,r,data_manipulation_preprocessing,02_merge_aggregate_reshape,/home/romakrut/PycharmProjects/masters-thesis/task_equivalents/r/data_manipulation_preprocessing/02_merge_aggregate_reshape.R,6,ok,0.089126789,1.400000000,15.707959590,
script_10,original,base,r,data_manipulation_preprocessing,02_merge_aggregate_reshape,/home/romakrut/PycharmProjects/masters-thesis/task_equivalents/r/data_manipulation_preprocessing/02_merge_aggregate_reshape.R,7,ok,0.105183462,1.340000000,12.739645326,
script_10,original,base,r,data_manipulation_preprocessing,02_merge_aggregate_reshape,/home/romakrut/PycharmProjects/masters-thesis/task_equivalents/r/data_manipulation_preprocessing/02_merge_aggregate_reshape.R,8,ok,0.094985042,1.340000000,14.107484418,
script_10,original,base,r,data_manipulation_preprocessing,02_merge_aggregate_reshape,/home/romakrut/PycharmProjects/masters-thesis/task_equivalents/r/data_manipulation_preprocessing/02_merge_aggregate_reshape.R,9,ok,0.090564615,1.400000000,15.458576178,
script_10,original,base,r,data_manipulation_preprocessing,02_merge_aggregate_reshape,/home/romakrut/PycharmProjects/masters-thesis/task_equivalents/r/data_manipulation_preprocessing/02_merge_aggregate_reshape.R,10,ok,0.094827334,1.360000000,14.341856326,
script_10,original,base,r,data_manipulation_preprocessing,02_merge_aggregate_reshape,/home/romakrut/PycharmProjects/masters-thesis/task_equivalents/r/data_manipulation_preprocessing/02_merge_aggregate_reshape.R,11,ok,0.095430016,1.370000000,14.356070107,
script_10,original,base,r,data_manipulation_preprocessing,02_merge_aggregate_reshape,/home/romakrut/PycharmProjects/masters-thesis/task_equivalents/r/data_manipulation_preprocessing/02_merge_aggregate_reshape.R,12,ok,0.092827280,1.410000000,15.189500328,
script_10,original,base,r,data_manipulation_preprocessing,02_merge_aggregate_reshape,/home/romakrut/PycharmProjects/masters-thesis/task_equivalents/r/data_manipulation_preprocessing/02_merge_aggregate_reshape.R,13,ok,0.098134637,1.390000000,14.164214007,
script_10,original,base,r,data_manipulation_preprocessing,02_merge_aggregate_reshape,/home/romakrut/PycharmProjects/masters-thesis/task_equivalents/r/data_manipulation_preprocessing/02_merge_aggregate_reshape.R,14,ok,0.094911976,1.410000000,14.855870243,
script_10,original,base,r,data_manipulation_preprocessing,02_merge_aggregate_reshape,/home/romakrut/PycharmProjects/masters-thesis/task_equivalents/r/data_manipulation_preprocessing/02_merge_aggregate_reshape.R,15,ok,0.092080368,1.400000000,15.204109523,
script_10,original,base,r,data_manipulation_preprocessing,02_merge_aggregate_reshape,/home/romakrut/PycharmProjects/masters-thesis/task_equivalents/r/data_manipulation_preprocessing/02_merge_aggregate_reshape.R,16,ok,0.091049316,1.430000000,15.705774220,
script_10,original,base,r,data_manipulation_preprocessing,02_merge_aggregate_reshape,/home/romakrut/PycharmProjects/masters-thesis/task_equivalents/r/data_manipulation_preprocessing/02_merge_aggregate_reshape.R,17,ok,0.093570777,1.410000000,15.068807220,
script_10,original,base,r,data_manipulation_preprocessing,02_merge_aggregate_reshape,/home/romakrut/PycharmProjects/masters-thesis/task_equivalents/r/data_manipulation_preprocessing/02_merge_aggregate_reshape.R,18,ok,0.095701262,1.390000000,14.524364370,
script_10,original,base,r,data_manipulation_preprocessing,02_merge_aggregate_reshape,/home/romakrut/PycharmProjects/masters-thesis/task_equivalents/r/data_manipulation_preprocessing/02_merge_aggregate_reshape.R,19,ok,0.100230259,1.380000000,13.768297256,
script_10,original,base,r,data_manipulation_preprocessing,02_merge_aggregate_reshape,/home/romakrut/PycharmProjects/masters-thesis/task_equivalents/r/data_manipulation_preprocessing/02_merge_aggregate_reshape.R,20,ok,0.091163192,1.450000000,15.905542228,
script_10,original,base,r,data_manipulation_preprocessing,02_merge_aggregate_reshape,/home/romakrut/PycharmProjects/masters-thesis/task_equivalents/r/data_manipulation_preprocessing/02_merge_aggregate_reshape.R,21,ok,0.090182808,1.490000000,16.521996077,
script_10,original,base,r,data_manipulation_preprocessing,02_merge_aggregate_reshape,/home/romakrut/PycharmProjects/masters-thesis/task_equivalents/r/data_manipulation_preprocessing/02_merge_aggregate_reshape.R,22,ok,0.089744011,1.430000000,15.934210919,
script_10,original,base,r,data_manipulation_preprocessing,02_merge_aggregate_reshape,/home/romakrut/PycharmProjects/masters-thesis/task_equivalents/r/data_manipulation_preprocessing/02_merge_aggregate_reshape.R,23,ok,0.091202987,1.400000000,15.350374435,
script_10,original,base,r,data_manipulation_preprocessing,02_merge_aggregate_reshape,/home/romakrut/PycharmProjects/masters-thesis/task_equivalents/r/data_manipulation_preprocessing/02_merge_aggregate_reshape.R,24,ok,0.088575280,1.410000000,15.918662634,
script_10,original,base,r,data_manipulation_preprocessing,02_merge_aggregate_reshape,/home/romakrut/PycharmProjects/masters-thesis/task_equivalents/r/data_manipulation_preprocessing/02_merge_aggregate_reshape.R,25,ok,0.087984595,1.380000000,15.684563872,
script_10,original,base,r,data_manipulation_preprocessing,02_merge_aggregate_reshape,/home/romakrut/PycharmProjects/masters-thesis/task_equivalents/r/data_manipulation_preprocessing/02_merge_aggregate_reshape.R,26,ok,0.092301283,1.440000000,15.601083248,
script_10,original,base,r,data_manipulation_preprocessing,02_merge_aggregate_reshape,/home/romakrut/PycharmProjects/masters-thesis/task_equivalents/r/data_manipulation_preprocessing/02_merge_aggregate_reshape.R,27,ok,0.095341984,1.380000000,14.474211067,
script_10,original,base,r,data_manipulation_preprocessing,02_merge_aggregate_reshape,/home/romakrut/PycharmProjects/masters-thesis/task_equivalents/r/data_manipulation_preprocessing/02_merge_aggregate_reshape.R,28,ok,0.094580564,1.380000000,14.590735576,
script_10,original,base,r,data_manipulation_preprocessing,02_merge_aggregate_reshape,/home/romakrut/PycharmProjects/masters-thesis/task_equivalents/r/data_manipulation_preprocessing/02_merge_aggregate_reshape.R,29,ok,0.094668268,1.370000000,14.471586192,
script_10,original,base,r,data_manipulation_preprocessing,02_merge_aggregate_reshape,/home/romakrut/PycharmProjects/masters-thesis/task_equivalents/r/data_manipulation_preprocessing/02_merge_aggregate_reshape.R,30,ok,0.088360506,1.400000000,15.844182694,
