{
  "meta": {
    "language": "python",
    "path": "task_equivalents/python/machine_learning_workflows/02_regression_workflow_feature_importance.py",
    "generated_at_utc": "2026-04-07T09:03:16.417583+00:00"
  },
  "entry": {
    "language": "python",
    "path": "task_equivalents/python/machine_learning_workflows/02_regression_workflow_feature_importance.py",
    "script_sha256": "5d694b5d89e7ca58afbf7d38c75f7393b8a02307c54b9014c7aad59dde2a95af",
    "exit_code": 0,
    "stderr": "",
    "stderr_sha256": "e3b0c44298fc1c149afbf4c8996fb92427ae41e4649b934ca495991b7852b855",
    "status": "ok",
    "stdout": "CAtBat       45.687543\nCHits        18.897223\nAtBat         5.975866\nCHmRun        4.092482\nCRBI          3.886540\nCRuns         3.861120\nCWalks        2.710448\nRBI           2.554063\nWalks         2.205081\nPutOuts       2.202149\nYears         2.038500\nRuns          1.834692\nHits          1.299229\nHmRun         1.274929\nErrors        0.659182\nAssists       0.623820\nLeague        0.092624\nNewLeague     0.060391\nDivision      0.044119\ndtype: float64\n",
    "stdout_sha256": "4f7e43409f9863eae00fdfc27470f664ea5abda19ab8aa538f1f5babe3391cf3",
    "var_summary": {
      "Hitters": {
        "type": "DataFrame",
        "shape": [
          263,
          21
        ],
        "columns": [
          "AtBat",
          "Hits",
          "HmRun",
          "Runs",
          "RBI",
          "Walks",
          "Years",
          "CAtBat",
          "CHits",
          "CHmRun",
          "CRuns",
          "CRBI",
          "CWalks",
          "League",
          "Division",
          "PutOuts",
          "Assists",
          "Errors",
          "Salary",
          "NewLeague",
          "logSal"
        ],
        "na_total": 0,
        "numeric_means": {
          "AtBat": 403.642586,
          "Hits": 107.828897,
          "HmRun": 11.619772,
          "Runs": 54.745247,
          "RBI": 51.486692,
          "Walks": 41.114068,
          "Years": 7.311787,
          "CAtBat": 2657.543726,
          "CHits": 722.186312,
          "CHmRun": 69.239544,
          "CRuns": 361.220532,
          "CRBI": 330.418251,
          "CWalks": 260.26616,
          "League": 0.471483,
          "Division": 0.509506,
          "PutOuts": 290.711027,
          "Assists": 118.760456,
          "Errors": 8.593156,
          "Salary": 535.925882,
          "NewLeague": 0.463878,
          "logSal": 5.927222
        },
        "numeric_sds": {
          "AtBat": 147.307209,
          "Hits": 45.125326,
          "HmRun": 8.757108,
          "Runs": 25.539816,
          "RBI": 25.882714,
          "Walks": 21.718056,
          "Years": 4.793616,
          "CAtBat": 2286.582929,
          "CHits": 648.199644,
          "CHmRun": 82.197581,
          "CRuns": 331.198571,
          "CRBI": 323.367668,
          "CWalks": 264.055868,
          "League": 0.500138,
          "Division": 0.500863,
          "PutOuts": 279.934575,
          "Assists": 145.080577,
          "Errors": 6.606574,
          "Salary": 451.118681,
          "NewLeague": 0.499644,
          "logSal": 0.889192
        }
      },
      "best_boost": {
        "type": "GradientBoostingRegressor",
        "model": {
          "feature_importances_": [
            0.059759,
            0.012992,
            0.012749,
            0.018347,
            0.025541,
            0.022051,
            0.020385,
            0.456875,
            0.188972,
            0.040925,
            0.038611,
            0.038865,
            0.027104,
            0.000926,
            0.000441,
            0.022021,
            0.006238,
            0.006592,
            0.000604
          ]
        }
      },
      "best_lambda": {
        "type": "scalar",
        "value": 0.201
      },
      "boost": {
        "type": "GradientBoostingRegressor",
        "model": {
          "feature_importances_": [
            0.059759,
            0.012992,
            0.012749,
            0.018347,
            0.025541,
            0.022051,
            0.020385,
            0.456875,
            0.188972,
            0.040925,
            0.038611,
            0.038865,
            0.027104,
            0.000926,
            0.000441,
            0.022021,
            0.006238,
            0.006592,
            0.000604
          ]
        }
      },
      "feature_importance": {
        "type": "Series",
        "name": "None",
        "length": 19,
        "dtype": "float64",
        "na_total": 0,
        "unique_count": 19,
        "sum": 100.0,
        "mean": 5.263158,
        "std": 10.635026,
        "unique_values_head": [
          0.044119,
          0.060391,
          0.092624,
          0.62382,
          0.659182,
          1.274929,
          1.299229,
          1.834692,
          2.0385,
          2.202149,
          2.205081,
          2.554063,
          2.710448,
          3.86112,
          3.88654,
          4.092482,
          5.975866,
          18.897223,
          45.687543
        ]
      },
      "i": {
        "type": "scalar",
        "value": null
      },
      "lambda_grid": {
        "type": "ndarray",
        "shape": [
          20
        ],
        "dtype": "float64",
        "mean": 0.101,
        "std": 0.062275,
        "sum": 2.02,
        "min": 0.001,
        "max": 0.201
      },
      "lasso": {
        "type": "LassoCV",
        "model": {
          "coef_": [
            0.001421,
            0.0,
            0.0,
            0.0,
            0.0,
            0.0,
            0.0,
            0.000199,
            0.0,
            0.0,
            0.0,
            0.0,
            0.0,
            0.0,
            -0.0,
            0.000395,
            -0.0,
            -0.0,
            0.0
          ],
          "intercept_": 4.715545,
          "alpha_": 7.584313
        }
      },
      "lasso_mse": {
        "type": "scalar",
        "value": 0.509108
      },
      "train_mse": {
        "type": "ndarray",
        "shape": [
          20
        ],
        "dtype": "float64",
        "mean": 0.010544,
        "std": 0.044676,
        "sum": 0.210874,
        "min": 0.0,
        "max": 0.20015
      },
      "x": {
        "type": "DataFrame",
        "shape": [
          263,
          19
        ],
        "columns": [
          "AtBat",
          "Hits",
          "HmRun",
          "Runs",
          "RBI",
          "Walks",
          "Years",
          "CAtBat",
          "CHits",
          "CHmRun",
          "CRuns",
          "CRBI",
          "CWalks",
          "League",
          "Division",
          "PutOuts",
          "Assists",
          "Errors",
          "NewLeague"
        ],
        "na_total": 0,
        "numeric_means": {
          "AtBat": 403.642586,
          "Hits": 107.828897,
          "HmRun": 11.619772,
          "Runs": 54.745247,
          "RBI": 51.486692,
          "Walks": 41.114068,
          "Years": 7.311787,
          "CAtBat": 2657.543726,
          "CHits": 722.186312,
          "CHmRun": 69.239544,
          "CRuns": 361.220532,
          "CRBI": 330.418251,
          "CWalks": 260.26616,
          "League": 0.471483,
          "Division": 0.509506,
          "PutOuts": 290.711027,
          "Assists": 118.760456,
          "Errors": 8.593156,
          "NewLeague": 0.463878
        },
        "numeric_sds": {
          "AtBat": 147.307209,
          "Hits": 45.125326,
          "HmRun": 8.757108,
          "Runs": 25.539816,
          "RBI": 25.882714,
          "Walks": 21.718056,
          "Years": 4.793616,
          "CAtBat": 2286.582929,
          "CHits": 648.199644,
          "CHmRun": 82.197581,
          "CRuns": 331.198571,
          "CRBI": 323.367668,
          "CWalks": 264.055868,
          "League": 0.500138,
          "Division": 0.500863,
          "PutOuts": 279.934575,
          "Assists": 145.080577,
          "Errors": 6.606574,
          "NewLeague": 0.499644
        }
      },