{
  "meta": {
    "language": "python",
    "path": "task_equivalents/python/data_manipulation_preprocessing/02_merge_aggregate_reshape.py",
    "generated_at_utc": "2026-04-07T09:03:16.417583+00:00"
  },
  "entry": {
    "language": "python",
    "path": "task_equivalents/python/data_manipulation_preprocessing/02_merge_aggregate_reshape.py",
    "script_sha256": "5341546a4d89aadc7f8a8237f7438509861130a5791e833d573c1b4b7e30520e",
    "exit_code": 0,
    "stderr": "",
    "stderr_sha256": "e3b0c44298fc1c149afbf4c8996fb92427ae41e4649b934ca495991b7852b855",
    "status": "ok",
    "stdout": "",
    "stdout_sha256": "e3b0c44298fc1c149afbf4c8996fb92427ae41e4649b934ca495991b7852b855",
    "var_summary": {
      "College": {
        "type": "DataFrame",
        "shape": [
          777,
          18
        ],
        "columns": [
          "Apps",
          "Accept",
          "Enroll",
          "Top10perc",
          "Top25perc",
          "F.Undergrad",
          "P.Undergrad",
          "Outstate",
          "Room.Board",
          "Books",
          "Personal",
          "PhD",
          "Terminal",
          "S.F.Ratio",
          "perc.alumni",
          "Expend",
          "Grad.Rate",
          "Private01"
        ],
        "na_total": 0,
        "numeric_means": {
          "Apps": 3001.638353,
          "Accept": 2018.804376,
          "Enroll": 779.972973,
          "Top10perc": 27.558559,
          "Top25perc": 55.796654,
          "F.Undergrad": 3699.907336,
          "P.Undergrad": 855.298584,
          "Outstate": 10440.669241,
          "Room.Board": 4357.526384,
          "Books": 549.380952,
          "Personal": 1340.642214,
          "PhD": 72.660232,
          "Terminal": 79.702703,
          "S.F.Ratio": 14.089704,
          "perc.alumni": 22.743887,
          "Expend": 9660.171171,
          "Grad.Rate": 65.46332,
          "Private01": 0.727156
        },
        "numeric_sds": {
          "Apps": 3870.201484,
          "Accept": 2451.113971,
          "Enroll": 929.17619,
          "Top10perc": 17.640364,
          "Top25perc": 19.804778,
          "F.Undergrad": 4850.420531,
          "P.Undergrad": 1522.431887,
          "Outstate": 4023.016484,
          "Room.Board": 1096.696416,
          "Books": 165.10536,
          "Personal": 677.071454,
          "PhD": 16.328155,
          "Terminal": 14.722359,
          "S.F.Ratio": 3.958349,
          "perc.alumni": 12.391801,
          "Expend": 5221.76844,
          "Grad.Rate": 17.17771,
          "Private01": 0.445708
        }
      },
      "X": {
        "type": "DataFrame",
        "shape": [
          777,
          17
        ],
        "columns": [
          "Accept",
          "Enroll",
          "Top10perc",
          "Top25perc",
          "F.Undergrad",
          "P.Undergrad",
          "Outstate",
          "Room.Board",
          "Books",
          "Personal",
          "PhD",
          "Terminal",
          "S.F.Ratio",
          "perc.alumni",
          "Expend",
          "Grad.Rate",
          "Private01"
        ],
        "na_total": 0,
        "numeric_means": {
          "Accept": 2018.804376,
          "Enroll": 779.972973,
          "Top10perc": 27.558559,
          "Top25perc": 55.796654,
          "F.Undergrad": 3699.907336,
          "P.Undergrad": 855.298584,
          "Outstate": 10440.669241,
          "Room.Board": 4357.526384,
          "Books": 549.380952,
          "Personal": 1340.642214,
          "PhD": 72.660232,
          "Terminal": 79.702703,
          "S.F.Ratio": 14.089704,
          "perc.alumni": 22.743887,
          "Expend": 9660.171171,
          "Grad.Rate": 65.46332,
          "Private01": 0.727156
        },
        "numeric_sds": {
          "Accept": 2451.113971,
          "Enroll": 929.17619,
          "Top10perc": 17.640364,
          "Top25perc": 19.804778,
          "F.Undergrad": 4850.420531,
          "P.Undergrad": 1522.431887,
          "Outstate": 4023.016484,
          "Room.Board": 1096.696416,
          "Books": 165.10536,
          "Personal": 677.071454,
          "PhD": 16.328155,
          "Terminal": 14.722359,
          "S.F.Ratio": 3.958349,
          "perc.alumni": 12.391801,
          "Expend": 5221.76844,
          "Grad.Rate": 17.17771,
          "Private01": 0.445708
        }
      },
      "Y": {
        "type": "Series",
        "name": "Apps",
        "length": 777,
        "dtype": "int64",
        "na_total": 0,
        "unique_count": 711,
        "sum": 2332273,
        "mean": 3001.638353,
        "std": 3870.201484,
        "unique_values_head": [
          81,
          100,
          141,
          150,
          152,
          167,
          174,
          191,
          193,
          202,
          212,
          213,
          222,
          232,
          233,
          235,
          244,
          245,
          247,
          257
        ]
      },
      "school_name": {
        "type": "Series",
        "name": "rownames",
        "length": 777,
        "dtype": "object",
        "na_total": 0,
        "unique_count": 777
      },
      "xtest": {
        "type": "DataFrame",
        "shape": [
          389,
          17
        ],
        "columns": [
          "Accept",
          "Enroll",
          "Top10perc",
          "Top25perc",
          "F.Undergrad",
          "P.Undergrad",
          "Outstate",
          "Room.Board",
          "Books",
          "Personal",
          "PhD",
          "Terminal",
          "S.F.Ratio",
          "perc.alumni",
          "Expend",
          "Grad.Rate",
          "Private01"
        ],
        "na_total": 0,
        "numeric_means": {
          "Accept": 2001.92545,
          "Enroll": 782.066838,
          "Top10perc": 26.491003,
          "Top25perc": 54.627249,
          "F.Undergrad": 3743.437018,
          "P.Undergrad": 930.822622,
          "Outstate": 10239.493573,
          "Room.Board": 4319.799486,
          "Books": 542.079692,
          "Personal": 1369.375321,
          "PhD": 71.305913,
          "Terminal": 78.532134,
          "S.F.Ratio": 14.257069,
          "perc.alumni": 22.084833,
          "Expend": 9241.439589,
          "Grad.Rate": 64.791774,
          "Private01": 0.722365
        },
        "numeric_sds": {
          "Accept": 2652.065066,
          "Enroll": 966.851203,
          "Top10perc": 16.691347,
          "Top25perc": 19.320209,
          "F.Undergrad": 5023.998436,
          "P.Undergrad": 1798.843696,
          "Outstate": 3890.801805,
          "Room.Board": 1069.446945,
          "Books": 150.885808,
          "Personal": 684.359222,
          "PhD": 16.616396,
          "Terminal": 15.403578,
          "S.F.Ratio": 3.821896,
          "perc.alumni": 12.56839,
          "Expend": 4403.359582,
          "Grad.Rate": 17.020313,
          "Private01": 0.448409
        }
      },
      "xtrain": {
        "type": "DataFrame",
        "shape": [
          388,
          17
        ],
        "columns": [
          "Accept",
          "Enroll",
          "Top10perc",
          "Top25perc",
          "F.Undergrad",
          "P.Undergrad",
          "Outstate",
          "Room.Board",
          "Books",
          "Personal",
          "PhD",
          "Terminal",
          "S.F.Ratio",
          "perc.alumni",
          "Expend",
          "Grad.Rate",
          "Private01"
        ],
        "na_total": 0,
        "numeric_means": {
          "Accept": 2035.726804,
          "Enroll": 777.873711,
          "Top10perc": 28.628866,
          "Top25perc": 56.969072,
          "F.Undergrad": 3656.265464,
          "P.Undergrad": 779.579897,
          "Outstate": 10642.363402,
          "Room.Board": 4395.350515,
          "Books": 556.701031,
          "Personal": 1311.835052,
          "PhD": 74.018041,
          "Terminal": 80.876289,
          "S.F.Ratio": 13.921907,
          "perc.alumni": 23.404639,
          "Expend": 10079.981959,
          "Grad.Rate": 66.136598,