script_id,model,prompt_type,language,category,snippet,script_path,run_id,status,elapsed_seconds,energy_joules,avg_power_watts,error_message,energy_joules_raw,avg_power_watts_raw
script_44,gpt,base,r,data_visualization,02_distribution_boxplot,/home/romakrut/PycharmProjects/masters-thesis/task_equivalents/llm_translations/gpt/base/r/data_visualization/02_distribution_boxplot.R,1,ok,0.583807036,10.259194254,17.572919855,,10.450000000,17.899750013
script_44,gpt,base,r,data_visualization,02_distribution_boxplot,/home/romakrut/PycharmProjects/masters-thesis/task_equivalents/llm_translations/gpt/base/r/data_visualization/02_distribution_boxplot.R,2,ok,0.586014066,10.328472930,17.624957368,,10.520000000,17.951787526
script_44,gpt,base,r,data_visualization,02_distribution_boxplot,/home/romakrut/PycharmProjects/masters-thesis/task_equivalents/llm_translations/gpt/base/r/data_visualization/02_distribution_boxplot.R,3,ok,0.585657005,10.468589629,17.874949909,,10.660000000,18.201780067
script_44,gpt,base,r,data_visualization,02_distribution_boxplot,/home/romakrut/PycharmProjects/masters-thesis/task_equivalents/llm_translations/gpt/base/r/data_visualization/02_distribution_boxplot.R,4,ok,0.585166811,10.348749839,17.685127803,,10.540000000,18.011957961
script_44,gpt,base,r,data_visualization,02_distribution_boxplot,/home/romakrut/PycharmProjects/masters-thesis/task_equivalents/llm_translations/gpt/base/r/data_visualization/02_distribution_boxplot.R,5,ok,0.583491748,10.159297300,17.411209901,,10.350000000,17.738040059
script_44,gpt,base,r,data_visualization,02_distribution_boxplot,/home/romakrut/PycharmProjects/masters-thesis/task_equivalents/llm_translations/gpt/base/r/data_visualization/02_distribution_boxplot.R,6,ok,0.584488661,10.098971479,17.278301792,,10.290000000,17.605131950
script_44,gpt,base,r,data_visualization,02_distribution_boxplot,/home/romakrut/PycharmProjects/masters-thesis/task_equivalents/llm_translations/gpt/base/r/data_visualization/02_distribution_boxplot.R,7,ok,0.585810203,10.298539559,17.579993496,,10.490000000,17.906823654
script_44,gpt,base,r,data_visualization,02_distribution_boxplot,/home/romakrut/PycharmProjects/masters-thesis/task_equivalents/llm_translations/gpt/base/r/data_visualization/02_distribution_boxplot.R,8,ok,0.583643592,10.299247673,17.646467491,,10.490000000,17.973297649
script_44,gpt,base,r,data_visualization,02_distribution_boxplot,/home/romakrut/PycharmProjects/masters-thesis/task_equivalents/llm_translations/gpt/base/r/data_visualization/02_distribution_boxplot.R,9,ok,0.583568315,10.179272275,17.443154492,,10.370000000,17.769984650
script_44,gpt,base,r,data_visualization,02_distribution_boxplot,/home/romakrut/PycharmProjects/masters-thesis/task_equivalents/llm_translations/gpt/base/r/data_visualization/02_distribution_boxplot.R,10,ok,0.583845735,10.189181606,17.451838723,,10.380000000,17.778668881
script_44,gpt,base,r,data_visualization,02_distribution_boxplot,/home/romakrut/PycharmProjects/masters-thesis/task_equivalents/llm_translations/gpt/base/r/data_visualization/02_distribution_boxplot.R,11,ok,0.584851563,10.398852871,17.780328427,,10.590000000,18.107158585
script_44,gpt,base,r,data_visualization,02_distribution_boxplot,/home/romakrut/PycharmProjects/masters-thesis/task_equivalents/llm_translations/gpt/base/r/data_visualization/02_distribution_boxplot.R,12,ok,0.585366629,10.528684532,17.986478919,,10.720000000,18.313309077
script_44,gpt,base,r,data_visualization,02_distribution_boxplot,/home/romakrut/PycharmProjects/masters-thesis/task_equivalents/llm_translations/gpt/base/r/data_visualization/02_distribution_boxplot.R,13,ok,0.583129267,10.389415770,17.816659800,,10.580000000,18.143489958
script_44,gpt,base,r,data_visualization,02_distribution_boxplot,/home/romakrut/PycharmProjects/masters-thesis/task_equivalents/llm_translations/gpt/base/r/data_visualization/02_distribution_boxplot.R,14,ok,0.583265703,10.259371178,17.589532738,,10.450000000,17.916362896
script_44,gpt,base,r,data_visualization,02_distribution_boxplot,/home/romakrut/PycharmProjects/masters-thesis/task_equivalents/llm_translations/gpt/base/r/data_visualization/02_distribution_boxplot.R,15,ok,0.591247621,10.246762447,17.330746176,,10.440000000,17.657576334
script_44,gpt,base,r,data_visualization,02_distribution_boxplot,/home/romakrut/PycharmProjects/masters-thesis/task_equivalents/llm_translations/gpt/base/r/data_visualization/02_distribution_boxplot.R,16,ok,0.585540434,10.428627727,17.810260610,,10.620000000,18.137090768
script_44,gpt,base,r,data_visualization,02_distribution_boxplot,/home/romakrut/PycharmProjects/masters-thesis/task_equivalents/llm_translations/gpt/base/r/data_visualization/02_distribution_boxplot.R,17,ok,0.583589202,10.339265449,17.716683951,,10.530000000,18.043514109
script_44,gpt,base,r,data_visualization,02_distribution_boxplot,/home/romakrut/PycharmProjects/masters-thesis/task_equivalents/llm_translations/gpt/base/r/data_visualization/02_distribution_boxplot.R,18,ok,0.582925444,10.419482385,17.874468326,,10.610000000,18.201298484
script_44,gpt,base,r,data_visualization,02_distribution_boxplot,/home/romakrut/PycharmProjects/masters-thesis/task_equivalents/llm_translations/gpt/base/r/data_visualization/02_distribution_boxplot.R,19,ok,0.584603942,10.368933801,17.736681292,,10.560000000,18.063511450
script_44,gpt,base,r,data_visualization,02_distribution_boxplot,/home/romakrut/PycharmProjects/masters-thesis/task_equivalents/llm_translations/gpt/base/r/data_visualization/02_distribution_boxplot.R,20,ok,0.582727691,10.359547017,17.777681028,,10.550000000,18.104511186
script_44,gpt,base,r,data_visualization,02_distribution_boxplot,/home/romakrut/PycharmProjects/masters-thesis/task_equivalents/llm_translations/gpt/base/r/data_visualization/02_distribution_boxplot.R,21,ok,0.583557423,10.329275835,17.700530279,,10.520000000,18.027360437
script_44,gpt,base,r,data_visualization,02_distribution_boxplot,/home/romakrut/PycharmProjects/masters-thesis/task_equivalents/llm_translations/gpt/base/r/data_visualization/02_distribution_boxplot.R,22,ok,0.591553051,10.486662623,17.727340946,,10.680000000,18.054171104
script_44,gpt,base,r,data_visualization,02_distribution_boxplot,/home/romakrut/PycharmProjects/masters-thesis/task_equivalents/llm_translations/gpt/base/r/data_visualization/02_distribution_boxplot.R,23,ok,0.582363301,10.429666110,17.909209067,,10.620000000,18.236039225
script_44,gpt,base,r,data_visualization,02_distribution_boxplot,/home/romakrut/PycharmProjects/masters-thesis/task_equivalents/llm_translations/gpt/base/r/data_visualization/02_distribution_boxplot.R,24,ok,0.582470110,10.319631202,17.717014186,,10.510000000,18.043844344
script_44,gpt,base,r,data_visualization,02_distribution_boxplot,/home/romakrut/PycharmProjects/masters-thesis/task_equivalents/llm_translations/gpt/base/r/data_visualization/02_distribution_boxplot.R,25,ok,0.583242883,10.249378636,17.573088220,,10.440000000,17.899918378
script_44,gpt,base,r,data_visualization,02_distribution_boxplot,/home/romakrut/PycharmProjects/masters-thesis/task_equivalents/llm_translations/gpt/base/r/data_visualization/02_distribution_boxplot.R,26,ok,0.583061024,10.479438073,17.973141133,,10.670000000,18.299971291
script_44,gpt,base,r,data_visualization,02_distribution_boxplot,/home/romakrut/PycharmProjects/masters-thesis/task_equivalents/llm_translations/gpt/base/r/data_visualization/02_distribution_boxplot.R,27,ok,0.581358653,10.259994460,17.648304376,,10.450000000,17.975134534
script_44,gpt,base,r,data_visualization,02_distribution_boxplot,/home/romakrut/PycharmProjects/masters-thesis/task_equivalents/llm_translations/gpt/base/r/data_visualization/02_distribution_boxplot.R,28,ok,0.582050628,10.369768301,17.815921507,,10.560000000,18.142751665
script_44,gpt,base,r,data_visualization,02_distribution_boxplot,/home/romakrut/PycharmProjects/masters-thesis/task_equivalents/llm_translations/gpt/base/r/data_visualization/02_distribution_boxplot.R,29,ok,0.583361283,10.359339940,17.758017615,,10.550000000,18.084847773
script_44,gpt,base,r,data_visualization,02_distribution_boxplot,/home/romakrut/PycharmProjects/masters-thesis/task_equivalents/llm_translations/gpt/base/r/data_visualization/02_distribution_boxplot.R,30,ok,0.582689478,10.229559506,17.555764935,,10.420000000,17.882595093
script_13,gemini,base,r,machine_learning_workflows,01_pipeline_cv_gridsearch_classification,/home/romakrut/PycharmProjects/masters-thesis/task_equivalents/llm_translations/gemini/base/r/machine_learning_workflows/01_pipeline_cv_gridsearch_classification.R,1,ok,1.867870949,32.839523443,17.581259273,,33.450000000,17.908089431
script_13,gemini,base,r,machine_learning_workflows,01_pipeline_cv_gridsearch_classification,/home/romakrut/PycharmProjects/masters-thesis/task_equivalents/llm_translations/gemini/base/r/machine_learning_workflows/01_pipeline_cv_gridsearch_classification.R,2,ok,1.897781513,33.639747768,17.725827519,,34.260000000,18.052657677
script_13,gemini,base,r,machine_learning_workflows,01_pipeline_cv_gridsearch_classification,/home/romakrut/PycharmProjects/masters-thesis/task_equivalents/llm_translations/gemini/base/r/machine_learning_workflows/01_pipeline_cv_gridsearch_classification.R,3,ok,1.888336146,33.562834799,17.773760710,,34.180000000,18.100590868
script_13,gemini,base,r,machine_learning_workflows,01_pipeline_cv_gridsearch_classification,/home/romakrut/PycharmProjects/masters-thesis/task_equivalents/llm_translations/gemini/base/r/machine_learning_workflows/01_pipeline_cv_gridsearch_classification.R,4,ok,1.714036338,30.229801233,17.636616309,,30.790000000,17.963446467
script_13,gemini,base,r,machine_learning_workflows,01_pipeline_cv_gridsearch_classification,/home/romakrut/PycharmProjects/masters-thesis/task_equivalents/llm_translations/gemini/base/r/machine_learning_workflows/01_pipeline_cv_gridsearch_classification.R,5,ok,2.017114285,35.230746220,17.465914788,,35.890000000,17.792744946
script_13,gemini,base,r,machine_learning_workflows,01_pipeline_cv_gridsearch_classification,/home/romakrut/PycharmProjects/masters-thesis/task_equivalents/llm_translations/gemini/base/r/machine_learning_workflows/01_pipeline_cv_gridsearch_classification.R,6,ok,1.649579294,29.740867739,18.029365334,,30.280000000,18.356195492
script_13,gemini,base,r,machine_learning_workflows,01_pipeline_cv_gridsearch_classification,/home/romakrut/PycharmProjects/masters-thesis/task_equivalents/llm_translations/gemini/base/r/machine_learning_workflows/01_pipeline_cv_gridsearch_classification.R,7,ok,1.649344786,29.550944383,17.916778004,,30.090000000,18.243608162
script_13,gemini,base,r,machine_learning_workflows,01_pipeline_cv_gridsearch_classification,/home/romakrut/PycharmProjects/masters-thesis/task_equivalents/llm_translations/gemini/base/r/machine_learning_workflows/01_pipeline_cv_gridsearch_classification.R,8,ok,1.741725494,31.820751582,18.269670905,,32.390000000,18.596501063
script_13,gemini,base,r,machine_learning_workflows,01_pipeline_cv_gridsearch_classification,/home/romakrut/PycharmProjects/masters-thesis/task_equivalents/llm_translations/gemini/base/r/machine_learning_workflows/01_pipeline_cv_gridsearch_classification.R,9,ok,1.775088787,31.559847451,17.779306411,,32.140000000,18.106136569
script_13,gemini,base,r,machine_learning_workflows,01_pipeline_cv_gridsearch_classification,/home/romakrut/PycharmProjects/masters-thesis/task_equivalents/llm_translations/gemini/base/r/machine_learning_workflows/01_pipeline_cv_gridsearch_classification.R,10,ok,1.887986212,33.662949168,17.830082102,,34.280000000,18.156912260
script_13,gemini,base,r,machine_learning_workflows,01_pipeline_cv_gridsearch_classification,/home/romakrut/PycharmProjects/masters-thesis/task_equivalents/llm_translations/gemini/base/r/machine_learning_workflows/01_pipeline_cv_gridsearch_classification.R,11,ok,1.735660382,30.762733843,17.723936181,,31.330000000,18.050766339
script_13,gemini,base,r,machine_learning_workflows,01_pipeline_cv_gridsearch_classification,/home/romakrut/PycharmProjects/masters-thesis/task_equivalents/llm_translations/gemini/base/r/machine_learning_workflows/01_pipeline_cv_gridsearch_classification.R,12,ok,1.726803939,30.495628396,17.660156841,,31.060000000,17.986986999
script_13,gemini,base,r,machine_learning_workflows,01_pipeline_cv_gridsearch_classification,/home/romakrut/PycharmProjects/masters-thesis/task_equivalents/llm_translations/gemini/base/r/machine_learning_workflows/01_pipeline_cv_gridsearch_classification.R,13,ok,1.918245964,34.323059369,17.892939703,,34.950000000,18.219769861
script_13,gemini,base,r,machine_learning_workflows,01_pipeline_cv_gridsearch_classification,/home/romakrut/PycharmProjects/masters-thesis/task_equivalents/llm_translations/gemini/base/r/machine_learning_workflows/01_pipeline_cv_gridsearch_classification.R,14,ok,1.937037465,35.106917739,18.124026186,,35.740000000,18.450856344
script_13,gemini,base,r,machine_learning_workflows,01_pipeline_cv_gridsearch_classification,/home/romakrut/PycharmProjects/masters-thesis/task_equivalents/llm_translations/gemini/base/r/machine_learning_workflows/01_pipeline_cv_gridsearch_classification.R,15,ok,1.672638273,29.823331369,17.830114168,,30.370000000,18.156944326
script_13,gemini,base,r,machine_learning_workflows,01_pipeline_cv_gridsearch_classification,/home/romakrut/PycharmProjects/masters-thesis/task_equivalents/llm_translations/gemini/base/r/machine_learning_workflows/01_pipeline_cv_gridsearch_classification.R,16,ok,1.857470634,32.982922579,17.756901227,,33.590000000,18.083731385
script_13,gemini,base,r,machine_learning_workflows,01_pipeline_cv_gridsearch_classification,/home/romakrut/PycharmProjects/masters-thesis/task_equivalents/llm_translations/gemini/base/r/machine_learning_workflows/01_pipeline_cv_gridsearch_classification.R,17,ok,1.775510403,32.319709654,18.203052823,,32.900000000,18.529882981
script_13,gemini,base,r,machine_learning_workflows,01_pipeline_cv_gridsearch_classification,/home/romakrut/PycharmProjects/masters-thesis/task_equivalents/llm_translations/gemini/base/r/machine_learning_workflows/01_pipeline_cv_gridsearch_classification.R,18,ok,1.755920895,31.946112096,18.193366334,,32.520000000,18.520196492
script_13,gemini,base,r,machine_learning_workflows,01_pipeline_cv_gridsearch_classification,/home/romakrut/PycharmProjects/masters-thesis/task_equivalents/llm_translations/gemini/base/r/machine_learning_workflows/01_pipeline_cv_gridsearch_classification.R,19,ok,1.838056528,31.969267695,17.392973071,,32.570000000,17.719803229
script_13,gemini,base,r,machine_learning_workflows,01_pipeline_cv_gridsearch_classification,/home/romakrut/PycharmProjects/masters-thesis/task_equivalents/llm_translations/gemini/base/r/machine_learning_workflows/01_pipeline_cv_gridsearch_classification.R,20,ok,1.647706860,30.251479707,18.359746167,,30.790000000,18.686576325
script_13,gemini,base,r,machine_learning_workflows,01_pipeline_cv_gridsearch_classification,/home/romakrut/PycharmProjects/masters-thesis/task_equivalents/llm_translations/gemini/base/r/machine_learning_workflows/01_pipeline_cv_gridsearch_classification.R,21,ok,1.736877690,31.562335990,18.171881746,,32.130000000,18.498711904
script_13,gemini,base,r,machine_learning_workflows,01_pipeline_cv_gridsearch_classification,/home/romakrut/PycharmProjects/masters-thesis/task_equivalents/llm_translations/gemini/base/r/machine_learning_workflows/01_pipeline_cv_gridsearch_classification.R,22,ok,1.690452456,29.457509157,17.425813457,,30.010000000,17.752643615
script_13,gemini,base,r,machine_learning_workflows,01_pipeline_cv_gridsearch_classification,/home/romakrut/PycharmProjects/masters-thesis/task_equivalents/llm_translations/gemini/base/r/machine_learning_workflows/01_pipeline_cv_gridsearch_classification.R,23,ok,1.868194759,32.969417612,17.647741197,,33.580000000,17.974571355
script_13,gemini,base,r,machine_learning_workflows,01_pipeline_cv_gridsearch_classification,/home/romakrut/PycharmProjects/masters-thesis/task_equivalents/llm_translations/gemini/base/r/machine_learning_workflows/01_pipeline_cv_gridsearch_classification.R,24,ok,1.672493036,29.713378837,17.765920812,,30.260000000,18.092750970
script_13,gemini,base,r,machine_learning_workflows,01_pipeline_cv_gridsearch_classification,/home/romakrut/PycharmProjects/masters-thesis/task_equivalents/llm_translations/gemini/base/r/machine_learning_workflows/01_pipeline_cv_gridsearch_classification.R,25,ok,1.780158374,32.368190557,18.182758922,,32.950000000,18.509589080
script_13,gemini,base,r,machine_learning_workflows,01_pipeline_cv_gridsearch_classification,/home/romakrut/PycharmProjects/masters-thesis/task_equivalents/llm_translations/gemini/base/r/machine_learning_workflows/01_pipeline_cv_gridsearch_classification.R,26,ok,1.757774670,32.305506227,18.378639070,,32.880000000,18.705469228
script_13,gemini,base,r,machine_learning_workflows,01_pipeline_cv_gridsearch_classification,/home/romakrut/PycharmProjects/masters-thesis/task_equivalents/llm_translations/gemini/base/r/machine_learning_workflows/01_pipeline_cv_gridsearch_classification.R,27,ok,1.659088132,30.317759964,18.273748922,,30.860000000,18.600579080
script_13,gemini,base,r,machine_learning_workflows,01_pipeline_cv_gridsearch_classification,/home/romakrut/PycharmProjects/masters-thesis/task_equivalents/llm_translations/gemini/base/r/machine_learning_workflows/01_pipeline_cv_gridsearch_classification.R,28,ok,2.015546162,36.311258729,18.015592703,,36.970000000,18.342422861
script_13,gemini,base,r,machine_learning_workflows,01_pipeline_cv_gridsearch_classification,/home/romakrut/PycharmProjects/masters-thesis/task_equivalents/llm_translations/gemini/base/r/machine_learning_workflows/01_pipeline_cv_gridsearch_classification.R,29,ok,1.587979159,29.011000521,18.269131781,,29.530000000,18.595961939
script_13,gemini,base,r,machine_learning_workflows,01_pipeline_cv_gridsearch_classification,/home/romakrut/PycharmProjects/masters-thesis/task_equivalents/llm_translations/gemini/base/r/machine_learning_workflows/01_pipeline_cv_gridsearch_classification.R,30,ok,1.521442302,27.332746772,17.965023541,,27.830000000,18.291853699
script_103,starcoder,base,python,statistical_modelling_analysis,01_linear_regression_inference,/home/romakrut/PycharmProjects/masters-thesis/task_equivalents/llm_translations/starcoder/base/python/statistical_modelling_analysis/01_linear_regression_inference.py,1,ok,0.626564204,10.255219922,16.367388780,,10.460000000,16.694218938
script_103,starcoder,base,python,statistical_modelling_analysis,01_linear_regression_inference,/home/romakrut/PycharmProjects/masters-thesis/task_equivalents/llm_translations/starcoder/base/python/statistical_modelling_analysis/01_linear_regression_inference.py,2,ok,0.626820964,10.195136005,16.264829339,,10.400000000,16.591659497
script_103,starcoder,base,python,statistical_modelling_analysis,01_linear_regression_inference,/home/romakrut/PycharmProjects/masters-thesis/task_equivalents/llm_translations/starcoder/base/python/statistical_modelling_analysis/01_linear_regression_inference.py,3,ok,0.628255684,10.174667096,16.195105519,,10.380000000,16.521935677
script_103,starcoder,base,python,statistical_modelling_analysis,01_linear_regression_inference,/home/romakrut/PycharmProjects/masters-thesis/task_equivalents/llm_translations/starcoder/base/python/statistical_modelling_analysis/01_linear_regression_inference.py,4,ok,0.628177040,10.074692799,16.037983176,,10.280000000,16.364813334
script_103,starcoder,base,python,statistical_modelling_analysis,01_linear_regression_inference,/home/romakrut/PycharmProjects/masters-thesis/task_equivalents/llm_translations/starcoder/base/python/statistical_modelling_analysis/01_linear_regression_inference.py,5,ok,0.628413641,10.144615470,16.143213337,,10.350000000,16.470043495
script_103,starcoder,base,python,statistical_modelling_analysis,01_linear_regression_inference,/home/romakrut/PycharmProjects/masters-thesis/task_equivalents/llm_translations/starcoder/base/python/statistical_modelling_analysis/01_linear_regression_inference.py,6,ok,0.627968644,10.094760909,16.075262683,,10.300000000,16.402092841
script_103,starcoder,base,python,statistical_modelling_analysis,01_linear_regression_inference,/home/romakrut/PycharmProjects/masters-thesis/task_equivalents/llm_translations/starcoder/base/python/statistical_modelling_analysis/01_linear_regression_inference.py,7,ok,0.627784394,9.944821127,15.841141039,,10.150000000,16.167971197
script_103,starcoder,base,python,statistical_modelling_analysis,01_linear_regression_inference,/home/romakrut/PycharmProjects/masters-thesis/task_equivalents/llm_translations/starcoder/base/python/statistical_modelling_analysis/01_linear_regression_inference.py,8,ok,0.629422092,10.214285878,16.228038399,,10.420000000,16.554868557
script_103,starcoder,base,python,statistical_modelling_analysis,01_linear_regression_inference,/home/romakrut/PycharmProjects/masters-thesis/task_equivalents/llm_translations/starcoder/base/python/statistical_modelling_analysis/01_linear_regression_inference.py,9,ok,0.629994251,10.144098879,16.101891189,,10.350000000,16.428721347
script_103,starcoder,base,python,statistical_modelling_analysis,01_linear_regression_inference,/home/romakrut/PycharmProjects/masters-thesis/task_equivalents/llm_translations/starcoder/base/python/statistical_modelling_analysis/01_linear_regression_inference.py,10,ok,0.626406451,10.045271481,16.036347430,,10.250000000,16.363177588
script_103,starcoder,base,python,statistical_modelling_analysis,01_linear_regression_inference,/home/romakrut/PycharmProjects/masters-thesis/task_equivalents/llm_translations/starcoder/base/python/statistical_modelling_analysis/01_linear_regression_inference.py,11,ok,0.629754223,10.074177328,15.996998448,,10.280000000,16.323828606
script_103,starcoder,base,python,statistical_modelling_analysis,01_linear_regression_inference,/home/romakrut/PycharmProjects/masters-thesis/task_equivalents/llm_translations/starcoder/base/python/statistical_modelling_analysis/01_linear_regression_inference.py,12,ok,0.629920284,10.204123054,16.199070443,,10.410000000,16.525900601
script_103,starcoder,base,python,statistical_modelling_analysis,01_linear_regression_inference,/home/romakrut/PycharmProjects/masters-thesis/task_equivalents/llm_translations/starcoder/base/python/statistical_modelling_analysis/01_linear_regression_inference.py,13,ok,0.628543711,10.494572960,16.696647784,,10.700000000,17.023477942
script_103,starcoder,base,python,statistical_modelling_analysis,01_linear_regression_inference,/home/romakrut/PycharmProjects/masters-thesis/task_equivalents/llm_translations/starcoder/base/python/statistical_modelling_analysis/01_linear_regression_inference.py,14,ok,0.629439839,10.194280078,16.195797352,,10.400000000,16.522627510
script_103,starcoder,base,python,statistical_modelling_analysis,01_linear_regression_inference,/home/romakrut/PycharmProjects/masters-thesis/task_equivalents/llm_translations/starcoder/base/python/statistical_modelling_analysis/01_linear_regression_inference.py,15,ok,0.628115395,10.344712946,16.469446583,,10.550000000,16.796276741
script_103,starcoder,base,python,statistical_modelling_analysis,01_linear_regression_inference,/home/romakrut/PycharmProjects/masters-thesis/task_equivalents/llm_translations/starcoder/base/python/statistical_modelling_analysis/01_linear_regression_inference.py,16,ok,0.628485845,10.364591872,16.491368826,,10.570000000,16.818198984
script_103,starcoder,base,python,statistical_modelling_analysis,01_linear_regression_inference,/home/romakrut/PycharmProjects/masters-thesis/task_equivalents/llm_translations/starcoder/base/python/statistical_modelling_analysis/01_linear_regression_inference.py,17,ok,0.628899010,10.194456837,16.210006178,,10.400000000,16.536836336
script_103,starcoder,base,python,statistical_modelling_analysis,01_linear_regression_inference,/home/romakrut/PycharmProjects/masters-thesis/task_equivalents/llm_translations/starcoder/base/python/statistical_modelling_analysis/01_linear_regression_inference.py,18,ok,0.627607478,10.224878949,16.291837346,,10.430000000,16.618667504
script_103,starcoder,base,python,statistical_modelling_analysis,01_linear_regression_inference,/home/romakrut/PycharmProjects/masters-thesis/task_equivalents/llm_translations/starcoder/base/python/statistical_modelling_analysis/01_linear_regression_inference.py,19,ok,0.628989146,10.294427378,16.366621656,,10.500000000,16.693451814
script_103,starcoder,base,python,statistical_modelling_analysis,01_linear_regression_inference,/home/romakrut/PycharmProjects/masters-thesis/task_equivalents/llm_translations/starcoder/base/python/statistical_modelling_analysis/01_linear_regression_inference.py,20,ok,0.629120086,10.294384583,16.363147215,,10.500000000,16.689977373
script_103,starcoder,base,python,statistical_modelling_analysis,01_linear_regression_inference,/home/romakrut/PycharmProjects/masters-thesis/task_equivalents/llm_translations/starcoder/base/python/statistical_modelling_analysis/01_linear_regression_inference.py,21,ok,0.627210122,10.365008817,16.525576443,,10.570000000,16.852406601
script_103,starcoder,base,python,statistical_modelling_analysis,01_linear_regression_inference,/home/romakrut/PycharmProjects/masters-thesis/task_equivalents/llm_translations/starcoder/base/python/statistical_modelling_analysis/01_linear_regression_inference.py,22,ok,0.628440127,10.204606814,16.237993686,,10.410000000,16.564823844
script_103,starcoder,base,python,statistical_modelling_analysis,01_linear_regression_inference,/home/romakrut/PycharmProjects/masters-thesis/task_equivalents/llm_translations/starcoder/base/python/statistical_modelling_analysis/01_linear_regression_inference.py,23,ok,0.627469396,10.194924078,16.247683382,,10.400000000,16.574513540
script_103,starcoder,base,python,statistical_modelling_analysis,01_linear_regression_inference,/home/romakrut/PycharmProjects/masters-thesis/task_equivalents/llm_translations/starcoder/base/python/statistical_modelling_analysis/01_linear_regression_inference.py,24,ok,0.629518229,10.154254458,16.130199238,,10.360000000,16.457029396
script_103,starcoder,base,python,statistical_modelling_analysis,01_linear_regression_inference,/home/romakrut/PycharmProjects/masters-thesis/task_equivalents/llm_translations/starcoder/base/python/statistical_modelling_analysis/01_linear_regression_inference.py,25,ok,0.629065361,10.174402469,16.173839953,,10.380000000,16.500670111
script_103,starcoder,base,python,statistical_modelling_analysis,01_linear_regression_inference,/home/romakrut/PycharmProjects/masters-thesis/task_equivalents/llm_translations/starcoder/base/python/statistical_modelling_analysis/01_linear_regression_inference.py,26,ok,0.628260234,10.444665608,16.624744084,,10.650000000,16.951574242
script_103,starcoder,base,python,statistical_modelling_analysis,01_linear_regression_inference,/home/romakrut/PycharmProjects/masters-thesis/task_equivalents/llm_translations/starcoder/base/python/statistical_modelling_analysis/01_linear_regression_inference.py,27,ok,0.628971846,10.344433032,16.446575627,,10.550000000,16.773405785
script_103,starcoder,base,python,statistical_modelling_analysis,01_linear_regression_inference,/home/romakrut/PycharmProjects/masters-thesis/task_equivalents/llm_translations/starcoder/base/python/statistical_modelling_analysis/01_linear_regression_inference.py,28,ok,0.630637340,10.153888699,16.100995064,,10.360000000,16.427825222
script_103,starcoder,base,python,statistical_modelling_analysis,01_linear_regression_inference,/home/romakrut/PycharmProjects/masters-thesis/task_equivalents/llm_translations/starcoder/base/python/statistical_modelling_analysis/01_linear_regression_inference.py,29,ok,0.626484283,10.205246043,16.289708010,,10.410000000,16.616538168
script_103,starcoder,base,python,statistical_modelling_analysis,01_linear_regression_inference,/home/romakrut/PycharmProjects/masters-thesis/task_equivalents/llm_translations/starcoder/base/python/statistical_modelling_analysis/01_linear_regression_inference.py,30,ok,0.627863658,10.204795221,16.253202573,,10.410000000,16.580032731
script_125,starcoder,optimized,r,machine_learning_workflows,01_pipeline_cv_gridsearch_classification,/home/romakrut/PycharmProjects/masters-thesis/task_equivalents/llm_translations/starcoder/optimized/r/machine_learning_workflows/01_pipeline_cv_gridsearch_classification.R,1,ok,2.390615979,41.138674602,17.208399410,,41.920000000,17.535229568
script_125,starcoder,optimized,r,machine_learning_workflows,01_pipeline_cv_gridsearch_classification,/home/romakrut/PycharmProjects/masters-thesis/task_equivalents/llm_translations/starcoder/optimized/r/machine_learning_workflows/01_pipeline_cv_gridsearch_classification.R,2,ok,2.381613137,41.321617002,17.350264138,,42.100000000,17.677094296
script_125,starcoder,optimized,r,machine_learning_workflows,01_pipeline_cv_gridsearch_classification,/home/romakrut/PycharmProjects/masters-thesis/task_equivalents/llm_translations/starcoder/optimized/r/machine_learning_workflows/01_pipeline_cv_gridsearch_classification.R,3,ok,2.420281869,41.838978894,17.286820775,,42.630000000,17.613650933
script_125,starcoder,optimized,r,machine_learning_workflows,01_pipeline_cv_gridsearch_classification,/home/romakrut/PycharmProjects/masters-thesis/task_equivalents/llm_translations/starcoder/optimized/r/machine_learning_workflows/01_pipeline_cv_gridsearch_classification.R,4,ok,2.380460244,40.921993802,17.190790691,,41.700000000,17.517620849
script_125,starcoder,optimized,r,machine_learning_workflows,01_pipeline_cv_gridsearch_classification,/home/romakrut/PycharmProjects/masters-thesis/task_equivalents/llm_translations/starcoder/optimized/r/machine_learning_workflows/01_pipeline_cv_gridsearch_classification.R,5,ok,2.402066945,41.414932081,17.241372963,,42.200000000,17.568203121
script_125,starcoder,optimized,r,machine_learning_workflows,01_pipeline_cv_gridsearch_classification,/home/romakrut/PycharmProjects/masters-thesis/task_equivalents/llm_translations/starcoder/optimized/r/machine_learning_workflows/01_pipeline_cv_gridsearch_classification.R,6,ok,2.424223804,41.227690551,17.006552977,,42.020000000,17.333383135
script_125,starcoder,optimized,r,machine_learning_workflows,01_pipeline_cv_gridsearch_classification,/home/romakrut/PycharmProjects/masters-thesis/task_equivalents/llm_translations/starcoder/optimized/r/machine_learning_workflows/01_pipeline_cv_gridsearch_classification.R,7,ok,2.404541762,42.104123236,17.510248273,,42.890000000,17.837078431
script_125,starcoder,optimized,r,machine_learning_workflows,01_pipeline_cv_gridsearch_classification,/home/romakrut/PycharmProjects/masters-thesis/task_equivalents/llm_translations/starcoder/optimized/r/machine_learning_workflows/01_pipeline_cv_gridsearch_classification.R,8,ok,2.401023401,41.765273142,17.394779711,,42.550000000,17.721609869
script_125,starcoder,optimized,r,machine_learning_workflows,01_pipeline_cv_gridsearch_classification,/home/romakrut/PycharmProjects/masters-thesis/task_equivalents/llm_translations/starcoder/optimized/r/machine_learning_workflows/01_pipeline_cv_gridsearch_classification.R,9,ok,2.366939864,41.816412670,17.666867379,,42.590000000,17.993697537
script_125,starcoder,optimized,r,machine_learning_workflows,01_pipeline_cv_gridsearch_classification,/home/romakrut/PycharmProjects/masters-thesis/task_equivalents/llm_translations/starcoder/optimized/r/machine_learning_workflows/01_pipeline_cv_gridsearch_classification.R,10,ok,2.447787474,42.589989233,17.399381967,,43.390000000,17.726212125
script_125,starcoder,optimized,r,machine_learning_workflows,01_pipeline_cv_gridsearch_classification,/home/romakrut/PycharmProjects/masters-thesis/task_equivalents/llm_translations/starcoder/optimized/r/machine_learning_workflows/01_pipeline_cv_gridsearch_classification.R,11,ok,2.388747134,41.589285397,17.410501432,,42.370000000,17.737331590
script_125,starcoder,optimized,r,machine_learning_workflows,01_pipeline_cv_gridsearch_classification,/home/romakrut/PycharmProjects/masters-thesis/task_equivalents/llm_translations/starcoder/optimized/r/machine_learning_workflows/01_pipeline_cv_gridsearch_classification.R,12,ok,2.412039469,42.221672759,17.504553015,,43.010000000,17.831383173
script_125,starcoder,optimized,r,machine_learning_workflows,01_pipeline_cv_gridsearch_classification,/home/romakrut/PycharmProjects/masters-thesis/task_equivalents/llm_translations/starcoder/optimized/r/machine_learning_workflows/01_pipeline_cv_gridsearch_classification.R,13,ok,2.403530919,41.604453610,17.309722659,,42.390000000,17.636552817
script_125,starcoder,optimized,r,machine_learning_workflows,01_pipeline_cv_gridsearch_classification,/home/romakrut/PycharmProjects/masters-thesis/task_equivalents/llm_translations/starcoder/optimized/r/machine_learning_workflows/01_pipeline_cv_gridsearch_classification.R,14,ok,2.417717044,41.989817157,17.367548142,,42.780000000,17.694378300
script_125,starcoder,optimized,r,machine_learning_workflows,01_pipeline_cv_gridsearch_classification,/home/romakrut/PycharmProjects/masters-thesis/task_equivalents/llm_translations/starcoder/optimized/r/machine_learning_workflows/01_pipeline_cv_gridsearch_classification.R,15,ok,2.372043350,42.184744697,17.784137333,,42.960000000,18.110967491
script_125,starcoder,optimized,r,machine_learning_workflows,01_pipeline_cv_gridsearch_classification,/home/romakrut/PycharmProjects/masters-thesis/task_equivalents/llm_translations/starcoder/optimized/r/machine_learning_workflows/01_pipeline_cv_gridsearch_classification.R,16,ok,2.368812577,42.075800611,17.762401728,,42.850000000,18.089231886
script_125,starcoder,optimized,r,machine_learning_workflows,01_pipeline_cv_gridsearch_classification,/home/romakrut/PycharmProjects/masters-thesis/task_equivalents/llm_translations/starcoder/optimized/r/machine_learning_workflows/01_pipeline_cv_gridsearch_classification.R,17,ok,2.379295234,42.192374563,17.733139612,,42.970000000,18.059969770
script_125,starcoder,optimized,r,machine_learning_workflows,01_pipeline_cv_gridsearch_classification,/home/romakrut/PycharmProjects/masters-thesis/task_equivalents/llm_translations/starcoder/optimized/r/machine_learning_workflows/01_pipeline_cv_gridsearch_classification.R,18,ok,2.452969917,43.358295454,17.675836607,,44.160000000,18.002666765
script_125,starcoder,optimized,r,machine_learning_workflows,01_pipeline_cv_gridsearch_classification,/home/romakrut/PycharmProjects/masters-thesis/task_equivalents/llm_translations/starcoder/optimized/r/machine_learning_workflows/01_pipeline_cv_gridsearch_classification.R,19,ok,2.456396599,42.437175511,17.276190469,,43.240000000,17.603020627
script_125,starcoder,optimized,r,machine_learning_workflows,01_pipeline_cv_gridsearch_classification,/home/romakrut/PycharmProjects/masters-thesis/task_equivalents/llm_translations/starcoder/optimized/r/machine_learning_workflows/01_pipeline_cv_gridsearch_classification.R,20,ok,2.449743259,42.819350024,17.479117400,,43.620000000,17.805947558
script_125,starcoder,optimized,r,machine_learning_workflows,01_pipeline_cv_gridsearch_classification,/home/romakrut/PycharmProjects/masters-thesis/task_equivalents/llm_translations/starcoder/optimized/r/machine_learning_workflows/01_pipeline_cv_gridsearch_classification.R,21,ok,2.397785948,41.576331240,17.339467384,,42.360000000,17.666297542
script_125,starcoder,optimized,r,machine_learning_workflows,01_pipeline_cv_gridsearch_classification,/home/romakrut/PycharmProjects/masters-thesis/task_equivalents/llm_translations/starcoder/optimized/r/machine_learning_workflows/01_pipeline_cv_gridsearch_classification.R,22,ok,2.453958525,42.727972348,17.411855951,,43.530000000,17.738686109
script_125,starcoder,optimized,r,machine_learning_workflows,01_pipeline_cv_gridsearch_classification,/home/romakrut/PycharmProjects/masters-thesis/task_equivalents/llm_translations/starcoder/optimized/r/machine_learning_workflows/01_pipeline_cv_gridsearch_classification.R,23,ok,2.380523002,42.121973291,17.694419779,,42.900000000,18.021249937
script_125,starcoder,optimized,r,machine_learning_workflows,01_pipeline_cv_gridsearch_classification,/home/romakrut/PycharmProjects/masters-thesis/task_equivalents/llm_translations/starcoder/optimized/r/machine_learning_workflows/01_pipeline_cv_gridsearch_classification.R,24,ok,2.409350578,41.622551570,17.275423490,,42.410000000,17.602253648
script_125,starcoder,optimized,r,machine_learning_workflows,01_pipeline_cv_gridsearch_classification,/home/romakrut/PycharmProjects/masters-thesis/task_equivalents/llm_translations/starcoder/optimized/r/machine_learning_workflows/01_pipeline_cv_gridsearch_classification.R,25,ok,2.387362349,41.929737986,17.563206525,,42.710000000,17.890036683
script_125,starcoder,optimized,r,machine_learning_workflows,01_pipeline_cv_gridsearch_classification,/home/romakrut/PycharmProjects/masters-thesis/task_equivalents/llm_translations/starcoder/optimized/r/machine_learning_workflows/01_pipeline_cv_gridsearch_classification.R,26,ok,2.415182300,42.090645587,17.427523209,,42.880000000,17.754353367
script_125,starcoder,optimized,r,machine_learning_workflows,01_pipeline_cv_gridsearch_classification,/home/romakrut/PycharmProjects/masters-thesis/task_equivalents/llm_translations/starcoder/optimized/r/machine_learning_workflows/01_pipeline_cv_gridsearch_classification.R,27,ok,2.410952281,42.382028085,17.578957667,,43.170000000,17.905787825
script_125,starcoder,optimized,r,machine_learning_workflows,01_pipeline_cv_gridsearch_classification,/home/romakrut/PycharmProjects/masters-thesis/task_equivalents/llm_translations/starcoder/optimized/r/machine_learning_workflows/01_pipeline_cv_gridsearch_classification.R,28,ok,2.431108775,42.235440335,17.372912627,,43.030000000,17.699742785
script_125,starcoder,optimized,r,machine_learning_workflows,01_pipeline_cv_gridsearch_classification,/home/romakrut/PycharmProjects/masters-thesis/task_equivalents/llm_translations/starcoder/optimized/r/machine_learning_workflows/01_pipeline_cv_gridsearch_classification.R,29,ok,2.438060701,42.193168236,17.306036810,,42.990000000,17.632866968
script_125,starcoder,optimized,r,machine_learning_workflows,01_pipeline_cv_gridsearch_classification,/home/romakrut/PycharmProjects/masters-thesis/task_equivalents/llm_translations/starcoder/optimized/r/machine_learning_workflows/01_pipeline_cv_gridsearch_classification.R,30,ok,2.372789229,42.164500921,17.770015308,,42.940000000,18.096845466
script_72,llama,base,python,statistical_modelling_analysis,02_logistic_regression_odds_ratios,/home/romakrut/PycharmProjects/masters-thesis/task_equivalents/llm_translations/llama/base/python/statistical_modelling_analysis/02_logistic_regression_odds_ratios.py,1,ok,0.626656786,10.015189664,15.981937621,,10.220000000,16.308767779
script_72,llama,base,python,statistical_modelling_analysis,02_logistic_regression_odds_ratios,/home/romakrut/PycharmProjects/masters-thesis/task_equivalents/llm_translations/llama/base/python/statistical_modelling_analysis/02_logistic_regression_odds_ratios.py,2,ok,0.634482470,10.102631994,15.922633755,,10.310000000,16.249463913
script_72,llama,base,python,statistical_modelling_analysis,02_logistic_regression_odds_ratios,/home/romakrut/PycharmProjects/masters-thesis/task_equivalents/llm_translations/llama/base/python/statistical_modelling_analysis/02_logistic_regression_odds_ratios.py,3,ok,0.635652833,10.072249484,15.845519694,,10.280000000,16.172349852
script_72,llama,base,python,statistical_modelling_analysis,02_logistic_regression_odds_ratios,/home/romakrut/PycharmProjects/masters-thesis/task_equivalents/llm_translations/llama/base/python/statistical_modelling_analysis/02_logistic_regression_odds_ratios.py,4,ok,0.631984617,10.073448368,15.939388550,,10.280000000,16.266218708
script_72,llama,base,python,statistical_modelling_analysis,02_logistic_regression_odds_ratios,/home/romakrut/PycharmProjects/masters-thesis/task_equivalents/llm_translations/llama/base/python/statistical_modelling_analysis/02_logistic_regression_odds_ratios.py,5,ok,0.630417788,10.243960455,16.249478758,,10.450000000,16.576308916
script_72,llama,base,python,statistical_modelling_analysis,02_logistic_regression_odds_ratios,/home/romakrut/PycharmProjects/masters-thesis/task_equivalents/llm_translations/llama/base/python/statistical_modelling_analysis/02_logistic_regression_odds_ratios.py,6,ok,0.631460678,10.103619607,16.000393942,,10.310000000,16.327224100
script_72,llama,base,python,statistical_modelling_analysis,02_logistic_regression_odds_ratios,/home/romakrut/PycharmProjects/masters-thesis/task_equivalents/llm_translations/llama/base/python/statistical_modelling_analysis/02_logistic_regression_odds_ratios.py,7,ok,0.634557195,10.132607572,15.967997293,,10.340000000,16.294827451
script_72,llama,base,python,statistical_modelling_analysis,02_logistic_regression_odds_ratios,/home/romakrut/PycharmProjects/masters-thesis/task_equivalents/llm_translations/llama/base/python/statistical_modelling_analysis/02_logistic_regression_odds_ratios.py,8,ok,0.629853257,10.304144960,16.359596217,,10.510000000,16.686426375
script_72,llama,base,python,statistical_modelling_analysis,02_logistic_regression_odds_ratios,/home/romakrut/PycharmProjects/masters-thesis/task_equivalents/llm_translations/llama/base/python/statistical_modelling_analysis/02_logistic_regression_odds_ratios.py,9,ok,0.635202577,10.432396641,16.423731608,,10.640000000,16.750561766
script_72,llama,base,python,statistical_modelling_analysis,02_logistic_regression_odds_ratios,/home/romakrut/PycharmProjects/masters-thesis/task_equivalents/llm_translations/llama/base/python/statistical_modelling_analysis/02_logistic_regression_odds_ratios.py,10,ok,0.634330638,10.302681617,16.241816176,,10.510000000,16.568646334
script_72,llama,base,python,statistical_modelling_analysis,02_logistic_regression_odds_ratios,/home/romakrut/PycharmProjects/masters-thesis/task_equivalents/llm_translations/llama/base/python/statistical_modelling_analysis/02_logistic_regression_odds_ratios.py,11,ok,0.631650876,10.343557444,16.375434338,,10.550000000,16.702264496
script_72,llama,base,python,statistical_modelling_analysis,02_logistic_regression_odds_ratios,/home/romakrut/PycharmProjects/masters-thesis/task_equivalents/llm_translations/llama/base/python/statistical_modelling_analysis/02_logistic_regression_odds_ratios.py,12,ok,0.630801100,10.113835177,16.033318865,,10.320000000,16.360149023
script_72,llama,base,python,statistical_modelling_analysis,02_logistic_regression_odds_ratios,/home/romakrut/PycharmProjects/masters-thesis/task_equivalents/llm_translations/llama/base/python/statistical_modelling_analysis/02_logistic_regression_odds_ratios.py,13,ok,0.635736524,10.222222131,16.079337501,,10.430000000,16.406167659
script_72,llama,base,python,statistical_modelling_analysis,02_logistic_regression_odds_ratios,/home/romakrut/PycharmProjects/masters-thesis/task_equivalents/llm_translations/llama/base/python/statistical_modelling_analysis/02_logistic_regression_odds_ratios.py,14,ok,0.636318353,10.442031972,16.410075119,,10.650000000,16.736905277
script_72,llama,base,python,statistical_modelling_analysis,02_logistic_regression_odds_ratios,/home/romakrut/PycharmProjects/masters-thesis/task_equivalents/llm_translations/llama/base/python/statistical_modelling_analysis/02_logistic_regression_odds_ratios.py,15,ok,0.634871790,10.132504753,15.959922794,,10.340000000,16.286752952
script_72,llama,base,python,statistical_modelling_analysis,02_logistic_regression_odds_ratios,/home/romakrut/PycharmProjects/masters-thesis/task_equivalents/llm_translations/llama/base/python/statistical_modelling_analysis/02_logistic_regression_odds_ratios.py,16,ok,0.634970876,10.352472368,16.303853861,,10.560000000,16.630684019
script_72,llama,base,python,statistical_modelling_analysis,02_logistic_regression_odds_ratios,/home/romakrut/PycharmProjects/masters-thesis/task_equivalents/llm_translations/llama/base/python/statistical_modelling_analysis/02_logistic_regression_odds_ratios.py,17,ok,0.634838021,10.112515789,15.929285038,,10.320000000,16.256115196
script_72,llama,base,python,statistical_modelling_analysis,02_logistic_regression_odds_ratios,/home/romakrut/PycharmProjects/masters-thesis/task_equivalents/llm_translations/llama/base/python/statistical_modelling_analysis/02_logistic_regression_odds_ratios.py,18,ok,0.630224500,10.324023627,16.381501556,,10.530000000,16.708331714
script_72,llama,base,python,statistical_modelling_analysis,02_logistic_regression_odds_ratios,/home/romakrut/PycharmProjects/masters-thesis/task_equivalents/llm_translations/llama/base/python/statistical_modelling_analysis/02_logistic_regression_odds_ratios.py,19,ok,0.635113587,10.342425726,16.284371706,,10.550000000,16.611201864
script_72,llama,base,python,statistical_modelling_analysis,02_logistic_regression_odds_ratios,/home/romakrut/PycharmProjects/masters-thesis/task_equivalents/llm_translations/llama/base/python/statistical_modelling_analysis/02_logistic_regression_odds_ratios.py,20,ok,0.633655874,10.332902151,16.306804015,,10.540000000,16.633634173
script_72,llama,base,python,statistical_modelling_analysis,02_logistic_regression_odds_ratios,/home/romakrut/PycharmProjects/masters-thesis/task_equivalents/llm_translations/llama/base/python/statistical_modelling_analysis/02_logistic_regression_odds_ratios.py,21,ok,0.632183412,10.433383396,16.503728503,,10.640000000,16.830558661
script_72,llama,base,python,statistical_modelling_analysis,02_logistic_regression_odds_ratios,/home/romakrut/PycharmProjects/masters-thesis/task_equivalents/llm_translations/llama/base/python/statistical_modelling_analysis/02_logistic_regression_odds_ratios.py,22,ok,0.635546804,10.302284138,16.210110841,,10.510000000,16.536940999
script_72,llama,base,python,statistical_modelling_analysis,02_logistic_regression_odds_ratios,/home/romakrut/PycharmProjects/masters-thesis/task_equivalents/llm_translations/llama/base/python/statistical_modelling_analysis/02_logistic_regression_odds_ratios.py,23,ok,0.630392128,10.203968841,16.186700925,,10.410000000,16.513531083
script_72,llama,base,python,statistical_modelling_analysis,02_logistic_regression_odds_ratios,/home/romakrut/PycharmProjects/masters-thesis/task_equivalents/llm_translations/llama/base/python/statistical_modelling_analysis/02_logistic_regression_odds_ratios.py,24,ok,0.630523528,10.263925896,16.278418552,,10.470000000,16.605248710
script_72,llama,base,python,statistical_modelling_analysis,02_logistic_regression_odds_ratios,/home/romakrut/PycharmProjects/masters-thesis/task_equivalents/llm_translations/llama/base/python/statistical_modelling_analysis/02_logistic_regression_odds_ratios.py,25,ok,0.631422832,10.453631976,16.555676238,,10.660000000,16.882506396
script_72,llama,base,python,statistical_modelling_analysis,02_logistic_regression_odds_ratios,/home/romakrut/PycharmProjects/masters-thesis/task_equivalents/llm_translations/llama/base/python/statistical_modelling_analysis/02_logistic_regression_odds_ratios.py,26,ok,0.634059237,10.532770319,16.611650308,,10.740000000,16.938480466
script_72,llama,base,python,statistical_modelling_analysis,02_logistic_regression_odds_ratios,/home/romakrut/PycharmProjects/masters-thesis/task_equivalents/llm_translations/llama/base/python/statistical_modelling_analysis/02_logistic_regression_odds_ratios.py,27,ok,0.629351828,10.444308843,16.595342030,,10.650000000,16.922172188
script_72,llama,base,python,statistical_modelling_analysis,02_logistic_regression_odds_ratios,/home/romakrut/PycharmProjects/masters-thesis/task_equivalents/llm_translations/llama/base/python/statistical_modelling_analysis/02_logistic_regression_odds_ratios.py,28,ok,0.630348634,10.283983056,16.314754251,,10.490000000,16.641584409
script_72,llama,base,python,statistical_modelling_analysis,02_logistic_regression_odds_ratios,/home/romakrut/PycharmProjects/masters-thesis/task_equivalents/llm_translations/llama/base/python/statistical_modelling_analysis/02_logistic_regression_odds_ratios.py,29,ok,0.635170796,10.562407028,16.629239088,,10.770000000,16.956069246
script_72,llama,base,python,statistical_modelling_analysis,02_logistic_regression_odds_ratios,/home/romakrut/PycharmProjects/masters-thesis/task_equivalents/llm_translations/llama/base/python/statistical_modelling_analysis/02_logistic_regression_odds_ratios.py,30,ok,0.629271846,10.404334983,16.533927347,,10.610000000,16.860757505
script_52,gpt,optimized,python,data_visualization,02_distribution_boxplot,/home/romakrut/PycharmProjects/masters-thesis/task_equivalents/llm_translations/gpt/optimized/python/data_visualization/02_distribution_boxplot.py,1,ok,0.458547400,7.560132881,16.487134985,,7.710000000,16.813965143
script_52,gpt,optimized,python,data_visualization,02_distribution_boxplot,/home/romakrut/PycharmProjects/masters-thesis/task_equivalents/llm_translations/gpt/optimized/python/data_visualization/02_distribution_boxplot.py,2,ok,0.461869261,7.549047196,16.344554258,,7.700000000,16.671384416
script_52,gpt,optimized,python,data_visualization,02_distribution_boxplot,/home/romakrut/PycharmProjects/masters-thesis/task_equivalents/llm_translations/gpt/optimized/python/data_visualization/02_distribution_boxplot.py,3,ok,0.456647042,7.420753975,16.250524568,,7.570000000,16.577354726
script_52,gpt,optimized,python,data_visualization,02_distribution_boxplot,/home/romakrut/PycharmProjects/masters-thesis/task_equivalents/llm_translations/gpt/optimized/python/data_visualization/02_distribution_boxplot.py,4,ok,0.461724787,7.489094415,16.219823206,,7.640000000,16.546653364
script_52,gpt,optimized,python,data_visualization,02_distribution_boxplot,/home/romakrut/PycharmProjects/masters-thesis/task_equivalents/llm_translations/gpt/optimized/python/data_visualization/02_distribution_boxplot.py,5,ok,0.459821890,7.429716339,16.157813494,,7.580000000,16.484643652
script_52,gpt,optimized,python,data_visualization,02_distribution_boxplot,/home/romakrut/PycharmProjects/masters-thesis/task_equivalents/llm_translations/gpt/optimized/python/data_visualization/02_distribution_boxplot.py,6,ok,0.458827032,7.380041489,16.084583021,,7.530000000,16.411413179
script_52,gpt,optimized,python,data_visualization,02_distribution_boxplot,/home/romakrut/PycharmProjects/masters-thesis/task_equivalents/llm_translations/gpt/optimized/python/data_visualization/02_distribution_boxplot.py,7,ok,0.458567849,7.470126197,16.290121982,,7.620000000,16.616952140
script_52,gpt,optimized,python,data_visualization,02_distribution_boxplot,/home/romakrut/PycharmProjects/masters-thesis/task_equivalents/llm_translations/gpt/optimized/python/data_visualization/02_distribution_boxplot.py,8,ok,0.459096651,7.379953369,16.074944901,,7.530000000,16.401775059
script_52,gpt,optimized,python,data_visualization,02_distribution_boxplot,/home/romakrut/PycharmProjects/masters-thesis/task_equivalents/llm_translations/gpt/optimized/python/data_visualization/02_distribution_boxplot.py,9,ok,0.461917252,7.569031512,16.386119979,,7.720000000,16.712950137
script_52,gpt,optimized,python,data_visualization,02_distribution_boxplot,/home/romakrut/PycharmProjects/masters-thesis/task_equivalents/llm_translations/gpt/optimized/python/data_visualization/02_distribution_boxplot.py,10,ok,0.458917992,7.490011760,16.321024433,,7.640000000,16.647854591
script_52,gpt,optimized,python,data_visualization,02_distribution_boxplot,/home/romakrut/PycharmProjects/masters-thesis/task_equivalents/llm_translations/gpt/optimized/python/data_visualization/02_distribution_boxplot.py,11,ok,0.461330443,7.529223298,16.320672985,,7.680000000,16.647503143
script_52,gpt,optimized,python,data_visualization,02_distribution_boxplot,/home/romakrut/PycharmProjects/masters-thesis/task_equivalents/llm_translations/gpt/optimized/python/data_visualization/02_distribution_boxplot.py,12,ok,0.458728446,7.520073710,16.393301473,,7.670000000,16.720131631
script_52,gpt,optimized,python,data_visualization,02_distribution_boxplot,/home/romakrut/PycharmProjects/masters-thesis/task_equivalents/llm_translations/gpt/optimized/python/data_visualization/02_distribution_boxplot.py,13,ok,0.458222417,7.450239095,16.259001783,,7.600000000,16.585831941
script_52,gpt,optimized,python,data_visualization,02_distribution_boxplot,/home/romakrut/PycharmProjects/masters-thesis/task_equivalents/llm_translations/gpt/optimized/python/data_visualization/02_distribution_boxplot.py,14,ok,0.463046252,7.688662520,16.604523818,,7.840000000,16.931353976
script_52,gpt,optimized,python,data_visualization,02_distribution_boxplot,/home/romakrut/PycharmProjects/masters-thesis/task_equivalents/llm_translations/gpt/optimized/python/data_visualization/02_distribution_boxplot.py,15,ok,0.459747060,7.499740796,16.312754226,,7.650000000,16.639584384
script_52,gpt,optimized,python,data_visualization,02_distribution_boxplot,/home/romakrut/PycharmProjects/masters-thesis/task_equivalents/llm_translations/gpt/optimized/python/data_visualization/02_distribution_boxplot.py,16,ok,0.459777968,7.419730694,16.137638622,,7.570000000,16.464468780
script_52,gpt,optimized,python,data_visualization,02_distribution_boxplot,/home/romakrut/PycharmProjects/masters-thesis/task_equivalents/llm_translations/gpt/optimized/python/data_visualization/02_distribution_boxplot.py,17,ok,0.460365845,7.599538558,16.507607245,,7.750000000,16.834437403
script_52,gpt,optimized,python,data_visualization,02_distribution_boxplot,/home/romakrut/PycharmProjects/masters-thesis/task_equivalents/llm_translations/gpt/optimized/python/data_visualization/02_distribution_boxplot.py,18,ok,0.457543262,7.610461063,16.633314695,,7.760000000,16.960144853
script_52,gpt,optimized,python,data_visualization,02_distribution_boxplot,/home/romakrut/PycharmProjects/masters-thesis/task_equivalents/llm_translations/gpt/optimized/python/data_visualization/02_distribution_boxplot.py,19,ok,0.461421290,7.489193607,16.230706665,,7.640000000,16.557536823
script_52,gpt,optimized,python,data_visualization,02_distribution_boxplot,/home/romakrut/PycharmProjects/masters-thesis/task_equivalents/llm_translations/gpt/optimized/python/data_visualization/02_distribution_boxplot.py,20,ok,0.461214393,7.549261227,16.368225584,,7.700000000,16.695055742
script_52,gpt,optimized,python,data_visualization,02_distribution_boxplot,/home/romakrut/PycharmProjects/masters-thesis/task_equivalents/llm_translations/gpt/optimized/python/data_visualization/02_distribution_boxplot.py,21,ok,0.461226468,7.569257281,16.411151150,,7.720000000,16.737981308
script_52,gpt,optimized,python,data_visualization,02_distribution_boxplot,/home/romakrut/PycharmProjects/masters-thesis/task_equivalents/llm_translations/gpt/optimized/python/data_visualization/02_distribution_boxplot.py,22,ok,0.460213342,7.549588401,16.404540485,,7.700000000,16.731370643
script_52,gpt,optimized,python,data_visualization,02_distribution_boxplot,/home/romakrut/PycharmProjects/masters-thesis/task_equivalents/llm_translations/gpt/optimized/python/data_visualization/02_distribution_boxplot.py,23,ok,0.458182993,7.460251980,16.282254239,,7.610000000,16.609084397
script_52,gpt,optimized,python,data_visualization,02_distribution_boxplot,/home/romakrut/PycharmProjects/masters-thesis/task_equivalents/llm_translations/gpt/optimized/python/data_visualization/02_distribution_boxplot.py,24,ok,0.459038204,7.549972471,16.447372801,,7.700000000,16.774202959
script_52,gpt,optimized,python,data_visualization,02_distribution_boxplot,/home/romakrut/PycharmProjects/masters-thesis/task_equivalents/llm_translations/gpt/optimized/python/data_visualization/02_distribution_boxplot.py,25,ok,0.459740393,7.709742975,16.769775056,,7.860000000,17.096605214
script_52,gpt,optimized,python,data_visualization,02_distribution_boxplot,/home/romakrut/PycharmProjects/masters-thesis/task_equivalents/llm_translations/gpt/optimized/python/data_visualization/02_distribution_boxplot.py,26,ok,0.462387508,7.498877818,16.217734450,,7.650000000,16.544564608
script_52,gpt,optimized,python,data_visualization,02_distribution_boxplot,/home/romakrut/PycharmProjects/masters-thesis/task_equivalents/llm_translations/gpt/optimized/python/data_visualization/02_distribution_boxplot.py,27,ok,0.460550152,7.599478321,16.500870292,,7.750000000,16.827700450
script_52,gpt,optimized,python,data_visualization,02_distribution_boxplot,/home/romakrut/PycharmProjects/masters-thesis/task_equivalents/llm_translations/gpt/optimized/python/data_visualization/02_distribution_boxplot.py,28,ok,0.456416836,7.450829213,16.324615189,,7.600000000,16.651445347
script_52,gpt,optimized,python,data_visualization,02_distribution_boxplot,/home/romakrut/PycharmProjects/masters-thesis/task_equivalents/llm_translations/gpt/optimized/python/data_visualization/02_distribution_boxplot.py,29,ok,0.460043811,7.389643809,16.062913209,,7.540000000,16.389743367
script_52,gpt,optimized,python,data_visualization,02_distribution_boxplot,/home/romakrut/PycharmProjects/masters-thesis/task_equivalents/llm_translations/gpt/optimized/python/data_visualization/02_distribution_boxplot.py,30,ok,0.459851125,7.599706784,16.526450347,,7.750000000,16.853280505
script_121,starcoder,optimized,r,data_manipulation_preprocessing,01_impute_encode_scale,/home/romakrut/PycharmProjects/masters-thesis/task_equivalents/llm_translations/starcoder/optimized/r/data_manipulation_preprocessing/01_impute_encode_scale.R,1,ok,1.230356834,20.847882282,16.944582015,,21.250000000,17.271412173
script_121,starcoder,optimized,r,data_manipulation_preprocessing,01_impute_encode_scale,/home/romakrut/PycharmProjects/masters-thesis/task_equivalents/llm_translations/starcoder/optimized/r/data_manipulation_preprocessing/01_impute_encode_scale.R,2,ok,1.231316419,20.907568660,16.979850457,,21.310000000,17.306680615
script_121,starcoder,optimized,r,data_manipulation_preprocessing,01_impute_encode_scale,/home/romakrut/PycharmProjects/masters-thesis/task_equivalents/llm_translations/starcoder/optimized/r/data_manipulation_preprocessing/01_impute_encode_scale.R,3,ok,1.237887959,20.705420883,16.726409472,,21.110000000,17.053239630
script_121,starcoder,optimized,r,data_manipulation_preprocessing,01_impute_encode_scale,/home/romakrut/PycharmProjects/masters-thesis/task_equivalents/llm_translations/starcoder/optimized/r/data_manipulation_preprocessing/01_impute_encode_scale.R,4,ok,1.229931488,20.848021297,16.950554971,,21.250000000,17.277385129
script_121,starcoder,optimized,r,data_manipulation_preprocessing,01_impute_encode_scale,/home/romakrut/PycharmProjects/masters-thesis/task_equivalents/llm_translations/starcoder/optimized/r/data_manipulation_preprocessing/01_impute_encode_scale.R,5,ok,1.238682594,21.085161172,17.022247083,,21.490000000,17.349077241
script_121,starcoder,optimized,r,data_manipulation_preprocessing,01_impute_encode_scale,/home/romakrut/PycharmProjects/masters-thesis/task_equivalents/llm_translations/starcoder/optimized/r/data_manipulation_preprocessing/01_impute_encode_scale.R,6,ok,1.231661542,20.807455864,16.893809829,,21.210000000,17.220639987
script_121,starcoder,optimized,r,data_manipulation_preprocessing,01_impute_encode_scale,/home/romakrut/PycharmProjects/masters-thesis/task_equivalents/llm_translations/starcoder/optimized/r/data_manipulation_preprocessing/01_impute_encode_scale.R,7,ok,1.240253291,20.974647821,16.911584088,,21.380000000,17.238414246
script_121,starcoder,optimized,r,data_manipulation_preprocessing,01_impute_encode_scale,/home/romakrut/PycharmProjects/masters-thesis/task_equivalents/llm_translations/starcoder/optimized/r/data_manipulation_preprocessing/01_impute_encode_scale.R,8,ok,1.229738562,21.008084351,17.083374467,,21.410000000,17.410204625
script_121,starcoder,optimized,r,data_manipulation_preprocessing,01_impute_encode_scale,/home/romakrut/PycharmProjects/masters-thesis/task_equivalents/llm_translations/starcoder/optimized/r/data_manipulation_preprocessing/01_impute_encode_scale.R,9,ok,1.230663053,21.207782200,17.232809702,,21.610000000,17.559639860
script_121,starcoder,optimized,r,data_manipulation_preprocessing,01_impute_encode_scale,/home/romakrut/PycharmProjects/masters-thesis/task_equivalents/llm_translations/starcoder/optimized/r/data_manipulation_preprocessing/01_impute_encode_scale.R,10,ok,1.234220115,21.176619645,17.157895409,,21.580000000,17.484725567
script_121,starcoder,optimized,r,data_manipulation_preprocessing,01_impute_encode_scale,/home/romakrut/PycharmProjects/masters-thesis/task_equivalents/llm_translations/starcoder/optimized/r/data_manipulation_preprocessing/01_impute_encode_scale.R,11,ok,1.234788616,21.286433842,17.238929454,,21.690000000,17.565759612
script_121,starcoder,optimized,r,data_manipulation_preprocessing,01_impute_encode_scale,/home/romakrut/PycharmProjects/masters-thesis/task_equivalents/llm_translations/starcoder/optimized/r/data_manipulation_preprocessing/01_impute_encode_scale.R,12,ok,1.235867151,21.086081344,17.061770213,,21.490000000,17.388600371
script_121,starcoder,optimized,r,data_manipulation_preprocessing,01_impute_encode_scale,/home/romakrut/PycharmProjects/masters-thesis/task_equivalents/llm_translations/starcoder/optimized/r/data_manipulation_preprocessing/01_impute_encode_scale.R,13,ok,1.230822236,21.297730174,17.303660554,,21.700000000,17.630490712
script_121,starcoder,optimized,r,data_manipulation_preprocessing,01_impute_encode_scale,/home/romakrut/PycharmProjects/masters-thesis/task_equivalents/llm_translations/starcoder/optimized/r/data_manipulation_preprocessing/01_impute_encode_scale.R,14,ok,1.236842291,21.095762639,17.056145955,,21.500000000,17.382976113
script_121,starcoder,optimized,r,data_manipulation_preprocessing,01_impute_encode_scale,/home/romakrut/PycharmProjects/masters-thesis/task_equivalents/llm_translations/starcoder/optimized/r/data_manipulation_preprocessing/01_impute_encode_scale.R,15,ok,1.232582356,21.427154914,17.383953948,,21.830000000,17.710784106
script_121,starcoder,optimized,r,data_manipulation_preprocessing,01_impute_encode_scale,/home/romakrut/PycharmProjects/masters-thesis/task_equivalents/llm_translations/starcoder/optimized/r/data_manipulation_preprocessing/01_impute_encode_scale.R,16,ok,1.227648160,21.338767558,17.381826694,,21.740000000,17.708656852
script_121,starcoder,optimized,r,data_manipulation_preprocessing,01_impute_encode_scale,/home/romakrut/PycharmProjects/masters-thesis/task_equivalents/llm_translations/starcoder/optimized/r/data_manipulation_preprocessing/01_impute_encode_scale.R,17,ok,1.228653294,21.478439050,17.481285530,,21.880000000,17.808115688
script_121,starcoder,optimized,r,data_manipulation_preprocessing,01_impute_encode_scale,/home/romakrut/PycharmProjects/masters-thesis/task_equivalents/llm_translations/starcoder/optimized/r/data_manipulation_preprocessing/01_impute_encode_scale.R,18,ok,1.231630927,21.367465870,17.348919551,,21.770000000,17.675749709
script_121,starcoder,optimized,r,data_manipulation_preprocessing,01_impute_encode_scale,/home/romakrut/PycharmProjects/masters-thesis/task_equivalents/llm_translations/starcoder/optimized/r/data_manipulation_preprocessing/01_impute_encode_scale.R,19,ok,1.232335721,21.307235522,17.290122455,,21.710000000,17.616952613
script_121,starcoder,optimized,r,data_manipulation_preprocessing,01_impute_encode_scale,/home/romakrut/PycharmProjects/masters-thesis/task_equivalents/llm_translations/starcoder/optimized/r/data_manipulation_preprocessing/01_impute_encode_scale.R,20,ok,1.245094467,21.633065579,17.374637951,,22.040000000,17.701468109
script_121,starcoder,optimized,r,data_manipulation_preprocessing,01_impute_encode_scale,/home/romakrut/PycharmProjects/masters-thesis/task_equivalents/llm_translations/starcoder/optimized/r/data_manipulation_preprocessing/01_impute_encode_scale.R,21,ok,1.231714284,21.577438626,17.518217420,,21.980000000,17.845047578
script_121,starcoder,optimized,r,data_manipulation_preprocessing,01_impute_encode_scale,/home/romakrut/PycharmProjects/masters-thesis/task_equivalents/llm_translations/starcoder/optimized/r/data_manipulation_preprocessing/01_impute_encode_scale.R,22,ok,1.231728156,21.627434092,17.558609817,,22.030000000,17.885439975
script_121,starcoder,optimized,r,data_manipulation_preprocessing,01_impute_encode_scale,/home/romakrut/PycharmProjects/masters-thesis/task_equivalents/llm_translations/starcoder/optimized/r/data_manipulation_preprocessing/01_impute_encode_scale.R,23,ok,1.229049689,21.288309496,17.320951046,,21.690000000,17.647781204
script_121,starcoder,optimized,r,data_manipulation_preprocessing,01_impute_encode_scale,/home/romakrut/PycharmProjects/masters-thesis/task_equivalents/llm_translations/starcoder/optimized/r/data_manipulation_preprocessing/01_impute_encode_scale.R,24,ok,1.230244184,21.497919099,17.474513904,,21.900000000,17.801344062
script_121,starcoder,optimized,r,data_manipulation_preprocessing,01_impute_encode_scale,/home/romakrut/PycharmProjects/masters-thesis/task_equivalents/llm_translations/starcoder/optimized/r/data_manipulation_preprocessing/01_impute_encode_scale.R,25,ok,1.228919266,21.558352122,17.542529211,,21.960000000,17.869359369
script_121,starcoder,optimized,r,data_manipulation_preprocessing,01_impute_encode_scale,/home/romakrut/PycharmProjects/masters-thesis/task_equivalents/llm_translations/starcoder/optimized/r/data_manipulation_preprocessing/01_impute_encode_scale.R,26,ok,1.231713281,21.447438954,17.412687908,,21.850000000,17.739518066
script_121,starcoder,optimized,r,data_manipulation_preprocessing,01_impute_encode_scale,/home/romakrut/PycharmProjects/masters-thesis/task_equivalents/llm_translations/starcoder/optimized/r/data_manipulation_preprocessing/01_impute_encode_scale.R,27,ok,1.226918302,21.289006098,17.351608549,,21.690000000,17.678438707
script_121,starcoder,optimized,r,data_manipulation_preprocessing,01_impute_encode_scale,/home/romakrut/PycharmProjects/masters-thesis/task_equivalents/llm_translations/starcoder/optimized/r/data_manipulation_preprocessing/01_impute_encode_scale.R,28,ok,1.230072518,21.157975205,17.200591750,,21.560000000,17.527421908
script_121,starcoder,optimized,r,data_manipulation_preprocessing,01_impute_encode_scale,/home/romakrut/PycharmProjects/masters-thesis/task_equivalents/llm_translations/starcoder/optimized/r/data_manipulation_preprocessing/01_impute_encode_scale.R,29,ok,1.226805911,21.319042830,17.377681864,,21.720000000,17.704512022
script_121,starcoder,optimized,r,data_manipulation_preprocessing,01_impute_encode_scale,/home/romakrut/PycharmProjects/masters-thesis/task_equivalents/llm_translations/starcoder/optimized/r/data_manipulation_preprocessing/01_impute_encode_scale.R,30,ok,1.229103366,21.648291953,17.613076777,,22.050000000,17.939906935
script_17,gemini,optimized,python,data_manipulation_preprocessing,01_impute_encode_scale,/home/romakrut/PycharmProjects/masters-thesis/task_equivalents/llm_translations/gemini/optimized/python/data_manipulation_preprocessing/01_impute_encode_scale.py,1,ok,0.171585357,2.813920731,16.399538864,,2.870000000,16.726369022
script_17,gemini,optimized,python,data_manipulation_preprocessing,01_impute_encode_scale,/home/romakrut/PycharmProjects/masters-thesis/task_equivalents/llm_translations/gemini/optimized/python/data_manipulation_preprocessing/01_impute_encode_scale.py,2,ok,0.172195663,2.743721264,15.933741980,,2.800000000,16.260572138
script_17,gemini,optimized,python,data_manipulation_preprocessing,01_impute_encode_scale,/home/romakrut/PycharmProjects/masters-thesis/task_equivalents/llm_translations/gemini/optimized/python/data_manipulation_preprocessing/01_impute_encode_scale.py,3,ok,0.173490490,2.803298076,16.158223288,,2.860000000,16.485053446
script_17,gemini,optimized,python,data_manipulation_preprocessing,01_impute_encode_scale,/home/romakrut/PycharmProjects/masters-thesis/task_equivalents/llm_translations/gemini/optimized/python/data_manipulation_preprocessing/01_impute_encode_scale.py,4,ok,0.172222373,2.723712535,15.815091194,,2.780000000,16.141921352
script_17,gemini,optimized,python,data_manipulation_preprocessing,01_impute_encode_scale,/home/romakrut/PycharmProjects/masters-thesis/task_equivalents/llm_translations/gemini/optimized/python/data_manipulation_preprocessing/01_impute_encode_scale.py,5,ok,0.171701321,2.783882830,16.213520163,,2.840000000,16.540350321
script_17,gemini,optimized,python,data_manipulation_preprocessing,01_impute_encode_scale,/home/romakrut/PycharmProjects/masters-thesis/task_equivalents/llm_translations/gemini/optimized/python/data_manipulation_preprocessing/01_impute_encode_scale.py,6,ok,0.172212503,2.743715760,15.932151921,,2.800000000,16.258982079
script_17,gemini,optimized,python,data_manipulation_preprocessing,01_impute_encode_scale,/home/romakrut/PycharmProjects/masters-thesis/task_equivalents/llm_translations/gemini/optimized/python/data_manipulation_preprocessing/01_impute_encode_scale.py,7,ok,0.171930182,2.733808031,15.900687126,,2.790000000,16.227517284
script_17,gemini,optimized,python,data_manipulation_preprocessing,01_impute_encode_scale,/home/romakrut/PycharmProjects/masters-thesis/task_equivalents/llm_translations/gemini/optimized/python/data_manipulation_preprocessing/01_impute_encode_scale.py,8,ok,0.171825871,2.723842123,15.852339974,,2.780000000,16.179170132
script_17,gemini,optimized,python,data_manipulation_preprocessing,01_impute_encode_scale,/home/romakrut/PycharmProjects/masters-thesis/task_equivalents/llm_translations/gemini/optimized/python/data_manipulation_preprocessing/01_impute_encode_scale.py,9,ok,0.172348020,2.773671469,16.093433910,,2.830000000,16.420264068
script_17,gemini,optimized,python,data_manipulation_preprocessing,01_impute_encode_scale,/home/romakrut/PycharmProjects/masters-thesis/task_equivalents/llm_translations/gemini/optimized/python/data_manipulation_preprocessing/01_impute_encode_scale.py,10,ok,0.172007306,2.783782825,16.184096419,,2.840000000,16.510926577
script_17,gemini,optimized,python,data_manipulation_preprocessing,01_impute_encode_scale,/home/romakrut/PycharmProjects/masters-thesis/task_equivalents/llm_translations/gemini/optimized/python/data_manipulation_preprocessing/01_impute_encode_scale.py,11,ok,0.172001643,2.733784676,15.893945128,,2.790000000,16.220775286
script_17,gemini,optimized,python,data_manipulation_preprocessing,01_impute_encode_scale,/home/romakrut/PycharmProjects/masters-thesis/task_equivalents/llm_translations/gemini/optimized/python/data_manipulation_preprocessing/01_impute_encode_scale.py,12,ok,0.171996710,2.783786288,16.185113588,,2.840000000,16.511943746
script_17,gemini,optimized,python,data_manipulation_preprocessing,01_impute_encode_scale,/home/romakrut/PycharmProjects/masters-thesis/task_equivalents/llm_translations/gemini/optimized/python/data_manipulation_preprocessing/01_impute_encode_scale.py,13,ok,0.172311201,2.753683503,15.980873483,,2.810000000,16.307703641
script_17,gemini,optimized,python,data_manipulation_preprocessing,01_impute_encode_scale,/home/romakrut/PycharmProjects/masters-thesis/task_equivalents/llm_translations/gemini/optimized/python/data_manipulation_preprocessing/01_impute_encode_scale.py,14,ok,0.172395740,2.813655873,16.320912994,,2.870000000,16.647743152
script_17,gemini,optimized,python,data_manipulation_preprocessing,01_impute_encode_scale,/home/romakrut/PycharmProjects/masters-thesis/task_equivalents/llm_translations/gemini/optimized/python/data_manipulation_preprocessing/01_impute_encode_scale.py,15,ok,0.172692893,2.803558754,16.234360927,,2.860000000,16.561191085
script_17,gemini,optimized,python,data_manipulation_preprocessing,01_impute_encode_scale,/home/romakrut/PycharmProjects/masters-thesis/task_equivalents/llm_translations/gemini/optimized/python/data_manipulation_preprocessing/01_impute_encode_scale.py,16,ok,0.173086752,2.893430029,16.716646399,,2.950000000,17.043476557
script_17,gemini,optimized,python,data_manipulation_preprocessing,01_impute_encode_scale,/home/romakrut/PycharmProjects/masters-thesis/task_equivalents/llm_translations/gemini/optimized/python/data_manipulation_preprocessing/01_impute_encode_scale.py,17,ok,0.172811143,2.773520107,16.049428635,,2.830000000,16.376258793
script_17,gemini,optimized,python,data_manipulation_preprocessing,01_impute_encode_scale,/home/romakrut/PycharmProjects/masters-thesis/task_equivalents/llm_translations/gemini/optimized/python/data_manipulation_preprocessing/01_impute_encode_scale.py,18,ok,0.172791862,2.783526408,16.109129077,,2.840000000,16.435959235
script_17,gemini,optimized,python,data_manipulation_preprocessing,01_impute_encode_scale,/home/romakrut/PycharmProjects/masters-thesis/task_equivalents/llm_translations/gemini/optimized/python/data_manipulation_preprocessing/01_impute_encode_scale.py,19,ok,0.172012472,2.783781137,16.183600551,,2.840000000,16.510430709
script_17,gemini,optimized,python,data_manipulation_preprocessing,01_impute_encode_scale,/home/romakrut/PycharmProjects/masters-thesis/task_equivalents/llm_translations/gemini/optimized/python/data_manipulation_preprocessing/01_impute_encode_scale.py,20,ok,0.173015801,2.863453218,16.550241087,,2.920000000,16.877071245
script_17,gemini,optimized,python,data_manipulation_preprocessing,01_impute_encode_scale,/home/romakrut/PycharmProjects/masters-thesis/task_equivalents/llm_translations/gemini/optimized/python/data_manipulation_preprocessing/01_impute_encode_scale.py,21,ok,0.171661474,2.763895853,16.100851221,,2.820000000,16.427681379
script_17,gemini,optimized,python,data_manipulation_preprocessing,01_impute_encode_scale,/home/romakrut/PycharmProjects/masters-thesis/task_equivalents/llm_translations/gemini/optimized/python/data_manipulation_preprocessing/01_impute_encode_scale.py,22,ok,0.172148209,2.723736774,15.822045373,,2.780000000,16.148875531
script_17,gemini,optimized,python,data_manipulation_preprocessing,01_impute_encode_scale,/home/romakrut/PycharmProjects/masters-thesis/task_equivalents/llm_translations/gemini/optimized/python/data_manipulation_preprocessing/01_impute_encode_scale.py,23,ok,0.172194304,2.733721708,15.875796382,,2.790000000,16.202626540
script_17,gemini,optimized,python,data_manipulation_preprocessing,01_impute_encode_scale,/home/romakrut/PycharmProjects/masters-thesis/task_equivalents/llm_translations/gemini/optimized/python/data_manipulation_preprocessing/01_impute_encode_scale.py,24,ok,0.172317849,2.813681330,16.328438096,,2.870000000,16.655268254
script_17,gemini,optimized,python,data_manipulation_preprocessing,01_impute_encode_scale,/home/romakrut/PycharmProjects/masters-thesis/task_equivalents/llm_translations/gemini/optimized/python/data_manipulation_preprocessing/01_impute_encode_scale.py,25,ok,0.172450324,2.813638033,16.315643648,,2.870000000,16.642473806
script_17,gemini,optimized,python,data_manipulation_preprocessing,01_impute_encode_scale,/home/romakrut/PycharmProjects/masters-thesis/task_equivalents/llm_translations/gemini/optimized/python/data_manipulation_preprocessing/01_impute_encode_scale.py,26,ok,0.172945250,2.803476277,16.210195288,,2.860000000,16.537025446
script_17,gemini,optimized,python,data_manipulation_preprocessing,01_impute_encode_scale,/home/romakrut/PycharmProjects/masters-thesis/task_equivalents/llm_translations/gemini/optimized/python/data_manipulation_preprocessing/01_impute_encode_scale.py,27,ok,0.171763913,2.803862373,16.323931635,,2.860000000,16.650761793
script_17,gemini,optimized,python,data_manipulation_preprocessing,01_impute_encode_scale,/home/romakrut/PycharmProjects/masters-thesis/task_equivalents/llm_translations/gemini/optimized/python/data_manipulation_preprocessing/01_impute_encode_scale.py,28,ok,0.172307282,2.813684784,16.329459505,,2.870000000,16.656289663
script_17,gemini,optimized,python,data_manipulation_preprocessing,01_impute_encode_scale,/home/romakrut/PycharmProjects/masters-thesis/task_equivalents/llm_translations/gemini/optimized/python/data_manipulation_preprocessing/01_impute_encode_scale.py,29,ok,0.171878584,2.773824895,16.138281051,,2.830000000,16.465111209
script_17,gemini,optimized,python,data_manipulation_preprocessing,01_impute_encode_scale,/home/romakrut/PycharmProjects/masters-thesis/task_equivalents/llm_translations/gemini/optimized/python/data_manipulation_preprocessing/01_impute_encode_scale.py,30,ok,0.172587702,2.793593134,16.186513301,,2.850000000,16.513343459
script_16,gemini,base,r,statistical_modelling_analysis,02_logistic_regression_odds_ratios,/home/romakrut/PycharmProjects/masters-thesis/task_equivalents/llm_translations/gemini/base/r/statistical_modelling_analysis/02_logistic_regression_odds_ratios.R,1,ok,0.088719117,1.521003917,17.144038043,,1.550000000,17.470868201
script_16,gemini,base,r,statistical_modelling_analysis,02_logistic_regression_odds_ratios,/home/romakrut/PycharmProjects/masters-thesis/task_equivalents/llm_translations/gemini/base/r/statistical_modelling_analysis/02_logistic_regression_odds_ratios.R,2,ok,0.098048288,1.527954863,15.583697520,,1.560000000,15.910527678
script_16,gemini,base,r,statistical_modelling_analysis,02_logistic_regression_odds_ratios,/home/romakrut/PycharmProjects/masters-thesis/task_equivalents/llm_translations/gemini/base/r/statistical_modelling_analysis/02_logistic_regression_odds_ratios.R,3,ok,0.090873545,1.460299785,16.069580921,,1.490000000,16.396411079
script_16,gemini,base,r,statistical_modelling_analysis,02_logistic_regression_odds_ratios,/home/romakrut/PycharmProjects/masters-thesis/task_equivalents/llm_translations/gemini/base/r/statistical_modelling_analysis/02_logistic_regression_odds_ratios.R,4,ok,0.090540801,1.490408536,16.461181249,,1.520000000,16.788011407
script_16,gemini,base,r,statistical_modelling_analysis,02_logistic_regression_odds_ratios,/home/romakrut/PycharmProjects/masters-thesis/task_equivalents/llm_translations/gemini/base/r/statistical_modelling_analysis/02_logistic_regression_odds_ratios.R,5,ok,0.089914062,1.420613373,15.799679620,,1.450000000,16.126509778
script_16,gemini,base,r,statistical_modelling_analysis,02_logistic_regression_odds_ratios,/home/romakrut/PycharmProjects/masters-thesis/task_equivalents/llm_translations/gemini/base/r/statistical_modelling_analysis/02_logistic_regression_odds_ratios.R,6,ok,0.091012482,1.520254376,16.703800871,,1.550000000,17.030631029
script_16,gemini,base,r,statistical_modelling_analysis,02_logistic_regression_odds_ratios,/home/romakrut/PycharmProjects/masters-thesis/task_equivalents/llm_translations/gemini/base/r/statistical_modelling_analysis/02_logistic_regression_odds_ratios.R,7,ok,0.096430453,1.548483620,16.058035316,,1.580000000,16.384865474
script_16,gemini,base,r,statistical_modelling_analysis,02_logistic_regression_odds_ratios,/home/romakrut/PycharmProjects/masters-thesis/task_equivalents/llm_translations/gemini/base/r/statistical_modelling_analysis/02_logistic_regression_odds_ratios.R,8,ok,0.095134369,1.948907219,20.485837449,,1.980000000,20.812667607
script_16,gemini,base,r,statistical_modelling_analysis,02_logistic_regression_odds_ratios,/home/romakrut/PycharmProjects/masters-thesis/task_equivalents/llm_translations/gemini/base/r/statistical_modelling_analysis/02_logistic_regression_odds_ratios.R,9,ok,0.094177046,1.789220101,18.998473377,,1.820000000,19.325303535
script_16,gemini,base,r,statistical_modelling_analysis,02_logistic_regression_odds_ratios,/home/romakrut/PycharmProjects/masters-thesis/task_equivalents/llm_translations/gemini/base/r/statistical_modelling_analysis/02_logistic_regression_odds_ratios.R,10,ok,0.090518412,1.480415853,16.354858867,,1.510000000,16.681689025
script_16,gemini,base,r,statistical_modelling_analysis,02_logistic_regression_odds_ratios,/home/romakrut/PycharmProjects/masters-thesis/task_equivalents/llm_translations/gemini/base/r/statistical_modelling_analysis/02_logistic_regression_odds_ratios.R,11,ok,0.089800102,1.460650618,16.265578612,,1.490000000,16.592408770
script_16,gemini,base,r,statistical_modelling_analysis,02_logistic_regression_odds_ratios,/home/romakrut/PycharmProjects/masters-thesis/task_equivalents/llm_translations/gemini/base/r/statistical_modelling_analysis/02_logistic_regression_odds_ratios.R,12,ok,0.090660930,1.450369274,15.997732142,,1.480000000,16.324562300
script_16,gemini,base,r,statistical_modelling_analysis,02_logistic_regression_odds_ratios,/home/romakrut/PycharmProjects/masters-thesis/task_equivalents/llm_translations/gemini/base/r/statistical_modelling_analysis/02_logistic_regression_odds_ratios.R,13,ok,0.090251954,1.470502940,16.293308615,,1.500000000,16.620138773
script_16,gemini,base,r,statistical_modelling_analysis,02_logistic_regression_odds_ratios,/home/romakrut/PycharmProjects/masters-thesis/task_equivalents/llm_translations/gemini/base/r/statistical_modelling_analysis/02_logistic_regression_odds_ratios.R,14,ok,0.090237734,1.530507587,16.960837992,,1.560000000,17.287668150
script_16,gemini,base,r,statistical_modelling_analysis,02_logistic_regression_odds_ratios,/home/romakrut/PycharmProjects/masters-thesis/task_equivalents/llm_translations/gemini/base/r/statistical_modelling_analysis/02_logistic_regression_odds_ratios.R,15,ok,0.090424035,1.470446698,16.261679744,,1.500000000,16.588509902
script_16,gemini,base,r,statistical_modelling_analysis,02_logistic_regression_odds_ratios,/home/romakrut/PycharmProjects/masters-thesis/task_equivalents/llm_translations/gemini/base/r/statistical_modelling_analysis/02_logistic_regression_odds_ratios.R,16,ok,0.089970122,1.420595051,15.789631260,,1.450000000,16.116461418
script_16,gemini,base,r,statistical_modelling_analysis,02_logistic_regression_odds_ratios,/home/romakrut/PycharmProjects/masters-thesis/task_equivalents/llm_translations/gemini/base/r/statistical_modelling_analysis/02_logistic_regression_odds_ratios.R,17,ok,0.090487125,1.490426079,16.471139719,,1.520000000,16.797969877
script_16,gemini,base,r,statistical_modelling_analysis,02_logistic_regression_odds_ratios,/home/romakrut/PycharmProjects/masters-thesis/task_equivalents/llm_translations/gemini/base/r/statistical_modelling_analysis/02_logistic_regression_odds_ratios.R,18,ok,0.090600044,1.430389173,15.787952303,,1.460000000,16.114782461
script_16,gemini,base,r,statistical_modelling_analysis,02_logistic_regression_odds_ratios,/home/romakrut/PycharmProjects/masters-thesis/task_equivalents/llm_translations/gemini/base/r/statistical_modelling_analysis/02_logistic_regression_odds_ratios.R,19,ok,0.090771215,1.560333229,17.189736079,,1.590000000,17.516566237
script_16,gemini,base,r,statistical_modelling_analysis,02_logistic_regression_odds_ratios,/home/romakrut/PycharmProjects/masters-thesis/task_equivalents/llm_translations/gemini/base/r/statistical_modelling_analysis/02_logistic_regression_odds_ratios.R,20,ok,0.090641248,1.480375707,16.332252029,,1.510000000,16.659082187
script_16,gemini,base,r,statistical_modelling_analysis,02_logistic_regression_odds_ratios,/home/romakrut/PycharmProjects/masters-thesis/task_equivalents/llm_translations/gemini/base/r/statistical_modelling_analysis/02_logistic_regression_odds_ratios.R,21,ok,0.090368900,1.470464718,16.271800566,,1.500000000,16.598630724
script_16,gemini,base,r,statistical_modelling_analysis,02_logistic_regression_odds_ratios,/home/romakrut/PycharmProjects/masters-thesis/task_equivalents/llm_translations/gemini/base/r/statistical_modelling_analysis/02_logistic_regression_odds_ratios.R,22,ok,0.090656796,1.440370625,15.888170425,,1.470000000,16.215000583
script_16,gemini,base,r,statistical_modelling_analysis,02_logistic_regression_odds_ratios,/home/romakrut/PycharmProjects/masters-thesis/task_equivalents/llm_translations/gemini/base/r/statistical_modelling_analysis/02_logistic_regression_odds_ratios.R,23,ok,0.090350449,1.490470748,16.496550543,,1.520000000,16.823380701
script_16,gemini,base,r,statistical_modelling_analysis,02_logistic_regression_odds_ratios,/home/romakrut/PycharmProjects/masters-thesis/task_equivalents/llm_translations/gemini/base/r/statistical_modelling_analysis/02_logistic_regression_odds_ratios.R,24,ok,0.090368481,1.540464855,17.046483885,,1.570000000,17.373314043
script_16,gemini,base,r,statistical_modelling_analysis,02_logistic_regression_odds_ratios,/home/romakrut/PycharmProjects/masters-thesis/task_equivalents/llm_translations/gemini/base/r/statistical_modelling_analysis/02_logistic_regression_odds_ratios.R,25,ok,0.090415287,1.490449557,16.484486273,,1.520000000,16.811316431
script_16,gemini,base,r,statistical_modelling_analysis,02_logistic_regression_odds_ratios,/home/romakrut/PycharmProjects/masters-thesis/task_equivalents/llm_translations/gemini/base/r/statistical_modelling_analysis/02_logistic_regression_odds_ratios.R,26,ok,0.089621795,1.400708895,15.629110024,,1.430000000,15.955940182
script_16,gemini,base,r,statistical_modelling_analysis,02_logistic_regression_odds_ratios,/home/romakrut/PycharmProjects/masters-thesis/task_equivalents/llm_translations/gemini/base/r/statistical_modelling_analysis/02_logistic_regression_odds_ratios.R,27,ok,0.090822421,1.480316494,16.299020413,,1.510000000,16.625850571
script_16,gemini,base,r,statistical_modelling_analysis,02_logistic_regression_odds_ratios,/home/romakrut/PycharmProjects/masters-thesis/task_equivalents/llm_translations/gemini/base/r/statistical_modelling_analysis/02_logistic_regression_odds_ratios.R,28,ok,0.090434258,1.450443357,16.038649393,,1.480000000,16.365479551
script_16,gemini,base,r,statistical_modelling_analysis,02_logistic_regression_odds_ratios,/home/romakrut/PycharmProjects/masters-thesis/task_equivalents/llm_translations/gemini/base/r/statistical_modelling_analysis/02_logistic_regression_odds_ratios.R,29,ok,0.090720966,1.550349652,17.089210143,,1.580000000,17.416040301
script_16,gemini,base,r,statistical_modelling_analysis,02_logistic_regression_odds_ratios,/home/romakrut/PycharmProjects/masters-thesis/task_equivalents/llm_translations/gemini/base/r/statistical_modelling_analysis/02_logistic_regression_odds_ratios.R,30,ok,0.089418996,1.450775175,16.224462813,,1.480000000,16.551292971
script_24,gemini,optimized,python,statistical_modelling_analysis,02_logistic_regression_odds_ratios,/home/romakrut/PycharmProjects/masters-thesis/task_equivalents/llm_translations/gemini/optimized/python/statistical_modelling_analysis/02_logistic_regression_odds_ratios.py,1,ok,0.727350792,11.612279826,15.965171075,,11.850000000,16.292001233
script_24,gemini,optimized,python,statistical_modelling_analysis,02_logistic_regression_odds_ratios,/home/romakrut/PycharmProjects/masters-thesis/task_equivalents/llm_translations/gemini/optimized/python/statistical_modelling_analysis/02_logistic_regression_odds_ratios.py,2,ok,0.733103935,11.470399525,15.646348325,,11.710000000,15.973178483
script_24,gemini,optimized,python,statistical_modelling_analysis,02_logistic_regression_odds_ratios,/home/romakrut/PycharmProjects/masters-thesis/task_equivalents/llm_translations/gemini/optimized/python/statistical_modelling_analysis/02_logistic_regression_odds_ratios.py,3,ok,0.728474735,11.601912487,15.926307296,,11.840000000,16.253137454
script_24,gemini,optimized,python,statistical_modelling_analysis,02_logistic_regression_odds_ratios,/home/romakrut/PycharmProjects/masters-thesis/task_equivalents/llm_translations/gemini/optimized/python/statistical_modelling_analysis/02_logistic_regression_odds_ratios.py,4,ok,0.732793699,11.430500920,15.598525117,,11.670000000,15.925355275
script_24,gemini,optimized,python,statistical_modelling_analysis,02_logistic_regression_odds_ratios,/home/romakrut/PycharmProjects/masters-thesis/task_equivalents/llm_translations/gemini/optimized/python/statistical_modelling_analysis/02_logistic_regression_odds_ratios.py,5,ok,0.735144393,11.679732642,15.887671528,,11.920000000,16.214501686
script_24,gemini,optimized,python,statistical_modelling_analysis,02_logistic_regression_odds_ratios,/home/romakrut/PycharmProjects/masters-thesis/task_equivalents/llm_translations/gemini/optimized/python/statistical_modelling_analysis/02_logistic_regression_odds_ratios.py,6,ok,0.725779079,11.622793509,16.014230563,,11.860000000,16.341060721
script_24,gemini,optimized,python,statistical_modelling_analysis,02_logistic_regression_odds_ratios,/home/romakrut/PycharmProjects/masters-thesis/task_equivalents/llm_translations/gemini/optimized/python/statistical_modelling_analysis/02_logistic_regression_odds_ratios.py,7,ok,0.734444363,11.489961433,15.644427286,,11.730000000,15.971257444
script_24,gemini,optimized,python,statistical_modelling_analysis,02_logistic_regression_odds_ratios,/home/romakrut/PycharmProjects/masters-thesis/task_equivalents/llm_translations/gemini/optimized/python/statistical_modelling_analysis/02_logistic_regression_odds_ratios.py,8,ok,0.729799872,11.521479393,15.787176505,,11.760000000,16.114006663
script_24,gemini,optimized,python,statistical_modelling_analysis,02_logistic_regression_odds_ratios,/home/romakrut/PycharmProjects/masters-thesis/task_equivalents/llm_translations/gemini/optimized/python/statistical_modelling_analysis/02_logistic_regression_odds_ratios.py,9,ok,0.731691484,11.730861157,16.032523834,,11.970000000,16.359353992
script_24,gemini,optimized,python,statistical_modelling_analysis,02_logistic_regression_odds_ratios,/home/romakrut/PycharmProjects/masters-thesis/task_equivalents/llm_translations/gemini/optimized/python/statistical_modelling_analysis/02_logistic_regression_odds_ratios.py,10,ok,0.729387463,11.591614180,15.892258598,,11.830000000,16.219088756
script_24,gemini,optimized,python,statistical_modelling_analysis,02_logistic_regression_odds_ratios,/home/romakrut/PycharmProjects/masters-thesis/task_equivalents/llm_translations/gemini/optimized/python/statistical_modelling_analysis/02_logistic_regression_odds_ratios.py,11,ok,0.732039695,11.760747351,16.065723527,,12.000000000,16.392553685
script_24,gemini,optimized,python,statistical_modelling_analysis,02_logistic_regression_odds_ratios,/home/romakrut/PycharmProjects/masters-thesis/task_equivalents/llm_translations/gemini/optimized/python/statistical_modelling_analysis/02_logistic_regression_odds_ratios.py,12,ok,0.733563926,11.960249186,16.304303909,,12.200000000,16.631134067
script_24,gemini,optimized,python,statistical_modelling_analysis,02_logistic_regression_odds_ratios,/home/romakrut/PycharmProjects/masters-thesis/task_equivalents/llm_translations/gemini/optimized/python/statistical_modelling_analysis/02_logistic_regression_odds_ratios.py,13,ok,0.733326411,11.540326813,15.736957840,,11.780000000,16.063787998
script_24,gemini,optimized,python,statistical_modelling_analysis,02_logistic_regression_odds_ratios,/home/romakrut/PycharmProjects/masters-thesis/task_equivalents/llm_translations/gemini/optimized/python/statistical_modelling_analysis/02_logistic_regression_odds_ratios.py,14,ok,0.730907066,11.671117528,15.967991105,,11.910000000,16.294821263
script_24,gemini,optimized,python,statistical_modelling_analysis,02_logistic_regression_odds_ratios,/home/romakrut/PycharmProjects/masters-thesis/task_equivalents/llm_translations/gemini/optimized/python/statistical_modelling_analysis/02_logistic_regression_odds_ratios.py,15,ok,0.730655767,11.651199660,15.946222813,,11.890000000,16.273052971
script_24,gemini,optimized,python,statistical_modelling_analysis,02_logistic_regression_odds_ratios,/home/romakrut/PycharmProjects/masters-thesis/task_equivalents/llm_translations/gemini/optimized/python/statistical_modelling_analysis/02_logistic_regression_odds_ratios.py,16,ok,0.734390612,11.749979000,15.999631270,,11.990000000,16.326461428
script_24,gemini,optimized,python,statistical_modelling_analysis,02_logistic_regression_odds_ratios,/home/romakrut/PycharmProjects/masters-thesis/task_equivalents/llm_translations/gemini/optimized/python/statistical_modelling_analysis/02_logistic_regression_odds_ratios.py,17,ok,0.727857413,11.912114247,16.365999760,,12.150000000,16.692829918
script_24,gemini,optimized,python,statistical_modelling_analysis,02_logistic_regression_odds_ratios,/home/romakrut/PycharmProjects/masters-thesis/task_equivalents/llm_translations/gemini/optimized/python/statistical_modelling_analysis/02_logistic_regression_odds_ratios.py,18,ok,0.725483718,11.832890042,16.310345426,,12.070000000,16.637175584
script_24,gemini,optimized,python,statistical_modelling_analysis,02_logistic_regression_odds_ratios,/home/romakrut/PycharmProjects/masters-thesis/task_equivalents/llm_translations/gemini/optimized/python/statistical_modelling_analysis/02_logistic_regression_odds_ratios.py,19,ok,0.727255340,11.852311022,16.297317284,,12.090000000,16.624147442
script_24,gemini,optimized,python,statistical_modelling_analysis,02_logistic_regression_odds_ratios,/home/romakrut/PycharmProjects/masters-thesis/task_equivalents/llm_translations/gemini/optimized/python/statistical_modelling_analysis/02_logistic_regression_odds_ratios.py,20,ok,0.727343242,11.832282293,16.267810863,,12.070000000,16.594641021
script_24,gemini,optimized,python,statistical_modelling_analysis,02_logistic_regression_odds_ratios,/home/romakrut/PycharmProjects/masters-thesis/task_equivalents/llm_translations/gemini/optimized/python/statistical_modelling_analysis/02_logistic_regression_odds_ratios.py,21,ok,0.733932500,11.690128725,15.928070667,,11.930000000,16.254900825
script_24,gemini,optimized,python,statistical_modelling_analysis,02_logistic_regression_odds_ratios,/home/romakrut/PycharmProjects/masters-thesis/task_equivalents/llm_translations/gemini/optimized/python/statistical_modelling_analysis/02_logistic_regression_odds_ratios.py,22,ok,0.724370100,11.493254006,15.866549442,,11.730000000,16.193379600
script_24,gemini,optimized,python,statistical_modelling_analysis,02_logistic_regression_odds_ratios,/home/romakrut/PycharmProjects/masters-thesis/task_equivalents/llm_translations/gemini/optimized/python/statistical_modelling_analysis/02_logistic_regression_odds_ratios.py,23,ok,0.730211866,11.611344740,15.901336696,,11.850000000,16.228166854
script_24,gemini,optimized,python,statistical_modelling_analysis,02_logistic_regression_odds_ratios,/home/romakrut/PycharmProjects/masters-thesis/task_equivalents/llm_translations/gemini/optimized/python/statistical_modelling_analysis/02_logistic_regression_odds_ratios.py,24,ok,0.727498064,11.762231693,16.168059099,,12.000000000,16.494889257
script_24,gemini,optimized,python,statistical_modelling_analysis,02_logistic_regression_odds_ratios,/home/romakrut/PycharmProjects/masters-thesis/task_equivalents/llm_translations/gemini/optimized/python/statistical_modelling_analysis/02_logistic_regression_odds_ratios.py,25,ok,0.728568697,11.751881778,16.130094288,,11.990000000,16.456924446
script_24,gemini,optimized,python,statistical_modelling_analysis,02_logistic_regression_odds_ratios,/home/romakrut/PycharmProjects/masters-thesis/task_equivalents/llm_translations/gemini/optimized/python/statistical_modelling_analysis/02_logistic_regression_odds_ratios.py,26,ok,0.729930108,11.771436827,16.126799948,,12.010000000,16.453630106
script_24,gemini,optimized,python,statistical_modelling_analysis,02_logistic_regression_odds_ratios,/home/romakrut/PycharmProjects/masters-thesis/task_equivalents/llm_translations/gemini/optimized/python/statistical_modelling_analysis/02_logistic_regression_odds_ratios.py,27,ok,0.727616292,11.622193052,15.972969792,,11.860000000,16.299799950
script_24,gemini,optimized,python,statistical_modelling_analysis,02_logistic_regression_odds_ratios,/home/romakrut/PycharmProjects/masters-thesis/task_equivalents/llm_translations/gemini/optimized/python/statistical_modelling_analysis/02_logistic_regression_odds_ratios.py,28,ok,0.733903671,11.680138147,15.915083421,,11.920000000,16.241913579
script_24,gemini,optimized,python,statistical_modelling_analysis,02_logistic_regression_odds_ratios,/home/romakrut/PycharmProjects/masters-thesis/task_equivalents/llm_translations/gemini/optimized/python/statistical_modelling_analysis/02_logistic_regression_odds_ratios.py,29,ok,0.725086497,11.823019866,16.305668240,,12.060000000,16.632498398
script_24,gemini,optimized,python,statistical_modelling_analysis,02_logistic_regression_odds_ratios,/home/romakrut/PycharmProjects/masters-thesis/task_equivalents/llm_translations/gemini/optimized/python/statistical_modelling_analysis/02_logistic_regression_odds_ratios.py,30,ok,0.731447563,11.750940877,16.065322344,,11.990000000,16.392152502
script_97,starcoder,base,python,data_manipulation_preprocessing,01_impute_encode_scale,/home/romakrut/PycharmProjects/masters-thesis/task_equivalents/llm_translations/starcoder/base/python/data_manipulation_preprocessing/01_impute_encode_scale.py,1,ok,0.585836655,9.598530913,16.384312643,,9.790000000,16.711142801
script_97,starcoder,base,python,data_manipulation_preprocessing,01_impute_encode_scale,/home/romakrut/PycharmProjects/masters-thesis/task_equivalents/llm_translations/starcoder/base/python/data_manipulation_preprocessing/01_impute_encode_scale.py,2,ok,0.583869385,9.189173877,15.738406761,,9.380000000,16.065236919
script_97,starcoder,base,python,data_manipulation_preprocessing,01_impute_encode_scale,/home/romakrut/PycharmProjects/masters-thesis/task_equivalents/llm_translations/starcoder/base/python/data_manipulation_preprocessing/01_impute_encode_scale.py,3,ok,0.584548822,9.428951816,16.130306762,,9.620000000,16.457136920
script_97,starcoder,base,python,data_manipulation_preprocessing,01_impute_encode_scale,/home/romakrut/PycharmProjects/masters-thesis/task_equivalents/llm_translations/starcoder/base/python/data_manipulation_preprocessing/01_impute_encode_scale.py,4,ok,0.585210093,9.488735693,16.214237940,,9.680000000,16.541068098
script_97,starcoder,base,python,data_manipulation_preprocessing,01_impute_encode_scale,/home/romakrut/PycharmProjects/masters-thesis/task_equivalents/llm_translations/starcoder/base/python/data_manipulation_preprocessing/01_impute_encode_scale.py,5,ok,0.589106199,9.457462328,16.053917518,,9.650000000,16.380747676
script_97,starcoder,base,python,data_manipulation_preprocessing,01_impute_encode_scale,/home/romakrut/PycharmProjects/masters-thesis/task_equivalents/llm_translations/starcoder/base/python/data_manipulation_preprocessing/01_impute_encode_scale.py,6,ok,0.585586938,9.258612529,15.810824880,,9.450000000,16.137655038
script_97,starcoder,base,python,data_manipulation_preprocessing,01_impute_encode_scale,/home/romakrut/PycharmProjects/masters-thesis/task_equivalents/llm_translations/starcoder/base/python/data_manipulation_preprocessing/01_impute_encode_scale.py,7,ok,0.586301452,9.308379004,15.876438600,,9.500000000,16.203268758
script_97,starcoder,base,python,data_manipulation_preprocessing,01_impute_encode_scale,/home/romakrut/PycharmProjects/masters-thesis/task_equivalents/llm_translations/starcoder/base/python/data_manipulation_preprocessing/01_impute_encode_scale.py,8,ok,0.583365442,9.429338580,16.163690719,,9.620000000,16.490520877
script_97,starcoder,base,python,data_manipulation_preprocessing,01_impute_encode_scale,/home/romakrut/PycharmProjects/masters-thesis/task_equivalents/llm_translations/starcoder/base/python/data_manipulation_preprocessing/01_impute_encode_scale.py,9,ok,0.601271610,10.203486305,16.969845466,,10.400000000,17.296675624
script_97,starcoder,base,python,data_manipulation_preprocessing,01_impute_encode_scale,/home/romakrut/PycharmProjects/masters-thesis/task_equivalents/llm_translations/starcoder/base/python/data_manipulation_preprocessing/01_impute_encode_scale.py,10,ok,0.618212351,10.857949560,17.563462687,,11.060000000,17.890292845
script_97,starcoder,base,python,data_manipulation_preprocessing,01_impute_encode_scale,/home/romakrut/PycharmProjects/masters-thesis/task_equivalents/llm_translations/starcoder/base/python/data_manipulation_preprocessing/01_impute_encode_scale.py,11,ok,0.584756240,9.298884026,15.902154419,,9.490000000,16.228984577
script_97,starcoder,base,python,data_manipulation_preprocessing,01_impute_encode_scale,/home/romakrut/PycharmProjects/masters-thesis/task_equivalents/llm_translations/starcoder/base/python/data_manipulation_preprocessing/01_impute_encode_scale.py,12,ok,0.583751023,9.549212561,16.358365441,,9.740000000,16.685195599
script_97,starcoder,base,python,data_manipulation_preprocessing,01_impute_encode_scale,/home/romakrut/PycharmProjects/masters-thesis/task_equivalents/llm_translations/starcoder/base/python/data_manipulation_preprocessing/01_impute_encode_scale.py,13,ok,0.582581893,9.509594668,16.323189550,,9.700000000,16.650019708
script_97,starcoder,base,python,data_manipulation_preprocessing,01_impute_encode_scale,/home/romakrut/PycharmProjects/masters-thesis/task_equivalents/llm_translations/starcoder/base/python/data_manipulation_preprocessing/01_impute_encode_scale.py,14,ok,0.587132533,9.398107381,16.006790381,,9.590000000,16.333620539
script_97,starcoder,base,python,data_manipulation_preprocessing,01_impute_encode_scale,/home/romakrut/PycharmProjects/masters-thesis/task_equivalents/llm_translations/starcoder/base/python/data_manipulation_preprocessing/01_impute_encode_scale.py,15,ok,0.585306540,9.358704171,15.989406459,,9.550000000,16.316236617
script_97,starcoder,base,python,data_manipulation_preprocessing,01_impute_encode_scale,/home/romakrut/PycharmProjects/masters-thesis/task_equivalents/llm_translations/starcoder/base/python/data_manipulation_preprocessing/01_impute_encode_scale.py,16,ok,0.585464840,9.418652434,16.087477489,,9.610000000,16.414307647
script_97,starcoder,base,python,data_manipulation_preprocessing,01_impute_encode_scale,/home/romakrut/PycharmProjects/masters-thesis/task_equivalents/llm_translations/starcoder/base/python/data_manipulation_preprocessing/01_impute_encode_scale.py,17,ok,0.584599126,9.448935375,16.163102124,,9.640000000,16.489932282
script_97,starcoder,base,python,data_manipulation_preprocessing,01_impute_encode_scale,/home/romakrut/PycharmProjects/masters-thesis/task_equivalents/llm_translations/starcoder/base/python/data_manipulation_preprocessing/01_impute_encode_scale.py,18,ok,0.584822204,9.458862467,16.173911322,,9.650000000,16.500741480
script_97,starcoder,base,python,data_manipulation_preprocessing,01_impute_encode_scale,/home/romakrut/PycharmProjects/masters-thesis/task_equivalents/llm_translations/starcoder/base/python/data_manipulation_preprocessing/01_impute_encode_scale.py,19,ok,0.585178282,9.338746090,15.958804995,,9.530000000,16.285635153
script_97,starcoder,base,python,data_manipulation_preprocessing,01_impute_encode_scale,/home/romakrut/PycharmProjects/masters-thesis/task_equivalents/llm_translations/starcoder/base/python/data_manipulation_preprocessing/01_impute_encode_scale.py,20,ok,0.582758886,9.449536821,16.215174145,,9.640000000,16.542004303
script_97,starcoder,base,python,data_manipulation_preprocessing,01_impute_encode_scale,/home/romakrut/PycharmProjects/masters-thesis/task_equivalents/llm_translations/starcoder/base/python/data_manipulation_preprocessing/01_impute_encode_scale.py,21,ok,0.584235908,9.409054086,16.104888380,,9.600000000,16.431718538
script_97,starcoder,base,python,data_manipulation_preprocessing,01_impute_encode_scale,/home/romakrut/PycharmProjects/masters-thesis/task_equivalents/llm_translations/starcoder/base/python/data_manipulation_preprocessing/01_impute_encode_scale.py,22,ok,0.584420968,9.488993603,16.236572817,,9.680000000,16.563402975
script_97,starcoder,base,python,data_manipulation_preprocessing,01_impute_encode_scale,/home/romakrut/PycharmProjects/masters-thesis/task_equivalents/llm_translations/starcoder/base/python/data_manipulation_preprocessing/01_impute_encode_scale.py,23,ok,0.585113873,9.478767140,16.199867373,,9.670000000,16.526697531
script_97,starcoder,base,python,data_manipulation_preprocessing,01_impute_encode_scale,/home/romakrut/PycharmProjects/masters-thesis/task_equivalents/llm_translations/starcoder/base/python/data_manipulation_preprocessing/01_impute_encode_scale.py,24,ok,0.586522635,9.348306715,15.938526762,,9.540000000,16.265356920
script_97,starcoder,base,python,data_manipulation_preprocessing,01_impute_encode_scale,/home/romakrut/PycharmProjects/masters-thesis/task_equivalents/llm_translations/starcoder/base/python/data_manipulation_preprocessing/01_impute_encode_scale.py,25,ok,0.584558603,9.448948619,16.164245246,,9.640000000,16.491075404
script_97,starcoder,base,python,data_manipulation_preprocessing,01_impute_encode_scale,/home/romakrut/PycharmProjects/masters-thesis/task_equivalents/llm_translations/starcoder/base/python/data_manipulation_preprocessing/01_impute_encode_scale.py,26,ok,0.585165495,9.528750269,16.283855337,,9.720000000,16.610685495
script_97,starcoder,base,python,data_manipulation_preprocessing,01_impute_encode_scale,/home/romakrut/PycharmProjects/masters-thesis/task_equivalents/llm_translations/starcoder/base/python/data_manipulation_preprocessing/01_impute_encode_scale.py,27,ok,0.585251608,9.328722124,15.939677904,,9.520000000,16.266508062
script_97,starcoder,base,python,data_manipulation_preprocessing,01_impute_encode_scale,/home/romakrut/PycharmProjects/masters-thesis/task_equivalents/llm_translations/starcoder/base/python/data_manipulation_preprocessing/01_impute_encode_scale.py,28,ok,0.585083828,9.328776960,15.944342526,,9.520000000,16.271172684
script_97,starcoder,base,python,data_manipulation_preprocessing,01_impute_encode_scale,/home/romakrut/PycharmProjects/masters-thesis/task_equivalents/llm_translations/starcoder/base/python/data_manipulation_preprocessing/01_impute_encode_scale.py,29,ok,0.585778812,9.758549818,16.659103434,,9.950000000,16.985933592
script_97,starcoder,base,python,data_manipulation_preprocessing,01_impute_encode_scale,/home/romakrut/PycharmProjects/masters-thesis/task_equivalents/llm_translations/starcoder/base/python/data_manipulation_preprocessing/01_impute_encode_scale.py,30,ok,0.586894283,9.628185249,16.405314428,,9.820000000,16.732144586
script_3,gemini,base,python,data_visualization,01_scatter_trend_grouped,/home/romakrut/PycharmProjects/masters-thesis/task_equivalents/llm_translations/gemini/base/python/data_visualization/01_scatter_trend_grouped.py,1,ok,0.901418190,14.355389351,15.925337995,,14.650000000,16.252168153
script_3,gemini,base,python,data_visualization,01_scatter_trend_grouped,/home/romakrut/PycharmProjects/masters-thesis/task_equivalents/llm_translations/gemini/base/python/data_visualization/01_scatter_trend_grouped.py,2,ok,0.912023057,14.481923360,15.878900483,,14.780000000,16.205730641
script_3,gemini,base,python,data_visualization,01_scatter_trend_grouped,/home/romakrut/PycharmProjects/masters-thesis/task_equivalents/llm_translations/gemini/base/python/data_visualization/01_scatter_trend_grouped.py,3,ok,0.914625435,14.421072825,15.767189795,,14.720000000,16.094019953
script_3,gemini,base,python,data_visualization,01_scatter_trend_grouped,/home/romakrut/PycharmProjects/masters-thesis/task_equivalents/llm_translations/gemini/base/python/data_visualization/01_scatter_trend_grouped.py,4,ok,0.913425406,14.571465030,15.952550624,,14.870000000,16.279380782
script_3,gemini,base,python,data_visualization,01_scatter_trend_grouped,/home/romakrut/PycharmProjects/masters-thesis/task_equivalents/llm_translations/gemini/base/python/data_visualization/01_scatter_trend_grouped.py,5,ok,0.913873978,14.471318423,15.835135666,,14.770000000,16.161965824
script_3,gemini,base,python,data_visualization,01_scatter_trend_grouped,/home/romakrut/PycharmProjects/masters-thesis/task_equivalents/llm_translations/gemini/base/python/data_visualization/01_scatter_trend_grouped.py,6,ok,0.912958565,14.581617608,15.971828478,,14.880000000,16.298658636
script_3,gemini,base,python,data_visualization,01_scatter_trend_grouped,/home/romakrut/PycharmProjects/masters-thesis/task_equivalents/llm_translations/gemini/base/python/data_visualization/01_scatter_trend_grouped.py,7,ok,0.908486041,14.603079364,16.074082269,,14.900000000,16.400912427
script_3,gemini,base,python,data_visualization,01_scatter_trend_grouped,/home/romakrut/PycharmProjects/masters-thesis/task_equivalents/llm_translations/gemini/base/python/data_visualization/01_scatter_trend_grouped.py,8,ok,0.912120026,14.561891668,15.964885380,,14.860000000,16.291715538
script_3,gemini,base,python,data_visualization,01_scatter_trend_grouped,/home/romakrut/PycharmProjects/masters-thesis/task_equivalents/llm_translations/gemini/base/python/data_visualization/01_scatter_trend_grouped.py,9,ok,0.907255610,14.603481506,16.096325385,,14.900000000,16.423155543
script_3,gemini,base,python,data_visualization,01_scatter_trend_grouped,/home/romakrut/PycharmProjects/masters-thesis/task_equivalents/llm_translations/gemini/base/python/data_visualization/01_scatter_trend_grouped.py,10,ok,0.914844048,14.871001375,16.255231050,,15.170000000,16.582061208
script_3,gemini,base,python,data_visualization,01_scatter_trend_grouped,/home/romakrut/PycharmProjects/masters-thesis/task_equivalents/llm_translations/gemini/base/python/data_visualization/01_scatter_trend_grouped.py,11,ok,0.911586386,14.882066077,16.325458899,,15.180000000,16.652289057
script_3,gemini,base,python,data_visualization,01_scatter_trend_grouped,/home/romakrut/PycharmProjects/masters-thesis/task_equivalents/llm_translations/gemini/base/python/data_visualization/01_scatter_trend_grouped.py,12,ok,0.913113935,14.751566828,16.155231306,,15.050000000,16.482061464
script_3,gemini,base,python,data_visualization,01_scatter_trend_grouped,/home/romakrut/PycharmProjects/masters-thesis/task_equivalents/llm_translations/gemini/base/python/data_visualization/01_scatter_trend_grouped.py,13,ok,0.908038852,14.723225519,16.214312291,,15.020000000,16.541142449
script_3,gemini,base,python,data_visualization,01_scatter_trend_grouped,/home/romakrut/PycharmProjects/masters-thesis/task_equivalents/llm_translations/gemini/base/python/data_visualization/01_scatter_trend_grouped.py,14,ok,0.913373140,14.601482112,15.986327463,,14.900000000,16.313157621
script_3,gemini,base,python,data_visualization,01_scatter_trend_grouped,/home/romakrut/PycharmProjects/masters-thesis/task_equivalents/llm_translations/gemini/base/python/data_visualization/01_scatter_trend_grouped.py,15,ok,0.906049375,14.853875740,16.394112892,,15.150000000,16.720943050
script_3,gemini,base,python,data_visualization,01_scatter_trend_grouped,/home/romakrut/PycharmProjects/masters-thesis/task_equivalents/llm_translations/gemini/base/python/data_visualization/01_scatter_trend_grouped.py,16,ok,0.912776650,14.801677063,16.216099594,,15.100000000,16.542929752
script_3,gemini,base,python,data_visualization,01_scatter_trend_grouped,/home/romakrut/PycharmProjects/masters-thesis/task_equivalents/llm_translations/gemini/base/python/data_visualization/01_scatter_trend_grouped.py,17,ok,0.912179769,14.991872142,16.435216666,,15.290000000,16.762046824
script_3,gemini,base,python,data_visualization,01_scatter_trend_grouped,/home/romakrut/PycharmProjects/masters-thesis/task_equivalents/llm_translations/gemini/base/python/data_visualization/01_scatter_trend_grouped.py,18,ok,0.916443851,14.620478511,15.953490763,,14.920000000,16.280320921
script_3,gemini,base,python,data_visualization,01_scatter_trend_grouped,/home/romakrut/PycharmProjects/masters-thesis/task_equivalents/llm_translations/gemini/base/python/data_visualization/01_scatter_trend_grouped.py,19,ok,0.906703170,14.773662060,16.293824207,,15.070000000,16.620654365
script_3,gemini,base,python,data_visualization,01_scatter_trend_grouped,/home/romakrut/PycharmProjects/masters-thesis/task_equivalents/llm_translations/gemini/base/python/data_visualization/01_scatter_trend_grouped.py,20,ok,0.914814767,14.931010945,16.321348850,,15.230000000,16.648179008
script_3,gemini,base,python,data_visualization,01_scatter_trend_grouped,/home/romakrut/PycharmProjects/masters-thesis/task_equivalents/llm_translations/gemini/base/python/data_visualization/01_scatter_trend_grouped.py,21,ok,0.917444344,14.730151520,16.055635000,,15.030000000,16.382465158
script_3,gemini,base,python,data_visualization,01_scatter_trend_grouped,/home/romakrut/PycharmProjects/masters-thesis/task_equivalents/llm_translations/gemini/base/python/data_visualization/01_scatter_trend_grouped.py,22,ok,0.910671448,15.092365107,16.572788287,,15.390000000,16.899618445
script_3,gemini,base,python,data_visualization,01_scatter_trend_grouped,/home/romakrut/PycharmProjects/masters-thesis/task_equivalents/llm_translations/gemini/base/python/data_visualization/01_scatter_trend_grouped.py,23,ok,0.908186970,15.153177109,16.685085351,,15.450000000,17.011915509
script_3,gemini,base,python,data_visualization,01_scatter_trend_grouped,/home/romakrut/PycharmProjects/masters-thesis/task_equivalents/llm_translations/gemini/base/python/data_visualization/01_scatter_trend_grouped.py,24,ok,0.915926883,14.960647472,16.333888381,,15.260000000,16.660718539
script_3,gemini,base,python,data_visualization,01_scatter_trend_grouped,/home/romakrut/PycharmProjects/masters-thesis/task_equivalents/llm_translations/gemini/base/python/data_visualization/01_scatter_trend_grouped.py,25,ok,0.913886787,14.861314237,16.261657843,,15.160000000,16.588488001
script_3,gemini,base,python,data_visualization,01_scatter_trend_grouped,/home/romakrut/PycharmProjects/masters-thesis/task_equivalents/llm_translations/gemini/base/python/data_visualization/01_scatter_trend_grouped.py,26,ok,0.915318997,15.140846148,16.541605929,,15.440000000,16.868436087
script_3,gemini,base,python,data_visualization,01_scatter_trend_grouped,/home/romakrut/PycharmProjects/masters-thesis/task_equivalents/llm_translations/gemini/base/python/data_visualization/01_scatter_trend_grouped.py,27,ok,0.915196360,14.790886229,16.161434721,,15.090000000,16.488264879
script_3,gemini,base,python,data_visualization,01_scatter_trend_grouped,/home/romakrut/PycharmProjects/masters-thesis/task_equivalents/llm_translations/gemini/base/python/data_visualization/01_scatter_trend_grouped.py,28,ok,0.916470051,15.090469948,16.465862613,,15.390000000,16.792692771
script_3,gemini,base,python,data_visualization,01_scatter_trend_grouped,/home/romakrut/PycharmProjects/masters-thesis/task_equivalents/llm_translations/gemini/base/python/data_visualization/01_scatter_trend_grouped.py,29,ok,0.907995334,14.923239742,16.435370516,,15.220000000,16.762200674
script_3,gemini,base,python,data_visualization,01_scatter_trend_grouped,/home/romakrut/PycharmProjects/masters-thesis/task_equivalents/llm_translations/gemini/base/python/data_visualization/01_scatter_trend_grouped.py,30,ok,0.915368683,14.810829909,16.180179838,,15.110000000,16.507009996
script_8,gemini,base,python,statistical_modelling_analysis,02_logistic_regression_odds_ratios,/home/romakrut/PycharmProjects/masters-thesis/task_equivalents/llm_translations/gemini/base/python/statistical_modelling_analysis/02_logistic_regression_odds_ratios.py,1,ok,0.728016725,11.552062179,15.867852732,,11.790000000,16.194682890
script_8,gemini,base,python,statistical_modelling_analysis,02_logistic_regression_odds_ratios,/home/romakrut/PycharmProjects/masters-thesis/task_equivalents/llm_translations/gemini/base/python/statistical_modelling_analysis/02_logistic_regression_odds_ratios.py,2,ok,0.727275342,11.572304485,15.911861460,,11.810000000,16.238691618
script_8,gemini,base,python,statistical_modelling_analysis,02_logistic_regression_odds_ratios,/home/romakrut/PycharmProjects/masters-thesis/task_equivalents/llm_translations/gemini/base/python/statistical_modelling_analysis/02_logistic_regression_odds_ratios.py,3,ok,0.730490550,11.721253658,16.045729350,,11.960000000,16.372559508
script_8,gemini,base,python,statistical_modelling_analysis,02_logistic_regression_odds_ratios,/home/romakrut/PycharmProjects/masters-thesis/task_equivalents/llm_translations/gemini/base/python/statistical_modelling_analysis/02_logistic_regression_odds_ratios.py,4,ok,0.728277348,11.611976999,15.944443461,,11.850000000,16.271273619
script_8,gemini,base,python,statistical_modelling_analysis,02_logistic_regression_odds_ratios,/home/romakrut/PycharmProjects/masters-thesis/task_equivalents/llm_translations/gemini/base/python/statistical_modelling_analysis/02_logistic_regression_odds_ratios.py,5,ok,0.732594947,11.800565878,16.107899633,,12.040000000,16.434729791
script_8,gemini,base,python,statistical_modelling_analysis,02_logistic_regression_odds_ratios,/home/romakrut/PycharmProjects/masters-thesis/task_equivalents/llm_translations/gemini/base/python/statistical_modelling_analysis/02_logistic_regression_odds_ratios.py,6,ok,0.730302808,11.701315018,16.022552412,,11.940000000,16.349382570
script_8,gemini,base,python,statistical_modelling_analysis,02_logistic_regression_odds_ratios,/home/romakrut/PycharmProjects/masters-thesis/task_equivalents/llm_translations/gemini/base/python/statistical_modelling_analysis/02_logistic_regression_odds_ratios.py,7,ok,0.734807398,11.539842782,15.704581654,,11.780000000,16.031411812
script_8,gemini,base,python,statistical_modelling_analysis,02_logistic_regression_odds_ratios,/home/romakrut/PycharmProjects/masters-thesis/task_equivalents/llm_translations/gemini/base/python/statistical_modelling_analysis/02_logistic_regression_odds_ratios.py,8,ok,0.734715041,11.559872967,15.733818313,,11.800000000,16.060648471
script_8,gemini,base,python,statistical_modelling_analysis,02_logistic_regression_odds_ratios,/home/romakrut/PycharmProjects/masters-thesis/task_equivalents/llm_translations/gemini/base/python/statistical_modelling_analysis/02_logistic_regression_odds_ratios.py,9,ok,0.728945023,11.811758783,16.203908951,,12.050000000,16.530739109
script_8,gemini,base,python,statistical_modelling_analysis,02_logistic_regression_odds_ratios,/home/romakrut/PycharmProjects/masters-thesis/task_equivalents/llm_translations/gemini/base/python/statistical_modelling_analysis/02_logistic_regression_odds_ratios.py,10,ok,0.728514204,11.751899588,16.131325269,,11.990000000,16.458155427
script_8,gemini,base,python,statistical_modelling_analysis,02_logistic_regression_odds_ratios,/home/romakrut/PycharmProjects/masters-thesis/task_equivalents/llm_translations/gemini/base/python/statistical_modelling_analysis/02_logistic_regression_odds_ratios.py,11,ok,0.731575486,11.530899068,15.761735172,,11.770000000,16.088565330
script_8,gemini,base,python,statistical_modelling_analysis,02_logistic_regression_odds_ratios,/home/romakrut/PycharmProjects/masters-thesis/task_equivalents/llm_translations/gemini/base/python/statistical_modelling_analysis/02_logistic_regression_odds_ratios.py,12,ok,0.732890468,11.670469293,15.923892863,,11.910000000,16.250723021
script_8,gemini,base,python,statistical_modelling_analysis,02_logistic_regression_odds_ratios,/home/romakrut/PycharmProjects/masters-thesis/task_equivalents/llm_translations/gemini/base/python/statistical_modelling_analysis/02_logistic_regression_odds_ratios.py,13,ok,0.727480791,11.772237338,16.182196814,,12.010000000,16.509026972
script_8,gemini,base,python,statistical_modelling_analysis,02_logistic_regression_odds_ratios,/home/romakrut/PycharmProjects/masters-thesis/task_equivalents/llm_translations/gemini/base/python/statistical_modelling_analysis/02_logistic_regression_odds_ratios.py,14,ok,0.728655580,11.801853382,16.196751532,,12.040000000,16.523581690
script_8,gemini,base,python,statistical_modelling_analysis,02_logistic_regression_odds_ratios,/home/romakrut/PycharmProjects/masters-thesis/task_equivalents/llm_translations/gemini/base/python/statistical_modelling_analysis/02_logistic_regression_odds_ratios.py,15,ok,0.729116839,11.601702628,15.911993809,,11.840000000,16.238823967
script_8,gemini,base,python,statistical_modelling_analysis,02_logistic_regression_odds_ratios,/home/romakrut/PycharmProjects/masters-thesis/task_equivalents/llm_translations/gemini/base/python/statistical_modelling_analysis/02_logistic_regression_odds_ratios.py,16,ok,0.732240283,11.960681793,16.334367380,,12.200000000,16.661197538
script_8,gemini,base,python,statistical_modelling_analysis,02_logistic_regression_odds_ratios,/home/romakrut/PycharmProjects/masters-thesis/task_equivalents/llm_translations/gemini/base/python/statistical_modelling_analysis/02_logistic_regression_odds_ratios.py,17,ok,0.734253180,11.930023917,16.247834183,,12.170000000,16.574664341
script_8,gemini,base,python,statistical_modelling_analysis,02_logistic_regression_odds_ratios,/home/romakrut/PycharmProjects/masters-thesis/task_equivalents/llm_translations/gemini/base/python/statistical_modelling_analysis/02_logistic_regression_odds_ratios.py,18,ok,0.725975556,11.742729294,16.175102863,,11.980000000,16.501933021
script_8,gemini,base,python,statistical_modelling_analysis,02_logistic_regression_odds_ratios,/home/romakrut/PycharmProjects/masters-thesis/task_equivalents/llm_translations/gemini/base/python/statistical_modelling_analysis/02_logistic_regression_odds_ratios.py,19,ok,0.732794463,11.620500670,15.857789949,,11.860000000,16.184620107
script_8,gemini,base,python,statistical_modelling_analysis,02_logistic_regression_odds_ratios,/home/romakrut/PycharmProjects/masters-thesis/task_equivalents/llm_translations/gemini/base/python/statistical_modelling_analysis/02_logistic_regression_odds_ratios.py,20,ok,0.729267552,11.711653371,16.059474110,,11.950000000,16.386304268
script_8,gemini,base,python,statistical_modelling_analysis,02_logistic_regression_odds_ratios,/home/romakrut/PycharmProjects/masters-thesis/task_equivalents/llm_translations/gemini/base/python/statistical_modelling_analysis/02_logistic_regression_odds_ratios.py,21,ok,0.734218165,11.620035361,15.826406803,,11.860000000,16.153236961
script_8,gemini,base,python,statistical_modelling_analysis,02_logistic_regression_odds_ratios,/home/romakrut/PycharmProjects/masters-thesis/task_equivalents/llm_translations/gemini/base/python/statistical_modelling_analysis/02_logistic_regression_odds_ratios.py,22,ok,0.728946601,11.931758267,16.368494278,,12.170000000,16.695324436
script_8,gemini,base,python,statistical_modelling_analysis,02_logistic_regression_odds_ratios,/home/romakrut/PycharmProjects/masters-thesis/task_equivalents/llm_translations/gemini/base/python/statistical_modelling_analysis/02_logistic_regression_odds_ratios.py,23,ok,0.734756174,12.059859524,16.413417063,,12.300000000,16.740247221
script_8,gemini,base,python,statistical_modelling_analysis,02_logistic_regression_odds_ratios,/home/romakrut/PycharmProjects/masters-thesis/task_equivalents/llm_translations/gemini/base/python/statistical_modelling_analysis/02_logistic_regression_odds_ratios.py,24,ok,0.727150312,11.592345349,15.942158254,,11.830000000,16.268988412
script_8,gemini,base,python,statistical_modelling_analysis,02_logistic_regression_odds_ratios,/home/romakrut/PycharmProjects/masters-thesis/task_equivalents/llm_translations/gemini/base/python/statistical_modelling_analysis/02_logistic_regression_odds_ratios.py,25,ok,0.728260613,11.951982469,16.411683202,,12.190000000,16.738513360
script_8,gemini,base,python,statistical_modelling_analysis,02_logistic_regression_odds_ratios,/home/romakrut/PycharmProjects/masters-thesis/task_equivalents/llm_translations/gemini/base/python/statistical_modelling_analysis/02_logistic_regression_odds_ratios.py,26,ok,0.732350914,11.680645635,15.949520116,,11.920000000,16.276350274
script_8,gemini,base,python,statistical_modelling_analysis,02_logistic_regression_odds_ratios,/home/romakrut/PycharmProjects/masters-thesis/task_equivalents/llm_translations/gemini/base/python/statistical_modelling_analysis/02_logistic_regression_odds_ratios.py,27,ok,0.734062577,11.700086212,15.938813091,,11.940000000,16.265643249
script_8,gemini,base,python,statistical_modelling_analysis,02_logistic_regression_odds_ratios,/home/romakrut/PycharmProjects/masters-thesis/task_equivalents/llm_translations/gemini/base/python/statistical_modelling_analysis/02_logistic_regression_odds_ratios.py,28,ok,0.732152958,11.680710333,15.953920838,,11.920000000,16.280750996
script_8,gemini,base,python,statistical_modelling_analysis,02_logistic_regression_odds_ratios,/home/romakrut/PycharmProjects/masters-thesis/task_equivalents/llm_translations/gemini/base/python/statistical_modelling_analysis/02_logistic_regression_odds_ratios.py,29,ok,0.727861946,11.952112765,16.420851277,,12.190000000,16.747681435
script_8,gemini,base,python,statistical_modelling_analysis,02_logistic_regression_odds_ratios,/home/romakrut/PycharmProjects/masters-thesis/task_equivalents/llm_translations/gemini/base/python/statistical_modelling_analysis/02_logistic_regression_odds_ratios.py,30,ok,0.731045634,11.911072240,16.293199338,,12.150000000,16.620029496
script_98,starcoder,base,python,data_manipulation_preprocessing,02_merge_aggregate_reshape,/home/romakrut/PycharmProjects/masters-thesis/task_equivalents/llm_translations/starcoder/base/python/data_manipulation_preprocessing/02_merge_aggregate_reshape.py,1,ok,0.612784036,9.859723697,16.090046603,,10.060000000,16.416876761
script_98,starcoder,base,python,data_manipulation_preprocessing,02_merge_aggregate_reshape,/home/romakrut/PycharmProjects/masters-thesis/task_equivalents/llm_translations/starcoder/base/python/data_manipulation_preprocessing/02_merge_aggregate_reshape.py,2,ok,0.614112375,9.649289555,15.712579567,,9.850000000,16.039409725
script_98,starcoder,base,python,data_manipulation_preprocessing,02_merge_aggregate_reshape,/home/romakrut/PycharmProjects/masters-thesis/task_equivalents/llm_translations/starcoder/base/python/data_manipulation_preprocessing/02_merge_aggregate_reshape.py,3,ok,0.614726315,9.799088901,15.940571702,,10.000000000,16.267401860
script_98,starcoder,base,python,data_manipulation_preprocessing,02_merge_aggregate_reshape,/home/romakrut/PycharmProjects/masters-thesis/task_equivalents/llm_translations/starcoder/base/python/data_manipulation_preprocessing/02_merge_aggregate_reshape.py,4,ok,0.612909502,9.639682691,15.727742284,,9.840000000,16.054572442
script_98,starcoder,base,python,data_manipulation_preprocessing,02_merge_aggregate_reshape,/home/romakrut/PycharmProjects/masters-thesis/task_equivalents/llm_translations/starcoder/base/python/data_manipulation_preprocessing/02_merge_aggregate_reshape.py,5,ok,0.617149267,9.888297008,16.022537069,,10.090000000,16.349367227
script_98,starcoder,base,python,data_manipulation_preprocessing,02_merge_aggregate_reshape,/home/romakrut/PycharmProjects/masters-thesis/task_equivalents/llm_translations/starcoder/base/python/data_manipulation_preprocessing/02_merge_aggregate_reshape.py,6,ok,0.616415747,9.708536744,15.749981715,,9.910000000,16.076811873
script_98,starcoder,base,python,data_manipulation_preprocessing,02_merge_aggregate_reshape,/home/romakrut/PycharmProjects/masters-thesis/task_equivalents/llm_translations/starcoder/base/python/data_manipulation_preprocessing/02_merge_aggregate_reshape.py,7,ok,0.614108371,9.919290864,16.152345958,,10.120000000,16.479176116
script_98,starcoder,base,python,data_manipulation_preprocessing,02_merge_aggregate_reshape,/home/romakrut/PycharmProjects/masters-thesis/task_equivalents/llm_translations/starcoder/base/python/data_manipulation_preprocessing/02_merge_aggregate_reshape.py,8,ok,0.616016413,10.018667258,16.263636889,,10.220000000,16.590467047
script_98,starcoder,base,python,data_manipulation_preprocessing,02_merge_aggregate_reshape,/home/romakrut/PycharmProjects/masters-thesis/task_equivalents/llm_translations/starcoder/base/python/data_manipulation_preprocessing/02_merge_aggregate_reshape.py,9,ok,0.616339253,9.818561745,15.930450149,,10.020000000,16.257280307
script_98,starcoder,base,python,data_manipulation_preprocessing,02_merge_aggregate_reshape,/home/romakrut/PycharmProjects/masters-thesis/task_equivalents/llm_translations/starcoder/base/python/data_manipulation_preprocessing/02_merge_aggregate_reshape.py,10,ok,0.616610809,9.768472992,15.842202001,,9.970000000,16.169032159
script_98,starcoder,base,python,data_manipulation_preprocessing,02_merge_aggregate_reshape,/home/romakrut/PycharmProjects/masters-thesis/task_equivalents/llm_translations/starcoder/base/python/data_manipulation_preprocessing/02_merge_aggregate_reshape.py,11,ok,0.615210762,9.708930569,15.781470626,,9.910000000,16.108300784
script_98,starcoder,base,python,data_manipulation_preprocessing,02_merge_aggregate_reshape,/home/romakrut/PycharmProjects/masters-thesis/task_equivalents/llm_translations/starcoder/base/python/data_manipulation_preprocessing/02_merge_aggregate_reshape.py,12,ok,0.614232574,9.779250271,15.921087036,,9.980000000,16.247917194
script_98,starcoder,base,python,data_manipulation_preprocessing,02_merge_aggregate_reshape,/home/romakrut/PycharmProjects/masters-thesis/task_equivalents/llm_translations/starcoder/base/python/data_manipulation_preprocessing/02_merge_aggregate_reshape.py,13,ok,0.614520170,9.769156276,15.897210137,,9.970000000,16.224040295
script_98,starcoder,base,python,data_manipulation_preprocessing,02_merge_aggregate_reshape,/home/romakrut/PycharmProjects/masters-thesis/task_equivalents/llm_translations/starcoder/base/python/data_manipulation_preprocessing/02_merge_aggregate_reshape.py,14,ok,0.617537393,9.818170156,15.898907933,,10.020000000,16.225738091
script_98,starcoder,base,python,data_manipulation_preprocessing,02_merge_aggregate_reshape,/home/romakrut/PycharmProjects/masters-thesis/task_equivalents/llm_translations/starcoder/base/python/data_manipulation_preprocessing/02_merge_aggregate_reshape.py,15,ok,0.615068150,9.788977179,15.915272445,,9.990000000,16.242102603
script_98,starcoder,base,python,data_manipulation_preprocessing,02_merge_aggregate_reshape,/home/romakrut/PycharmProjects/masters-thesis/task_equivalents/llm_translations/starcoder/base/python/data_manipulation_preprocessing/02_merge_aggregate_reshape.py,16,ok,0.616203887,9.858605986,15.998935083,,10.060000000,16.325765241
script_98,starcoder,base,python,data_manipulation_preprocessing,02_merge_aggregate_reshape,/home/romakrut/PycharmProjects/masters-thesis/task_equivalents/llm_translations/starcoder/base/python/data_manipulation_preprocessing/02_merge_aggregate_reshape.py,17,ok,0.615317673,9.948895628,16.168714250,,10.150000000,16.495544408
script_98,starcoder,base,python,data_manipulation_preprocessing,02_merge_aggregate_reshape,/home/romakrut/PycharmProjects/masters-thesis/task_equivalents/llm_translations/starcoder/base/python/data_manipulation_preprocessing/02_merge_aggregate_reshape.py,18,ok,0.612683707,9.719756487,15.864232027,,9.920000000,16.191062185
script_98,starcoder,base,python,data_manipulation_preprocessing,02_merge_aggregate_reshape,/home/romakrut/PycharmProjects/masters-thesis/task_equivalents/llm_translations/starcoder/base/python/data_manipulation_preprocessing/02_merge_aggregate_reshape.py,19,ok,0.616697552,9.848444642,15.969650941,,10.050000000,16.296481099
script_98,starcoder,base,python,data_manipulation_preprocessing,02_merge_aggregate_reshape,/home/romakrut/PycharmProjects/masters-thesis/task_equivalents/llm_translations/starcoder/base/python/data_manipulation_preprocessing/02_merge_aggregate_reshape.py,20,ok,0.617431125,10.028204888,16.241819503,,10.230000000,16.568649661
script_98,starcoder,base,python,data_manipulation_preprocessing,02_merge_aggregate_reshape,/home/romakrut/PycharmProjects/masters-thesis/task_equivalents/llm_translations/starcoder/base/python/data_manipulation_preprocessing/02_merge_aggregate_reshape.py,21,ok,0.617400654,9.838214847,15.934895409,,10.040000000,16.261725567
script_98,starcoder,base,python,data_manipulation_preprocessing,02_merge_aggregate_reshape,/home/romakrut/PycharmProjects/masters-thesis/task_equivalents/llm_translations/starcoder/base/python/data_manipulation_preprocessing/02_merge_aggregate_reshape.py,22,ok,0.615250078,10.008917720,16.268047868,,10.210000000,16.594878026
script_98,starcoder,base,python,data_manipulation_preprocessing,02_merge_aggregate_reshape,/home/romakrut/PycharmProjects/masters-thesis/task_equivalents/llm_translations/starcoder/base/python/data_manipulation_preprocessing/02_merge_aggregate_reshape.py,23,ok,0.615167887,10.068944582,16.367799417,,10.270000000,16.694629575
script_98,starcoder,base,python,data_manipulation_preprocessing,02_merge_aggregate_reshape,/home/romakrut/PycharmProjects/masters-thesis/task_equivalents/llm_translations/starcoder/base/python/data_manipulation_preprocessing/02_merge_aggregate_reshape.py,24,ok,0.616039516,9.978659708,16.198083805,,10.180000000,16.524913963
script_98,starcoder,base,python,data_manipulation_preprocessing,02_merge_aggregate_reshape,/home/romakrut/PycharmProjects/masters-thesis/task_equivalents/llm_translations/starcoder/base/python/data_manipulation_preprocessing/02_merge_aggregate_reshape.py,25,ok,0.614760625,9.799077688,15.939663813,,10.000000000,16.266493971
script_98,starcoder,base,python,data_manipulation_preprocessing,02_merge_aggregate_reshape,/home/romakrut/PycharmProjects/masters-thesis/task_equivalents/llm_translations/starcoder/base/python/data_manipulation_preprocessing/02_merge_aggregate_reshape.py,26,ok,0.616671988,10.108452997,16.391944491,,10.310000000,16.718774649
script_98,starcoder,base,python,data_manipulation_preprocessing,02_merge_aggregate_reshape,/home/romakrut/PycharmProjects/masters-thesis/task_equivalents/llm_translations/starcoder/base/python/data_manipulation_preprocessing/02_merge_aggregate_reshape.py,27,ok,0.617578270,10.198156796,16.513140588,,10.400000000,16.839970746
script_98,starcoder,base,python,data_manipulation_preprocessing,02_merge_aggregate_reshape,/home/romakrut/PycharmProjects/masters-thesis/task_equivalents/llm_translations/starcoder/base/python/data_manipulation_preprocessing/02_merge_aggregate_reshape.py,28,ok,0.618358842,9.947901682,16.087587023,,10.150000000,16.414417181
script_98,starcoder,base,python,data_manipulation_preprocessing,02_merge_aggregate_reshape,/home/romakrut/PycharmProjects/masters-thesis/task_equivalents/llm_translations/starcoder/base/python/data_manipulation_preprocessing/02_merge_aggregate_reshape.py,29,ok,0.616298994,10.038574902,16.288481727,,10.240000000,16.615311885
script_98,starcoder,base,python,data_manipulation_preprocessing,02_merge_aggregate_reshape,/home/romakrut/PycharmProjects/masters-thesis/task_equivalents/llm_translations/starcoder/base/python/data_manipulation_preprocessing/02_merge_aggregate_reshape.py,30,ok,0.616126474,10.068631287,16.341825440,,10.270000000,16.668655598
script_41,gpt,base,r,data_manipulation_preprocessing,01_impute_encode_scale,/home/romakrut/PycharmProjects/masters-thesis/task_equivalents/llm_translations/gpt/base/r/data_manipulation_preprocessing/01_impute_encode_scale.R,1,ok,0.423708728,7.131519209,16.831183165,,7.270000000,17.158013323
script_41,gpt,base,r,data_manipulation_preprocessing,01_impute_encode_scale,/home/romakrut/PycharmProjects/masters-thesis/task_equivalents/llm_translations/gpt/base/r/data_manipulation_preprocessing/01_impute_encode_scale.R,2,ok,0.434010511,7.108152276,16.377834398,,7.250000000,16.704664556
script_41,gpt,base,r,data_manipulation_preprocessing,01_impute_encode_scale,/home/romakrut/PycharmProjects/masters-thesis/task_equivalents/llm_translations/gpt/base/r/data_manipulation_preprocessing/01_impute_encode_scale.R,3,ok,0.423189045,6.991689058,16.521432065,,7.130000000,16.848262223
script_41,gpt,base,r,data_manipulation_preprocessing,01_impute_encode_scale,/home/romakrut/PycharmProjects/masters-thesis/task_equivalents/llm_translations/gpt/base/r/data_manipulation_preprocessing/01_impute_encode_scale.R,4,ok,0.412823776,6.845076740,16.581110726,,6.980000000,16.907940884
script_41,gpt,base,r,data_manipulation_preprocessing,01_impute_encode_scale,/home/romakrut/PycharmProjects/masters-thesis/task_equivalents/llm_translations/gpt/base/r/data_manipulation_preprocessing/01_impute_encode_scale.R,5,ok,0.423726980,6.981513244,16.476442553,,7.120000000,16.803272711
script_41,gpt,base,r,data_manipulation_preprocessing,01_impute_encode_scale,/home/romakrut/PycharmProjects/masters-thesis/task_equivalents/llm_translations/gpt/base/r/data_manipulation_preprocessing/01_impute_encode_scale.R,6,ok,0.414768304,7.024441210,16.935819690,,7.160000000,17.262649848
script_41,gpt,base,r,data_manipulation_preprocessing,01_impute_encode_scale,/home/romakrut/PycharmProjects/masters-thesis/task_equivalents/llm_translations/gpt/base/r/data_manipulation_preprocessing/01_impute_encode_scale.R,7,ok,0.412422430,6.915207912,16.767293457,,7.050000000,17.094123615
script_41,gpt,base,r,data_manipulation_preprocessing,01_impute_encode_scale,/home/romakrut/PycharmProjects/masters-thesis/task_equivalents/llm_translations/gpt/base/r/data_manipulation_preprocessing/01_impute_encode_scale.R,8,ok,0.419944682,7.282749413,17.342163683,,7.420000000,17.668993841
script_41,gpt,base,r,data_manipulation_preprocessing,01_impute_encode_scale,/home/romakrut/PycharmProjects/masters-thesis/task_equivalents/llm_translations/gpt/base/r/data_manipulation_preprocessing/01_impute_encode_scale.R,9,ok,0.424268776,7.051336169,16.619974337,,7.190000000,16.946804495
script_41,gpt,base,r,data_manipulation_preprocessing,01_impute_encode_scale,/home/romakrut/PycharmProjects/masters-thesis/task_equivalents/llm_translations/gpt/base/r/data_manipulation_preprocessing/01_impute_encode_scale.R,10,ok,0.423524330,7.051579476,16.649762426,,7.190000000,16.976592584
script_41,gpt,base,r,data_manipulation_preprocessing,01_impute_encode_scale,/home/romakrut/PycharmProjects/masters-thesis/task_equivalents/llm_translations/gpt/base/r/data_manipulation_preprocessing/01_impute_encode_scale.R,11,ok,0.415323446,6.964259773,16.768279854,,7.100000000,17.095110012
script_41,gpt,base,r,data_manipulation_preprocessing,01_impute_encode_scale,/home/romakrut/PycharmProjects/masters-thesis/task_equivalents/llm_translations/gpt/base/r/data_manipulation_preprocessing/01_impute_encode_scale.R,12,ok,0.413917185,7.144719381,17.261229154,,7.280000000,17.588059312
script_41,gpt,base,r,data_manipulation_preprocessing,01_impute_encode_scale,/home/romakrut/PycharmProjects/masters-thesis/task_equivalents/llm_translations/gpt/base/r/data_manipulation_preprocessing/01_impute_encode_scale.R,13,ok,0.415556283,7.054183674,16.975278591,,7.190000000,17.302108749
script_41,gpt,base,r,data_manipulation_preprocessing,01_impute_encode_scale,/home/romakrut/PycharmProjects/masters-thesis/task_equivalents/llm_translations/gpt/base/r/data_manipulation_preprocessing/01_impute_encode_scale.R,14,ok,0.421488050,7.052244994,16.731779214,,7.190000000,17.058609372
script_41,gpt,base,r,data_manipulation_preprocessing,01_impute_encode_scale,/home/romakrut/PycharmProjects/masters-thesis/task_equivalents/llm_translations/gpt/base/r/data_manipulation_preprocessing/01_impute_encode_scale.R,15,ok,0.425088433,7.011068280,16.493199382,,7.150000000,16.820029540
script_41,gpt,base,r,data_manipulation_preprocessing,01_impute_encode_scale,/home/romakrut/PycharmProjects/masters-thesis/task_equivalents/llm_translations/gpt/base/r/data_manipulation_preprocessing/01_impute_encode_scale.R,16,ok,0.424454780,7.221275377,17.013061738,,7.360000000,17.339891896
script_41,gpt,base,r,data_manipulation_preprocessing,01_impute_encode_scale,/home/romakrut/PycharmProjects/masters-thesis/task_equivalents/llm_translations/gpt/base/r/data_manipulation_preprocessing/01_impute_encode_scale.R,17,ok,0.425086388,7.091068949,16.681477339,,7.230000000,17.008307497
script_41,gpt,base,r,data_manipulation_preprocessing,01_impute_encode_scale,/home/romakrut/PycharmProjects/masters-thesis/task_equivalents/llm_translations/gpt/base/r/data_manipulation_preprocessing/01_impute_encode_scale.R,18,ok,0.413329967,7.034911302,17.020085315,,7.170000000,17.346915473
script_41,gpt,base,r,data_manipulation_preprocessing,01_impute_encode_scale,/home/romakrut/PycharmProjects/masters-thesis/task_equivalents/llm_translations/gpt/base/r/data_manipulation_preprocessing/01_impute_encode_scale.R,19,ok,0.423689665,6.961525440,16.430718082,,7.100000000,16.757548240
script_41,gpt,base,r,data_manipulation_preprocessing,01_impute_encode_scale,/home/romakrut/PycharmProjects/masters-thesis/task_equivalents/llm_translations/gpt/base/r/data_manipulation_preprocessing/01_impute_encode_scale.R,20,ok,0.424762396,7.121174839,16.765078326,,7.260000000,17.091908484
script_41,gpt,base,r,data_manipulation_preprocessing,01_impute_encode_scale,/home/romakrut/PycharmProjects/masters-thesis/task_equivalents/llm_translations/gpt/base/r/data_manipulation_preprocessing/01_impute_encode_scale.R,21,ok,0.413811234,7.044754009,17.024076270,,7.180000000,17.350906428
script_41,gpt,base,r,data_manipulation_preprocessing,01_impute_encode_scale,/home/romakrut/PycharmProjects/masters-thesis/task_equivalents/llm_translations/gpt/base/r/data_manipulation_preprocessing/01_impute_encode_scale.R,22,ok,0.423948749,7.041440763,16.609179246,,7.180000000,16.936009404
script_41,gpt,base,r,data_manipulation_preprocessing,01_impute_encode_scale,/home/romakrut/PycharmProjects/masters-thesis/task_equivalents/llm_translations/gpt/base/r/data_manipulation_preprocessing/01_impute_encode_scale.R,23,ok,0.415197788,6.984300841,16.821623436,,7.120000000,17.148453594
script_41,gpt,base,r,data_manipulation_preprocessing,01_impute_encode_scale,/home/romakrut/PycharmProjects/masters-thesis/task_equivalents/llm_translations/gpt/base/r/data_manipulation_preprocessing/01_impute_encode_scale.R,24,ok,0.415770425,7.214113686,17.351194920,,7.350000000,17.678025078
script_41,gpt,base,r,data_manipulation_preprocessing,01_impute_encode_scale,/home/romakrut/PycharmProjects/masters-thesis/task_equivalents/llm_translations/gpt/base/r/data_manipulation_preprocessing/01_impute_encode_scale.R,25,ok,0.412936985,7.005039740,16.963943639,,7.140000000,17.290773797
script_41,gpt,base,r,data_manipulation_preprocessing,01_impute_encode_scale,/home/romakrut/PycharmProjects/masters-thesis/task_equivalents/llm_translations/gpt/base/r/data_manipulation_preprocessing/01_impute_encode_scale.R,26,ok,0.412553229,6.985165163,16.931548881,,7.120000000,17.258379039
script_41,gpt,base,r,data_manipulation_preprocessing,01_impute_encode_scale,/home/romakrut/PycharmProjects/masters-thesis/task_equivalents/llm_translations/gpt/base/r/data_manipulation_preprocessing/01_impute_encode_scale.R,27,ok,0.411798433,7.005411853,17.011749661,,7.140000000,17.338579819
script_41,gpt,base,r,data_manipulation_preprocessing,01_impute_encode_scale,/home/romakrut/PycharmProjects/masters-thesis/task_equivalents/llm_translations/gpt/base/r/data_manipulation_preprocessing/01_impute_encode_scale.R,28,ok,0.426810512,7.330505453,17.175081791,,7.470000000,17.501911949
script_41,gpt,base,r,data_manipulation_preprocessing,01_impute_encode_scale,/home/romakrut/PycharmProjects/masters-thesis/task_equivalents/llm_translations/gpt/base/r/data_manipulation_preprocessing/01_impute_encode_scale.R,29,ok,0.423092592,7.051720581,16.667085916,,7.190000000,16.993916074
script_41,gpt,base,r,data_manipulation_preprocessing,01_impute_encode_scale,/home/romakrut/PycharmProjects/masters-thesis/task_equivalents/llm_translations/gpt/base/r/data_manipulation_preprocessing/01_impute_encode_scale.R,30,ok,0.423320041,7.001646244,16.539841174,,7.140000000,16.866671332
script_32,gemini,optimized,r,statistical_modelling_analysis,02_logistic_regression_odds_ratios,/home/romakrut/PycharmProjects/masters-thesis/task_equivalents/llm_translations/gemini/optimized/r/statistical_modelling_analysis/02_logistic_regression_odds_ratios.R,1,ok,0.088528927,1.521066077,17.181571361,,1.550000000,17.508401519
script_32,gemini,optimized,r,statistical_modelling_analysis,02_logistic_regression_odds_ratios,/home/romakrut/PycharmProjects/masters-thesis/task_equivalents/llm_translations/gemini/optimized/r/statistical_modelling_analysis/02_logistic_regression_odds_ratios.R,2,ok,0.089950102,1.450601594,16.126736509,,1.480000000,16.453566667
script_32,gemini,optimized,r,statistical_modelling_analysis,02_logistic_regression_odds_ratios,/home/romakrut/PycharmProjects/masters-thesis/task_equivalents/llm_translations/gemini/optimized/r/statistical_modelling_analysis/02_logistic_regression_odds_ratios.R,3,ok,0.090316745,1.490481764,16.502828617,,1.520000000,16.829658775
script_32,gemini,optimized,r,statistical_modelling_analysis,02_logistic_regression_odds_ratios,/home/romakrut/PycharmProjects/masters-thesis/task_equivalents/llm_translations/gemini/optimized/r/statistical_modelling_analysis/02_logistic_regression_odds_ratios.R,4,ok,0.090213025,1.440515663,15.967934373,,1.470000000,16.294764531
script_32,gemini,optimized,r,statistical_modelling_analysis,02_logistic_regression_odds_ratios,/home/romakrut/PycharmProjects/masters-thesis/task_equivalents/llm_translations/gemini/optimized/r/statistical_modelling_analysis/02_logistic_regression_odds_ratios.R,5,ok,0.089260878,1.430826853,16.029719685,,1.460000000,16.356549843
script_32,gemini,optimized,r,statistical_modelling_analysis,02_logistic_regression_odds_ratios,/home/romakrut/PycharmProjects/masters-thesis/task_equivalents/llm_translations/gemini/optimized/r/statistical_modelling_analysis/02_logistic_regression_odds_ratios.R,6,ok,0.088921336,1.420937826,15.979717463,,1.450000000,16.306547621
script_32,gemini,optimized,r,statistical_modelling_analysis,02_logistic_regression_odds_ratios,/home/romakrut/PycharmProjects/masters-thesis/task_equivalents/llm_translations/gemini/optimized/r/statistical_modelling_analysis/02_logistic_regression_odds_ratios.R,7,ok,0.089788714,1.390654340,15.488075043,,1.420000000,15.814905201
script_32,gemini,optimized,r,statistical_modelling_analysis,02_logistic_regression_odds_ratios,/home/romakrut/PycharmProjects/masters-thesis/task_equivalents/llm_translations/gemini/optimized/r/statistical_modelling_analysis/02_logistic_regression_odds_ratios.R,8,ok,0.089319514,1.410807689,15.795066788,,1.440000000,16.121896946
script_32,gemini,optimized,r,statistical_modelling_analysis,02_logistic_regression_odds_ratios,/home/romakrut/PycharmProjects/masters-thesis/task_equivalents/llm_translations/gemini/optimized/r/statistical_modelling_analysis/02_logistic_regression_odds_ratios.R,9,ok,0.089968280,1.430595653,15.901111512,,1.460000000,16.227941670
script_32,gemini,optimized,r,statistical_modelling_analysis,02_logistic_regression_odds_ratios,/home/romakrut/PycharmProjects/masters-thesis/task_equivalents/llm_translations/gemini/optimized/r/statistical_modelling_analysis/02_logistic_regression_odds_ratios.R,10,ok,0.090287360,1.430491368,15.843761163,,1.460000000,16.170591321
script_32,gemini,optimized,r,statistical_modelling_analysis,02_logistic_regression_odds_ratios,/home/romakrut/PycharmProjects/masters-thesis/task_equivalents/llm_translations/gemini/optimized/r/statistical_modelling_analysis/02_logistic_regression_odds_ratios.R,11,ok,0.095061285,1.548931105,16.294026587,,1.580000000,16.620856745
script_32,gemini,optimized,r,statistical_modelling_analysis,02_logistic_regression_odds_ratios,/home/romakrut/PycharmProjects/masters-thesis/task_equivalents/llm_translations/gemini/optimized/r/statistical_modelling_analysis/02_logistic_regression_odds_ratios.R,12,ok,0.090686521,1.420360910,15.662315572,,1.450000000,15.989145730
script_32,gemini,optimized,r,statistical_modelling_analysis,02_logistic_regression_odds_ratios,/home/romakrut/PycharmProjects/masters-thesis/task_equivalents/llm_translations/gemini/optimized/r/statistical_modelling_analysis/02_logistic_regression_odds_ratios.R,13,ok,0.090870442,1.490300799,16.400281173,,1.520000000,16.727111331
script_32,gemini,optimized,r,statistical_modelling_analysis,02_logistic_regression_odds_ratios,/home/romakrut/PycharmProjects/masters-thesis/task_equivalents/llm_translations/gemini/optimized/r/statistical_modelling_analysis/02_logistic_regression_odds_ratios.R,14,ok,0.090457993,1.450435600,16.034355304,,1.480000000,16.361185462
script_32,gemini,optimized,r,statistical_modelling_analysis,02_logistic_regression_odds_ratios,/home/romakrut/PycharmProjects/masters-thesis/task_equivalents/llm_translations/gemini/optimized/r/statistical_modelling_analysis/02_logistic_regression_odds_ratios.R,15,ok,0.090600022,1.460389180,16.119081963,,1.490000000,16.445912121
script_32,gemini,optimized,r,statistical_modelling_analysis,02_logistic_regression_odds_ratios,/home/romakrut/PycharmProjects/masters-thesis/task_equivalents/llm_translations/gemini/optimized/r/statistical_modelling_analysis/02_logistic_regression_odds_ratios.R,16,ok,0.089689359,1.470686813,16.397561863,,1.500000000,16.724392021
script_32,gemini,optimized,r,statistical_modelling_analysis,02_logistic_regression_odds_ratios,/home/romakrut/PycharmProjects/masters-thesis/task_equivalents/llm_translations/gemini/optimized/r/statistical_modelling_analysis/02_logistic_regression_odds_ratios.R,17,ok,0.090227206,1.430511028,15.854542010,,1.460000000,16.181372168
script_32,gemini,optimized,r,statistical_modelling_analysis,02_logistic_regression_odds_ratios,/home/romakrut/PycharmProjects/masters-thesis/task_equivalents/llm_translations/gemini/optimized/r/statistical_modelling_analysis/02_logistic_regression_odds_ratios.R,18,ok,0.090256240,1.450501539,16.070928047,,1.480000000,16.397758205
script_32,gemini,optimized,r,statistical_modelling_analysis,02_logistic_regression_odds_ratios,/home/romakrut/PycharmProjects/masters-thesis/task_equivalents/llm_translations/gemini/optimized/r/statistical_modelling_analysis/02_logistic_regression_odds_ratios.R,19,ok,0.090212086,1.470515970,16.300653658,,1.500000000,16.627483816
script_32,gemini,optimized,r,statistical_modelling_analysis,02_logistic_regression_odds_ratios,/home/romakrut/PycharmProjects/masters-thesis/task_equivalents/llm_translations/gemini/optimized/r/statistical_modelling_analysis/02_logistic_regression_odds_ratios.R,20,ok,0.090539166,1.440409070,15.909237225,,1.470000000,16.236067383
script_32,gemini,optimized,r,statistical_modelling_analysis,02_logistic_regression_odds_ratios,/home/romakrut/PycharmProjects/masters-thesis/task_equivalents/llm_translations/gemini/optimized/r/statistical_modelling_analysis/02_logistic_regression_odds_ratios.R,21,ok,0.090447993,1.500438868,16.588968073,,1.530000000,16.915798231
script_32,gemini,optimized,r,statistical_modelling_analysis,02_logistic_regression_odds_ratios,/home/romakrut/PycharmProjects/masters-thesis/task_equivalents/llm_translations/gemini/optimized/r/statistical_modelling_analysis/02_logistic_regression_odds_ratios.R,22,ok,0.089895101,1.460619570,16.248044150,,1.490000000,16.574874308
script_32,gemini,optimized,r,statistical_modelling_analysis,02_logistic_regression_odds_ratios,/home/romakrut/PycharmProjects/masters-thesis/task_equivalents/llm_translations/gemini/optimized/r/statistical_modelling_analysis/02_logistic_regression_odds_ratios.R,23,ok,0.090119956,1.460546081,16.206688789,,1.490000000,16.533518947
script_32,gemini,optimized,r,statistical_modelling_analysis,02_logistic_regression_odds_ratios,/home/romakrut/PycharmProjects/masters-thesis/task_equivalents/llm_translations/gemini/optimized/r/statistical_modelling_analysis/02_logistic_regression_odds_ratios.R,24,ok,0.090074489,1.490560941,16.548092108,,1.520000000,16.874922266
script_32,gemini,optimized,r,statistical_modelling_analysis,02_logistic_regression_odds_ratios,/home/romakrut/PycharmProjects/masters-thesis/task_equivalents/llm_translations/gemini/optimized/r/statistical_modelling_analysis/02_logistic_regression_odds_ratios.R,25,ok,0.090244711,1.450505307,16.073022904,,1.480000000,16.399853062
script_32,gemini,optimized,r,statistical_modelling_analysis,02_logistic_regression_odds_ratios,/home/romakrut/PycharmProjects/masters-thesis/task_equivalents/llm_translations/gemini/optimized/r/statistical_modelling_analysis/02_logistic_regression_odds_ratios.R,26,ok,0.089187151,1.500850949,16.828107328,,1.530000000,17.154937486
script_32,gemini,optimized,r,statistical_modelling_analysis,02_logistic_regression_odds_ratios,/home/romakrut/PycharmProjects/masters-thesis/task_equivalents/llm_translations/gemini/optimized/r/statistical_modelling_analysis/02_logistic_regression_odds_ratios.R,27,ok,0.089321672,1.450806984,16.242496937,,1.480000000,16.569327095
script_32,gemini,optimized,r,statistical_modelling_analysis,02_logistic_regression_odds_ratios,/home/romakrut/PycharmProjects/masters-thesis/task_equivalents/llm_translations/gemini/optimized/r/statistical_modelling_analysis/02_logistic_regression_odds_ratios.R,28,ok,0.090170861,1.460529443,16.197354967,,1.490000000,16.524185125
script_32,gemini,optimized,r,statistical_modelling_analysis,02_logistic_regression_odds_ratios,/home/romakrut/PycharmProjects/masters-thesis/task_equivalents/llm_translations/gemini/optimized/r/statistical_modelling_analysis/02_logistic_regression_odds_ratios.R,29,ok,0.090269268,1.420497281,15.736222441,,1.450000000,16.063052599
script_32,gemini,optimized,r,statistical_modelling_analysis,02_logistic_regression_odds_ratios,/home/romakrut/PycharmProjects/masters-thesis/task_equivalents/llm_translations/gemini/optimized/r/statistical_modelling_analysis/02_logistic_regression_odds_ratios.R,30,ok,0.090361061,1.440467280,15.941239116,,1.470000000,16.268069274
script_26,gemini,optimized,r,data_manipulation_preprocessing,02_merge_aggregate_reshape,/home/romakrut/PycharmProjects/masters-thesis/task_equivalents/llm_translations/gemini/optimized/r/data_manipulation_preprocessing/02_merge_aggregate_reshape.R,1,ok,0.079985729,1.393858252,17.426336785,,1.420000000,17.753166943
script_26,gemini,optimized,r,data_manipulation_preprocessing,02_merge_aggregate_reshape,/home/romakrut/PycharmProjects/masters-thesis/task_equivalents/llm_translations/gemini/optimized/r/data_manipulation_preprocessing/02_merge_aggregate_reshape.R,2,ok,0.080637971,1.263645079,15.670596166,,1.290000000,15.997426324
script_26,gemini,optimized,r,data_manipulation_preprocessing,02_merge_aggregate_reshape,/home/romakrut/PycharmProjects/masters-thesis/task_equivalents/llm_translations/gemini/optimized/r/data_manipulation_preprocessing/02_merge_aggregate_reshape.R,3,ok,0.081502787,1.293362431,15.868935025,,1.320000000,16.195765183
script_26,gemini,optimized,r,data_manipulation_preprocessing,02_merge_aggregate_reshape,/home/romakrut/PycharmProjects/masters-thesis/task_equivalents/llm_translations/gemini/optimized/r/data_manipulation_preprocessing/02_merge_aggregate_reshape.R,4,ok,0.081180481,1.283467771,15.810053781,,1.310000000,16.136883939
script_26,gemini,optimized,r,data_manipulation_preprocessing,02_merge_aggregate_reshape,/home/romakrut/PycharmProjects/masters-thesis/task_equivalents/llm_translations/gemini/optimized/r/data_manipulation_preprocessing/02_merge_aggregate_reshape.R,5,ok,0.080857211,1.303573425,16.121919231,,1.330000000,16.448749389
script_26,gemini,optimized,r,data_manipulation_preprocessing,02_merge_aggregate_reshape,/home/romakrut/PycharmProjects/masters-thesis/task_equivalents/llm_translations/gemini/optimized/r/data_manipulation_preprocessing/02_merge_aggregate_reshape.R,6,ok,0.081091814,1.383496750,17.060868186,,1.410000000,17.387698344
script_26,gemini,optimized,r,data_manipulation_preprocessing,02_merge_aggregate_reshape,/home/romakrut/PycharmProjects/masters-thesis/task_equivalents/llm_translations/gemini/optimized/r/data_manipulation_preprocessing/02_merge_aggregate_reshape.R,7,ok,0.080620894,1.283650660,15.922059367,,1.310000000,16.248889525
script_26,gemini,optimized,r,data_manipulation_preprocessing,02_merge_aggregate_reshape,/home/romakrut/PycharmProjects/masters-thesis/task_equivalents/llm_translations/gemini/optimized/r/data_manipulation_preprocessing/02_merge_aggregate_reshape.R,8,ok,0.081559798,1.333343798,16.348051749,,1.360000000,16.674881907
script_26,gemini,optimized,r,data_manipulation_preprocessing,02_merge_aggregate_reshape,/home/romakrut/PycharmProjects/masters-thesis/task_equivalents/llm_translations/gemini/optimized/r/data_manipulation_preprocessing/02_merge_aggregate_reshape.R,9,ok,0.081304577,1.303427212,16.031412503,,1.330000000,16.358242661
script_26,gemini,optimized,r,data_manipulation_preprocessing,02_merge_aggregate_reshape,/home/romakrut/PycharmProjects/masters-thesis/task_equivalents/llm_translations/gemini/optimized/r/data_manipulation_preprocessing/02_merge_aggregate_reshape.R,10,ok,0.081477528,1.283370687,15.751222676,,1.310000000,16.078052834
script_26,gemini,optimized,r,data_manipulation_preprocessing,02_merge_aggregate_reshape,/home/romakrut/PycharmProjects/masters-thesis/task_equivalents/llm_translations/gemini/optimized/r/data_manipulation_preprocessing/02_merge_aggregate_reshape.R,11,ok,0.080281874,1.343761462,16.738043041,,1.370000000,17.064873199
script_26,gemini,optimized,r,data_manipulation_preprocessing,02_merge_aggregate_reshape,/home/romakrut/PycharmProjects/masters-thesis/task_equivalents/llm_translations/gemini/optimized/r/data_manipulation_preprocessing/02_merge_aggregate_reshape.R,12,ok,0.081358099,1.323409720,16.266477903,,1.350000000,16.593308061
script_26,gemini,optimized,r,data_manipulation_preprocessing,02_merge_aggregate_reshape,/home/romakrut/PycharmProjects/masters-thesis/task_equivalents/llm_translations/gemini/optimized/r/data_manipulation_preprocessing/02_merge_aggregate_reshape.R,13,ok,0.081344427,1.333414188,16.392200883,,1.360000000,16.719031041
script_26,gemini,optimized,r,data_manipulation_preprocessing,02_merge_aggregate_reshape,/home/romakrut/PycharmProjects/masters-thesis/task_equivalents/llm_translations/gemini/optimized/r/data_manipulation_preprocessing/02_merge_aggregate_reshape.R,14,ok,0.081552289,1.313346253,16.104345673,,1.340000000,16.431175831
script_26,gemini,optimized,r,data_manipulation_preprocessing,02_merge_aggregate_reshape,/home/romakrut/PycharmProjects/masters-thesis/task_equivalents/llm_translations/gemini/optimized/r/data_manipulation_preprocessing/02_merge_aggregate_reshape.R,15,ok,0.080715472,1.283619750,15.903019802,,1.310000000,16.229849960
script_26,gemini,optimized,r,data_manipulation_preprocessing,02_merge_aggregate_reshape,/home/romakrut/PycharmProjects/masters-thesis/task_equivalents/llm_translations/gemini/optimized/r/data_manipulation_preprocessing/02_merge_aggregate_reshape.R,16,ok,0.080916073,1.353554187,16.727877873,,1.380000000,17.054708031
script_26,gemini,optimized,r,data_manipulation_preprocessing,02_merge_aggregate_reshape,/home/romakrut/PycharmProjects/masters-thesis/task_equivalents/llm_translations/gemini/optimized/r/data_manipulation_preprocessing/02_merge_aggregate_reshape.R,17,ok,0.082821795,1.352931340,16.335450586,,1.380000000,16.662280744
script_26,gemini,optimized,r,data_manipulation_preprocessing,02_merge_aggregate_reshape,/home/romakrut/PycharmProjects/masters-thesis/task_equivalents/llm_translations/gemini/optimized/r/data_manipulation_preprocessing/02_merge_aggregate_reshape.R,18,ok,0.081446758,1.273380743,15.634517254,,1.300000000,15.961347412
script_26,gemini,optimized,r,data_manipulation_preprocessing,02_merge_aggregate_reshape,/home/romakrut/PycharmProjects/masters-thesis/task_equivalents/llm_translations/gemini/optimized/r/data_manipulation_preprocessing/02_merge_aggregate_reshape.R,19,ok,0.081361581,1.303408582,16.019951501,,1.330000000,16.346781659
script_26,gemini,optimized,r,data_manipulation_preprocessing,02_merge_aggregate_reshape,/home/romakrut/PycharmProjects/masters-thesis/task_equivalents/llm_translations/gemini/optimized/r/data_manipulation_preprocessing/02_merge_aggregate_reshape.R,20,ok,0.081220062,1.303454834,16.048434367,,1.330000000,16.375264525
script_26,gemini,optimized,r,data_manipulation_preprocessing,02_merge_aggregate_reshape,/home/romakrut/PycharmProjects/masters-thesis/task_equivalents/llm_translations/gemini/optimized/r/data_manipulation_preprocessing/02_merge_aggregate_reshape.R,21,ok,0.080696748,1.353625869,16.774230717,,1.380000000,17.101060875
script_26,gemini,optimized,r,data_manipulation_preprocessing,02_merge_aggregate_reshape,/home/romakrut/PycharmProjects/masters-thesis/task_equivalents/llm_translations/gemini/optimized/r/data_manipulation_preprocessing/02_merge_aggregate_reshape.R,22,ok,0.081051681,1.273509866,15.712318987,,1.300000000,16.039149145
script_26,gemini,optimized,r,data_manipulation_preprocessing,02_merge_aggregate_reshape,/home/romakrut/PycharmProjects/masters-thesis/task_equivalents/llm_translations/gemini/optimized/r/data_manipulation_preprocessing/02_merge_aggregate_reshape.R,23,ok,0.080332499,1.283744917,15.980393149,,1.310000000,16.307223307
script_26,gemini,optimized,r,data_manipulation_preprocessing,02_merge_aggregate_reshape,/home/romakrut/PycharmProjects/masters-thesis/task_equivalents/llm_translations/gemini/optimized/r/data_manipulation_preprocessing/02_merge_aggregate_reshape.R,24,ok,0.081446231,1.283380915,15.757400922,,1.310000000,16.084231080
script_26,gemini,optimized,r,data_manipulation_preprocessing,02_merge_aggregate_reshape,/home/romakrut/PycharmProjects/masters-thesis/task_equivalents/llm_translations/gemini/optimized/r/data_manipulation_preprocessing/02_merge_aggregate_reshape.R,25,ok,0.080483512,1.313695561,16.322542697,,1.340000000,16.649372855
script_26,gemini,optimized,r,data_manipulation_preprocessing,02_merge_aggregate_reshape,/home/romakrut/PycharmProjects/masters-thesis/task_equivalents/llm_translations/gemini/optimized/r/data_manipulation_preprocessing/02_merge_aggregate_reshape.R,26,ok,0.080646274,1.363642366,16.908932030,,1.390000000,17.235762188
script_26,gemini,optimized,r,data_manipulation_preprocessing,02_merge_aggregate_reshape,/home/romakrut/PycharmProjects/masters-thesis/task_equivalents/llm_translations/gemini/optimized/r/data_manipulation_preprocessing/02_merge_aggregate_reshape.R,27,ok,0.081523461,1.333355674,16.355484151,,1.360000000,16.682314309
script_26,gemini,optimized,r,data_manipulation_preprocessing,02_merge_aggregate_reshape,/home/romakrut/PycharmProjects/masters-thesis/task_equivalents/llm_translations/gemini/optimized/r/data_manipulation_preprocessing/02_merge_aggregate_reshape.R,28,ok,0.081222153,1.313454151,16.171131919,,1.340000000,16.497962077
script_26,gemini,optimized,r,data_manipulation_preprocessing,02_merge_aggregate_reshape,/home/romakrut/PycharmProjects/masters-thesis/task_equivalents/llm_translations/gemini/optimized/r/data_manipulation_preprocessing/02_merge_aggregate_reshape.R,29,ok,0.081202974,1.273460419,15.682435710,,1.300000000,16.009265868
script_26,gemini,optimized,r,data_manipulation_preprocessing,02_merge_aggregate_reshape,/home/romakrut/PycharmProjects/masters-thesis/task_equivalents/llm_translations/gemini/optimized/r/data_manipulation_preprocessing/02_merge_aggregate_reshape.R,30,ok,0.081467622,1.313373924,16.121422130,,1.340000000,16.448252288
script_18,gemini,optimized,python,data_manipulation_preprocessing,02_merge_aggregate_reshape,/home/romakrut/PycharmProjects/masters-thesis/task_equivalents/llm_translations/gemini/optimized/python/data_manipulation_preprocessing/02_merge_aggregate_reshape.py,1,ok,0.618690894,9.847793157,15.917145788,,10.050000000,16.243975946
script_18,gemini,optimized,python,data_manipulation_preprocessing,02_merge_aggregate_reshape,/home/romakrut/PycharmProjects/masters-thesis/task_equivalents/llm_translations/gemini/optimized/python/data_manipulation_preprocessing/02_merge_aggregate_reshape.py,2,ok,0.618847012,9.807742133,15.848411551,,10.010000000,16.175241709
script_18,gemini,optimized,python,data_manipulation_preprocessing,02_merge_aggregate_reshape,/home/romakrut/PycharmProjects/masters-thesis/task_equivalents/llm_translations/gemini/optimized/python/data_manipulation_preprocessing/02_merge_aggregate_reshape.py,3,ok,0.619314026,9.557589499,15.432541647,,9.760000000,15.759371805
script_18,gemini,optimized,python,data_manipulation_preprocessing,02_merge_aggregate_reshape,/home/romakrut/PycharmProjects/masters-thesis/task_equivalents/llm_translations/gemini/optimized/python/data_manipulation_preprocessing/02_merge_aggregate_reshape.py,4,ok,0.616755022,9.848425859,15.968132415,,10.050000000,16.294962573
script_18,gemini,optimized,python,data_manipulation_preprocessing,02_merge_aggregate_reshape,/home/romakrut/PycharmProjects/masters-thesis/task_equivalents/llm_translations/gemini/optimized/python/data_manipulation_preprocessing/02_merge_aggregate_reshape.py,5,ok,0.619132957,9.757648678,15.760182958,,9.960000000,16.087013116
script_18,gemini,optimized,python,data_manipulation_preprocessing,02_merge_aggregate_reshape,/home/romakrut/PycharmProjects/masters-thesis/task_equivalents/llm_translations/gemini/optimized/python/data_manipulation_preprocessing/02_merge_aggregate_reshape.py,6,ok,0.618797081,9.917758452,16.027480990,,10.120000000,16.354311148
script_18,gemini,optimized,python,data_manipulation_preprocessing,02_merge_aggregate_reshape,/home/romakrut/PycharmProjects/masters-thesis/task_equivalents/llm_translations/gemini/optimized/python/data_manipulation_preprocessing/02_merge_aggregate_reshape.py,7,ok,0.614086460,9.579298025,15.599265982,,9.780000000,15.926096140
script_18,gemini,optimized,python,data_manipulation_preprocessing,02_merge_aggregate_reshape,/home/romakrut/PycharmProjects/masters-thesis/task_equivalents/llm_translations/gemini/optimized/python/data_manipulation_preprocessing/02_merge_aggregate_reshape.py,8,ok,0.613682823,9.799429946,15.968232414,,10.000000000,16.295062572
script_18,gemini,optimized,python,data_manipulation_preprocessing,02_merge_aggregate_reshape,/home/romakrut/PycharmProjects/masters-thesis/task_equivalents/llm_translations/gemini/optimized/python/data_manipulation_preprocessing/02_merge_aggregate_reshape.py,9,ok,0.617781735,9.958090298,16.119107662,,10.160000000,16.445937820
script_18,gemini,optimized,python,data_manipulation_preprocessing,02_merge_aggregate_reshape,/home/romakrut/PycharmProjects/masters-thesis/task_equivalents/llm_translations/gemini/optimized/python/data_manipulation_preprocessing/02_merge_aggregate_reshape.py,10,ok,0.614777394,9.659072207,15.711495415,,9.860000000,16.038325573
script_18,gemini,optimized,python,data_manipulation_preprocessing,02_merge_aggregate_reshape,/home/romakrut/PycharmProjects/masters-thesis/task_equivalents/llm_translations/gemini/optimized/python/data_manipulation_preprocessing/02_merge_aggregate_reshape.py,11,ok,0.613541163,9.689476245,15.792707693,,9.890000000,16.119537851
script_18,gemini,optimized,python,data_manipulation_preprocessing,02_merge_aggregate_reshape,/home/romakrut/PycharmProjects/masters-thesis/task_equivalents/llm_translations/gemini/optimized/python/data_manipulation_preprocessing/02_merge_aggregate_reshape.py,12,ok,0.615410446,9.668865307,15.711246648,,9.870000000,16.038076806
script_18,gemini,optimized,python,data_manipulation_preprocessing,02_merge_aggregate_reshape,/home/romakrut/PycharmProjects/masters-thesis/task_equivalents/llm_translations/gemini/optimized/python/data_manipulation_preprocessing/02_merge_aggregate_reshape.py,13,ok,0.616194199,9.628609153,15.625932812,,9.830000000,15.952762970
script_18,gemini,optimized,python,data_manipulation_preprocessing,02_merge_aggregate_reshape,/home/romakrut/PycharmProjects/masters-thesis/task_equivalents/llm_translations/gemini/optimized/python/data_manipulation_preprocessing/02_merge_aggregate_reshape.py,14,ok,0.615363757,9.758880566,15.858718449,,9.960000000,16.185548607
script_18,gemini,optimized,python,data_manipulation_preprocessing,02_merge_aggregate_reshape,/home/romakrut/PycharmProjects/masters-thesis/task_equivalents/llm_translations/gemini/optimized/python/data_manipulation_preprocessing/02_merge_aggregate_reshape.py,15,ok,0.615126420,9.858958135,16.027531601,,10.060000000,16.354361759
script_18,gemini,optimized,python,data_manipulation_preprocessing,02_merge_aggregate_reshape,/home/romakrut/PycharmProjects/masters-thesis/task_equivalents/llm_translations/gemini/optimized/python/data_manipulation_preprocessing/02_merge_aggregate_reshape.py,16,ok,0.620114676,9.727327822,15.686337058,,9.930000000,16.013167216
script_18,gemini,optimized,python,data_manipulation_preprocessing,02_merge_aggregate_reshape,/home/romakrut/PycharmProjects/masters-thesis/task_equivalents/llm_translations/gemini/optimized/python/data_manipulation_preprocessing/02_merge_aggregate_reshape.py,17,ok,0.619500843,9.947528442,16.057328338,,10.150000000,16.384158496
script_18,gemini,optimized,python,data_manipulation_preprocessing,02_merge_aggregate_reshape,/home/romakrut/PycharmProjects/masters-thesis/task_equivalents/llm_translations/gemini/optimized/python/data_manipulation_preprocessing/02_merge_aggregate_reshape.py,18,ok,0.619748709,9.677447432,15.615115112,,9.880000000,15.941945270
script_18,gemini,optimized,python,data_manipulation_preprocessing,02_merge_aggregate_reshape,/home/romakrut/PycharmProjects/masters-thesis/task_equivalents/llm_translations/gemini/optimized/python/data_manipulation_preprocessing/02_merge_aggregate_reshape.py,19,ok,0.615220632,9.968927344,16.203824815,,10.170000000,16.530654973
script_18,gemini,optimized,python,data_manipulation_preprocessing,02_merge_aggregate_reshape,/home/romakrut/PycharmProjects/masters-thesis/task_equivalents/llm_translations/gemini/optimized/python/data_manipulation_preprocessing/02_merge_aggregate_reshape.py,20,ok,0.617894028,9.808053597,15.873358784,,10.010000000,16.200188942
script_18,gemini,optimized,python,data_manipulation_preprocessing,02_merge_aggregate_reshape,/home/romakrut/PycharmProjects/masters-thesis/task_equivalents/llm_translations/gemini/optimized/python/data_manipulation_preprocessing/02_merge_aggregate_reshape.py,21,ok,0.616020138,9.688666041,15.727839795,,9.890000000,16.054669953
script_18,gemini,optimized,python,data_manipulation_preprocessing,02_merge_aggregate_reshape,/home/romakrut/PycharmProjects/masters-thesis/task_equivalents/llm_translations/gemini/optimized/python/data_manipulation_preprocessing/02_merge_aggregate_reshape.py,22,ok,0.619244390,9.787612258,15.805734240,,9.990000000,16.132564398
script_18,gemini,optimized,python,data_manipulation_preprocessing,02_merge_aggregate_reshape,/home/romakrut/PycharmProjects/masters-thesis/task_equivalents/llm_translations/gemini/optimized/python/data_manipulation_preprocessing/02_merge_aggregate_reshape.py,23,ok,0.619880414,9.697404386,15.643992240,,9.900000000,15.970822398
script_18,gemini,optimized,python,data_manipulation_preprocessing,02_merge_aggregate_reshape,/home/romakrut/PycharmProjects/masters-thesis/task_equivalents/llm_translations/gemini/optimized/python/data_manipulation_preprocessing/02_merge_aggregate_reshape.py,24,ok,0.618601358,9.677822420,15.644683438,,9.880000000,15.971513596
script_18,gemini,optimized,python,data_manipulation_preprocessing,02_merge_aggregate_reshape,/home/romakrut/PycharmProjects/masters-thesis/task_equivalents/llm_translations/gemini/optimized/python/data_manipulation_preprocessing/02_merge_aggregate_reshape.py,25,ok,0.617881087,9.948057827,16.100278898,,10.150000000,16.427109056
script_18,gemini,optimized,python,data_manipulation_preprocessing,02_merge_aggregate_reshape,/home/romakrut/PycharmProjects/masters-thesis/task_equivalents/llm_translations/gemini/optimized/python/data_manipulation_preprocessing/02_merge_aggregate_reshape.py,26,ok,0.617078420,9.738320162,15.781333210,,9.940000000,16.108163368
script_18,gemini,optimized,python,data_manipulation_preprocessing,02_merge_aggregate_reshape,/home/romakrut/PycharmProjects/masters-thesis/task_equivalents/llm_translations/gemini/optimized/python/data_manipulation_preprocessing/02_merge_aggregate_reshape.py,27,ok,0.619670399,9.957473026,16.068982868,,10.160000000,16.395813026
script_18,gemini,optimized,python,data_manipulation_preprocessing,02_merge_aggregate_reshape,/home/romakrut/PycharmProjects/masters-thesis/task_equivalents/llm_translations/gemini/optimized/python/data_manipulation_preprocessing/02_merge_aggregate_reshape.py,28,ok,0.620019076,9.727359067,15.688806109,,9.930000000,16.015636267
script_18,gemini,optimized,python,data_manipulation_preprocessing,02_merge_aggregate_reshape,/home/romakrut/PycharmProjects/masters-thesis/task_equivalents/llm_translations/gemini/optimized/python/data_manipulation_preprocessing/02_merge_aggregate_reshape.py,29,ok,0.622054003,9.886693992,15.893626509,,10.090000000,16.220456667
script_18,gemini,optimized,python,data_manipulation_preprocessing,02_merge_aggregate_reshape,/home/romakrut/PycharmProjects/masters-thesis/task_equivalents/llm_translations/gemini/optimized/python/data_manipulation_preprocessing/02_merge_aggregate_reshape.py,30,ok,0.615379468,9.948875431,16.167057805,,10.150000000,16.493887963
script_12,gemini,base,r,data_visualization,02_distribution_boxplot,/home/romakrut/PycharmProjects/masters-thesis/task_equivalents/llm_translations/gemini/base/r/data_visualization/02_distribution_boxplot.R,1,ok,0.104054109,1.765991979,16.971862006,,1.800000000,17.298692164
script_12,gemini,base,r,data_visualization,02_distribution_boxplot,/home/romakrut/PycharmProjects/masters-thesis/task_equivalents/llm_translations/gemini/base/r/data_visualization/02_distribution_boxplot.R,2,ok,0.103834740,1.666063676,16.045339696,,1.700000000,16.372169854
script_12,gemini,base,r,data_visualization,02_distribution_boxplot,/home/romakrut/PycharmProjects/masters-thesis/task_equivalents/llm_translations/gemini/base/r/data_visualization/02_distribution_boxplot.R,3,ok,0.104174052,1.665952778,15.992012849,,1.700000000,16.318843007
script_12,gemini,base,r,data_visualization,02_distribution_boxplot,/home/romakrut/PycharmProjects/masters-thesis/task_equivalents/llm_translations/gemini/base/r/data_visualization/02_distribution_boxplot.R,4,ok,0.105131533,1.715639844,16.318984376,,1.750000000,16.645814534
script_12,gemini,base,r,data_visualization,02_distribution_boxplot,/home/romakrut/PycharmProjects/masters-thesis/task_equivalents/llm_translations/gemini/base/r/data_visualization/02_distribution_boxplot.R,5,ok,0.103896858,1.666043373,16.035551080,,1.700000000,16.362381238
script_12,gemini,base,r,data_visualization,02_distribution_boxplot,/home/romakrut/PycharmProjects/masters-thesis/task_equivalents/llm_translations/gemini/base/r/data_visualization/02_distribution_boxplot.R,6,ok,0.105231152,1.795607286,17.063457463,,1.830000000,17.390287621
script_12,gemini,base,r,data_visualization,02_distribution_boxplot,/home/romakrut/PycharmProjects/masters-thesis/task_equivalents/llm_translations/gemini/base/r/data_visualization/02_distribution_boxplot.R,7,ok,0.103834400,1.666063787,16.045393306,,1.700000000,16.372223464
script_12,gemini,base,r,data_visualization,02_distribution_boxplot,/home/romakrut/PycharmProjects/masters-thesis/task_equivalents/llm_translations/gemini/base/r/data_visualization/02_distribution_boxplot.R,8,ok,0.104768931,1.655758354,15.803906157,,1.690000000,16.130736315
script_12,gemini,base,r,data_visualization,02_distribution_boxplot,/home/romakrut/PycharmProjects/masters-thesis/task_equivalents/llm_translations/gemini/base/r/data_visualization/02_distribution_boxplot.R,9,ok,0.103012321,1.676332467,16.273125880,,1.710000000,16.599956038
script_12,gemini,base,r,data_visualization,02_distribution_boxplot,/home/romakrut/PycharmProjects/masters-thesis/task_equivalents/llm_translations/gemini/base/r/data_visualization/02_distribution_boxplot.R,10,ok,0.104427839,1.685869833,16.143873598,,1.720000000,16.470703756
script_12,gemini,base,r,data_visualization,02_distribution_boxplot,/home/romakrut/PycharmProjects/masters-thesis/task_equivalents/llm_translations/gemini/base/r/data_visualization/02_distribution_boxplot.R,11,ok,0.105424707,1.765544026,16.746966405,,1.800000000,17.073796563
script_12,gemini,base,r,data_visualization,02_distribution_boxplot,/home/romakrut/PycharmProjects/masters-thesis/task_equivalents/llm_translations/gemini/base/r/data_visualization/02_distribution_boxplot.R,12,ok,0.104419377,1.695872599,16.240976026,,1.730000000,16.567806184
script_12,gemini,base,r,data_visualization,02_distribution_boxplot,/home/romakrut/PycharmProjects/masters-thesis/task_equivalents/llm_translations/gemini/base/r/data_visualization/02_distribution_boxplot.R,13,ok,0.104176183,1.645952082,15.799696574,,1.680000000,16.126526732
script_12,gemini,base,r,data_visualization,02_distribution_boxplot,/home/romakrut/PycharmProjects/masters-thesis/task_equivalents/llm_translations/gemini/base/r/data_visualization/02_distribution_boxplot.R,14,ok,0.105482602,1.675525105,15.884374037,,1.710000000,16.211204195
script_12,gemini,base,r,data_visualization,02_distribution_boxplot,/home/romakrut/PycharmProjects/masters-thesis/task_equivalents/llm_translations/gemini/base/r/data_visualization/02_distribution_boxplot.R,15,ok,0.104387996,1.635882855,15.671177889,,1.670000000,15.998008047
script_12,gemini,base,r,data_visualization,02_distribution_boxplot,/home/romakrut/PycharmProjects/masters-thesis/task_equivalents/llm_translations/gemini/base/r/data_visualization/02_distribution_boxplot.R,16,ok,0.103929812,1.746032603,16.800113168,,1.780000000,17.126943326
script_12,gemini,base,r,data_visualization,02_distribution_boxplot,/home/romakrut/PycharmProjects/masters-thesis/task_equivalents/llm_translations/gemini/base/r/data_visualization/02_distribution_boxplot.R,17,ok,0.103995430,1.686011157,16.212358151,,1.720000000,16.539188309
script_12,gemini,base,r,data_visualization,02_distribution_boxplot,/home/romakrut/PycharmProjects/masters-thesis/task_equivalents/llm_translations/gemini/base/r/data_visualization/02_distribution_boxplot.R,18,ok,0.103746241,1.656092600,15.962916668,,1.690000000,16.289746826
script_12,gemini,base,r,data_visualization,02_distribution_boxplot,/home/romakrut/PycharmProjects/masters-thesis/task_equivalents/llm_translations/gemini/base/r/data_visualization/02_distribution_boxplot.R,19,ok,0.105817995,1.705415488,16.116497841,,1.740000000,16.443327999
script_12,gemini,base,r,data_visualization,02_distribution_boxplot,/home/romakrut/PycharmProjects/masters-thesis/task_equivalents/llm_translations/gemini/base/r/data_visualization/02_distribution_boxplot.R,20,ok,0.104635275,1.675802037,16.015650903,,1.710000000,16.342481061
script_12,gemini,base,r,data_visualization,02_distribution_boxplot,/home/romakrut/PycharmProjects/masters-thesis/task_equivalents/llm_translations/gemini/base/r/data_visualization/02_distribution_boxplot.R,21,ok,0.105118243,1.775644188,16.891874687,,1.810000000,17.218704845
script_12,gemini,base,r,data_visualization,02_distribution_boxplot,/home/romakrut/PycharmProjects/masters-thesis/task_equivalents/llm_translations/gemini/base/r/data_visualization/02_distribution_boxplot.R,22,ok,0.104487277,1.675850407,16.038798741,,1.710000000,16.365628899
script_12,gemini,base,r,data_visualization,02_distribution_boxplot,/home/romakrut/PycharmProjects/masters-thesis/task_equivalents/llm_translations/gemini/base/r/data_visualization/02_distribution_boxplot.R,23,ok,0.103580188,1.666146871,16.085574886,,1.700000000,16.412405044
script_12,gemini,base,r,data_visualization,02_distribution_boxplot,/home/romakrut/PycharmProjects/masters-thesis/task_equivalents/llm_translations/gemini/base/r/data_visualization/02_distribution_boxplot.R,24,ok,0.105938416,1.745376131,16.475384442,,1.780000000,16.802214600
script_12,gemini,base,r,data_visualization,02_distribution_boxplot,/home/romakrut/PycharmProjects/masters-thesis/task_equivalents/llm_translations/gemini/base/r/data_visualization/02_distribution_boxplot.R,25,ok,0.103217120,1.666265532,16.143305804,,1.700000000,16.470135962
script_12,gemini,base,r,data_visualization,02_distribution_boxplot,/home/romakrut/PycharmProjects/masters-thesis/task_equivalents/llm_translations/gemini/base/r/data_visualization/02_distribution_boxplot.R,26,ok,0.103277909,1.736245665,16.811394436,,1.770000000,17.138224594
script_12,gemini,base,r,data_visualization,02_distribution_boxplot,/home/romakrut/PycharmProjects/masters-thesis/task_equivalents/llm_translations/gemini/base/r/data_visualization/02_distribution_boxplot.R,27,ok,0.105120853,1.685643335,16.035289735,,1.720000000,16.362119893
script_12,gemini,base,r,data_visualization,02_distribution_boxplot,/home/romakrut/PycharmProjects/masters-thesis/task_equivalents/llm_translations/gemini/base/r/data_visualization/02_distribution_boxplot.R,28,ok,0.104793549,1.735750308,16.563522511,,1.770000000,16.890352669
script_12,gemini,base,r,data_visualization,02_distribution_boxplot,/home/romakrut/PycharmProjects/masters-thesis/task_equivalents/llm_translations/gemini/base/r/data_visualization/02_distribution_boxplot.R,29,ok,0.103200689,1.686270903,16.339725237,,1.720000000,16.666555395
script_12,gemini,base,r,data_visualization,02_distribution_boxplot,/home/romakrut/PycharmProjects/masters-thesis/task_equivalents/llm_translations/gemini/base/r/data_visualization/02_distribution_boxplot.R,30,ok,0.105396465,1.675553257,15.897622911,,1.710000000,16.224453069
script_66,llama,base,python,data_manipulation_preprocessing,02_merge_aggregate_reshape,/home/romakrut/PycharmProjects/masters-thesis/task_equivalents/llm_translations/llama/base/python/data_manipulation_preprocessing/02_merge_aggregate_reshape.py,1,ok,0.619203789,9.737625528,15.726043188,,9.940000000,16.052873346
script_66,llama,base,python,data_manipulation_preprocessing,02_merge_aggregate_reshape,/home/romakrut/PycharmProjects/masters-thesis/task_equivalents/llm_translations/llama/base/python/data_manipulation_preprocessing/02_merge_aggregate_reshape.py,2,ok,0.620200973,9.627299618,15.522870871,,9.830000000,15.849701029
script_66,llama,base,python,data_manipulation_preprocessing,02_merge_aggregate_reshape,/home/romakrut/PycharmProjects/masters-thesis/task_equivalents/llm_translations/llama/base/python/data_manipulation_preprocessing/02_merge_aggregate_reshape.py,3,ok,0.614838798,9.609052139,15.628571537,,9.810000000,15.955401695
script_66,llama,base,python,data_manipulation_preprocessing,02_merge_aggregate_reshape,/home/romakrut/PycharmProjects/masters-thesis/task_equivalents/llm_translations/llama/base/python/data_manipulation_preprocessing/02_merge_aggregate_reshape.py,4,ok,0.619353380,9.677576637,15.625290746,,9.880000000,15.952120904
script_66,llama,base,python,data_manipulation_preprocessing,02_merge_aggregate_reshape,/home/romakrut/PycharmProjects/masters-thesis/task_equivalents/llm_translations/llama/base/python/data_manipulation_preprocessing/02_merge_aggregate_reshape.py,5,ok,0.619045623,9.647677221,15.584759609,,9.850000000,15.911589767
script_66,llama,base,python,data_manipulation_preprocessing,02_merge_aggregate_reshape,/home/romakrut/PycharmProjects/masters-thesis/task_equivalents/llm_translations/llama/base/python/data_manipulation_preprocessing/02_merge_aggregate_reshape.py,6,ok,0.617393233,9.798217272,15.870302343,,10.000000000,16.197132501
script_66,llama,base,python,data_manipulation_preprocessing,02_merge_aggregate_reshape,/home/romakrut/PycharmProjects/masters-thesis/task_equivalents/llm_translations/llama/base/python/data_manipulation_preprocessing/02_merge_aggregate_reshape.py,7,ok,0.620367409,9.687245222,15.615335495,,9.890000000,15.942165653
script_66,llama,base,python,data_manipulation_preprocessing,02_merge_aggregate_reshape,/home/romakrut/PycharmProjects/masters-thesis/task_equivalents/llm_translations/llama/base/python/data_manipulation_preprocessing/02_merge_aggregate_reshape.py,8,ok,0.615778038,9.678745167,15.717912250,,9.880000000,16.044742408
script_66,llama,base,python,data_manipulation_preprocessing,02_merge_aggregate_reshape,/home/romakrut/PycharmProjects/masters-thesis/task_equivalents/llm_translations/llama/base/python/data_manipulation_preprocessing/02_merge_aggregate_reshape.py,9,ok,0.618950733,9.687708234,15.651824479,,9.890000000,15.978654637
script_66,llama,base,python,data_manipulation_preprocessing,02_merge_aggregate_reshape,/home/romakrut/PycharmProjects/masters-thesis/task_equivalents/llm_translations/llama/base/python/data_manipulation_preprocessing/02_merge_aggregate_reshape.py,10,ok,0.619475532,9.707536714,15.670573271,,9.910000000,15.997403429
script_66,llama,base,python,data_manipulation_preprocessing,02_merge_aggregate_reshape,/home/romakrut/PycharmProjects/masters-thesis/task_equivalents/llm_translations/llama/base/python/data_manipulation_preprocessing/02_merge_aggregate_reshape.py,11,ok,0.616712439,9.698439776,15.726032366,,9.900000000,16.052862524
script_66,llama,base,python,data_manipulation_preprocessing,02_merge_aggregate_reshape,/home/romakrut/PycharmProjects/masters-thesis/task_equivalents/llm_translations/llama/base/python/data_manipulation_preprocessing/02_merge_aggregate_reshape.py,12,ok,0.622009866,9.666708417,15.541085352,,9.870000000,15.867915510
script_66,llama,base,python,data_manipulation_preprocessing,02_merge_aggregate_reshape,/home/romakrut/PycharmProjects/masters-thesis/task_equivalents/llm_translations/llama/base/python/data_manipulation_preprocessing/02_merge_aggregate_reshape.py,13,ok,0.615510172,9.888832713,16.066075206,,10.090000000,16.392905364
script_66,llama,base,python,data_manipulation_preprocessing,02_merge_aggregate_reshape,/home/romakrut/PycharmProjects/masters-thesis/task_equivalents/llm_translations/llama/base/python/data_manipulation_preprocessing/02_merge_aggregate_reshape.py,14,ok,0.621025776,9.627030048,15.501820407,,9.830000000,15.828650565
script_66,llama,base,python,data_manipulation_preprocessing,02_merge_aggregate_reshape,/home/romakrut/PycharmProjects/masters-thesis/task_equivalents/llm_translations/llama/base/python/data_manipulation_preprocessing/02_merge_aggregate_reshape.py,15,ok,0.619145064,9.647644721,15.582204045,,9.850000000,15.909034203
script_66,llama,base,python,data_manipulation_preprocessing,02_merge_aggregate_reshape,/home/romakrut/PycharmProjects/masters-thesis/task_equivalents/llm_translations/llama/base/python/data_manipulation_preprocessing/02_merge_aggregate_reshape.py,16,ok,0.616447640,10.058526320,16.316919180,,10.260000000,16.643749338
script_66,llama,base,python,data_manipulation_preprocessing,02_merge_aggregate_reshape,/home/romakrut/PycharmProjects/masters-thesis/task_equivalents/llm_translations/llama/base/python/data_manipulation_preprocessing/02_merge_aggregate_reshape.py,17,ok,0.619843995,9.607416289,15.499732782,,9.810000000,15.826562940
script_66,llama,base,python,data_manipulation_preprocessing,02_merge_aggregate_reshape,/home/romakrut/PycharmProjects/masters-thesis/task_equivalents/llm_translations/llama/base/python/data_manipulation_preprocessing/02_merge_aggregate_reshape.py,18,ok,0.613426104,9.699513850,15.812033082,,9.900000000,16.138863240
script_66,llama,base,python,data_manipulation_preprocessing,02_merge_aggregate_reshape,/home/romakrut/PycharmProjects/masters-thesis/task_equivalents/llm_translations/llama/base/python/data_manipulation_preprocessing/02_merge_aggregate_reshape.py,19,ok,0.615741849,9.798756994,15.913742115,,10.000000000,16.240572273
script_66,llama,base,python,data_manipulation_preprocessing,02_merge_aggregate_reshape,/home/romakrut/PycharmProjects/masters-thesis/task_equivalents/llm_translations/llama/base/python/data_manipulation_preprocessing/02_merge_aggregate_reshape.py,20,ok,0.620605459,9.677167420,15.593107150,,9.880000000,15.919937308
script_66,llama,base,python,data_manipulation_preprocessing,02_merge_aggregate_reshape,/home/romakrut/PycharmProjects/masters-thesis/task_equivalents/llm_translations/llama/base/python/data_manipulation_preprocessing/02_merge_aggregate_reshape.py,21,ok,0.618559753,10.077836018,16.292421176,,10.280000000,16.619251334
script_66,llama,base,python,data_manipulation_preprocessing,02_merge_aggregate_reshape,/home/romakrut/PycharmProjects/masters-thesis/task_equivalents/llm_translations/llama/base/python/data_manipulation_preprocessing/02_merge_aggregate_reshape.py,22,ok,0.619330628,9.697584073,15.658169699,,9.900000000,15.984999857
script_66,llama,base,python,data_manipulation_preprocessing,02_merge_aggregate_reshape,/home/romakrut/PycharmProjects/masters-thesis/task_equivalents/llm_translations/llama/base/python/data_manipulation_preprocessing/02_merge_aggregate_reshape.py,23,ok,0.618713334,9.687785823,15.657955455,,9.890000000,15.984785613
script_66,llama,base,python,data_manipulation_preprocessing,02_merge_aggregate_reshape,/home/romakrut/PycharmProjects/masters-thesis/task_equivalents/llm_translations/llama/base/python/data_manipulation_preprocessing/02_merge_aggregate_reshape.py,24,ok,0.619653931,9.827478408,15.859624084,,10.030000000,16.186454242
script_66,llama,base,python,data_manipulation_preprocessing,02_merge_aggregate_reshape,/home/romakrut/PycharmProjects/masters-thesis/task_equivalents/llm_translations/llama/base/python/data_manipulation_preprocessing/02_merge_aggregate_reshape.py,25,ok,0.616683848,9.838449121,15.953797318,,10.040000000,16.280627476
script_66,llama,base,python,data_manipulation_preprocessing,02_merge_aggregate_reshape,/home/romakrut/PycharmProjects/masters-thesis/task_equivalents/llm_translations/llama/base/python/data_manipulation_preprocessing/02_merge_aggregate_reshape.py,26,ok,0.619665220,9.767474718,15.762502724,,9.970000000,16.089332882
script_66,llama,base,python,data_manipulation_preprocessing,02_merge_aggregate_reshape,/home/romakrut/PycharmProjects/masters-thesis/task_equivalents/llm_translations/llama/base/python/data_manipulation_preprocessing/02_merge_aggregate_reshape.py,27,ok,0.619635607,9.707484397,15.666440545,,9.910000000,15.993270703
script_66,llama,base,python,data_manipulation_preprocessing,02_merge_aggregate_reshape,/home/romakrut/PycharmProjects/masters-thesis/task_equivalents/llm_translations/llama/base/python/data_manipulation_preprocessing/02_merge_aggregate_reshape.py,28,ok,0.618615363,9.727817843,15.725147523,,9.930000000,16.051977681
script_66,llama,base,python,data_manipulation_preprocessing,02_merge_aggregate_reshape,/home/romakrut/PycharmProjects/masters-thesis/task_equivalents/llm_translations/llama/base/python/data_manipulation_preprocessing/02_merge_aggregate_reshape.py,29,ok,0.620238078,9.877287491,15.924993710,,10.080000000,16.251823868
script_66,llama,base,python,data_manipulation_preprocessing,02_merge_aggregate_reshape,/home/romakrut/PycharmProjects/masters-thesis/task_equivalents/llm_translations/llama/base/python/data_manipulation_preprocessing/02_merge_aggregate_reshape.py,30,ok,0.616767522,9.858421773,15.984015730,,10.060000000,16.310845888
script_49,gpt,optimized,python,data_manipulation_preprocessing,01_impute_encode_scale,/home/romakrut/PycharmProjects/masters-thesis/task_equivalents/llm_translations/gpt/optimized/python/data_manipulation_preprocessing/01_impute_encode_scale.py,1,ok,0.171162846,2.784058820,16.265555785,,2.840000000,16.592385943
script_49,gpt,optimized,python,data_manipulation_preprocessing,01_impute_encode_scale,/home/romakrut/PycharmProjects/masters-thesis/task_equivalents/llm_translations/gpt/optimized/python/data_manipulation_preprocessing/01_impute_encode_scale.py,2,ok,0.172788181,2.663527612,15.414987276,,2.720000000,15.741817434
script_49,gpt,optimized,python,data_manipulation_preprocessing,01_impute_encode_scale,/home/romakrut/PycharmProjects/masters-thesis/task_equivalents/llm_translations/gpt/optimized/python/data_manipulation_preprocessing/01_impute_encode_scale.py,3,ok,0.173009438,2.723455298,15.741657389,,2.780000000,16.068487547
script_49,gpt,optimized,python,data_manipulation_preprocessing,01_impute_encode_scale,/home/romakrut/PycharmProjects/masters-thesis/task_equivalents/llm_translations/gpt/optimized/python/data_manipulation_preprocessing/01_impute_encode_scale.py,4,ok,0.173120422,2.693419025,15.558066426,,2.750000000,15.884896584
script_49,gpt,optimized,python,data_manipulation_preprocessing,01_impute_encode_scale,/home/romakrut/PycharmProjects/masters-thesis/task_equivalents/llm_translations/gpt/optimized/python/data_manipulation_preprocessing/01_impute_encode_scale.py,5,ok,0.173607402,2.793259865,16.089520569,,2.850000000,16.416350727
script_49,gpt,optimized,python,data_manipulation_preprocessing,01_impute_encode_scale,/home/romakrut/PycharmProjects/masters-thesis/task_equivalents/llm_translations/gpt/optimized/python/data_manipulation_preprocessing/01_impute_encode_scale.py,6,ok,0.172585269,2.813593929,16.302630842,,2.870000000,16.629461000
script_49,gpt,optimized,python,data_manipulation_preprocessing,01_impute_encode_scale,/home/romakrut/PycharmProjects/masters-thesis/task_equivalents/llm_translations/gpt/optimized/python/data_manipulation_preprocessing/01_impute_encode_scale.py,7,ok,0.172729980,2.783546633,16.115017401,,2.840000000,16.441847559
script_49,gpt,optimized,python,data_manipulation_preprocessing,01_impute_encode_scale,/home/romakrut/PycharmProjects/masters-thesis/task_equivalents/llm_translations/gpt/optimized/python/data_manipulation_preprocessing/01_impute_encode_scale.py,8,ok,0.173216289,2.723387693,15.722468762,,2.780000000,16.049298920
script_49,gpt,optimized,python,data_manipulation_preprocessing,01_impute_encode_scale,/home/romakrut/PycharmProjects/masters-thesis/task_equivalents/llm_translations/gpt/optimized/python/data_manipulation_preprocessing/01_impute_encode_scale.py,9,ok,0.172878726,2.683498019,15.522430554,,2.740000000,15.849260712
script_49,gpt,optimized,python,data_manipulation_preprocessing,01_impute_encode_scale,/home/romakrut/PycharmProjects/masters-thesis/task_equivalents/llm_translations/gpt/optimized/python/data_manipulation_preprocessing/01_impute_encode_scale.py,10,ok,0.173055872,2.733440122,15.795130731,,2.790000000,16.121960889
script_49,gpt,optimized,python,data_manipulation_preprocessing,01_impute_encode_scale,/home/romakrut/PycharmProjects/masters-thesis/task_equivalents/llm_translations/gpt/optimized/python/data_manipulation_preprocessing/01_impute_encode_scale.py,11,ok,0.172866764,2.713501928,15.697071348,,2.770000000,16.023901506
script_49,gpt,optimized,python,data_manipulation_preprocessing,01_impute_encode_scale,/home/romakrut/PycharmProjects/masters-thesis/task_equivalents/llm_translations/gpt/optimized/python/data_manipulation_preprocessing/01_impute_encode_scale.py,12,ok,0.173628415,2.743252998,15.799562518,,2.800000000,16.126392676
script_49,gpt,optimized,python,data_manipulation_preprocessing,01_impute_encode_scale,/home/romakrut/PycharmProjects/masters-thesis/task_equivalents/llm_translations/gpt/optimized/python/data_manipulation_preprocessing/01_impute_encode_scale.py,13,ok,0.172430650,2.703644463,15.679604893,,2.760000000,16.006435051
script_49,gpt,optimized,python,data_manipulation_preprocessing,01_impute_encode_scale,/home/romakrut/PycharmProjects/masters-thesis/task_equivalents/llm_translations/gpt/optimized/python/data_manipulation_preprocessing/01_impute_encode_scale.py,14,ok,0.173847454,2.723181409,15.664200691,,2.780000000,15.991030849
script_49,gpt,optimized,python,data_manipulation_preprocessing,01_impute_encode_scale,/home/romakrut/PycharmProjects/masters-thesis/task_equivalents/llm_translations/gpt/optimized/python/data_manipulation_preprocessing/01_impute_encode_scale.py,15,ok,0.173112139,2.723421732,15.732124552,,2.780000000,16.058954710
script_49,gpt,optimized,python,data_manipulation_preprocessing,01_impute_encode_scale,/home/romakrut/PycharmProjects/masters-thesis/task_equivalents/llm_translations/gpt/optimized/python/data_manipulation_preprocessing/01_impute_encode_scale.py,16,ok,0.173382198,2.743333469,15.822463324,,2.800000000,16.149293482
script_49,gpt,optimized,python,data_manipulation_preprocessing,01_impute_encode_scale,/home/romakrut/PycharmProjects/masters-thesis/task_equivalents/llm_translations/gpt/optimized/python/data_manipulation_preprocessing/01_impute_encode_scale.py,17,ok,0.174072834,2.713107748,15.586049160,,2.770000000,15.912879318
script_49,gpt,optimized,python,data_manipulation_preprocessing,01_impute_encode_scale,/home/romakrut/PycharmProjects/masters-thesis/task_equivalents/llm_translations/gpt/optimized/python/data_manipulation_preprocessing/01_impute_encode_scale.py,18,ok,0.173708159,2.793226935,16.079998493,,2.850000000,16.406828651
script_49,gpt,optimized,python,data_manipulation_preprocessing,01_impute_encode_scale,/home/romakrut/PycharmProjects/masters-thesis/task_equivalents/llm_translations/gpt/optimized/python/data_manipulation_preprocessing/01_impute_encode_scale.py,19,ok,0.173921176,2.733157315,15.714919698,,2.790000000,16.041749856
script_49,gpt,optimized,python,data_manipulation_preprocessing,01_impute_encode_scale,/home/romakrut/PycharmProjects/masters-thesis/task_equivalents/llm_translations/gpt/optimized/python/data_manipulation_preprocessing/01_impute_encode_scale.py,20,ok,0.173082091,2.713431553,15.677136422,,2.770000000,16.003966580
script_49,gpt,optimized,python,data_manipulation_preprocessing,01_impute_encode_scale,/home/romakrut/PycharmProjects/masters-thesis/task_equivalents/llm_translations/gpt/optimized/python/data_manipulation_preprocessing/01_impute_encode_scale.py,21,ok,0.172800980,2.683523428,15.529561397,,2.740000000,15.856391555
script_49,gpt,optimized,python,data_manipulation_preprocessing,01_impute_encode_scale,/home/romakrut/PycharmProjects/masters-thesis/task_equivalents/llm_translations/gpt/optimized/python/data_manipulation_preprocessing/01_impute_encode_scale.py,22,ok,0.172739351,2.713543571,15.708890620,,2.770000000,16.035720778
script_49,gpt,optimized,python,data_manipulation_preprocessing,01_impute_encode_scale,/home/romakrut/PycharmProjects/masters-thesis/task_equivalents/llm_translations/gpt/optimized/python/data_manipulation_preprocessing/01_impute_encode_scale.py,23,ok,0.172256110,2.793701508,16.218301391,,2.850000000,16.545131549
script_49,gpt,optimized,python,data_manipulation_preprocessing,01_impute_encode_scale,/home/romakrut/PycharmProjects/masters-thesis/task_equivalents/llm_translations/gpt/optimized/python/data_manipulation_preprocessing/01_impute_encode_scale.py,24,ok,0.172011674,2.723781397,15.834863612,,2.780000000,16.161693770
script_49,gpt,optimized,python,data_manipulation_preprocessing,01_impute_encode_scale,/home/romakrut/PycharmProjects/masters-thesis/task_equivalents/llm_translations/gpt/optimized/python/data_manipulation_preprocessing/01_impute_encode_scale.py,25,ok,0.173254009,2.753375365,15.892130755,,2.810000000,16.218960913
script_49,gpt,optimized,python,data_manipulation_preprocessing,01_impute_encode_scale,/home/romakrut/PycharmProjects/masters-thesis/task_equivalents/llm_translations/gpt/optimized/python/data_manipulation_preprocessing/01_impute_encode_scale.py,26,ok,0.172857167,2.773505065,16.045068382,,2.830000000,16.371898540
script_49,gpt,optimized,python,data_manipulation_preprocessing,01_impute_encode_scale,/home/romakrut/PycharmProjects/masters-thesis/task_equivalents/llm_translations/gpt/optimized/python/data_manipulation_preprocessing/01_impute_encode_scale.py,27,ok,0.172396231,2.683655713,15.566788769,,2.740000000,15.893618927
script_49,gpt,optimized,python,data_manipulation_preprocessing,01_impute_encode_scale,/home/romakrut/PycharmProjects/masters-thesis/task_equivalents/llm_translations/gpt/optimized/python/data_manipulation_preprocessing/01_impute_encode_scale.py,28,ok,0.173165732,2.763404216,15.958147057,,2.820000000,16.284977215
script_49,gpt,optimized,python,data_manipulation_preprocessing,01_impute_encode_scale,/home/romakrut/PycharmProjects/masters-thesis/task_equivalents/llm_translations/gpt/optimized/python/data_manipulation_preprocessing/01_impute_encode_scale.py,29,ok,0.172080978,2.783758747,16.177027694,,2.840000000,16.503857852
script_49,gpt,optimized,python,data_manipulation_preprocessing,01_impute_encode_scale,/home/romakrut/PycharmProjects/masters-thesis/task_equivalents/llm_translations/gpt/optimized/python/data_manipulation_preprocessing/01_impute_encode_scale.py,30,ok,0.172494211,2.783623690,16.137490491,,2.840000000,16.464320649
script_29,gemini,optimized,r,machine_learning_workflows,01_pipeline_cv_gridsearch_classification,/home/romakrut/PycharmProjects/masters-thesis/task_equivalents/llm_translations/gemini/optimized/r/machine_learning_workflows/01_pipeline_cv_gridsearch_classification.R,1,ok,1.846508663,32.076505282,17.371435036,,32.680000000,17.698265194
script_29,gemini,optimized,r,machine_learning_workflows,01_pipeline_cv_gridsearch_classification,/home/romakrut/PycharmProjects/masters-thesis/task_equivalents/llm_translations/gemini/optimized/r/machine_learning_workflows/01_pipeline_cv_gridsearch_classification.R,2,ok,1.961872070,33.528801041,17.090207641,,34.170000000,17.417037799
script_29,gemini,optimized,r,machine_learning_workflows,01_pipeline_cv_gridsearch_classification,/home/romakrut/PycharmProjects/masters-thesis/task_equivalents/llm_translations/gemini/optimized/r/machine_learning_workflows/01_pipeline_cv_gridsearch_classification.R,3,ok,2.291972474,39.280914274,17.138475579,,40.030000000,17.465305737
script_29,gemini,optimized,r,machine_learning_workflows,01_pipeline_cv_gridsearch_classification,/home/romakrut/PycharmProjects/masters-thesis/task_equivalents/llm_translations/gemini/optimized/r/machine_learning_workflows/01_pipeline_cv_gridsearch_classification.R,4,ok,1.981409725,34.032415547,17.175859751,,34.680000000,17.502689909
script_29,gemini,optimized,r,machine_learning_workflows,01_pipeline_cv_gridsearch_classification,/home/romakrut/PycharmProjects/masters-thesis/task_equivalents/llm_translations/gemini/optimized/r/machine_learning_workflows/01_pipeline_cv_gridsearch_classification.R,5,ok,1.829152550,32.112177783,17.555767988,,32.710000000,17.882598146
script_29,gemini,optimized,r,machine_learning_workflows,01_pipeline_cv_gridsearch_classification,/home/romakrut/PycharmProjects/masters-thesis/task_equivalents/llm_translations/gemini/optimized/r/machine_learning_workflows/01_pipeline_cv_gridsearch_classification.R,6,ok,2.038242643,35.913840835,17.620002681,,36.580000000,17.946832839
script_29,gemini,optimized,r,machine_learning_workflows,01_pipeline_cv_gridsearch_classification,/home/romakrut/PycharmProjects/masters-thesis/task_equivalents/llm_translations/gemini/optimized/r/machine_learning_workflows/01_pipeline_cv_gridsearch_classification.R,7,ok,2.237907902,38.548584207,17.225277310,,39.280000000,17.552107468
script_29,gemini,optimized,r,machine_learning_workflows,01_pipeline_cv_gridsearch_classification,/home/romakrut/PycharmProjects/masters-thesis/task_equivalents/llm_translations/gemini/optimized/r/machine_learning_workflows/01_pipeline_cv_gridsearch_classification.R,8,ok,1.961985773,34.828763880,17.751792270,,35.470000000,18.078622428
script_29,gemini,optimized,r,machine_learning_workflows,01_pipeline_cv_gridsearch_classification,/home/romakrut/PycharmProjects/masters-thesis/task_equivalents/llm_translations/gemini/optimized/r/machine_learning_workflows/01_pipeline_cv_gridsearch_classification.R,9,ok,2.262468476,38.670557071,17.092197076,,39.410000000,17.419027234
script_29,gemini,optimized,r,machine_learning_workflows,01_pipeline_cv_gridsearch_classification,/home/romakrut/PycharmProjects/masters-thesis/task_equivalents/llm_translations/gemini/optimized/r/machine_learning_workflows/01_pipeline_cv_gridsearch_classification.R,10,ok,1.837877118,33.139326331,18.031306885,,33.740000000,18.358137043
script_29,gemini,optimized,r,machine_learning_workflows,01_pipeline_cv_gridsearch_classification,/home/romakrut/PycharmProjects/masters-thesis/task_equivalents/llm_translations/gemini/optimized/r/machine_learning_workflows/01_pipeline_cv_gridsearch_classification.R,11,ok,2.070833137,36.193189279,17.477598089,,36.870000000,17.804428247
script_29,gemini,optimized,r,machine_learning_workflows,01_pipeline_cv_gridsearch_classification,/home/romakrut/PycharmProjects/masters-thesis/task_equivalents/llm_translations/gemini/optimized/r/machine_learning_workflows/01_pipeline_cv_gridsearch_classification.R,12,ok,1.911698795,34.125199181,17.850719617,,34.750000000,18.177549775
script_29,gemini,optimized,r,machine_learning_workflows,01_pipeline_cv_gridsearch_classification,/home/romakrut/PycharmProjects/masters-thesis/task_equivalents/llm_translations/gemini/optimized/r/machine_learning_workflows/01_pipeline_cv_gridsearch_classification.R,13,ok,1.896845228,33.630053774,17.729466420,,34.250000000,18.056296578
script_29,gemini,optimized,r,machine_learning_workflows,01_pipeline_cv_gridsearch_classification,/home/romakrut/PycharmProjects/masters-thesis/task_equivalents/llm_translations/gemini/optimized/r/machine_learning_workflows/01_pipeline_cv_gridsearch_classification.R,14,ok,1.947679868,34.993439481,17.966730599,,35.630000000,18.293560757
script_29,gemini,optimized,r,machine_learning_workflows,01_pipeline_cv_gridsearch_classification,/home/romakrut/PycharmProjects/masters-thesis/task_equivalents/llm_translations/gemini/optimized/r/machine_learning_workflows/01_pipeline_cv_gridsearch_classification.R,15,ok,2.124244372,38.155732876,17.962026111,,38.850000000,18.288856269
script_29,gemini,optimized,r,machine_learning_workflows,01_pipeline_cv_gridsearch_classification,/home/romakrut/PycharmProjects/masters-thesis/task_equivalents/llm_translations/gemini/optimized/r/machine_learning_workflows/01_pipeline_cv_gridsearch_classification.R,16,ok,1.925708786,33.810620293,17.557493915,,34.440000000,17.884324073
script_29,gemini,optimized,r,machine_learning_workflows,01_pipeline_cv_gridsearch_classification,/home/romakrut/PycharmProjects/masters-thesis/task_equivalents/llm_translations/gemini/optimized/r/machine_learning_workflows/01_pipeline_cv_gridsearch_classification.R,17,ok,1.994229905,36.138225525,18.121393845,,36.790000000,18.448224003
script_29,gemini,optimized,r,machine_learning_workflows,01_pipeline_cv_gridsearch_classification,/home/romakrut/PycharmProjects/masters-thesis/task_equivalents/llm_translations/gemini/optimized/r/machine_learning_workflows/01_pipeline_cv_gridsearch_classification.R,18,ok,1.922832430,34.841560373,18.119915095,,35.470000000,18.446745253
script_29,gemini,optimized,r,machine_learning_workflows,01_pipeline_cv_gridsearch_classification,/home/romakrut/PycharmProjects/masters-thesis/task_equivalents/llm_translations/gemini/optimized/r/machine_learning_workflows/01_pipeline_cv_gridsearch_classification.R,19,ok,2.424003096,42.217762685,17.416546520,,43.010000000,17.743376678
script_29,gemini,optimized,r,machine_learning_workflows,01_pipeline_cv_gridsearch_classification,/home/romakrut/PycharmProjects/masters-thesis/task_equivalents/llm_translations/gemini/optimized/r/machine_learning_workflows/01_pipeline_cv_gridsearch_classification.R,20,ok,1.924869973,35.260894443,18.318585119,,35.890000000,18.645415277
script_29,gemini,optimized,r,machine_learning_workflows,01_pipeline_cv_gridsearch_classification,/home/romakrut/PycharmProjects/masters-thesis/task_equivalents/llm_translations/gemini/optimized/r/machine_learning_workflows/01_pipeline_cv_gridsearch_classification.R,21,ok,2.034603616,36.175030179,17.779890832,,36.840000000,18.106720990
script_29,gemini,optimized,r,machine_learning_workflows,01_pipeline_cv_gridsearch_classification,/home/romakrut/PycharmProjects/masters-thesis/task_equivalents/llm_translations/gemini/optimized/r/machine_learning_workflows/01_pipeline_cv_gridsearch_classification.R,22,ok,1.910825283,33.995484671,17.790995845,,34.620000000,18.117826003
script_29,gemini,optimized,r,machine_learning_workflows,01_pipeline_cv_gridsearch_classification,/home/romakrut/PycharmProjects/masters-thesis/task_equivalents/llm_translations/gemini/optimized/r/machine_learning_workflows/01_pipeline_cv_gridsearch_classification.R,23,ok,1.871717381,33.628266313,17.966529912,,34.240000000,18.293360070
script_29,gemini,optimized,r,machine_learning_workflows,01_pipeline_cv_gridsearch_classification,/home/romakrut/PycharmProjects/masters-thesis/task_equivalents/llm_translations/gemini/optimized/r/machine_learning_workflows/01_pipeline_cv_gridsearch_classification.R,24,ok,2.013255832,36.102007278,17.932150850,,36.760000000,18.258981008
script_29,gemini,optimized,r,machine_learning_workflows,01_pipeline_cv_gridsearch_classification,/home/romakrut/PycharmProjects/masters-thesis/task_equivalents/llm_translations/gemini/optimized/r/machine_learning_workflows/01_pipeline_cv_gridsearch_classification.R,25,ok,1.851775201,33.434784018,18.055530715,,34.040000000,18.382360873
script_29,gemini,optimized,r,machine_learning_workflows,01_pipeline_cv_gridsearch_classification,/home/romakrut/PycharmProjects/masters-thesis/task_equivalents/llm_translations/gemini/optimized/r/machine_learning_workflows/01_pipeline_cv_gridsearch_classification.R,26,ok,2.146813459,38.068356618,17.732493924,,38.770000000,18.059324082
script_29,gemini,optimized,r,machine_learning_workflows,01_pipeline_cv_gridsearch_classification,/home/romakrut/PycharmProjects/masters-thesis/task_equivalents/llm_translations/gemini/optimized/r/machine_learning_workflows/01_pipeline_cv_gridsearch_classification.R,27,ok,1.954958031,35.351060758,18.082772212,,35.990000000,18.409602370
script_29,gemini,optimized,r,machine_learning_workflows,01_pipeline_cv_gridsearch_classification,/home/romakrut/PycharmProjects/masters-thesis/task_equivalents/llm_translations/gemini/optimized/r/machine_learning_workflows/01_pipeline_cv_gridsearch_classification.R,28,ok,1.794539294,32.703490439,18.223892087,,33.290000000,18.550722245
script_29,gemini,optimized,r,machine_learning_workflows,01_pipeline_cv_gridsearch_classification,/home/romakrut/PycharmProjects/masters-thesis/task_equivalents/llm_translations/gemini/optimized/r/machine_learning_workflows/01_pipeline_cv_gridsearch_classification.R,29,ok,1.961274014,35.528996504,18.115263982,,36.170000000,18.442094140
script_29,gemini,optimized,r,machine_learning_workflows,01_pipeline_cv_gridsearch_classification,/home/romakrut/PycharmProjects/masters-thesis/task_equivalents/llm_translations/gemini/optimized/r/machine_learning_workflows/01_pipeline_cv_gridsearch_classification.R,30,ok,2.044892010,36.851667621,18.021327014,,37.520000000,18.348157172
script_2,gemini,base,python,data_manipulation_preprocessing,02_merge_aggregate_reshape,/home/romakrut/PycharmProjects/masters-thesis/task_equivalents/llm_translations/gemini/base/python/data_manipulation_preprocessing/02_merge_aggregate_reshape.py,1,ok,0.173136676,2.853413713,16.480700558,,2.910000000,16.807530716
script_2,gemini,base,python,data_manipulation_preprocessing,02_merge_aggregate_reshape,/home/romakrut/PycharmProjects/masters-thesis/task_equivalents/llm_translations/gemini/base/python/data_manipulation_preprocessing/02_merge_aggregate_reshape.py,2,ok,0.172854975,2.723505781,15.756016170,,2.780000000,16.082846328
script_2,gemini,base,python,data_manipulation_preprocessing,02_merge_aggregate_reshape,/home/romakrut/PycharmProjects/masters-thesis/task_equivalents/llm_translations/gemini/base/python/data_manipulation_preprocessing/02_merge_aggregate_reshape.py,3,ok,0.176194861,2.792414206,15.848442968,,2.850000000,16.175273126
script_2,gemini,base,python,data_manipulation_preprocessing,02_merge_aggregate_reshape,/home/romakrut/PycharmProjects/masters-thesis/task_equivalents/llm_translations/gemini/base/python/data_manipulation_preprocessing/02_merge_aggregate_reshape.py,4,ok,0.175112039,2.842768105,16.233995794,,2.900000000,16.560825952
script_2,gemini,base,python,data_manipulation_preprocessing,02_merge_aggregate_reshape,/home/romakrut/PycharmProjects/masters-thesis/task_equivalents/llm_translations/gemini/base/python/data_manipulation_preprocessing/02_merge_aggregate_reshape.py,5,ok,0.173147694,2.803410112,16.190860225,,2.860000000,16.517690383
script_2,gemini,base,python,data_manipulation_preprocessing,02_merge_aggregate_reshape,/home/romakrut/PycharmProjects/masters-thesis/task_equivalents/llm_translations/gemini/base/python/data_manipulation_preprocessing/02_merge_aggregate_reshape.py,6,ok,0.172258551,2.813700711,16.334171478,,2.870000000,16.661001636
script_2,gemini,base,python,data_manipulation_preprocessing,02_merge_aggregate_reshape,/home/romakrut/PycharmProjects/masters-thesis/task_equivalents/llm_translations/gemini/base/python/data_manipulation_preprocessing/02_merge_aggregate_reshape.py,7,ok,0.173760233,2.753209916,15.844879280,,2.810000000,16.171709438
script_2,gemini,base,python,data_manipulation_preprocessing,02_merge_aggregate_reshape,/home/romakrut/PycharmProjects/masters-thesis/task_equivalents/llm_translations/gemini/base/python/data_manipulation_preprocessing/02_merge_aggregate_reshape.py,8,ok,0.173423521,2.693319963,15.530303777,,2.750000000,15.857133935
script_2,gemini,base,python,data_manipulation_preprocessing,02_merge_aggregate_reshape,/home/romakrut/PycharmProjects/masters-thesis/task_equivalents/llm_translations/gemini/base/python/data_manipulation_preprocessing/02_merge_aggregate_reshape.py,9,ok,0.173444871,2.723312985,15.701317483,,2.780000000,16.028147641
script_2,gemini,base,python,data_manipulation_preprocessing,02_merge_aggregate_reshape,/home/romakrut/PycharmProjects/masters-thesis/task_equivalents/llm_translations/gemini/base/python/data_manipulation_preprocessing/02_merge_aggregate_reshape.py,10,ok,0.173379752,2.803334268,16.168752325,,2.860000000,16.495582483
script_2,gemini,base,python,data_manipulation_preprocessing,02_merge_aggregate_reshape,/home/romakrut/PycharmProjects/masters-thesis/task_equivalents/llm_translations/gemini/base/python/data_manipulation_preprocessing/02_merge_aggregate_reshape.py,11,ok,0.174048613,2.733115664,15.703174057,,2.790000000,16.030004215
script_2,gemini,base,python,data_manipulation_preprocessing,02_merge_aggregate_reshape,/home/romakrut/PycharmProjects/masters-thesis/task_equivalents/llm_translations/gemini/base/python/data_manipulation_preprocessing/02_merge_aggregate_reshape.py,12,ok,0.173170062,2.743402801,15.842246458,,2.800000000,16.169076616
script_2,gemini,base,python,data_manipulation_preprocessing,02_merge_aggregate_reshape,/home/romakrut/PycharmProjects/masters-thesis/task_equivalents/llm_translations/gemini/base/python/data_manipulation_preprocessing/02_merge_aggregate_reshape.py,13,ok,0.173107530,2.763423239,15.963622372,,2.820000000,16.290452530
script_2,gemini,base,python,data_manipulation_preprocessing,02_merge_aggregate_reshape,/home/romakrut/PycharmProjects/masters-thesis/task_equivalents/llm_translations/gemini/base/python/data_manipulation_preprocessing/02_merge_aggregate_reshape.py,14,ok,0.173876879,2.733171792,15.719006506,,2.790000000,16.045836664
script_2,gemini,base,python,data_manipulation_preprocessing,02_merge_aggregate_reshape,/home/romakrut/PycharmProjects/masters-thesis/task_equivalents/llm_translations/gemini/base/python/data_manipulation_preprocessing/02_merge_aggregate_reshape.py,15,ok,0.174022012,2.803124358,16.107872367,,2.860000000,16.434702525
script_2,gemini,base,python,data_manipulation_preprocessing,02_merge_aggregate_reshape,/home/romakrut/PycharmProjects/masters-thesis/task_equivalents/llm_translations/gemini/base/python/data_manipulation_preprocessing/02_merge_aggregate_reshape.py,16,ok,0.173304921,2.923358725,16.868296113,,2.980000000,17.195126271
script_2,gemini,base,python,data_manipulation_preprocessing,02_merge_aggregate_reshape,/home/romakrut/PycharmProjects/masters-thesis/task_equivalents/llm_translations/gemini/base/python/data_manipulation_preprocessing/02_merge_aggregate_reshape.py,17,ok,0.174588264,2.802939290,16.054568766,,2.860000000,16.381398924
script_2,gemini,base,python,data_manipulation_preprocessing,02_merge_aggregate_reshape,/home/romakrut/PycharmProjects/masters-thesis/task_equivalents/llm_translations/gemini/base/python/data_manipulation_preprocessing/02_merge_aggregate_reshape.py,18,ok,0.173337692,2.733348015,15.768918942,,2.790000000,16.095749100
script_2,gemini,base,python,data_manipulation_preprocessing,02_merge_aggregate_reshape,/home/romakrut/PycharmProjects/masters-thesis/task_equivalents/llm_translations/gemini/base/python/data_manipulation_preprocessing/02_merge_aggregate_reshape.py,19,ok,0.175181620,2.772745363,15.827832643,,2.830000000,16.154662801
script_2,gemini,base,python,data_manipulation_preprocessing,02_merge_aggregate_reshape,/home/romakrut/PycharmProjects/masters-thesis/task_equivalents/llm_translations/gemini/base/python/data_manipulation_preprocessing/02_merge_aggregate_reshape.py,20,ok,0.173414459,2.793322925,16.107785597,,2.850000000,16.434615755
script_2,gemini,base,python,data_manipulation_preprocessing,02_merge_aggregate_reshape,/home/romakrut/PycharmProjects/masters-thesis/task_equivalents/llm_translations/gemini/base/python/data_manipulation_preprocessing/02_merge_aggregate_reshape.py,21,ok,0.174362890,2.833012949,16.247797620,,2.890000000,16.574627778
script_2,gemini,base,python,data_manipulation_preprocessing,02_merge_aggregate_reshape,/home/romakrut/PycharmProjects/masters-thesis/task_equivalents/llm_translations/gemini/base/python/data_manipulation_preprocessing/02_merge_aggregate_reshape.py,22,ok,0.173606652,2.883260110,16.608004804,,2.940000000,16.934834962
script_2,gemini,base,python,data_manipulation_preprocessing,02_merge_aggregate_reshape,/home/romakrut/PycharmProjects/masters-thesis/task_equivalents/llm_translations/gemini/base/python/data_manipulation_preprocessing/02_merge_aggregate_reshape.py,23,ok,0.173756062,2.803211279,16.133027225,,2.860000000,16.459857383
script_2,gemini,base,python,data_manipulation_preprocessing,02_merge_aggregate_reshape,/home/romakrut/PycharmProjects/masters-thesis/task_equivalents/llm_translations/gemini/base/python/data_manipulation_preprocessing/02_merge_aggregate_reshape.py,24,ok,0.173400003,2.763327650,15.936145339,,2.820000000,16.262975497
script_2,gemini,base,python,data_manipulation_preprocessing,02_merge_aggregate_reshape,/home/romakrut/PycharmProjects/masters-thesis/task_equivalents/llm_translations/gemini/base/python/data_manipulation_preprocessing/02_merge_aggregate_reshape.py,25,ok,0.173277532,2.723367677,15.716796317,,2.780000000,16.043626475
script_2,gemini,base,python,data_manipulation_preprocessing,02_merge_aggregate_reshape,/home/romakrut/PycharmProjects/masters-thesis/task_equivalents/llm_translations/gemini/base/python/data_manipulation_preprocessing/02_merge_aggregate_reshape.py,26,ok,0.172566780,2.753599972,15.956721056,,2.810000000,16.283551214
script_2,gemini,base,python,data_manipulation_preprocessing,02_merge_aggregate_reshape,/home/romakrut/PycharmProjects/masters-thesis/task_equivalents/llm_translations/gemini/base/python/data_manipulation_preprocessing/02_merge_aggregate_reshape.py,27,ok,0.172975420,2.753466416,15.918252525,,2.810000000,16.245082683
script_2,gemini,base,python,data_manipulation_preprocessing,02_merge_aggregate_reshape,/home/romakrut/PycharmProjects/masters-thesis/task_equivalents/llm_translations/gemini/base/python/data_manipulation_preprocessing/02_merge_aggregate_reshape.py,28,ok,0.173425709,2.713319248,15.645426873,,2.770000000,15.972257031
script_2,gemini,base,python,data_manipulation_preprocessing,02_merge_aggregate_reshape,/home/romakrut/PycharmProjects/masters-thesis/task_equivalents/llm_translations/gemini/base/python/data_manipulation_preprocessing/02_merge_aggregate_reshape.py,29,ok,0.173420624,2.763320910,15.934211551,,2.820000000,16.261041709
script_2,gemini,base,python,data_manipulation_preprocessing,02_merge_aggregate_reshape,/home/romakrut/PycharmProjects/masters-thesis/task_equivalents/llm_translations/gemini/base/python/data_manipulation_preprocessing/02_merge_aggregate_reshape.py,30,ok,0.173817791,2.773191104,15.954587203,,2.830000000,16.281417361
script_61,gpt,optimized,r,machine_learning_workflows,01_pipeline_cv_gridsearch_classification,/home/romakrut/PycharmProjects/masters-thesis/task_equivalents/llm_translations/gpt/optimized/r/machine_learning_workflows/01_pipeline_cv_gridsearch_classification.R,1,ok,97.815026046,1711.821099583,17.500594426,,1743.790000000,17.827424584
script_61,gpt,optimized,r,machine_learning_workflows,01_pipeline_cv_gridsearch_classification,/home/romakrut/PycharmProjects/masters-thesis/task_equivalents/llm_translations/gpt/optimized/r/machine_learning_workflows/01_pipeline_cv_gridsearch_classification.R,2,ok,97.592876677,1708.493704696,17.506336147,,1740.390000000,17.833166305
script_61,gpt,optimized,r,machine_learning_workflows,01_pipeline_cv_gridsearch_classification,/home/romakrut/PycharmProjects/masters-thesis/task_equivalents/llm_translations/gpt/optimized/r/machine_learning_workflows/01_pipeline_cv_gridsearch_classification.R,3,ok,112.017648433,1955.149254264,17.453939461,,1991.760000000,17.780769619
script_61,gpt,optimized,r,machine_learning_workflows,01_pipeline_cv_gridsearch_classification,/home/romakrut/PycharmProjects/masters-thesis/task_equivalents/llm_translations/gpt/optimized/r/machine_learning_workflows/01_pipeline_cv_gridsearch_classification.R,4,ok,110.665230186,1923.351265333,17.379905704,,1959.520000000,17.706735862
script_61,gpt,optimized,r,machine_learning_workflows,01_pipeline_cv_gridsearch_classification,/home/romakrut/PycharmProjects/masters-thesis/task_equivalents/llm_translations/gpt/optimized/r/machine_learning_workflows/01_pipeline_cv_gridsearch_classification.R,5,ok,109.064595779,1905.884400929,17.474822029,,1941.530000000,17.801652187
script_61,gpt,optimized,r,machine_learning_workflows,01_pipeline_cv_gridsearch_classification,/home/romakrut/PycharmProjects/masters-thesis/task_equivalents/llm_translations/gpt/optimized/r/machine_learning_workflows/01_pipeline_cv_gridsearch_classification.R,6,ok,97.808589282,1708.953203311,17.472424619,,1740.920000000,17.799254777
script_61,gpt,optimized,r,machine_learning_workflows,01_pipeline_cv_gridsearch_classification,/home/romakrut/PycharmProjects/masters-thesis/task_equivalents/llm_translations/gpt/optimized/r/machine_learning_workflows/01_pipeline_cv_gridsearch_classification.R,7,ok,99.348492470,1736.599916509,17.479881912,,1769.070000000,17.806712070
script_61,gpt,optimized,r,machine_learning_workflows,01_pipeline_cv_gridsearch_classification,/home/romakrut/PycharmProjects/masters-thesis/task_equivalents/llm_translations/gpt/optimized/r/machine_learning_workflows/01_pipeline_cv_gridsearch_classification.R,8,ok,106.462166786,1863.854953208,17.507204761,,1898.650000000,17.834034919
script_61,gpt,optimized,r,machine_learning_workflows,01_pipeline_cv_gridsearch_classification,/home/romakrut/PycharmProjects/masters-thesis/task_equivalents/llm_translations/gpt/optimized/r/machine_learning_workflows/01_pipeline_cv_gridsearch_classification.R,9,ok,101.154292441,1741.609726619,17.217358597,,1774.670000000,17.544188755
script_61,gpt,optimized,r,machine_learning_workflows,01_pipeline_cv_gridsearch_classification,/home/romakrut/PycharmProjects/masters-thesis/task_equivalents/llm_translations/gpt/optimized/r/machine_learning_workflows/01_pipeline_cv_gridsearch_classification.R,10,ok,108.488465172,1863.392697787,17.175952253,,1898.850000000,17.502782411
script_61,gpt,optimized,r,machine_learning_workflows,01_pipeline_cv_gridsearch_classification,/home/romakrut/PycharmProjects/masters-thesis/task_equivalents/llm_translations/gpt/optimized/r/machine_learning_workflows/01_pipeline_cv_gridsearch_classification.R,11,ok,98.894941736,1753.788150567,17.733850890,,1786.110000000,18.060681048
script_61,gpt,optimized,r,machine_learning_workflows,01_pipeline_cv_gridsearch_classification,/home/romakrut/PycharmProjects/masters-thesis/task_equivalents/llm_translations/gpt/optimized/r/machine_learning_workflows/01_pipeline_cv_gridsearch_classification.R,12,ok,109.718632040,1910.060642155,17.408717249,,1945.920000000,17.735547407
script_61,gpt,optimized,r,machine_learning_workflows,01_pipeline_cv_gridsearch_classification,/home/romakrut/PycharmProjects/masters-thesis/task_equivalents/llm_translations/gpt/optimized/r/machine_learning_workflows/01_pipeline_cv_gridsearch_classification.R,13,ok,116.842010434,2004.872507269,17.158832682,,2043.060000000,17.485662840
script_61,gpt,optimized,r,machine_learning_workflows,01_pipeline_cv_gridsearch_classification,/home/romakrut/PycharmProjects/masters-thesis/task_equivalents/llm_translations/gpt/optimized/r/machine_learning_workflows/01_pipeline_cv_gridsearch_classification.R,14,ok,96.200337619,1660.628828456,17.262193351,,1692.070000000,17.589023509
script_61,gpt,optimized,r,machine_learning_workflows,01_pipeline_cv_gridsearch_classification,/home/romakrut/PycharmProjects/masters-thesis/task_equivalents/llm_translations/gpt/optimized/r/machine_learning_workflows/01_pipeline_cv_gridsearch_classification.R,15,ok,98.008709811,1694.917797887,17.293542596,,1726.950000000,17.620372754
script_61,gpt,optimized,r,machine_learning_workflows,01_pipeline_cv_gridsearch_classification,/home/romakrut/PycharmProjects/masters-thesis/task_equivalents/llm_translations/gpt/optimized/r/machine_learning_workflows/01_pipeline_cv_gridsearch_classification.R,16,ok,106.998964493,1888.259511529,17.647455940,,1923.230000000,17.974286098
script_61,gpt,optimized,r,machine_learning_workflows,01_pipeline_cv_gridsearch_classification,/home/romakrut/PycharmProjects/masters-thesis/task_equivalents/llm_translations/gpt/optimized/r/machine_learning_workflows/01_pipeline_cv_gridsearch_classification.R,17,ok,107.990297772,1896.105513917,17.558109877,,1931.400000000,17.884940035
script_61,gpt,optimized,r,machine_learning_workflows,01_pipeline_cv_gridsearch_classification,/home/romakrut/PycharmProjects/masters-thesis/task_equivalents/llm_translations/gpt/optimized/r/machine_learning_workflows/01_pipeline_cv_gridsearch_classification.R,18,ok,101.670883396,1788.400889116,17.590098850,,1821.630000000,17.916929008
script_61,gpt,optimized,r,machine_learning_workflows,01_pipeline_cv_gridsearch_classification,/home/romakrut/PycharmProjects/masters-thesis/task_equivalents/llm_translations/gpt/optimized/r/machine_learning_workflows/01_pipeline_cv_gridsearch_classification.R,19,ok,109.004859720,1892.113924475,17.358069441,,1927.740000000,17.684899599
script_61,gpt,optimized,r,machine_learning_workflows,01_pipeline_cv_gridsearch_classification,/home/romakrut/PycharmProjects/masters-thesis/task_equivalents/llm_translations/gpt/optimized/r/machine_learning_workflows/01_pipeline_cv_gridsearch_classification.R,20,ok,116.293277996,2051.411849578,17.639986463,,2089.420000000,17.966816621
script_61,gpt,optimized,r,machine_learning_workflows,01_pipeline_cv_gridsearch_classification,/home/romakrut/PycharmProjects/masters-thesis/task_equivalents/llm_translations/gpt/optimized/r/machine_learning_workflows/01_pipeline_cv_gridsearch_classification.R,21,ok,98.425793295,1726.961482426,17.545822336,,1759.130000000,17.872652494
script_61,gpt,optimized,r,machine_learning_workflows,01_pipeline_cv_gridsearch_classification,/home/romakrut/PycharmProjects/masters-thesis/task_equivalents/llm_translations/gpt/optimized/r/machine_learning_workflows/01_pipeline_cv_gridsearch_classification.R,22,ok,100.017116045,1747.731390160,17.474322989,,1780.420000000,17.801153147
script_61,gpt,optimized,r,machine_learning_workflows,01_pipeline_cv_gridsearch_classification,/home/romakrut/PycharmProjects/masters-thesis/task_equivalents/llm_translations/gpt/optimized/r/machine_learning_workflows/01_pipeline_cv_gridsearch_classification.R,23,ok,101.085894209,1772.402081224,17.533624202,,1805.440000000,17.860454360
script_61,gpt,optimized,r,machine_learning_workflows,01_pipeline_cv_gridsearch_classification,/home/romakrut/PycharmProjects/masters-thesis/task_equivalents/llm_translations/gpt/optimized/r/machine_learning_workflows/01_pipeline_cv_gridsearch_classification.R,24,ok,101.930020876,1814.126195172,17.797761440,,1847.440000000,18.124591598
script_61,gpt,optimized,r,machine_learning_workflows,01_pipeline_cv_gridsearch_classification,/home/romakrut/PycharmProjects/masters-thesis/task_equivalents/llm_translations/gpt/optimized/r/machine_learning_workflows/01_pipeline_cv_gridsearch_classification.R,25,ok,97.586402445,1743.725820670,17.868532674,,1775.620000000,18.195362832
script_61,gpt,optimized,r,machine_learning_workflows,01_pipeline_cv_gridsearch_classification,/home/romakrut/PycharmProjects/masters-thesis/task_equivalents/llm_translations/gpt/optimized/r/machine_learning_workflows/01_pipeline_cv_gridsearch_classification.R,26,ok,102.618715657,1833.001108948,17.862249563,,1866.540000000,18.189079721
script_61,gpt,optimized,r,machine_learning_workflows,01_pipeline_cv_gridsearch_classification,/home/romakrut/PycharmProjects/masters-thesis/task_equivalents/llm_translations/gpt/optimized/r/machine_learning_workflows/01_pipeline_cv_gridsearch_classification.R,27,ok,99.078513650,1784.118153729,18.007114641,,1816.500000000,18.333944799
script_61,gpt,optimized,r,machine_learning_workflows,01_pipeline_cv_gridsearch_classification,/home/romakrut/PycharmProjects/masters-thesis/task_equivalents/llm_translations/gpt/optimized/r/machine_learning_workflows/01_pipeline_cv_gridsearch_classification.R,28,ok,100.809573550,1807.652391149,17.931356393,,1840.600000000,18.258186551
script_61,gpt,optimized,r,machine_learning_workflows,01_pipeline_cv_gridsearch_classification,/home/romakrut/PycharmProjects/masters-thesis/task_equivalents/llm_translations/gpt/optimized/r/machine_learning_workflows/01_pipeline_cv_gridsearch_classification.R,29,ok,111.979747919,1967.761641295,17.572477862,,2004.360000000,17.899308020
script_61,gpt,optimized,r,machine_learning_workflows,01_pipeline_cv_gridsearch_classification,/home/romakrut/PycharmProjects/masters-thesis/task_equivalents/llm_translations/gpt/optimized/r/machine_learning_workflows/01_pipeline_cv_gridsearch_classification.R,30,ok,103.199040038,1862.101441439,18.043786461,,1895.830000000,18.370616619
script_19,gemini,optimized,python,data_visualization,01_scatter_trend_grouped,/home/romakrut/PycharmProjects/masters-thesis/task_equivalents/llm_translations/gemini/optimized/python/data_visualization/01_scatter_trend_grouped.py,1,ok,0.369528721,6.049226870,16.370112865,,6.170000000,16.696943023
script_19,gemini,optimized,python,data_visualization,01_scatter_trend_grouped,/home/romakrut/PycharmProjects/masters-thesis/task_equivalents/llm_translations/gemini/optimized/python/data_visualization/01_scatter_trend_grouped.py,2,ok,0.374417683,6.017629010,16.071967972,,6.140000000,16.398798130
script_19,gemini,optimized,python,data_visualization,01_scatter_trend_grouped,/home/romakrut/PycharmProjects/masters-thesis/task_equivalents/llm_translations/gemini/optimized/python/data_visualization/01_scatter_trend_grouped.py,3,ok,0.370609213,6.048873732,16.321433791,,6.170000000,16.648263949
script_19,gemini,optimized,python,data_visualization,01_scatter_trend_grouped,/home/romakrut/PycharmProjects/masters-thesis/task_equivalents/llm_translations/gemini/optimized/python/data_visualization/01_scatter_trend_grouped.py,4,ok,0.371282552,5.998653665,16.156573027,,6.120000000,16.483403185
script_19,gemini,optimized,python,data_visualization,01_scatter_trend_grouped,/home/romakrut/PycharmProjects/masters-thesis/task_equivalents/llm_translations/gemini/optimized/python/data_visualization/01_scatter_trend_grouped.py,5,ok,0.371688816,6.078520886,16.353790117,,6.200000000,16.680620275
script_19,gemini,optimized,python,data_visualization,01_scatter_trend_grouped,/home/romakrut/PycharmProjects/masters-thesis/task_equivalents/llm_translations/gemini/optimized/python/data_visualization/01_scatter_trend_grouped.py,6,ok,0.370482920,6.088915009,16.435076167,,6.210000000,16.761906325
script_19,gemini,optimized,python,data_visualization,01_scatter_trend_grouped,/home/romakrut/PycharmProjects/masters-thesis/task_equivalents/llm_translations/gemini/optimized/python/data_visualization/01_scatter_trend_grouped.py,7,ok,0.371524823,6.018574483,16.199656418,,6.140000000,16.526486576
script_19,gemini,optimized,python,data_visualization,01_scatter_trend_grouped,/home/romakrut/PycharmProjects/masters-thesis/task_equivalents/llm_translations/gemini/optimized/python/data_visualization/01_scatter_trend_grouped.py,8,ok,0.372179407,5.948360546,15.982508526,,6.070000000,16.309338684
script_19,gemini,optimized,python,data_visualization,01_scatter_trend_grouped,/home/romakrut/PycharmProjects/masters-thesis/task_equivalents/llm_translations/gemini/optimized/python/data_visualization/01_scatter_trend_grouped.py,9,ok,0.372098647,6.088386940,16.362292606,,6.210000000,16.689122764
script_19,gemini,optimized,python,data_visualization,01_scatter_trend_grouped,/home/romakrut/PycharmProjects/masters-thesis/task_equivalents/llm_translations/gemini/optimized/python/data_visualization/01_scatter_trend_grouped.py,10,ok,0.372396763,6.158289507,16.536903966,,6.280000000,16.863734124
script_19,gemini,optimized,python,data_visualization,01_scatter_trend_grouped,/home/romakrut/PycharmProjects/masters-thesis/task_equivalents/llm_translations/gemini/optimized/python/data_visualization/01_scatter_trend_grouped.py,11,ok,0.372182977,6.098359379,16.385379654,,6.220000000,16.712209812
script_19,gemini,optimized,python,data_visualization,01_scatter_trend_grouped,/home/romakrut/PycharmProjects/masters-thesis/task_equivalents/llm_translations/gemini/optimized/python/data_visualization/01_scatter_trend_grouped.py,12,ok,0.371130440,5.988703380,16.136384231,,6.110000000,16.463214389
script_19,gemini,optimized,python,data_visualization,01_scatter_trend_grouped,/home/romakrut/PycharmProjects/masters-thesis/task_equivalents/llm_translations/gemini/optimized/python/data_visualization/01_scatter_trend_grouped.py,13,ok,0.371848865,6.018468577,16.185254664,,6.140000000,16.512084822
script_19,gemini,optimized,python,data_visualization,01_scatter_trend_grouped,/home/romakrut/PycharmProjects/masters-thesis/task_equivalents/llm_translations/gemini/optimized/python/data_visualization/01_scatter_trend_grouped.py,14,ok,0.372398531,6.198288929,16.644235713,,6.320000000,16.971065871
script_19,gemini,optimized,python,data_visualization,01_scatter_trend_grouped,/home/romakrut/PycharmProjects/masters-thesis/task_equivalents/llm_translations/gemini/optimized/python/data_visualization/01_scatter_trend_grouped.py,15,ok,0.370738920,6.148831340,16.585340811,,6.270000000,16.912170969
script_19,gemini,optimized,python,data_visualization,01_scatter_trend_grouped,/home/romakrut/PycharmProjects/masters-thesis/task_equivalents/llm_translations/gemini/optimized/python/data_visualization/01_scatter_trend_grouped.py,16,ok,0.372186497,5.948358228,15.982197840,,6.070000000,16.309027998
script_19,gemini,optimized,python,data_visualization,01_scatter_trend_grouped,/home/romakrut/PycharmProjects/masters-thesis/task_equivalents/llm_translations/gemini/optimized/python/data_visualization/01_scatter_trend_grouped.py,17,ok,0.373102449,6.158058868,16.505007898,,6.280000000,16.831838056
script_19,gemini,optimized,python,data_visualization,01_scatter_trend_grouped,/home/romakrut/PycharmProjects/masters-thesis/task_equivalents/llm_translations/gemini/optimized/python/data_visualization/01_scatter_trend_grouped.py,18,ok,0.371264913,6.148659430,16.561380337,,6.270000000,16.888210495
script_19,gemini,optimized,python,data_visualization,01_scatter_trend_grouped,/home/romakrut/PycharmProjects/masters-thesis/task_equivalents/llm_translations/gemini/optimized/python/data_visualization/01_scatter_trend_grouped.py,19,ok,0.369663929,6.199182680,16.769779774,,6.320000000,17.096609932
script_19,gemini,optimized,python,data_visualization,01_scatter_trend_grouped,/home/romakrut/PycharmProjects/masters-thesis/task_equivalents/llm_translations/gemini/optimized/python/data_visualization/01_scatter_trend_grouped.py,20,ok,0.372762385,6.098170011,16.359402816,,6.220000000,16.686232974
script_19,gemini,optimized,python,data_visualization,01_scatter_trend_grouped,/home/romakrut/PycharmProjects/masters-thesis/task_equivalents/llm_translations/gemini/optimized/python/data_visualization/01_scatter_trend_grouped.py,21,ok,0.371412706,6.148611127,16.554660159,,6.270000000,16.881490317
script_19,gemini,optimized,python,data_visualization,01_scatter_trend_grouped,/home/romakrut/PycharmProjects/masters-thesis/task_equivalents/llm_translations/gemini/optimized/python/data_visualization/01_scatter_trend_grouped.py,22,ok,0.371224556,6.178672620,16.644029927,,6.300000000,16.970860085
script_19,gemini,optimized,python,data_visualization,01_scatter_trend_grouped,/home/romakrut/PycharmProjects/masters-thesis/task_equivalents/llm_translations/gemini/optimized/python/data_visualization/01_scatter_trend_grouped.py,23,ok,0.373652386,6.167879132,16.506997848,,6.290000000,16.833828006
script_19,gemini,optimized,python,data_visualization,01_scatter_trend_grouped,/home/romakrut/PycharmProjects/masters-thesis/task_equivalents/llm_translations/gemini/optimized/python/data_visualization/01_scatter_trend_grouped.py,24,ok,0.370141888,6.059026468,16.369469830,,6.180000000,16.696299988
script_19,gemini,optimized,python,data_visualization,01_scatter_trend_grouped,/home/romakrut/PycharmProjects/masters-thesis/task_equivalents/llm_translations/gemini/optimized/python/data_visualization/01_scatter_trend_grouped.py,25,ok,0.370819331,6.008805059,16.204131115,,6.130000000,16.530961273
script_19,gemini,optimized,python,data_visualization,01_scatter_trend_grouped,/home/romakrut/PycharmProjects/masters-thesis/task_equivalents/llm_translations/gemini/optimized/python/data_visualization/01_scatter_trend_grouped.py,26,ok,0.372468327,5.998266118,16.104097135,,6.120000000,16.430927293
script_19,gemini,optimized,python,data_visualization,01_scatter_trend_grouped,/home/romakrut/PycharmProjects/masters-thesis/task_equivalents/llm_translations/gemini/optimized/python/data_visualization/01_scatter_trend_grouped.py,27,ok,0.372531752,6.158245389,16.530793296,,6.280000000,16.857623454
script_19,gemini,optimized,python,data_visualization,01_scatter_trend_grouped,/home/romakrut/PycharmProjects/masters-thesis/task_equivalents/llm_translations/gemini/optimized/python/data_visualization/01_scatter_trend_grouped.py,28,ok,0.372272970,6.058329966,16.273891619,,6.180000000,16.600721777
script_19,gemini,optimized,python,data_visualization,01_scatter_trend_grouped,/home/romakrut/PycharmProjects/masters-thesis/task_equivalents/llm_translations/gemini/optimized/python/data_visualization/01_scatter_trend_grouped.py,29,ok,0.371134086,6.038702188,16.270944696,,6.160000000,16.597774854
script_19,gemini,optimized,python,data_visualization,01_scatter_trend_grouped,/home/romakrut/PycharmProjects/masters-thesis/task_equivalents/llm_translations/gemini/optimized/python/data_visualization/01_scatter_trend_grouped.py,30,ok,0.373465141,6.157940329,16.488661599,,6.280000000,16.815491757
script_20,gemini,optimized,python,data_visualization,02_distribution_boxplot,/home/romakrut/PycharmProjects/masters-thesis/task_equivalents/llm_translations/gemini/optimized/python/data_visualization/02_distribution_boxplot.py,1,ok,0.481262017,7.952709059,16.524697105,,8.110000000,16.851527263
script_20,gemini,optimized,python,data_visualization,02_distribution_boxplot,/home/romakrut/PycharmProjects/masters-thesis/task_equivalents/llm_translations/gemini/optimized/python/data_visualization/02_distribution_boxplot.py,2,ok,0.483562966,8.091957039,16.734029709,,8.250000000,17.060859867
script_20,gemini,optimized,python,data_visualization,02_distribution_boxplot,/home/romakrut/PycharmProjects/masters-thesis/task_equivalents/llm_translations/gemini/optimized/python/data_visualization/02_distribution_boxplot.py,3,ok,0.484723164,7.821577852,16.136175105,,7.980000000,16.463005263
script_20,gemini,optimized,python,data_visualization,02_distribution_boxplot,/home/romakrut/PycharmProjects/masters-thesis/task_equivalents/llm_translations/gemini/optimized/python/data_visualization/02_distribution_boxplot.py,4,ok,0.484732118,7.851574925,16.197760853,,8.010000000,16.524591011
script_20,gemini,optimized,python,data_visualization,02_distribution_boxplot,/home/romakrut/PycharmProjects/masters-thesis/task_equivalents/llm_translations/gemini/optimized/python/data_visualization/02_distribution_boxplot.py,5,ok,0.483364809,7.832021803,16.203127860,,7.990000000,16.529958018
script_20,gemini,optimized,python,data_visualization,02_distribution_boxplot,/home/romakrut/PycharmProjects/masters-thesis/task_equivalents/llm_translations/gemini/optimized/python/data_visualization/02_distribution_boxplot.py,6,ok,0.484117734,7.881775725,16.280700274,,8.040000000,16.607530432
script_20,gemini,optimized,python,data_visualization,02_distribution_boxplot,/home/romakrut/PycharmProjects/masters-thesis/task_equivalents/llm_translations/gemini/optimized/python/data_visualization/02_distribution_boxplot.py,7,ok,0.484196829,7.761749874,16.030154286,,7.920000000,16.356984444
script_20,gemini,optimized,python,data_visualization,02_distribution_boxplot,/home/romakrut/PycharmProjects/masters-thesis/task_equivalents/llm_translations/gemini/optimized/python/data_visualization/02_distribution_boxplot.py,8,ok,0.480382656,7.962996461,16.576361284,,8.120000000,16.903191442
script_20,gemini,optimized,python,data_visualization,02_distribution_boxplot,/home/romakrut/PycharmProjects/masters-thesis/task_equivalents/llm_translations/gemini/optimized/python/data_visualization/02_distribution_boxplot.py,9,ok,0.484026729,7.971805468,16.469762908,,8.130000000,16.796593066
script_20,gemini,optimized,python,data_visualization,02_distribution_boxplot,/home/romakrut/PycharmProjects/masters-thesis/task_equivalents/llm_translations/gemini/optimized/python/data_visualization/02_distribution_boxplot.py,10,ok,0.485372988,8.021365470,16.526188453,,8.180000000,16.853018611
script_20,gemini,optimized,python,data_visualization,02_distribution_boxplot,/home/romakrut/PycharmProjects/masters-thesis/task_equivalents/llm_translations/gemini/optimized/python/data_visualization/02_distribution_boxplot.py,11,ok,0.483921023,7.931840016,16.390773780,,8.090000000,16.717603938
script_20,gemini,optimized,python,data_visualization,02_distribution_boxplot,/home/romakrut/PycharmProjects/masters-thesis/task_equivalents/llm_translations/gemini/optimized/python/data_visualization/02_distribution_boxplot.py,12,ok,0.483010628,8.022137560,16.608614997,,8.180000000,16.935445155
script_20,gemini,optimized,python,data_visualization,02_distribution_boxplot,/home/romakrut/PycharmProjects/masters-thesis/task_equivalents/llm_translations/gemini/optimized/python/data_visualization/02_distribution_boxplot.py,13,ok,0.483954426,8.061829098,16.658240250,,8.220000000,16.985070408
script_20,gemini,optimized,python,data_visualization,02_distribution_boxplot,/home/romakrut/PycharmProjects/masters-thesis/task_equivalents/llm_translations/gemini/optimized/python/data_visualization/02_distribution_boxplot.py,14,ok,0.482669790,7.822248956,16.206212028,,7.980000000,16.533042186
script_20,gemini,optimized,python,data_visualization,02_distribution_boxplot,/home/romakrut/PycharmProjects/masters-thesis/task_equivalents/llm_translations/gemini/optimized/python/data_visualization/02_distribution_boxplot.py,15,ok,0.484067535,7.931792131,16.385713888,,8.090000000,16.712544046
script_20,gemini,optimized,python,data_visualization,02_distribution_boxplot,/home/romakrut/PycharmProjects/masters-thesis/task_equivalents/llm_translations/gemini/optimized/python/data_visualization/02_distribution_boxplot.py,16,ok,0.481119926,8.042755499,16.716737478,,8.200000000,17.043567636
script_20,gemini,optimized,python,data_visualization,02_distribution_boxplot,/home/romakrut/PycharmProjects/masters-thesis/task_equivalents/llm_translations/gemini/optimized/python/data_visualization/02_distribution_boxplot.py,17,ok,0.478618469,8.013573050,16.743133768,,8.170000000,17.069963926
script_20,gemini,optimized,python,data_visualization,02_distribution_boxplot,/home/romakrut/PycharmProjects/masters-thesis/task_equivalents/llm_translations/gemini/optimized/python/data_visualization/02_distribution_boxplot.py,18,ok,0.479888140,7.963158083,16.593779716,,8.120000000,16.920609874
script_20,gemini,optimized,python,data_visualization,02_distribution_boxplot,/home/romakrut/PycharmProjects/masters-thesis/task_equivalents/llm_translations/gemini/optimized/python/data_visualization/02_distribution_boxplot.py,19,ok,0.482602625,7.852270908,16.270675916,,8.010000000,16.597506074
script_20,gemini,optimized,python,data_visualization,02_distribution_boxplot,/home/romakrut/PycharmProjects/masters-thesis/task_equivalents/llm_translations/gemini/optimized/python/data_visualization/02_distribution_boxplot.py,20,ok,0.483338244,8.062030485,16.679893605,,8.220000000,17.006723763
script_20,gemini,optimized,python,data_visualization,02_distribution_boxplot,/home/romakrut/PycharmProjects/masters-thesis/task_equivalents/llm_translations/gemini/optimized/python/data_visualization/02_distribution_boxplot.py,21,ok,0.481058867,7.942775454,16.511025987,,8.100000000,16.837856145
script_20,gemini,optimized,python,data_visualization,02_distribution_boxplot,/home/romakrut/PycharmProjects/masters-thesis/task_equivalents/llm_translations/gemini/optimized/python/data_visualization/02_distribution_boxplot.py,22,ok,0.483453407,8.031992847,16.613788899,,8.190000000,16.940619057
script_20,gemini,optimized,python,data_visualization,02_distribution_boxplot,/home/romakrut/PycharmProjects/masters-thesis/task_equivalents/llm_translations/gemini/optimized/python/data_visualization/02_distribution_boxplot.py,23,ok,0.482754697,7.992221206,16.555449912,,8.150000000,16.882280070
script_20,gemini,optimized,python,data_visualization,02_distribution_boxplot,/home/romakrut/PycharmProjects/masters-thesis/task_equivalents/llm_translations/gemini/optimized/python/data_visualization/02_distribution_boxplot.py,24,ok,0.484545065,8.031636060,16.575622455,,8.190000000,16.902452613
script_20,gemini,optimized,python,data_visualization,02_distribution_boxplot,/home/romakrut/PycharmProjects/masters-thesis/task_equivalents/llm_translations/gemini/optimized/python/data_visualization/02_distribution_boxplot.py,25,ok,0.483313059,7.972038717,16.494565102,,8.130000000,16.821395260
script_20,gemini,optimized,python,data_visualization,02_distribution_boxplot,/home/romakrut/PycharmProjects/masters-thesis/task_equivalents/llm_translations/gemini/optimized/python/data_visualization/02_distribution_boxplot.py,26,ok,0.482065172,8.042446564,16.683318005,,8.200000000,17.010148163
script_20,gemini,optimized,python,data_visualization,02_distribution_boxplot,/home/romakrut/PycharmProjects/masters-thesis/task_equivalents/llm_translations/gemini/optimized/python/data_visualization/02_distribution_boxplot.py,27,ok,0.482078449,8.012442224,16.620618990,,8.170000000,16.947449148
script_20,gemini,optimized,python,data_visualization,02_distribution_boxplot,/home/romakrut/PycharmProjects/masters-thesis/task_equivalents/llm_translations/gemini/optimized/python/data_visualization/02_distribution_boxplot.py,28,ok,0.483748553,8.001896384,16.541437353,,8.160000000,16.868267511
script_20,gemini,optimized,python,data_visualization,02_distribution_boxplot,/home/romakrut/PycharmProjects/masters-thesis/task_equivalents/llm_translations/gemini/optimized/python/data_visualization/02_distribution_boxplot.py,29,ok,0.482028737,8.132458472,16.871314607,,8.290000000,17.198144765
script_20,gemini,optimized,python,data_visualization,02_distribution_boxplot,/home/romakrut/PycharmProjects/masters-thesis/task_equivalents/llm_translations/gemini/optimized/python/data_visualization/02_distribution_boxplot.py,30,ok,0.484252091,8.031731813,16.585848491,,8.190000000,16.912678649
script_105,starcoder,base,r,data_manipulation_preprocessing,01_impute_encode_scale,/home/romakrut/PycharmProjects/masters-thesis/task_equivalents/llm_translations/starcoder/base/r/data_manipulation_preprocessing/01_impute_encode_scale.R,1,ok,1.219187510,20.781532753,17.045395055,,21.180000000,17.372225213
script_105,starcoder,base,r,data_manipulation_preprocessing,01_impute_encode_scale,/home/romakrut/PycharmProjects/masters-thesis/task_equivalents/llm_translations/starcoder/base/r/data_manipulation_preprocessing/01_impute_encode_scale.R,2,ok,1.226521351,20.649135833,16.835529048,,21.050000000,17.162359206
script_105,starcoder,base,r,data_manipulation_preprocessing,01_impute_encode_scale,/home/romakrut/PycharmProjects/masters-thesis/task_equivalents/llm_translations/starcoder/base/r/data_manipulation_preprocessing/01_impute_encode_scale.R,3,ok,1.218839778,20.961646403,17.198032737,,21.360000000,17.524862895
script_105,starcoder,base,r,data_manipulation_preprocessing,01_impute_encode_scale,/home/romakrut/PycharmProjects/masters-thesis/task_equivalents/llm_translations/starcoder/base/r/data_manipulation_preprocessing/01_impute_encode_scale.R,4,ok,1.217192106,20.792184912,17.082089844,,21.190000000,17.408920002
script_105,starcoder,base,r,data_manipulation_preprocessing,01_impute_encode_scale,/home/romakrut/PycharmProjects/masters-thesis/task_equivalents/llm_translations/starcoder/base/r/data_manipulation_preprocessing/01_impute_encode_scale.R,5,ok,1.219927108,20.921291031,17.149623853,,21.320000000,17.476454011
script_105,starcoder,base,r,data_manipulation_preprocessing,01_impute_encode_scale,/home/romakrut/PycharmProjects/masters-thesis/task_equivalents/llm_translations/starcoder/base/r/data_manipulation_preprocessing/01_impute_encode_scale.R,6,ok,1.217222677,20.992174920,17.245961086,,21.390000000,17.572791244
script_105,starcoder,base,r,data_manipulation_preprocessing,01_impute_encode_scale,/home/romakrut/PycharmProjects/masters-thesis/task_equivalents/llm_translations/starcoder/base/r/data_manipulation_preprocessing/01_impute_encode_scale.R,7,ok,1.218816648,21.031653962,17.255798070,,21.430000000,17.582628228
script_105,starcoder,base,r,data_manipulation_preprocessing,01_impute_encode_scale,/home/romakrut/PycharmProjects/masters-thesis/task_equivalents/llm_translations/starcoder/base/r/data_manipulation_preprocessing/01_impute_encode_scale.R,8,ok,1.217788894,21.001989863,17.246002133,,21.400000000,17.572832291
script_105,starcoder,base,r,data_manipulation_preprocessing,01_impute_encode_scale,/home/romakrut/PycharmProjects/masters-thesis/task_equivalents/llm_translations/starcoder/base/r/data_manipulation_preprocessing/01_impute_encode_scale.R,9,ok,1.214441558,20.893083874,17.203861097,,21.290000000,17.530691255
script_105,starcoder,base,r,data_manipulation_preprocessing,01_impute_encode_scale,/home/romakrut/PycharmProjects/masters-thesis/task_equivalents/llm_translations/starcoder/base/r/data_manipulation_preprocessing/01_impute_encode_scale.R,10,ok,1.218052052,21.131903855,17.348933340,,21.530000000,17.675763498
script_105,starcoder,base,r,data_manipulation_preprocessing,01_impute_encode_scale,/home/romakrut/PycharmProjects/masters-thesis/task_equivalents/llm_translations/starcoder/base/r/data_manipulation_preprocessing/01_impute_encode_scale.R,11,ok,1.216360521,21.042456699,17.299522909,,21.440000000,17.626353067
script_105,starcoder,base,r,data_manipulation_preprocessing,01_impute_encode_scale,/home/romakrut/PycharmProjects/masters-thesis/task_equivalents/llm_translations/starcoder/base/r/data_manipulation_preprocessing/01_impute_encode_scale.R,12,ok,1.217655687,21.202033399,17.412174579,,21.600000000,17.739004737
script_105,starcoder,base,r,data_manipulation_preprocessing,01_impute_encode_scale,/home/romakrut/PycharmProjects/masters-thesis/task_equivalents/llm_translations/starcoder/base/r/data_manipulation_preprocessing/01_impute_encode_scale.R,13,ok,1.217801925,21.001985604,17.245814096,,21.400000000,17.572644254
script_105,starcoder,base,r,data_manipulation_preprocessing,01_impute_encode_scale,/home/romakrut/PycharmProjects/masters-thesis/task_equivalents/llm_translations/starcoder/base/r/data_manipulation_preprocessing/01_impute_encode_scale.R,14,ok,1.225897309,21.249339789,17.333702940,,21.650000000,17.660533098
script_105,starcoder,base,r,data_manipulation_preprocessing,01_impute_encode_scale,/home/romakrut/PycharmProjects/masters-thesis/task_equivalents/llm_translations/starcoder/base/r/data_manipulation_preprocessing/01_impute_encode_scale.R,15,ok,1.221474827,21.440785189,17.553194479,,21.840000000,17.880024637
script_105,starcoder,base,r,data_manipulation_preprocessing,01_impute_encode_scale,/home/romakrut/PycharmProjects/masters-thesis/task_equivalents/llm_translations/starcoder/base/r/data_manipulation_preprocessing/01_impute_encode_scale.R,16,ok,1.216450481,21.232427297,17.454411527,,21.630000000,17.781241685
script_105,starcoder,base,r,data_manipulation_preprocessing,01_impute_encode_scale,/home/romakrut/PycharmProjects/masters-thesis/task_equivalents/llm_translations/starcoder/base/r/data_manipulation_preprocessing/01_impute_encode_scale.R,17,ok,1.219904222,21.331298510,17.486043679,,21.730000000,17.812873837
script_105,starcoder,base,r,data_manipulation_preprocessing,01_impute_encode_scale,/home/romakrut/PycharmProjects/masters-thesis/task_equivalents/llm_translations/starcoder/base/r/data_manipulation_preprocessing/01_impute_encode_scale.R,18,ok,1.216331722,21.302466111,17.513697724,,21.700000000,17.840527882
script_105,starcoder,base,r,data_manipulation_preprocessing,01_impute_encode_scale,/home/romakrut/PycharmProjects/masters-thesis/task_equivalents/llm_translations/starcoder/base/r/data_manipulation_preprocessing/01_impute_encode_scale.R,19,ok,1.216330821,21.272466406,17.489046597,,21.670000000,17.815876755
script_105,starcoder,base,r,data_manipulation_preprocessing,01_impute_encode_scale,/home/romakrut/PycharmProjects/masters-thesis/task_equivalents/llm_translations/starcoder/base/r/data_manipulation_preprocessing/01_impute_encode_scale.R,20,ok,1.218878176,21.141633853,17.345157432,,21.540000000,17.671987590
script_105,starcoder,base,r,data_manipulation_preprocessing,01_impute_encode_scale,/home/romakrut/PycharmProjects/masters-thesis/task_equivalents/llm_translations/starcoder/base/r/data_manipulation_preprocessing/01_impute_encode_scale.R,21,ok,1.221883293,21.380651690,17.498112801,,21.780000000,17.824942959
script_105,starcoder,base,r,data_manipulation_preprocessing,01_impute_encode_scale,/home/romakrut/PycharmProjects/masters-thesis/task_equivalents/llm_translations/starcoder/base/r/data_manipulation_preprocessing/01_impute_encode_scale.R,22,ok,1.219628337,21.191388678,17.375283957,,21.590000000,17.702114115
script_105,starcoder,base,r,data_manipulation_preprocessing,01_impute_encode_scale,/home/romakrut/PycharmProjects/masters-thesis/task_equivalents/llm_translations/starcoder/base/r/data_manipulation_preprocessing/01_impute_encode_scale.R,23,ok,1.233676895,21.106797185,17.108853437,,21.510000000,17.435683595
script_105,starcoder,base,r,data_manipulation_preprocessing,01_impute_encode_scale,/home/romakrut/PycharmProjects/masters-thesis/task_equivalents/llm_translations/starcoder/base/r/data_manipulation_preprocessing/01_impute_encode_scale.R,24,ok,1.222944160,21.410304967,17.507181168,,21.810000000,17.834011326
script_105,starcoder,base,r,data_manipulation_preprocessing,01_impute_encode_scale,/home/romakrut/PycharmProjects/masters-thesis/task_equivalents/llm_translations/starcoder/base/r/data_manipulation_preprocessing/01_impute_encode_scale.R,25,ok,1.220250311,21.141185398,17.325285810,,21.540000000,17.652115968
script_105,starcoder,base,r,data_manipulation_preprocessing,01_impute_encode_scale,/home/romakrut/PycharmProjects/masters-thesis/task_equivalents/llm_translations/starcoder/base/r/data_manipulation_preprocessing/01_impute_encode_scale.R,26,ok,1.228499766,21.268489227,17.312570841,,21.670000000,17.639400999
script_105,starcoder,base,r,data_manipulation_preprocessing,01_impute_encode_scale,/home/romakrut/PycharmProjects/masters-thesis/task_equivalents/llm_translations/starcoder/base/r/data_manipulation_preprocessing/01_impute_encode_scale.R,27,ok,1.217562672,21.272063800,17.471021647,,21.670000000,17.797851805
script_105,starcoder,base,r,data_manipulation_preprocessing,01_impute_encode_scale,/home/romakrut/PycharmProjects/masters-thesis/task_equivalents/llm_translations/starcoder/base/r/data_manipulation_preprocessing/01_impute_encode_scale.R,28,ok,1.230507396,21.227833073,17.251284423,,21.630000000,17.578114581
script_105,starcoder,base,r,data_manipulation_preprocessing,01_impute_encode_scale,/home/romakrut/PycharmProjects/masters-thesis/task_equivalents/llm_translations/starcoder/base/r/data_manipulation_preprocessing/01_impute_encode_scale.R,29,ok,1.220584632,21.141076132,17.320450854,,21.540000000,17.647281012
script_105,starcoder,base,r,data_manipulation_preprocessing,01_impute_encode_scale,/home/romakrut/PycharmProjects/masters-thesis/task_equivalents/llm_translations/starcoder/base/r/data_manipulation_preprocessing/01_impute_encode_scale.R,30,ok,1.222047018,21.340598180,17.462992721,,21.740000000,17.789822879
script_63,gpt,optimized,r,statistical_modelling_analysis,01_linear_regression_inference,/home/romakrut/PycharmProjects/masters-thesis/task_equivalents/llm_translations/gpt/optimized/r/statistical_modelling_analysis/01_linear_regression_inference.R,1,ok,0.385199410,6.634105216,17.222521748,,6.760000000,17.549351906
script_63,gpt,optimized,r,statistical_modelling_analysis,01_linear_regression_inference,/home/romakrut/PycharmProjects/masters-thesis/task_equivalents/llm_translations/gpt/optimized/r/statistical_modelling_analysis/01_linear_regression_inference.R,2,ok,0.387264332,6.453430337,16.664148500,,6.580000000,16.990978658
script_63,gpt,optimized,r,statistical_modelling_analysis,01_linear_regression_inference,/home/romakrut/PycharmProjects/masters-thesis/task_equivalents/llm_translations/gpt/optimized/r/statistical_modelling_analysis/01_linear_regression_inference.R,3,ok,0.386327447,6.653736539,17.223048973,,6.780000000,17.549879131
script_63,gpt,optimized,r,statistical_modelling_analysis,01_linear_regression_inference,/home/romakrut/PycharmProjects/masters-thesis/task_equivalents/llm_translations/gpt/optimized/r/statistical_modelling_analysis/01_linear_regression_inference.R,4,ok,0.385149704,6.544121461,16.991111231,,6.670000000,17.317941389
script_63,gpt,optimized,r,statistical_modelling_analysis,01_linear_regression_inference,/home/romakrut/PycharmProjects/masters-thesis/task_equivalents/llm_translations/gpt/optimized/r/statistical_modelling_analysis/01_linear_regression_inference.R,5,ok,0.383494651,6.574662383,17.144078452,,6.700000000,17.470908610
script_63,gpt,optimized,r,statistical_modelling_analysis,01_linear_regression_inference,/home/romakrut/PycharmProjects/masters-thesis/task_equivalents/llm_translations/gpt/optimized/r/statistical_modelling_analysis/01_linear_regression_inference.R,6,ok,0.384446950,6.634351143,17.256870272,,6.760000000,17.583700430
script_63,gpt,optimized,r,statistical_modelling_analysis,01_linear_regression_inference,/home/romakrut/PycharmProjects/masters-thesis/task_equivalents/llm_translations/gpt/optimized/r/statistical_modelling_analysis/01_linear_regression_inference.R,7,ok,0.388029755,6.523180174,16.811030829,,6.650000000,17.137860987
script_63,gpt,optimized,r,statistical_modelling_analysis,01_linear_regression_inference,/home/romakrut/PycharmProjects/masters-thesis/task_equivalents/llm_translations/gpt/optimized/r/statistical_modelling_analysis/01_linear_regression_inference.R,8,ok,0.388614175,6.612989168,17.016850113,,6.740000000,17.343680271
script_63,gpt,optimized,r,statistical_modelling_analysis,01_linear_regression_inference,/home/romakrut/PycharmProjects/masters-thesis/task_equivalents/llm_translations/gpt/optimized/r/statistical_modelling_analysis/01_linear_regression_inference.R,9,ok,0.384225487,6.574423523,17.110847005,,6.700000000,17.437677163
script_63,gpt,optimized,r,statistical_modelling_analysis,01_linear_regression_inference,/home/romakrut/PycharmProjects/masters-thesis/task_equivalents/llm_translations/gpt/optimized/r/statistical_modelling_analysis/01_linear_regression_inference.R,10,ok,0.386260718,6.593758349,17.070745331,,6.720000000,17.397575489
script_63,gpt,optimized,r,statistical_modelling_analysis,01_linear_regression_inference,/home/romakrut/PycharmProjects/masters-thesis/task_equivalents/llm_translations/gpt/optimized/r/statistical_modelling_analysis/01_linear_regression_inference.R,11,ok,0.386652808,6.533630202,16.897925132,,6.660000000,17.224755290
script_63,gpt,optimized,r,statistical_modelling_analysis,01_linear_regression_inference,/home/romakrut/PycharmProjects/masters-thesis/task_equivalents/llm_translations/gpt/optimized/r/statistical_modelling_analysis/01_linear_regression_inference.R,12,ok,0.391957954,6.601896320,16.843378869,,6.730000000,17.170209027
script_63,gpt,optimized,r,statistical_modelling_analysis,01_linear_regression_inference,/home/romakrut/PycharmProjects/masters-thesis/task_equivalents/llm_translations/gpt/optimized/r/statistical_modelling_analysis/01_linear_regression_inference.R,13,ok,0.384452161,6.524349439,16.970510512,,6.650000000,17.297340670
script_63,gpt,optimized,r,statistical_modelling_analysis,01_linear_regression_inference,/home/romakrut/PycharmProjects/masters-thesis/task_equivalents/llm_translations/gpt/optimized/r/statistical_modelling_analysis/01_linear_regression_inference.R,14,ok,0.383074354,6.654799748,17.372083719,,6.780000000,17.698913877
script_63,gpt,optimized,r,statistical_modelling_analysis,01_linear_regression_inference,/home/romakrut/PycharmProjects/masters-thesis/task_equivalents/llm_translations/gpt/optimized/r/statistical_modelling_analysis/01_linear_regression_inference.R,15,ok,0.384623710,6.574293372,17.092792777,,6.700000000,17.419622935
script_63,gpt,optimized,r,statistical_modelling_analysis,01_linear_regression_inference,/home/romakrut/PycharmProjects/masters-thesis/task_equivalents/llm_translations/gpt/optimized/r/statistical_modelling_analysis/01_linear_regression_inference.R,16,ok,0.383967110,6.594507969,17.174668864,,6.720000000,17.501499022
script_63,gpt,optimized,r,statistical_modelling_analysis,01_linear_regression_inference,/home/romakrut/PycharmProjects/masters-thesis/task_equivalents/llm_translations/gpt/optimized/r/statistical_modelling_analysis/01_linear_regression_inference.R,17,ok,0.384462884,6.674345935,17.360182771,,6.800000000,17.687012929
script_63,gpt,optimized,r,statistical_modelling_analysis,01_linear_regression_inference,/home/romakrut/PycharmProjects/masters-thesis/task_equivalents/llm_translations/gpt/optimized/r/statistical_modelling_analysis/01_linear_regression_inference.R,18,ok,0.383212120,6.564754722,17.130864030,,6.690000000,17.457694188
script_63,gpt,optimized,r,statistical_modelling_analysis,01_linear_regression_inference,/home/romakrut/PycharmProjects/masters-thesis/task_equivalents/llm_translations/gpt/optimized/r/statistical_modelling_analysis/01_linear_regression_inference.R,19,ok,0.387537406,6.673341088,17.219863128,,6.800000000,17.546693286
script_63,gpt,optimized,r,statistical_modelling_analysis,01_linear_regression_inference,/home/romakrut/PycharmProjects/masters-thesis/task_equivalents/llm_translations/gpt/optimized/r/statistical_modelling_analysis/01_linear_regression_inference.R,20,ok,0.383842605,6.734548661,17.545078564,,6.860000000,17.871908722
script_63,gpt,optimized,r,statistical_modelling_analysis,01_linear_regression_inference,/home/romakrut/PycharmProjects/masters-thesis/task_equivalents/llm_translations/gpt/optimized/r/statistical_modelling_analysis/01_linear_regression_inference.R,21,ok,0.380755300,6.645557685,17.453618335,,6.770000000,17.780448493
script_63,gpt,optimized,r,statistical_modelling_analysis,01_linear_regression_inference,/home/romakrut/PycharmProjects/masters-thesis/task_equivalents/llm_translations/gpt/optimized/r/statistical_modelling_analysis/01_linear_regression_inference.R,22,ok,0.385273891,6.684080873,17.348906919,,6.810000000,17.675737077
script_63,gpt,optimized,r,statistical_modelling_analysis,01_linear_regression_inference,/home/romakrut/PycharmProjects/masters-thesis/task_equivalents/llm_translations/gpt/optimized/r/statistical_modelling_analysis/01_linear_regression_inference.R,23,ok,0.386576305,6.693655205,17.315223718,,6.820000000,17.642053876
script_63,gpt,optimized,r,statistical_modelling_analysis,01_linear_regression_inference,/home/romakrut/PycharmProjects/masters-thesis/task_equivalents/llm_translations/gpt/optimized/r/statistical_modelling_analysis/01_linear_regression_inference.R,24,ok,0.383316846,6.634720495,17.308710963,,6.760000000,17.635541121
script_63,gpt,optimized,r,statistical_modelling_analysis,01_linear_regression_inference,/home/romakrut/PycharmProjects/masters-thesis/task_equivalents/llm_translations/gpt/optimized/r/statistical_modelling_analysis/01_linear_regression_inference.R,25,ok,0.380542585,6.485627207,17.043104931,,6.610000000,17.369935089
script_63,gpt,optimized,r,statistical_modelling_analysis,01_linear_regression_inference,/home/romakrut/PycharmProjects/masters-thesis/task_equivalents/llm_translations/gpt/optimized/r/statistical_modelling_analysis/01_linear_regression_inference.R,26,ok,0.385637959,6.623961885,17.176633499,,6.750000000,17.503463657
script_63,gpt,optimized,r,statistical_modelling_analysis,01_linear_regression_inference,/home/romakrut/PycharmProjects/masters-thesis/task_equivalents/llm_translations/gpt/optimized/r/statistical_modelling_analysis/01_linear_regression_inference.R,27,ok,0.386341671,6.613731891,17.118867539,,6.740000000,17.445697697
script_63,gpt,optimized,r,statistical_modelling_analysis,01_linear_regression_inference,/home/romakrut/PycharmProjects/masters-thesis/task_equivalents/llm_translations/gpt/optimized/r/statistical_modelling_analysis/01_linear_regression_inference.R,28,ok,0.385630371,6.773964365,17.565951425,,6.900000000,17.892781583
script_63,gpt,optimized,r,statistical_modelling_analysis,01_linear_regression_inference,/home/romakrut/PycharmProjects/masters-thesis/task_equivalents/llm_translations/gpt/optimized/r/statistical_modelling_analysis/01_linear_regression_inference.R,29,ok,0.391176476,6.632151731,16.954372610,,6.760000000,17.281202768
script_63,gpt,optimized,r,statistical_modelling_analysis,01_linear_regression_inference,/home/romakrut/PycharmProjects/masters-thesis/task_equivalents/llm_translations/gpt/optimized/r/statistical_modelling_analysis/01_linear_regression_inference.R,30,ok,0.385022434,6.664163057,17.308505865,,6.790000000,17.635336023
script_70,llama,base,python,machine_learning_workflows,02_regression_workflow_feature_importance,/home/romakrut/PycharmProjects/masters-thesis/task_equivalents/llm_translations/llama/base/python/machine_learning_workflows/02_regression_workflow_feature_importance.py,1,ok,12.163181163,187.114705579,15.383697987,,191.090000000,15.710528145
script_70,llama,base,python,machine_learning_workflows,02_regression_workflow_feature_importance,/home/romakrut/PycharmProjects/masters-thesis/task_equivalents/llm_translations/llama/base/python/machine_learning_workflows/02_regression_workflow_feature_importance.py,2,ok,12.246982968,191.747316622,15.656698235,,195.750000000,15.983528393
script_70,llama,base,python,machine_learning_workflows,02_regression_workflow_feature_importance,/home/romakrut/PycharmProjects/masters-thesis/task_equivalents/llm_translations/llama/base/python/machine_learning_workflows/02_regression_workflow_feature_importance.py,3,ok,12.187560198,188.586737775,15.473707183,,192.570000000,15.800537341
script_70,llama,base,python,machine_learning_workflows,02_regression_workflow_feature_importance,/home/romakrut/PycharmProjects/masters-thesis/task_equivalents/llm_translations/llama/base/python/machine_learning_workflows/02_regression_workflow_feature_importance.py,4,ok,12.239545547,190.599747395,15.572452969,,194.600000000,15.899283127
script_70,llama,base,python,machine_learning_workflows,02_regression_workflow_feature_importance,/home/romakrut/PycharmProjects/masters-thesis/task_equivalents/llm_translations/llama/base/python/machine_learning_workflows/02_regression_workflow_feature_importance.py,5,ok,12.215140247,189.667723783,15.527265340,,193.660000000,15.854095498
script_70,llama,base,python,machine_learning_workflows,02_regression_workflow_feature_importance,/home/romakrut/PycharmProjects/masters-thesis/task_equivalents/llm_translations/llama/base/python/machine_learning_workflows/02_regression_workflow_feature_importance.py,6,ok,12.210193102,190.949340659,15.638519314,,194.940000000,15.965349472
script_70,llama,base,python,machine_learning_workflows,02_regression_workflow_feature_importance,/home/romakrut/PycharmProjects/masters-thesis/task_equivalents/llm_translations/llama/base/python/machine_learning_workflows/02_regression_workflow_feature_importance.py,7,ok,12.186246848,191.607167017,15.723230409,,195.590000000,16.050060567
script_70,llama,base,python,machine_learning_workflows,02_regression_workflow_feature_importance,/home/romakrut/PycharmProjects/masters-thesis/task_equivalents/llm_translations/llama/base/python/machine_learning_workflows/02_regression_workflow_feature_importance.py,8,ok,12.225508967,188.074334973,15.383763202,,192.070000000,15.710593360
script_70,llama,base,python,machine_learning_workflows,02_regression_workflow_feature_importance,/home/romakrut/PycharmProjects/masters-thesis/task_equivalents/llm_translations/llama/base/python/machine_learning_workflows/02_regression_workflow_feature_importance.py,9,ok,12.272737475,192.298899272,15.668786175,,196.310000000,15.995616333
script_70,llama,base,python,machine_learning_workflows,02_regression_workflow_feature_importance,/home/romakrut/PycharmProjects/masters-thesis/task_equivalents/llm_translations/llama/base/python/machine_learning_workflows/02_regression_workflow_feature_importance.py,10,ok,12.236131399,192.010863242,15.692121716,,196.010000000,16.018951874
script_70,llama,base,python,machine_learning_workflows,02_regression_workflow_feature_importance,/home/romakrut/PycharmProjects/masters-thesis/task_equivalents/llm_translations/llama/base/python/machine_learning_workflows/02_regression_workflow_feature_importance.py,11,ok,12.223890208,194.264864032,15.892229129,,198.260000000,16.219059287
script_70,llama,base,python,machine_learning_workflows,02_regression_workflow_feature_importance,/home/romakrut/PycharmProjects/masters-thesis/task_equivalents/llm_translations/llama/base/python/machine_learning_workflows/02_regression_workflow_feature_importance.py,12,ok,12.233487978,192.481727191,15.734002235,,196.480000000,16.060832393
script_70,llama,base,python,machine_learning_workflows,02_regression_workflow_feature_importance,/home/romakrut/PycharmProjects/masters-thesis/task_equivalents/llm_translations/llama/base/python/machine_learning_workflows/02_regression_workflow_feature_importance.py,13,ok,12.189869418,190.135983052,15.597868733,,194.120000000,15.924698891
script_70,llama,base,python,machine_learning_workflows,02_regression_workflow_feature_importance,/home/romakrut/PycharmProjects/masters-thesis/task_equivalents/llm_translations/llama/base/python/machine_learning_workflows/02_regression_workflow_feature_importance.py,14,ok,12.199104427,189.412964773,15.526792635,,193.400000000,15.853622793
script_70,llama,base,python,machine_learning_workflows,02_regression_workflow_feature_importance,/home/romakrut/PycharmProjects/masters-thesis/task_equivalents/llm_translations/llama/base/python/machine_learning_workflows/02_regression_workflow_feature_importance.py,15,ok,12.179627157,192.849330532,15.833763057,,196.830000000,16.160593215
script_70,llama,base,python,machine_learning_workflows,02_regression_workflow_feature_importance,/home/romakrut/PycharmProjects/masters-thesis/task_equivalents/llm_translations/llama/base/python/machine_learning_workflows/02_regression_workflow_feature_importance.py,16,ok,12.208280021,190.049965912,15.567300683,,194.040000000,15.894130841
script_70,llama,base,python,machine_learning_workflows,02_regression_workflow_feature_importance,/home/romakrut/PycharmProjects/masters-thesis/task_equivalents/llm_translations/llama/base/python/machine_learning_workflows/02_regression_workflow_feature_importance.py,17,ok,12.221297104,190.925711537,15.622377061,,194.920000000,15.949207219
script_70,llama,base,python,machine_learning_workflows,02_regression_workflow_feature_importance,/home/romakrut/PycharmProjects/masters-thesis/task_equivalents/llm_translations/llama/base/python/machine_learning_workflows/02_regression_workflow_feature_importance.py,18,ok,12.215234176,192.807693084,15.784199493,,196.800000000,16.111029651
script_70,llama,base,python,machine_learning_workflows,02_regression_workflow_feature_importance,/home/romakrut/PycharmProjects/masters-thesis/task_equivalents/llm_translations/llama/base/python/machine_learning_workflows/02_regression_workflow_feature_importance.py,19,ok,12.197277278,193.433561940,15.858749255,,197.420000000,16.185579413
script_70,llama,base,python,machine_learning_workflows,02_regression_workflow_feature_importance,/home/romakrut/PycharmProjects/masters-thesis/task_equivalents/llm_translations/llama/base/python/machine_learning_workflows/02_regression_workflow_feature_importance.py,20,ok,12.212947335,190.148440493,15.569414596,,194.140000000,15.896244754
script_70,llama,base,python,machine_learning_workflows,02_regression_workflow_feature_importance,/home/romakrut/PycharmProjects/masters-thesis/task_equivalents/llm_translations/llama/base/python/machine_learning_workflows/02_regression_workflow_feature_importance.py,21,ok,12.203860599,190.331410312,15.596000034,,194.320000000,15.922830192
script_70,llama,base,python,machine_learning_workflows,02_regression_workflow_feature_importance,/home/romakrut/PycharmProjects/masters-thesis/task_equivalents/llm_translations/llama/base/python/machine_learning_workflows/02_regression_workflow_feature_importance.py,22,ok,12.179620418,190.599332734,15.649037178,,194.580000000,15.975867336
script_70,llama,base,python,machine_learning_workflows,02_regression_workflow_feature_importance,/home/romakrut/PycharmProjects/masters-thesis/task_equivalents/llm_translations/llama/base/python/machine_learning_workflows/02_regression_workflow_feature_importance.py,23,ok,12.219257053,194.946378287,15.954028747,,198.940000000,16.280858905
script_70,llama,base,python,machine_learning_workflows,02_regression_workflow_feature_importance,/home/romakrut/PycharmProjects/masters-thesis/task_equivalents/llm_translations/llama/base/python/machine_learning_workflows/02_regression_workflow_feature_importance.py,24,ok,12.268420608,194.970310154,15.892046449,,198.980000000,16.218876607
script_70,llama,base,python,machine_learning_workflows,02_regression_workflow_feature_importance,/home/romakrut/PycharmProjects/masters-thesis/task_equivalents/llm_translations/llama/base/python/machine_learning_workflows/02_regression_workflow_feature_importance.py,25,ok,12.211999968,192.948750121,15.799930448,,196.940000000,16.126760606
script_70,llama,base,python,machine_learning_workflows,02_regression_workflow_feature_importance,/home/romakrut/PycharmProjects/masters-thesis/task_equivalents/llm_translations/llama/base/python/machine_learning_workflows/02_regression_workflow_feature_importance.py,26,ok,12.151780222,189.188431750,15.568783198,,193.160000000,15.895613356
script_70,llama,base,python,machine_learning_workflows,02_regression_workflow_feature_importance,/home/romakrut/PycharmProjects/masters-thesis/task_equivalents/llm_translations/llama/base/python/machine_learning_workflows/02_regression_workflow_feature_importance.py,27,ok,12.271750880,190.989221721,15.563322919,,195.000000000,15.890153077
script_70,llama,base,python,machine_learning_workflows,02_regression_workflow_feature_importance,/home/romakrut/PycharmProjects/masters-thesis/task_equivalents/llm_translations/llama/base/python/machine_learning_workflows/02_regression_workflow_feature_importance.py,28,ok,12.279010362,193.626849103,15.768929531,,197.640000000,16.095759689
script_70,llama,base,python,machine_learning_workflows,02_regression_workflow_feature_importance,/home/romakrut/PycharmProjects/masters-thesis/task_equivalents/llm_translations/llama/base/python/machine_learning_workflows/02_regression_workflow_feature_importance.py,29,ok,12.192691996,192.905060549,15.821367473,,196.890000000,16.148197631
script_70,llama,base,python,machine_learning_workflows,02_regression_workflow_feature_importance,/home/romakrut/PycharmProjects/masters-thesis/task_equivalents/llm_translations/llama/base/python/machine_learning_workflows/02_regression_workflow_feature_importance.py,30,ok,12.155458687,189.207229517,15.565618245,,193.180000000,15.892448403
script_76,llama,base,r,data_visualization,02_distribution_boxplot,/home/romakrut/PycharmProjects/masters-thesis/task_equivalents/llm_translations/llama/base/r/data_visualization/02_distribution_boxplot.R,1,ok,0.999003302,17.333495593,17.350789090,,17.660000000,17.677619248
script_76,llama,base,r,data_visualization,02_distribution_boxplot,/home/romakrut/PycharmProjects/masters-thesis/task_equivalents/llm_translations/llama/base/r/data_visualization/02_distribution_boxplot.R,2,ok,1.008827134,17.200284868,17.049784139,,17.530000000,17.376614297
script_76,llama,base,r,data_visualization,02_distribution_boxplot,/home/romakrut/PycharmProjects/masters-thesis/task_equivalents/llm_translations/llama/base/r/data_visualization/02_distribution_boxplot.R,3,ok,1.010887366,17.439611522,17.251785025,,17.770000000,17.578615183
script_76,llama,base,r,data_visualization,02_distribution_boxplot,/home/romakrut/PycharmProjects/masters-thesis/task_equivalents/llm_translations/llama/base/r/data_visualization/02_distribution_boxplot.R,4,ok,0.996522959,17.394306244,17.454997988,,17.720000000,17.781828146
script_76,llama,base,r,data_visualization,02_distribution_boxplot,/home/romakrut/PycharmProjects/masters-thesis/task_equivalents/llm_translations/llama/base/r/data_visualization/02_distribution_boxplot.R,5,ok,1.007114231,17.390844697,17.267996183,,17.720000000,17.594826341
script_76,llama,base,r,data_visualization,02_distribution_boxplot,/home/romakrut/PycharmProjects/masters-thesis/task_equivalents/llm_translations/llama/base/r/data_visualization/02_distribution_boxplot.R,6,ok,1.009696059,17.640000878,17.470604862,,17.970000000,17.797435020
script_76,llama,base,r,data_visualization,02_distribution_boxplot,/home/romakrut/PycharmProjects/masters-thesis/task_equivalents/llm_translations/llama/base/r/data_visualization/02_distribution_boxplot.R,7,ok,1.013175813,17.368863589,17.142990749,,17.700000000,17.469820907
script_76,llama,base,r,data_visualization,02_distribution_boxplot,/home/romakrut/PycharmProjects/masters-thesis/task_equivalents/llm_translations/llama/base/r/data_visualization/02_distribution_boxplot.R,8,ok,1.010723545,17.409665064,17.224952511,,17.740000000,17.551782669
script_76,llama,base,r,data_visualization,02_distribution_boxplot,/home/romakrut/PycharmProjects/masters-thesis/task_equivalents/llm_translations/llama/base/r/data_visualization/02_distribution_boxplot.R,9,ok,1.007271073,17.460793436,17.334751195,,17.790000000,17.661581353
script_76,llama,base,r,data_visualization,02_distribution_boxplot,/home/romakrut/PycharmProjects/masters-thesis/task_equivalents/llm_translations/llama/base/r/data_visualization/02_distribution_boxplot.R,10,ok,1.006180436,17.511149889,17.403588127,,17.840000000,17.730418285
script_76,llama,base,r,data_visualization,02_distribution_boxplot,/home/romakrut/PycharmProjects/masters-thesis/task_equivalents/llm_translations/llama/base/r/data_visualization/02_distribution_boxplot.R,11,ok,0.998802633,17.423561178,17.444448585,,17.750000000,17.771278743
script_76,llama,base,r,data_visualization,02_distribution_boxplot,/home/romakrut/PycharmProjects/masters-thesis/task_equivalents/llm_translations/llama/base/r/data_visualization/02_distribution_boxplot.R,12,ok,0.998404711,17.473691231,17.501611359,,17.800000000,17.828441517
script_76,llama,base,r,data_visualization,02_distribution_boxplot,/home/romakrut/PycharmProjects/masters-thesis/task_equivalents/llm_translations/llama/base/r/data_visualization/02_distribution_boxplot.R,13,ok,0.996875126,17.444191145,17.498872918,,17.770000000,17.825703076
script_76,llama,base,r,data_visualization,02_distribution_boxplot,/home/romakrut/PycharmProjects/masters-thesis/task_equivalents/llm_translations/llama/base/r/data_visualization/02_distribution_boxplot.R,14,ok,1.006343295,17.701096662,17.589521140,,18.030000000,17.916351298
script_76,llama,base,r,data_visualization,02_distribution_boxplot,/home/romakrut/PycharmProjects/masters-thesis/task_equivalents/llm_translations/llama/base/r/data_visualization/02_distribution_boxplot.R,15,ok,1.002764846,17.492266207,17.444036133,,17.820000000,17.770866291
script_76,llama,base,r,data_visualization,02_distribution_boxplot,/home/romakrut/PycharmProjects/masters-thesis/task_equivalents/llm_translations/llama/base/r/data_visualization/02_distribution_boxplot.R,16,ok,1.002625468,17.372311760,17.326820746,,17.700000000,17.653650904
script_76,llama,base,r,data_visualization,02_distribution_boxplot,/home/romakrut/PycharmProjects/masters-thesis/task_equivalents/llm_translations/llama/base/r/data_visualization/02_distribution_boxplot.R,17,ok,1.001319603,17.702738556,17.679408755,,18.030000000,18.006238913
script_76,llama,base,r,data_visualization,02_distribution_boxplot,/home/romakrut/PycharmProjects/masters-thesis/task_equivalents/llm_translations/llama/base/r/data_visualization/02_distribution_boxplot.R,18,ok,1.004576381,17.611674143,17.531443577,,17.940000000,17.858273735
script_76,llama,base,r,data_visualization,02_distribution_boxplot,/home/romakrut/PycharmProjects/masters-thesis/task_equivalents/llm_translations/llama/base/r/data_visualization/02_distribution_boxplot.R,19,ok,0.999177724,17.793438587,17.808081745,,18.120000000,18.134911903
script_76,llama,base,r,data_visualization,02_distribution_boxplot,/home/romakrut/PycharmProjects/masters-thesis/task_equivalents/llm_translations/llama/base/r/data_visualization/02_distribution_boxplot.R,20,ok,1.001154859,17.722792399,17.702348683,,18.050000000,18.029178841
script_76,llama,base,r,data_visualization,02_distribution_boxplot,/home/romakrut/PycharmProjects/masters-thesis/task_equivalents/llm_translations/llama/base/r/data_visualization/02_distribution_boxplot.R,21,ok,0.998540445,17.563646869,17.589319448,,17.890000000,17.916149606
script_76,llama,base,r,data_visualization,02_distribution_boxplot,/home/romakrut/PycharmProjects/masters-thesis/task_equivalents/llm_translations/llama/base/r/data_visualization/02_distribution_boxplot.R,22,ok,1.003951322,17.741878431,17.672050469,,18.070000000,17.998880627
script_76,llama,base,r,data_visualization,02_distribution_boxplot,/home/romakrut/PycharmProjects/masters-thesis/task_equivalents/llm_translations/llama/base/r/data_visualization/02_distribution_boxplot.R,23,ok,1.010953519,17.719589902,17.527600991,,18.050000000,17.854431149
script_76,llama,base,r,data_visualization,02_distribution_boxplot,/home/romakrut/PycharmProjects/masters-thesis/task_equivalents/llm_translations/llama/base/r/data_visualization/02_distribution_boxplot.R,24,ok,0.998986247,17.563501167,17.581324287,,17.890000000,17.908154445
script_76,llama,base,r,data_visualization,02_distribution_boxplot,/home/romakrut/PycharmProjects/masters-thesis/task_equivalents/llm_translations/llama/base/r/data_visualization/02_distribution_boxplot.R,25,ok,0.998059798,17.723803959,17.758258567,,18.050000000,18.085088725
script_76,llama,base,r,data_visualization,02_distribution_boxplot,/home/romakrut/PycharmProjects/masters-thesis/task_equivalents/llm_translations/llama/base/r/data_visualization/02_distribution_boxplot.R,26,ok,1.001885768,17.892553516,17.858875820,,18.220000000,18.185705978
script_76,llama,base,r,data_visualization,02_distribution_boxplot,/home/romakrut/PycharmProjects/masters-thesis/task_equivalents/llm_translations/llama/base/r/data_visualization/02_distribution_boxplot.R,27,ok,1.007698514,17.940653735,17.803592529,,18.270000000,18.130422687
script_76,llama,base,r,data_visualization,02_distribution_boxplot,/home/romakrut/PycharmProjects/masters-thesis/task_equivalents/llm_translations/llama/base/r/data_visualization/02_distribution_boxplot.R,28,ok,0.999899173,17.733202795,17.734990961,,18.060000000,18.061821119
script_76,llama,base,r,data_visualization,02_distribution_boxplot,/home/romakrut/PycharmProjects/masters-thesis/task_equivalents/llm_translations/llama/base/r/data_visualization/02_distribution_boxplot.R,29,ok,0.997700915,17.883921252,17.925132656,,18.210000000,18.251962814
script_76,llama,base,r,data_visualization,02_distribution_boxplot,/home/romakrut/PycharmProjects/masters-thesis/task_equivalents/llm_translations/llama/base/r/data_visualization/02_distribution_boxplot.R,30,ok,1.000573290,17.682982474,17.672850805,,18.010000000,17.999680963
script_42,gpt,base,r,data_manipulation_preprocessing,02_merge_aggregate_reshape,/home/romakrut/PycharmProjects/masters-thesis/task_equivalents/llm_translations/gpt/base/r/data_manipulation_preprocessing/02_merge_aggregate_reshape.R,1,ok,0.427494099,7.320282036,17.123703118,,7.460000000,17.450533276
script_42,gpt,base,r,data_manipulation_preprocessing,02_merge_aggregate_reshape,/home/romakrut/PycharmProjects/masters-thesis/task_equivalents/llm_translations/gpt/base/r/data_manipulation_preprocessing/02_merge_aggregate_reshape.R,2,ok,0.430160955,7.169410427,16.666808886,,7.310000000,16.993639044
script_42,gpt,base,r,data_manipulation_preprocessing,02_merge_aggregate_reshape,/home/romakrut/PycharmProjects/masters-thesis/task_equivalents/llm_translations/gpt/base/r/data_manipulation_preprocessing/02_merge_aggregate_reshape.R,3,ok,0.430020710,7.199456263,16.742115196,,7.340000000,17.068945354
script_42,gpt,base,r,data_manipulation_preprocessing,02_merge_aggregate_reshape,/home/romakrut/PycharmProjects/masters-thesis/task_equivalents/llm_translations/gpt/base/r/data_manipulation_preprocessing/02_merge_aggregate_reshape.R,4,ok,0.418543150,7.153207476,17.090728820,,7.290000000,17.417558978
script_42,gpt,base,r,data_manipulation_preprocessing,02_merge_aggregate_reshape,/home/romakrut/PycharmProjects/masters-thesis/task_equivalents/llm_translations/gpt/base/r/data_manipulation_preprocessing/02_merge_aggregate_reshape.R,5,ok,0.430374565,7.249340613,16.844258937,,7.390000000,17.171089095
script_42,gpt,base,r,data_manipulation_preprocessing,02_merge_aggregate_reshape,/home/romakrut/PycharmProjects/masters-thesis/task_equivalents/llm_translations/gpt/base/r/data_manipulation_preprocessing/02_merge_aggregate_reshape.R,6,ok,0.421920952,7.132103509,16.903885609,,7.270000000,17.230715767
script_42,gpt,base,r,data_manipulation_preprocessing,02_merge_aggregate_reshape,/home/romakrut/PycharmProjects/masters-thesis/task_equivalents/llm_translations/gpt/base/r/data_manipulation_preprocessing/02_merge_aggregate_reshape.R,7,ok,0.429000020,7.149789856,16.666176043,,7.290000000,16.993006201
script_42,gpt,base,r,data_manipulation_preprocessing,02_merge_aggregate_reshape,/home/romakrut/PycharmProjects/masters-thesis/task_equivalents/llm_translations/gpt/base/r/data_manipulation_preprocessing/02_merge_aggregate_reshape.R,8,ok,0.430819836,7.369195085,17.105050578,,7.510000000,17.431880736
script_42,gpt,base,r,data_manipulation_preprocessing,02_merge_aggregate_reshape,/home/romakrut/PycharmProjects/masters-thesis/task_equivalents/llm_translations/gpt/base/r/data_manipulation_preprocessing/02_merge_aggregate_reshape.R,9,ok,0.420403772,7.232599369,17.203935479,,7.370000000,17.530765637
script_42,gpt,base,r,data_manipulation_preprocessing,02_merge_aggregate_reshape,/home/romakrut/PycharmProjects/masters-thesis/task_equivalents/llm_translations/gpt/base/r/data_manipulation_preprocessing/02_merge_aggregate_reshape.R,10,ok,0.423955691,7.291438495,17.198586195,,7.430000000,17.525416353
script_42,gpt,base,r,data_manipulation_preprocessing,02_merge_aggregate_reshape,/home/romakrut/PycharmProjects/masters-thesis/task_equivalents/llm_translations/gpt/base/r/data_manipulation_preprocessing/02_merge_aggregate_reshape.R,11,ok,0.421858118,7.252124045,17.190907879,,7.390000000,17.517738037
script_42,gpt,base,r,data_manipulation_preprocessing,02_merge_aggregate_reshape,/home/romakrut/PycharmProjects/masters-thesis/task_equivalents/llm_translations/gpt/base/r/data_manipulation_preprocessing/02_merge_aggregate_reshape.R,12,ok,0.430631215,7.359256732,17.089464200,,7.500000000,17.416294358
script_42,gpt,base,r,data_manipulation_preprocessing,02_merge_aggregate_reshape,/home/romakrut/PycharmProjects/masters-thesis/task_equivalents/llm_translations/gpt/base/r/data_manipulation_preprocessing/02_merge_aggregate_reshape.R,13,ok,0.428562160,7.199932962,16.800206909,,7.340000000,17.127037067
script_42,gpt,base,r,data_manipulation_preprocessing,02_merge_aggregate_reshape,/home/romakrut/PycharmProjects/masters-thesis/task_equivalents/llm_translations/gpt/base/r/data_manipulation_preprocessing/02_merge_aggregate_reshape.R,14,ok,0.430741637,7.239220643,16.806410203,,7.380000000,17.133240361
script_42,gpt,base,r,data_manipulation_preprocessing,02_merge_aggregate_reshape,/home/romakrut/PycharmProjects/masters-thesis/task_equivalents/llm_translations/gpt/base/r/data_manipulation_preprocessing/02_merge_aggregate_reshape.R,15,ok,0.429244560,7.339709933,17.099133260,,7.480000000,17.425963418
script_42,gpt,base,r,data_manipulation_preprocessing,02_merge_aggregate_reshape,/home/romakrut/PycharmProjects/masters-thesis/task_equivalents/llm_translations/gpt/base/r/data_manipulation_preprocessing/02_merge_aggregate_reshape.R,16,ok,0.429737711,7.279548756,16.939515825,,7.420000000,17.266345983
script_42,gpt,base,r,data_manipulation_preprocessing,02_merge_aggregate_reshape,/home/romakrut/PycharmProjects/masters-thesis/task_equivalents/llm_translations/gpt/base/r/data_manipulation_preprocessing/02_merge_aggregate_reshape.R,17,ok,0.419771253,7.252806095,17.277996154,,7.390000000,17.604826312
script_42,gpt,base,r,data_manipulation_preprocessing,02_merge_aggregate_reshape,/home/romakrut/PycharmProjects/masters-thesis/task_equivalents/llm_translations/gpt/base/r/data_manipulation_preprocessing/02_merge_aggregate_reshape.R,18,ok,0.430487303,7.379303767,17.141745448,,7.520000000,17.468575606
script_42,gpt,base,r,data_manipulation_preprocessing,02_merge_aggregate_reshape,/home/romakrut/PycharmProjects/masters-thesis/task_equivalents/llm_translations/gpt/base/r/data_manipulation_preprocessing/02_merge_aggregate_reshape.R,19,ok,0.420058612,7.242712177,17.242146621,,7.380000000,17.568976779
script_42,gpt,base,r,data_manipulation_preprocessing,02_merge_aggregate_reshape,/home/romakrut/PycharmProjects/masters-thesis/task_equivalents/llm_translations/gpt/base/r/data_manipulation_preprocessing/02_merge_aggregate_reshape.R,20,ok,0.421629204,7.472198861,17.722204225,,7.610000000,18.049034383
script_42,gpt,base,r,data_manipulation_preprocessing,02_merge_aggregate_reshape,/home/romakrut/PycharmProjects/masters-thesis/task_equivalents/llm_translations/gpt/base/r/data_manipulation_preprocessing/02_merge_aggregate_reshape.R,21,ok,0.430966072,7.339147291,17.029524520,,7.480000000,17.356354678
script_42,gpt,base,r,data_manipulation_preprocessing,02_merge_aggregate_reshape,/home/romakrut/PycharmProjects/masters-thesis/task_equivalents/llm_translations/gpt/base/r/data_manipulation_preprocessing/02_merge_aggregate_reshape.R,22,ok,0.428437126,7.319973826,17.085292992,,7.460000000,17.412123150
script_42,gpt,base,r,data_manipulation_preprocessing,02_merge_aggregate_reshape,/home/romakrut/PycharmProjects/masters-thesis/task_equivalents/llm_translations/gpt/base/r/data_manipulation_preprocessing/02_merge_aggregate_reshape.R,23,ok,0.419933549,7.252753052,17.271192238,,7.390000000,17.598022396
script_42,gpt,base,r,data_manipulation_preprocessing,02_merge_aggregate_reshape,/home/romakrut/PycharmProjects/masters-thesis/task_equivalents/llm_translations/gpt/base/r/data_manipulation_preprocessing/02_merge_aggregate_reshape.R,24,ok,0.430659556,7.349247469,17.065097864,,7.490000000,17.391928022
script_42,gpt,base,r,data_manipulation_preprocessing,02_merge_aggregate_reshape,/home/romakrut/PycharmProjects/masters-thesis/task_equivalents/llm_translations/gpt/base/r/data_manipulation_preprocessing/02_merge_aggregate_reshape.R,25,ok,0.419638460,7.262849496,17.307397172,,7.400000000,17.634227330
script_42,gpt,base,r,data_manipulation_preprocessing,02_merge_aggregate_reshape,/home/romakrut/PycharmProjects/masters-thesis/task_equivalents/llm_translations/gpt/base/r/data_manipulation_preprocessing/02_merge_aggregate_reshape.R,26,ok,0.429682260,7.179566879,16.709013956,,7.320000000,17.035844114
script_42,gpt,base,r,data_manipulation_preprocessing,02_merge_aggregate_reshape,/home/romakrut/PycharmProjects/masters-thesis/task_equivalents/llm_translations/gpt/base/r/data_manipulation_preprocessing/02_merge_aggregate_reshape.R,27,ok,0.428723167,7.119880340,16.607174250,,7.260000000,16.934004408
script_42,gpt,base,r,data_manipulation_preprocessing,02_merge_aggregate_reshape,/home/romakrut/PycharmProjects/masters-thesis/task_equivalents/llm_translations/gpt/base/r/data_manipulation_preprocessing/02_merge_aggregate_reshape.R,28,ok,0.430921955,7.459161709,17.309774132,,7.600000000,17.636604290
script_42,gpt,base,r,data_manipulation_preprocessing,02_merge_aggregate_reshape,/home/romakrut/PycharmProjects/masters-thesis/task_equivalents/llm_translations/gpt/base/r/data_manipulation_preprocessing/02_merge_aggregate_reshape.R,29,ok,0.429549462,7.409610281,17.249725438,,7.550000000,17.576555596
script_42,gpt,base,r,data_manipulation_preprocessing,02_merge_aggregate_reshape,/home/romakrut/PycharmProjects/masters-thesis/task_equivalents/llm_translations/gpt/base/r/data_manipulation_preprocessing/02_merge_aggregate_reshape.R,30,ok,0.419154083,7.313007805,17.447063267,,7.450000000,17.773893425
script_25,gemini,optimized,r,data_manipulation_preprocessing,01_impute_encode_scale,/home/romakrut/PycharmProjects/masters-thesis/task_equivalents/llm_translations/gemini/optimized/r/data_manipulation_preprocessing/01_impute_encode_scale.R,1,ok,0.079952901,1.403868981,17.558699724,,1.430000000,17.885529882
script_25,gemini,optimized,r,data_manipulation_preprocessing,01_impute_encode_scale,/home/romakrut/PycharmProjects/masters-thesis/task_equivalents/llm_translations/gemini/optimized/r/data_manipulation_preprocessing/01_impute_encode_scale.R,2,ok,0.079661760,1.283964134,16.117697304,,1.310000000,16.444527462
script_25,gemini,optimized,r,data_manipulation_preprocessing,01_impute_encode_scale,/home/romakrut/PycharmProjects/masters-thesis/task_equivalents/llm_translations/gemini/optimized/r/data_manipulation_preprocessing/01_impute_encode_scale.R,3,ok,0.081753362,1.333280536,16.308571332,,1.360000000,16.635401490
script_25,gemini,optimized,r,data_manipulation_preprocessing,01_impute_encode_scale,/home/romakrut/PycharmProjects/masters-thesis/task_equivalents/llm_translations/gemini/optimized/r/data_manipulation_preprocessing/01_impute_encode_scale.R,4,ok,0.082581910,1.363009741,16.504943290,,1.390000000,16.831773448
script_25,gemini,optimized,r,data_manipulation_preprocessing,01_impute_encode_scale,/home/romakrut/PycharmProjects/masters-thesis/task_equivalents/llm_translations/gemini/optimized/r/data_manipulation_preprocessing/01_impute_encode_scale.R,5,ok,0.081317555,1.343422971,16.520700489,,1.370000000,16.847530647
script_25,gemini,optimized,r,data_manipulation_preprocessing,01_impute_encode_scale,/home/romakrut/PycharmProjects/masters-thesis/task_equivalents/llm_translations/gemini/optimized/r/data_manipulation_preprocessing/01_impute_encode_scale.R,6,ok,0.080891579,1.293562192,15.991308470,,1.320000000,16.318138628
script_25,gemini,optimized,r,data_manipulation_preprocessing,01_impute_encode_scale,/home/romakrut/PycharmProjects/masters-thesis/task_equivalents/llm_translations/gemini/optimized/r/data_manipulation_preprocessing/01_impute_encode_scale.R,7,ok,0.080899254,1.283559684,15.866149817,,1.310000000,16.192979975
script_25,gemini,optimized,r,data_manipulation_preprocessing,01_impute_encode_scale,/home/romakrut/PycharmProjects/masters-thesis/task_equivalents/llm_translations/gemini/optimized/r/data_manipulation_preprocessing/01_impute_encode_scale.R,8,ok,0.080837011,1.333580027,16.497146671,,1.360000000,16.823976829
script_25,gemini,optimized,r,data_manipulation_preprocessing,01_impute_encode_scale,/home/romakrut/PycharmProjects/masters-thesis/task_equivalents/llm_translations/gemini/optimized/r/data_manipulation_preprocessing/01_impute_encode_scale.R,9,ok,0.081638458,1.343318090,16.454476515,,1.370000000,16.781306673
script_25,gemini,optimized,r,data_manipulation_preprocessing,01_impute_encode_scale,/home/romakrut/PycharmProjects/masters-thesis/task_equivalents/llm_translations/gemini/optimized/r/data_manipulation_preprocessing/01_impute_encode_scale.R,10,ok,0.081877851,1.383239849,16.893944237,,1.410000000,17.220774395
script_25,gemini,optimized,r,data_manipulation_preprocessing,01_impute_encode_scale,/home/romakrut/PycharmProjects/masters-thesis/task_equivalents/llm_translations/gemini/optimized/r/data_manipulation_preprocessing/01_impute_encode_scale.R,11,ok,0.081393562,1.323398129,16.259248235,,1.350000000,16.586078393
script_25,gemini,optimized,r,data_manipulation_preprocessing,01_impute_encode_scale,/home/romakrut/PycharmProjects/masters-thesis/task_equivalents/llm_translations/gemini/optimized/r/data_manipulation_preprocessing/01_impute_encode_scale.R,12,ok,0.081759088,1.313278664,16.062785147,,1.340000000,16.389615305
script_25,gemini,optimized,r,data_manipulation_preprocessing,01_impute_encode_scale,/home/romakrut/PycharmProjects/masters-thesis/task_equivalents/llm_translations/gemini/optimized/r/data_manipulation_preprocessing/01_impute_encode_scale.R,13,ok,0.080093251,1.303823110,16.278813681,,1.330000000,16.605643839
script_25,gemini,optimized,r,data_manipulation_preprocessing,01_impute_encode_scale,/home/romakrut/PycharmProjects/masters-thesis/task_equivalents/llm_translations/gemini/optimized/r/data_manipulation_preprocessing/01_impute_encode_scale.R,14,ok,0.081422886,1.333388545,16.376090443,,1.360000000,16.702920601
script_25,gemini,optimized,r,data_manipulation_preprocessing,01_impute_encode_scale,/home/romakrut/PycharmProjects/masters-thesis/task_equivalents/llm_translations/gemini/optimized/r/data_manipulation_preprocessing/01_impute_encode_scale.R,15,ok,0.080757457,1.343606028,16.637547509,,1.370000000,16.964377667
script_25,gemini,optimized,r,data_manipulation_preprocessing,01_impute_encode_scale,/home/romakrut/PycharmProjects/masters-thesis/task_equivalents/llm_translations/gemini/optimized/r/data_manipulation_preprocessing/01_impute_encode_scale.R,16,ok,0.080742634,1.283610872,15.897560045,,1.310000000,16.224390203
script_25,gemini,optimized,r,data_manipulation_preprocessing,01_impute_encode_scale,/home/romakrut/PycharmProjects/masters-thesis/task_equivalents/llm_translations/gemini/optimized/r/data_manipulation_preprocessing/01_impute_encode_scale.R,17,ok,0.082091836,1.343169912,16.361796467,,1.370000000,16.688626625
script_25,gemini,optimized,r,data_manipulation_preprocessing,01_impute_encode_scale,/home/romakrut/PycharmProjects/masters-thesis/task_equivalents/llm_translations/gemini/optimized/r/data_manipulation_preprocessing/01_impute_encode_scale.R,18,ok,0.081694108,1.313299902,16.075821549,,1.340000000,16.402651707
script_25,gemini,optimized,r,data_manipulation_preprocessing,01_impute_encode_scale,/home/romakrut/PycharmProjects/masters-thesis/task_equivalents/llm_translations/gemini/optimized/r/data_manipulation_preprocessing/01_impute_encode_scale.R,19,ok,0.081463740,1.303375193,15.999451940,,1.330000000,16.326282098
script_25,gemini,optimized,r,data_manipulation_preprocessing,01_impute_encode_scale,/home/romakrut/PycharmProjects/masters-thesis/task_equivalents/llm_translations/gemini/optimized/r/data_manipulation_preprocessing/01_impute_encode_scale.R,20,ok,0.081211279,1.313457705,16.173340957,,1.340000000,16.500171115
script_25,gemini,optimized,r,data_manipulation_preprocessing,01_impute_encode_scale,/home/romakrut/PycharmProjects/masters-thesis/task_equivalents/llm_translations/gemini/optimized/r/data_manipulation_preprocessing/01_impute_encode_scale.R,21,ok,0.081010106,1.293523454,15.967433177,,1.320000000,16.294263335
script_25,gemini,optimized,r,data_manipulation_preprocessing,01_impute_encode_scale,/home/romakrut/PycharmProjects/masters-thesis/task_equivalents/llm_translations/gemini/optimized/r/data_manipulation_preprocessing/01_impute_encode_scale.R,22,ok,0.081432202,1.393385501,17.110988851,,1.420000000,17.437819009
script_25,gemini,optimized,r,data_manipulation_preprocessing,01_impute_encode_scale,/home/romakrut/PycharmProjects/masters-thesis/task_equivalents/llm_translations/gemini/optimized/r/data_manipulation_preprocessing/01_impute_encode_scale.R,23,ok,0.081673238,1.293306723,15.835134671,,1.320000000,16.161964829
script_25,gemini,optimized,r,data_manipulation_preprocessing,01_impute_encode_scale,/home/romakrut/PycharmProjects/masters-thesis/task_equivalents/llm_translations/gemini/optimized/r/data_manipulation_preprocessing/01_impute_encode_scale.R,24,ok,0.081188586,1.313465122,16.177952916,,1.340000000,16.504783074
script_25,gemini,optimized,r,data_manipulation_preprocessing,01_impute_encode_scale,/home/romakrut/PycharmProjects/masters-thesis/task_equivalents/llm_translations/gemini/optimized/r/data_manipulation_preprocessing/01_impute_encode_scale.R,25,ok,0.081098932,1.293494423,15.949586404,,1.320000000,16.276416562
script_25,gemini,optimized,r,data_manipulation_preprocessing,01_impute_encode_scale,/home/romakrut/PycharmProjects/masters-thesis/task_equivalents/llm_translations/gemini/optimized/r/data_manipulation_preprocessing/01_impute_encode_scale.R,26,ok,0.080905895,1.283557514,15.864820648,,1.310000000,16.191650806
script_25,gemini,optimized,r,data_manipulation_preprocessing,01_impute_encode_scale,/home/romakrut/PycharmProjects/masters-thesis/task_equivalents/llm_translations/gemini/optimized/r/data_manipulation_preprocessing/01_impute_encode_scale.R,27,ok,0.081521519,1.373356309,16.846549548,,1.400000000,17.173379706
script_25,gemini,optimized,r,data_manipulation_preprocessing,01_impute_encode_scale,/home/romakrut/PycharmProjects/masters-thesis/task_equivalents/llm_translations/gemini/optimized/r/data_manipulation_preprocessing/01_impute_encode_scale.R,28,ok,0.081496612,1.293364449,15.870162178,,1.320000000,16.196992336
script_25,gemini,optimized,r,data_manipulation_preprocessing,01_impute_encode_scale,/home/romakrut/PycharmProjects/masters-thesis/task_equivalents/llm_translations/gemini/optimized/r/data_manipulation_preprocessing/01_impute_encode_scale.R,29,ok,0.080867114,1.353570188,16.738203225,,1.380000000,17.065033383
script_25,gemini,optimized,r,data_manipulation_preprocessing,01_impute_encode_scale,/home/romakrut/PycharmProjects/masters-thesis/task_equivalents/llm_translations/gemini/optimized/r/data_manipulation_preprocessing/01_impute_encode_scale.R,30,ok,0.081089371,1.313497548,16.198146956,,1.340000000,16.524977114
script_7,gemini,base,python,statistical_modelling_analysis,01_linear_regression_inference,/home/romakrut/PycharmProjects/masters-thesis/task_equivalents/llm_translations/gemini/base/python/statistical_modelling_analysis/01_linear_regression_inference.py,1,ok,0.576986718,9.421423340,16.328665888,,9.610000000,16.655496046
script_7,gemini,base,python,statistical_modelling_analysis,01_linear_regression_inference,/home/romakrut/PycharmProjects/masters-thesis/task_equivalents/llm_translations/gemini/base/python/statistical_modelling_analysis/01_linear_regression_inference.py,2,ok,0.576915092,9.271446749,16.070730126,,9.460000000,16.397560284
script_7,gemini,base,python,statistical_modelling_analysis,01_linear_regression_inference,/home/romakrut/PycharmProjects/masters-thesis/task_equivalents/llm_translations/gemini/base/python/statistical_modelling_analysis/01_linear_regression_inference.py,3,ok,0.577687984,9.091194145,15.737204852,,9.280000000,16.064035010
script_7,gemini,base,python,statistical_modelling_analysis,01_linear_regression_inference,/home/romakrut/PycharmProjects/masters-thesis/task_equivalents/llm_translations/gemini/base/python/statistical_modelling_analysis/01_linear_regression_inference.py,4,ok,0.578422186,9.260954186,16.010717448,,9.450000000,16.337547606
script_7,gemini,base,python,statistical_modelling_analysis,01_linear_regression_inference,/home/romakrut/PycharmProjects/masters-thesis/task_equivalents/llm_translations/gemini/base/python/statistical_modelling_analysis/01_linear_regression_inference.py,5,ok,0.580029018,9.340429024,16.103382304,,9.530000000,16.430212462
script_7,gemini,base,python,statistical_modelling_analysis,01_linear_regression_inference,/home/romakrut/PycharmProjects/masters-thesis/task_equivalents/llm_translations/gemini/base/python/statistical_modelling_analysis/01_linear_regression_inference.py,6,ok,0.578581307,9.160902180,15.833387752,,9.350000000,16.160217910
script_7,gemini,base,python,statistical_modelling_analysis,01_linear_regression_inference,/home/romakrut/PycharmProjects/masters-thesis/task_equivalents/llm_translations/gemini/base/python/statistical_modelling_analysis/01_linear_regression_inference.py,7,ok,0.581766748,9.259861082,15.916793309,,9.450000000,16.243623467
script_7,gemini,base,python,statistical_modelling_analysis,01_linear_regression_inference,/home/romakrut/PycharmProjects/masters-thesis/task_equivalents/llm_translations/gemini/base/python/statistical_modelling_analysis/01_linear_regression_inference.py,8,ok,0.578941981,9.450784301,16.324233880,,9.640000000,16.651064038
script_7,gemini,base,python,statistical_modelling_analysis,01_linear_regression_inference,/home/romakrut/PycharmProjects/masters-thesis/task_equivalents/llm_translations/gemini/base/python/statistical_modelling_analysis/01_linear_regression_inference.py,9,ok,0.579408384,9.220631866,15.913873739,,9.410000000,16.240703897
script_7,gemini,base,python,statistical_modelling_analysis,01_linear_regression_inference,/home/romakrut/PycharmProjects/masters-thesis/task_equivalents/llm_translations/gemini/base/python/statistical_modelling_analysis/01_linear_regression_inference.py,10,ok,0.580875152,9.280152482,15.976156753,,9.470000000,16.302986911
script_7,gemini,base,python,statistical_modelling_analysis,01_linear_regression_inference,/home/romakrut/PycharmProjects/masters-thesis/task_equivalents/llm_translations/gemini/base/python/statistical_modelling_analysis/01_linear_regression_inference.py,11,ok,0.577955516,9.221106707,15.954699717,,9.410000000,16.281529875
script_7,gemini,base,python,statistical_modelling_analysis,01_linear_regression_inference,/home/romakrut/PycharmProjects/masters-thesis/task_equivalents/llm_translations/gemini/base/python/statistical_modelling_analysis/01_linear_regression_inference.py,12,ok,0.581265620,9.290024866,15.982408981,,9.480000000,16.309239139
script_7,gemini,base,python,statistical_modelling_analysis,01_linear_regression_inference,/home/romakrut/PycharmProjects/masters-thesis/task_equivalents/llm_translations/gemini/base/python/statistical_modelling_analysis/01_linear_regression_inference.py,13,ok,0.579005276,9.440763614,16.305142639,,9.630000000,16.631972797
script_7,gemini,base,python,statistical_modelling_analysis,01_linear_regression_inference,/home/romakrut/PycharmProjects/masters-thesis/task_equivalents/llm_translations/gemini/base/python/statistical_modelling_analysis/01_linear_regression_inference.py,14,ok,0.582190741,9.289722508,15.956493042,,9.480000000,16.283323200
script_7,gemini,base,python,statistical_modelling_analysis,01_linear_regression_inference,/home/romakrut/PycharmProjects/masters-thesis/task_equivalents/llm_translations/gemini/base/python/statistical_modelling_analysis/01_linear_regression_inference.py,15,ok,0.578712207,9.220859398,15.933410919,,9.410000000,16.260241077
script_7,gemini,base,python,statistical_modelling_analysis,01_linear_regression_inference,/home/romakrut/PycharmProjects/masters-thesis/task_equivalents/llm_translations/gemini/base/python/statistical_modelling_analysis/01_linear_regression_inference.py,16,ok,0.579396139,9.320635868,16.086810458,,9.510000000,16.413640616
script_7,gemini,base,python,statistical_modelling_analysis,01_linear_regression_inference,/home/romakrut/PycharmProjects/masters-thesis/task_equivalents/llm_translations/gemini/base/python/statistical_modelling_analysis/01_linear_regression_inference.py,17,ok,0.575955602,9.281760340,16.115409430,,9.470000000,16.442239588
script_7,gemini,base,python,statistical_modelling_analysis,01_linear_regression_inference,/home/romakrut/PycharmProjects/masters-thesis/task_equivalents/llm_translations/gemini/base/python/statistical_modelling_analysis/01_linear_regression_inference.py,18,ok,0.580488907,9.470278719,16.314314717,,9.660000000,16.641144875
script_7,gemini,base,python,statistical_modelling_analysis,01_linear_regression_inference,/home/romakrut/PycharmProjects/masters-thesis/task_equivalents/llm_translations/gemini/base/python/statistical_modelling_analysis/01_linear_regression_inference.py,19,ok,0.580924684,9.350136294,16.095264242,,9.540000000,16.422094400
script_7,gemini,base,python,statistical_modelling_analysis,01_linear_regression_inference,/home/romakrut/PycharmProjects/masters-thesis/task_equivalents/llm_translations/gemini/base/python/statistical_modelling_analysis/01_linear_regression_inference.py,20,ok,0.579937730,9.260458860,15.968022739,,9.450000000,16.294852897
script_7,gemini,base,python,statistical_modelling_analysis,01_linear_regression_inference,/home/romakrut/PycharmProjects/masters-thesis/task_equivalents/llm_translations/gemini/base/python/statistical_modelling_analysis/01_linear_regression_inference.py,21,ok,0.579666760,9.500547421,16.389670888,,9.690000000,16.716501046
script_7,gemini,base,python,statistical_modelling_analysis,01_linear_regression_inference,/home/romakrut/PycharmProjects/masters-thesis/task_equivalents/llm_translations/gemini/base/python/statistical_modelling_analysis/01_linear_regression_inference.py,22,ok,0.579919871,9.300464697,16.037499596,,9.490000000,16.364329754
script_7,gemini,base,python,statistical_modelling_analysis,01_linear_regression_inference,/home/romakrut/PycharmProjects/masters-thesis/task_equivalents/llm_translations/gemini/base/python/statistical_modelling_analysis/01_linear_regression_inference.py,23,ok,0.579670349,9.540546248,16.458572126,,9.730000000,16.785402284
script_7,gemini,base,python,statistical_modelling_analysis,01_linear_regression_inference,/home/romakrut/PycharmProjects/masters-thesis/task_equivalents/llm_translations/gemini/base/python/statistical_modelling_analysis/01_linear_regression_inference.py,24,ok,0.579679827,9.260543151,15.975272416,,9.450000000,16.302102574
script_7,gemini,base,python,statistical_modelling_analysis,01_linear_regression_inference,/home/romakrut/PycharmProjects/masters-thesis/task_equivalents/llm_translations/gemini/base/python/statistical_modelling_analysis/01_linear_regression_inference.py,25,ok,0.579067078,9.370743415,16.182483466,,9.560000000,16.509313624
script_7,gemini,base,python,statistical_modelling_analysis,01_linear_regression_inference,/home/romakrut/PycharmProjects/masters-thesis/task_equivalents/llm_translations/gemini/base/python/statistical_modelling_analysis/01_linear_regression_inference.py,26,ok,0.581358261,9.459994588,16.272228714,,9.650000000,16.599058872
script_7,gemini,base,python,statistical_modelling_analysis,01_linear_regression_inference,/home/romakrut/PycharmProjects/masters-thesis/task_equivalents/llm_translations/gemini/base/python/statistical_modelling_analysis/01_linear_regression_inference.py,27,ok,0.579868019,9.500481644,16.383868971,,9.690000000,16.710699129
script_7,gemini,base,python,statistical_modelling_analysis,01_linear_regression_inference,/home/romakrut/PycharmProjects/masters-thesis/task_equivalents/llm_translations/gemini/base/python/statistical_modelling_analysis/01_linear_regression_inference.py,28,ok,0.579878831,9.410478110,16.228352557,,9.600000000,16.555182715
script_7,gemini,base,python,statistical_modelling_analysis,01_linear_regression_inference,/home/romakrut/PycharmProjects/masters-thesis/task_equivalents/llm_translations/gemini/base/python/statistical_modelling_analysis/01_linear_regression_inference.py,29,ok,0.577142305,9.351372489,16.202888626,,9.540000000,16.529718784
script_7,gemini,base,python,statistical_modelling_analysis,01_linear_regression_inference,/home/romakrut/PycharmProjects/masters-thesis/task_equivalents/llm_translations/gemini/base/python/statistical_modelling_analysis/01_linear_regression_inference.py,30,ok,0.576528449,9.391573116,16.289869359,,9.580000000,16.616699517
script_22,gemini,optimized,python,machine_learning_workflows,02_regression_workflow_feature_importance,/home/romakrut/PycharmProjects/masters-thesis/task_equivalents/llm_translations/gemini/optimized/python/machine_learning_workflows/02_regression_workflow_feature_importance.py,1,ok,12.212694027,186.358523282,15.259411467,,190.350000000,15.586241625
script_22,gemini,optimized,python,machine_learning_workflows,02_regression_workflow_feature_importance,/home/romakrut/PycharmProjects/masters-thesis/task_equivalents/llm_translations/gemini/optimized/python/machine_learning_workflows/02_regression_workflow_feature_importance.py,2,ok,12.208137951,189.120012345,15.491306955,,193.110000000,15.818137113
script_22,gemini,optimized,python,machine_learning_workflows,02_regression_workflow_feature_importance,/home/romakrut/PycharmProjects/masters-thesis/task_equivalents/llm_translations/gemini/optimized/python/machine_learning_workflows/02_regression_workflow_feature_importance.py,3,ok,12.162785736,190.264834816,15.643195477,,194.240000000,15.970025635
script_22,gemini,optimized,python,machine_learning_workflows,02_regression_workflow_feature_importance,/home/romakrut/PycharmProjects/masters-thesis/task_equivalents/llm_translations/gemini/optimized/python/machine_learning_workflows/02_regression_workflow_feature_importance.py,4,ok,12.199805871,189.152735520,15.504569296,,193.140000000,15.831399454
script_22,gemini,optimized,python,machine_learning_workflows,02_regression_workflow_feature_importance,/home/romakrut/PycharmProjects/masters-thesis/task_equivalents/llm_translations/gemini/optimized/python/machine_learning_workflows/02_regression_workflow_feature_importance.py,5,ok,12.186012113,189.037243736,15.512642034,,193.020000000,15.839472192
script_22,gemini,optimized,python,machine_learning_workflows,02_regression_workflow_feature_importance,/home/romakrut/PycharmProjects/masters-thesis/task_equivalents/llm_translations/gemini/optimized/python/machine_learning_workflows/02_regression_workflow_feature_importance.py,6,ok,12.145092625,191.290617458,15.750445333,,195.260000000,16.077275491
script_22,gemini,optimized,python,machine_learning_workflows,02_regression_workflow_feature_importance,/home/romakrut/PycharmProjects/masters-thesis/task_equivalents/llm_translations/gemini/optimized/python/machine_learning_workflows/02_regression_workflow_feature_importance.py,7,ok,12.214775990,191.687842833,15.693111604,,195.680000000,16.019941762
script_22,gemini,optimized,python,machine_learning_workflows,02_regression_workflow_feature_importance,/home/romakrut/PycharmProjects/masters-thesis/task_equivalents/llm_translations/gemini/optimized/python/machine_learning_workflows/02_regression_workflow_feature_importance.py,8,ok,12.196994997,190.303654198,15.602503260,,194.290000000,15.929333418
script_22,gemini,optimized,python,machine_learning_workflows,02_regression_workflow_feature_importance,/home/romakrut/PycharmProjects/masters-thesis/task_equivalents/llm_translations/gemini/optimized/python/machine_learning_workflows/02_regression_workflow_feature_importance.py,9,ok,12.181478273,190.068725531,15.603091946,,194.050000000,15.929922104
script_22,gemini,optimized,python,machine_learning_workflows,02_regression_workflow_feature_importance,/home/romakrut/PycharmProjects/masters-thesis/task_equivalents/llm_translations/gemini/optimized/python/machine_learning_workflows/02_regression_workflow_feature_importance.py,10,ok,12.203429744,188.701551129,15.462993198,,192.690000000,15.789823356
script_22,gemini,optimized,python,machine_learning_workflows,02_regression_workflow_feature_importance,/home/romakrut/PycharmProjects/masters-thesis/task_equivalents/llm_translations/gemini/optimized/python/machine_learning_workflows/02_regression_workflow_feature_importance.py,11,ok,12.286204799,191.634497744,15.597534054,,195.650000000,15.924364212
script_22,gemini,optimized,python,machine_learning_workflows,02_regression_workflow_feature_importance,/home/romakrut/PycharmProjects/masters-thesis/task_equivalents/llm_translations/gemini/optimized/python/machine_learning_workflows/02_regression_workflow_feature_importance.py,12,ok,12.212962164,188.698435646,15.450668979,,192.690000000,15.777499137
script_22,gemini,optimized,python,machine_learning_workflows,02_regression_workflow_feature_importance,/home/romakrut/PycharmProjects/masters-thesis/task_equivalents/llm_translations/gemini/optimized/python/machine_learning_workflows/02_regression_workflow_feature_importance.py,13,ok,12.355527100,190.551841126,15.422396761,,194.590000000,15.749226919
script_22,gemini,optimized,python,machine_learning_workflows,02_regression_workflow_feature_importance,/home/romakrut/PycharmProjects/masters-thesis/task_equivalents/llm_translations/gemini/optimized/python/machine_learning_workflows/02_regression_workflow_feature_importance.py,14,ok,12.196279157,192.683888156,15.798579688,,196.670000000,16.125409846
script_22,gemini,optimized,python,machine_learning_workflows,02_regression_workflow_feature_importance,/home/romakrut/PycharmProjects/masters-thesis/task_equivalents/llm_translations/gemini/optimized/python/machine_learning_workflows/02_regression_workflow_feature_importance.py,15,ok,12.220957436,195.395822550,15.988585475,,199.390000000,16.315415633
script_22,gemini,optimized,python,machine_learning_workflows,02_regression_workflow_feature_importance,/home/romakrut/PycharmProjects/masters-thesis/task_equivalents/llm_translations/gemini/optimized/python/machine_learning_workflows/02_regression_workflow_feature_importance.py,16,ok,12.197079869,189.483626459,15.535163211,,193.470000000,15.861993369
script_22,gemini,optimized,python,machine_learning_workflows,02_regression_workflow_feature_importance,/home/romakrut/PycharmProjects/masters-thesis/task_equivalents/llm_translations/gemini/optimized/python/machine_learning_workflows/02_regression_workflow_feature_importance.py,17,ok,12.170460790,192.562326377,15.822106467,,196.540000000,16.148936625
script_22,gemini,optimized,python,machine_learning_workflows,02_regression_workflow_feature_importance,/home/romakrut/PycharmProjects/masters-thesis/task_equivalents/llm_translations/gemini/optimized/python/machine_learning_workflows/02_regression_workflow_feature_importance.py,18,ok,12.211479527,189.358920217,15.506632083,,193.350000000,15.833462241
script_22,gemini,optimized,python,machine_learning_workflows,02_regression_workflow_feature_importance,/home/romakrut/PycharmProjects/masters-thesis/task_equivalents/llm_translations/gemini/optimized/python/machine_learning_workflows/02_regression_workflow_feature_importance.py,19,ok,12.202968366,194.911701921,15.972482766,,198.900000000,16.299312924
script_22,gemini,optimized,python,machine_learning_workflows,02_regression_workflow_feature_importance,/home/romakrut/PycharmProjects/masters-thesis/task_equivalents/llm_translations/gemini/optimized/python/machine_learning_workflows/02_regression_workflow_feature_importance.py,20,ok,12.174191957,192.481106919,15.810585836,,196.460000000,16.137415994
script_22,gemini,optimized,python,machine_learning_workflows,02_regression_workflow_feature_importance,/home/romakrut/PycharmProjects/masters-thesis/task_equivalents/llm_translations/gemini/optimized/python/machine_learning_workflows/02_regression_workflow_feature_importance.py,21,ok,12.167186081,188.863396651,15.522356229,,192.840000000,15.849186387
script_22,gemini,optimized,python,machine_learning_workflows,02_regression_workflow_feature_importance,/home/romakrut/PycharmProjects/masters-thesis/task_equivalents/llm_translations/gemini/optimized/python/machine_learning_workflows/02_regression_workflow_feature_importance.py,22,ok,12.205876974,193.730751300,15.871923968,,197.720000000,16.198754126
script_22,gemini,optimized,python,machine_learning_workflows,02_regression_workflow_feature_importance,/home/romakrut/PycharmProjects/masters-thesis/task_equivalents/llm_translations/gemini/optimized/python/machine_learning_workflows/02_regression_workflow_feature_importance.py,23,ok,12.184250398,195.147819517,16.016399298,,199.130000000,16.343229456
script_22,gemini,optimized,python,machine_learning_workflows,02_regression_workflow_feature_importance,/home/romakrut/PycharmProjects/masters-thesis/task_equivalents/llm_translations/gemini/optimized/python/machine_learning_workflows/02_regression_workflow_feature_importance.py,24,ok,12.237351154,190.450464589,15.563046463,,194.450000000,15.889876621
script_22,gemini,optimized,python,machine_learning_workflows,02_regression_workflow_feature_importance,/home/romakrut/PycharmProjects/masters-thesis/task_equivalents/llm_translations/gemini/optimized/python/machine_learning_workflows/02_regression_workflow_feature_importance.py,25,ok,12.184683743,194.587677887,15.969858717,,198.570000000,16.296688875
script_22,gemini,optimized,python,machine_learning_workflows,02_regression_workflow_feature_importance,/home/romakrut/PycharmProjects/masters-thesis/task_equivalents/llm_translations/gemini/optimized/python/machine_learning_workflows/02_regression_workflow_feature_importance.py,26,ok,12.274559808,190.678303679,15.534431105,,194.690000000,15.861261263
script_22,gemini,optimized,python,machine_learning_workflows,02_regression_workflow_feature_importance,/home/romakrut/PycharmProjects/masters-thesis/task_equivalents/llm_translations/gemini/optimized/python/machine_learning_workflows/02_regression_workflow_feature_importance.py,27,ok,12.222547993,194.195302708,15.888283099,,198.190000000,16.215113257
script_22,gemini,optimized,python,machine_learning_workflows,02_regression_workflow_feature_importance,/home/romakrut/PycharmProjects/masters-thesis/task_equivalents/llm_translations/gemini/optimized/python/machine_learning_workflows/02_regression_workflow_feature_importance.py,28,ok,12.207692120,191.320158056,15.672098884,,195.310000000,15.998929042
script_22,gemini,optimized,python,machine_learning_workflows,02_regression_workflow_feature_importance,/home/romakrut/PycharmProjects/masters-thesis/task_equivalents/llm_translations/gemini/optimized/python/machine_learning_workflows/02_regression_workflow_feature_importance.py,29,ok,12.261454528,194.082586879,15.828675663,,198.090000000,16.155505821
script_22,gemini,optimized,python,machine_learning_workflows,02_regression_workflow_feature_importance,/home/romakrut/PycharmProjects/masters-thesis/task_equivalents/llm_translations/gemini/optimized/python/machine_learning_workflows/02_regression_workflow_feature_importance.py,30,ok,12.195030464,191.054296267,15.666569824,,195.040000000,15.993399982
script_50,gpt,optimized,python,data_manipulation_preprocessing,02_merge_aggregate_reshape,/home/romakrut/PycharmProjects/masters-thesis/task_equivalents/llm_translations/gpt/optimized/python/data_manipulation_preprocessing/02_merge_aggregate_reshape.py,1,ok,0.172902543,2.853490235,16.503460187,,2.910000000,16.830290345
script_50,gpt,optimized,python,data_manipulation_preprocessing,02_merge_aggregate_reshape,/home/romakrut/PycharmProjects/masters-thesis/task_equivalents/llm_translations/gpt/optimized/python/data_manipulation_preprocessing/02_merge_aggregate_reshape.py,2,ok,0.172007183,2.853782865,16.591067974,,2.910000000,16.917898132
script_50,gpt,optimized,python,data_manipulation_preprocessing,02_merge_aggregate_reshape,/home/romakrut/PycharmProjects/masters-thesis/task_equivalents/llm_translations/gpt/optimized/python/data_manipulation_preprocessing/02_merge_aggregate_reshape.py,3,ok,0.173537336,2.783282765,16.038524212,,2.840000000,16.365354370
script_50,gpt,optimized,python,data_manipulation_preprocessing,02_merge_aggregate_reshape,/home/romakrut/PycharmProjects/masters-thesis/task_equivalents/llm_translations/gpt/optimized/python/data_manipulation_preprocessing/02_merge_aggregate_reshape.py,4,ok,0.173898655,2.833164675,16.292044784,,2.890000000,16.618874942
script_50,gpt,optimized,python,data_manipulation_preprocessing,02_merge_aggregate_reshape,/home/romakrut/PycharmProjects/masters-thesis/task_equivalents/llm_translations/gpt/optimized/python/data_manipulation_preprocessing/02_merge_aggregate_reshape.py,5,ok,0.172713768,2.783551932,16.116560736,,2.840000000,16.443390894
script_50,gpt,optimized,python,data_manipulation_preprocessing,02_merge_aggregate_reshape,/home/romakrut/PycharmProjects/masters-thesis/task_equivalents/llm_translations/gpt/optimized/python/data_manipulation_preprocessing/02_merge_aggregate_reshape.py,6,ok,0.172977122,2.813465860,16.264959362,,2.870000000,16.591789520
script_50,gpt,optimized,python,data_manipulation_preprocessing,02_merge_aggregate_reshape,/home/romakrut/PycharmProjects/masters-thesis/task_equivalents/llm_translations/gpt/optimized/python/data_manipulation_preprocessing/02_merge_aggregate_reshape.py,7,ok,0.173124577,2.743417667,15.846494557,,2.800000000,16.173324715
script_50,gpt,optimized,python,data_manipulation_preprocessing,02_merge_aggregate_reshape,/home/romakrut/PycharmProjects/masters-thesis/task_equivalents/llm_translations/gpt/optimized/python/data_manipulation_preprocessing/02_merge_aggregate_reshape.py,8,ok,0.173617748,2.753256484,15.858151115,,2.810000000,16.184981273
script_50,gpt,optimized,python,data_manipulation_preprocessing,02_merge_aggregate_reshape,/home/romakrut/PycharmProjects/masters-thesis/task_equivalents/llm_translations/gpt/optimized/python/data_manipulation_preprocessing/02_merge_aggregate_reshape.py,9,ok,0.173858248,2.843177881,16.353425357,,2.900000000,16.680255515
script_50,gpt,optimized,python,data_manipulation_preprocessing,02_merge_aggregate_reshape,/home/romakrut/PycharmProjects/masters-thesis/task_equivalents/llm_translations/gpt/optimized/python/data_manipulation_preprocessing/02_merge_aggregate_reshape.py,10,ok,0.173960524,2.773144454,15.941228451,,2.830000000,16.268058609
script_50,gpt,optimized,python,data_manipulation_preprocessing,02_merge_aggregate_reshape,/home/romakrut/PycharmProjects/masters-thesis/task_equivalents/llm_translations/gpt/optimized/python/data_manipulation_preprocessing/02_merge_aggregate_reshape.py,11,ok,0.172925233,2.773482819,16.038624154,,2.830000000,16.365454312
script_50,gpt,optimized,python,data_manipulation_preprocessing,02_merge_aggregate_reshape,/home/romakrut/PycharmProjects/masters-thesis/task_equivalents/llm_translations/gpt/optimized/python/data_manipulation_preprocessing/02_merge_aggregate_reshape.py,12,ok,0.173460193,2.773307978,15.988152266,,2.830000000,16.314982424
script_50,gpt,optimized,python,data_manipulation_preprocessing,02_merge_aggregate_reshape,/home/romakrut/PycharmProjects/masters-thesis/task_equivalents/llm_translations/gpt/optimized/python/data_manipulation_preprocessing/02_merge_aggregate_reshape.py,13,ok,0.174358532,2.783014373,15.961446460,,2.840000000,16.288276618
script_50,gpt,optimized,python,data_manipulation_preprocessing,02_merge_aggregate_reshape,/home/romakrut/PycharmProjects/masters-thesis/task_equivalents/llm_translations/gpt/optimized/python/data_manipulation_preprocessing/02_merge_aggregate_reshape.py,14,ok,0.173851267,2.813180163,16.181533856,,2.870000000,16.508364014
script_50,gpt,optimized,python,data_manipulation_preprocessing,02_merge_aggregate_reshape,/home/romakrut/PycharmProjects/masters-thesis/task_equivalents/llm_translations/gpt/optimized/python/data_manipulation_preprocessing/02_merge_aggregate_reshape.py,15,ok,0.174692563,2.802905202,16.044788364,,2.860000000,16.371618522
script_50,gpt,optimized,python,data_manipulation_preprocessing,02_merge_aggregate_reshape,/home/romakrut/PycharmProjects/masters-thesis/task_equivalents/llm_translations/gpt/optimized/python/data_manipulation_preprocessing/02_merge_aggregate_reshape.py,16,ok,0.173077890,2.873432926,16.601964155,,2.930000000,16.928794313
script_50,gpt,optimized,python,data_manipulation_preprocessing,02_merge_aggregate_reshape,/home/romakrut/PycharmProjects/masters-thesis/task_equivalents/llm_translations/gpt/optimized/python/data_manipulation_preprocessing/02_merge_aggregate_reshape.py,17,ok,0.173842573,2.853183004,16.412452687,,2.910000000,16.739282845
script_50,gpt,optimized,python,data_manipulation_preprocessing,02_merge_aggregate_reshape,/home/romakrut/PycharmProjects/masters-thesis/task_equivalents/llm_translations/gpt/optimized/python/data_manipulation_preprocessing/02_merge_aggregate_reshape.py,18,ok,0.174354684,2.863015631,16.420640762,,2.920000000,16.747470920
script_50,gpt,optimized,python,data_manipulation_preprocessing,02_merge_aggregate_reshape,/home/romakrut/PycharmProjects/masters-thesis/task_equivalents/llm_translations/gpt/optimized/python/data_manipulation_preprocessing/02_merge_aggregate_reshape.py,19,ok,0.173855048,2.843178927,16.353732376,,2.900000000,16.680562534
script_50,gpt,optimized,python,data_manipulation_preprocessing,02_merge_aggregate_reshape,/home/romakrut/PycharmProjects/masters-thesis/task_equivalents/llm_translations/gpt/optimized/python/data_manipulation_preprocessing/02_merge_aggregate_reshape.py,20,ok,0.173602424,2.783261492,16.032388421,,2.840000000,16.359218579
script_50,gpt,optimized,python,data_manipulation_preprocessing,02_merge_aggregate_reshape,/home/romakrut/PycharmProjects/masters-thesis/task_equivalents/llm_translations/gpt/optimized/python/data_manipulation_preprocessing/02_merge_aggregate_reshape.py,21,ok,0.173630352,2.843252365,16.375318784,,2.900000000,16.702148942
script_50,gpt,optimized,python,data_manipulation_preprocessing,02_merge_aggregate_reshape,/home/romakrut/PycharmProjects/masters-thesis/task_equivalents/llm_translations/gpt/optimized/python/data_manipulation_preprocessing/02_merge_aggregate_reshape.py,22,ok,0.171926392,2.833809270,16.482689116,,2.890000000,16.809519274
script_50,gpt,optimized,python,data_manipulation_preprocessing,02_merge_aggregate_reshape,/home/romakrut/PycharmProjects/masters-thesis/task_equivalents/llm_translations/gpt/optimized/python/data_manipulation_preprocessing/02_merge_aggregate_reshape.py,23,ok,0.172993026,2.773460662,16.032210813,,2.830000000,16.359040971
script_50,gpt,optimized,python,data_manipulation_preprocessing,02_merge_aggregate_reshape,/home/romakrut/PycharmProjects/masters-thesis/task_equivalents/llm_translations/gpt/optimized/python/data_manipulation_preprocessing/02_merge_aggregate_reshape.py,24,ok,0.173649185,2.773246209,15.970395769,,2.830000000,16.297225927
script_50,gpt,optimized,python,data_manipulation_preprocessing,02_merge_aggregate_reshape,/home/romakrut/PycharmProjects/masters-thesis/task_equivalents/llm_translations/gpt/optimized/python/data_manipulation_preprocessing/02_merge_aggregate_reshape.py,25,ok,0.173227847,2.823383915,16.298672323,,2.880000000,16.625502481
script_50,gpt,optimized,python,data_manipulation_preprocessing,02_merge_aggregate_reshape,/home/romakrut/PycharmProjects/masters-thesis/task_equivalents/llm_translations/gpt/optimized/python/data_manipulation_preprocessing/02_merge_aggregate_reshape.py,26,ok,0.172823148,2.773516183,16.048291073,,2.830000000,16.375121231
script_50,gpt,optimized,python,data_manipulation_preprocessing,02_merge_aggregate_reshape,/home/romakrut/PycharmProjects/masters-thesis/task_equivalents/llm_translations/gpt/optimized/python/data_manipulation_preprocessing/02_merge_aggregate_reshape.py,27,ok,0.172456694,2.833635951,16.431000072,,2.890000000,16.757830230
script_50,gpt,optimized,python,data_manipulation_preprocessing,02_merge_aggregate_reshape,/home/romakrut/PycharmProjects/masters-thesis/task_equivalents/llm_translations/gpt/optimized/python/data_manipulation_preprocessing/02_merge_aggregate_reshape.py,28,ok,0.172698073,2.863557062,16.581291336,,2.920000000,16.908121494
script_50,gpt,optimized,python,data_manipulation_preprocessing,02_merge_aggregate_reshape,/home/romakrut/PycharmProjects/masters-thesis/task_equivalents/llm_translations/gpt/optimized/python/data_manipulation_preprocessing/02_merge_aggregate_reshape.py,29,ok,0.173552523,2.773277801,15.979472690,,2.830000000,16.306302848
script_50,gpt,optimized,python,data_manipulation_preprocessing,02_merge_aggregate_reshape,/home/romakrut/PycharmProjects/masters-thesis/task_equivalents/llm_translations/gpt/optimized/python/data_manipulation_preprocessing/02_merge_aggregate_reshape.py,30,ok,0.174113043,2.793094607,16.041845910,,2.850000000,16.368676068
script_10,gemini,base,r,data_manipulation_preprocessing,02_merge_aggregate_reshape,/home/romakrut/PycharmProjects/masters-thesis/task_equivalents/llm_translations/gemini/base/r/data_manipulation_preprocessing/02_merge_aggregate_reshape.R,1,ok,0.079676292,1.393959385,17.495284355,,1.420000000,17.822114513
script_10,gemini,base,r,data_manipulation_preprocessing,02_merge_aggregate_reshape,/home/romakrut/PycharmProjects/masters-thesis/task_equivalents/llm_translations/gemini/base/r/data_manipulation_preprocessing/02_merge_aggregate_reshape.R,2,ok,0.089030173,1.380902254,15.510497261,,1.410000000,15.837327419
script_10,gemini,base,r,data_manipulation_preprocessing,02_merge_aggregate_reshape,/home/romakrut/PycharmProjects/masters-thesis/task_equivalents/llm_translations/gemini/base/r/data_manipulation_preprocessing/02_merge_aggregate_reshape.R,3,ok,0.081818741,1.303259168,15.928614301,,1.330000000,16.255444459
script_10,gemini,base,r,data_manipulation_preprocessing,02_merge_aggregate_reshape,/home/romakrut/PycharmProjects/masters-thesis/task_equivalents/llm_translations/gemini/base/r/data_manipulation_preprocessing/02_merge_aggregate_reshape.R,4,ok,0.081339155,1.323415911,16.270342507,,1.350000000,16.597172665
script_10,gemini,base,r,data_manipulation_preprocessing,02_merge_aggregate_reshape,/home/romakrut/PycharmProjects/masters-thesis/task_equivalents/llm_translations/gemini/base/r/data_manipulation_preprocessing/02_merge_aggregate_reshape.R,5,ok,0.081024072,1.333518890,16.458305005,,1.360000000,16.785135163
script_10,gemini,base,r,data_manipulation_preprocessing,02_merge_aggregate_reshape,/home/romakrut/PycharmProjects/masters-thesis/task_equivalents/llm_translations/gemini/base/r/data_manipulation_preprocessing/02_merge_aggregate_reshape.R,6,ok,0.080656140,1.323639141,16.410891236,,1.350000000,16.737721394
script_10,gemini,base,r,data_manipulation_preprocessing,02_merge_aggregate_reshape,/home/romakrut/PycharmProjects/masters-thesis/task_equivalents/llm_translations/gemini/base/r/data_manipulation_preprocessing/02_merge_aggregate_reshape.R,7,ok,0.080797077,1.313593079,16.257928224,,1.340000000,16.584758382
script_10,gemini,base,r,data_manipulation_preprocessing,02_merge_aggregate_reshape,/home/romakrut/PycharmProjects/masters-thesis/task_equivalents/llm_translations/gemini/base/r/data_manipulation_preprocessing/02_merge_aggregate_reshape.R,8,ok,0.081372877,1.333404890,16.386355490,,1.360000000,16.713185648
script_10,gemini,base,r,data_manipulation_preprocessing,02_merge_aggregate_reshape,/home/romakrut/PycharmProjects/masters-thesis/task_equivalents/llm_translations/gemini/base/r/data_manipulation_preprocessing/02_merge_aggregate_reshape.R,9,ok,0.081609257,1.333327634,16.337945996,,1.360000000,16.664776154
script_10,gemini,base,r,data_manipulation_preprocessing,02_merge_aggregate_reshape,/home/romakrut/PycharmProjects/masters-thesis/task_equivalents/llm_translations/gemini/base/r/data_manipulation_preprocessing/02_merge_aggregate_reshape.R,10,ok,0.081294088,1.333430640,16.402553656,,1.360000000,16.729383814
script_10,gemini,base,r,data_manipulation_preprocessing,02_merge_aggregate_reshape,/home/romakrut/PycharmProjects/masters-thesis/task_equivalents/llm_translations/gemini/base/r/data_manipulation_preprocessing/02_merge_aggregate_reshape.R,11,ok,0.080100844,1.363820628,17.026295360,,1.390000000,17.353125518
script_10,gemini,base,r,data_manipulation_preprocessing,02_merge_aggregate_reshape,/home/romakrut/PycharmProjects/masters-thesis/task_equivalents/llm_translations/gemini/base/r/data_manipulation_preprocessing/02_merge_aggregate_reshape.R,12,ok,0.080337999,1.333743119,16.601647237,,1.360000000,16.928477395
script_10,gemini,base,r,data_manipulation_preprocessing,02_merge_aggregate_reshape,/home/romakrut/PycharmProjects/masters-thesis/task_equivalents/llm_translations/gemini/base/r/data_manipulation_preprocessing/02_merge_aggregate_reshape.R,13,ok,0.080145555,1.303806016,16.267976628,,1.330000000,16.594806786
script_10,gemini,base,r,data_manipulation_preprocessing,02_merge_aggregate_reshape,/home/romakrut/PycharmProjects/masters-thesis/task_equivalents/llm_translations/gemini/base/r/data_manipulation_preprocessing/02_merge_aggregate_reshape.R,14,ok,0.080016768,1.333848107,16.669607389,,1.360000000,16.996437547
script_10,gemini,base,r,data_manipulation_preprocessing,02_merge_aggregate_reshape,/home/romakrut/PycharmProjects/masters-thesis/task_equivalents/llm_translations/gemini/base/r/data_manipulation_preprocessing/02_merge_aggregate_reshape.R,15,ok,0.079779223,1.313925744,16.469522948,,1.340000000,16.796353106
script_10,gemini,base,r,data_manipulation_preprocessing,02_merge_aggregate_reshape,/home/romakrut/PycharmProjects/masters-thesis/task_equivalents/llm_translations/gemini/base/r/data_manipulation_preprocessing/02_merge_aggregate_reshape.R,16,ok,0.079693738,1.373953683,17.240422115,,1.400000000,17.567252273
script_10,gemini,base,r,data_manipulation_preprocessing,02_merge_aggregate_reshape,/home/romakrut/PycharmProjects/masters-thesis/task_equivalents/llm_translations/gemini/base/r/data_manipulation_preprocessing/02_merge_aggregate_reshape.R,17,ok,0.080322546,1.343748170,16.729402098,,1.370000000,17.056232256
script_10,gemini,base,r,data_manipulation_preprocessing,02_merge_aggregate_reshape,/home/romakrut/PycharmProjects/masters-thesis/task_equivalents/llm_translations/gemini/base/r/data_manipulation_preprocessing/02_merge_aggregate_reshape.R,18,ok,0.079960315,1.303866558,16.306420974,,1.330000000,16.633251132
script_10,gemini,base,r,data_manipulation_preprocessing,02_merge_aggregate_reshape,/home/romakrut/PycharmProjects/masters-thesis/task_equivalents/llm_translations/gemini/base/r/data_manipulation_preprocessing/02_merge_aggregate_reshape.R,19,ok,0.080028867,1.333844153,16.667037817,,1.360000000,16.993867975
script_10,gemini,base,r,data_manipulation_preprocessing,02_merge_aggregate_reshape,/home/romakrut/PycharmProjects/masters-thesis/task_equivalents/llm_translations/gemini/base/r/data_manipulation_preprocessing/02_merge_aggregate_reshape.R,20,ok,0.080032410,1.353842995,16.916184266,,1.380000000,17.243014424
script_10,gemini,base,r,data_manipulation_preprocessing,02_merge_aggregate_reshape,/home/romakrut/PycharmProjects/masters-thesis/task_equivalents/llm_translations/gemini/base/r/data_manipulation_preprocessing/02_merge_aggregate_reshape.R,21,ok,0.080053284,1.353836173,16.911688127,,1.380000000,17.238518285
script_10,gemini,base,r,data_manipulation_preprocessing,02_merge_aggregate_reshape,/home/romakrut/PycharmProjects/masters-thesis/task_equivalents/llm_translations/gemini/base/r/data_manipulation_preprocessing/02_merge_aggregate_reshape.R,22,ok,0.079930787,1.283876208,16.062349145,,1.310000000,16.389179303
script_10,gemini,base,r,data_manipulation_preprocessing,02_merge_aggregate_reshape,/home/romakrut/PycharmProjects/masters-thesis/task_equivalents/llm_translations/gemini/base/r/data_manipulation_preprocessing/02_merge_aggregate_reshape.R,23,ok,0.079210445,1.284111638,16.211392800,,1.310000000,16.538222958
script_10,gemini,base,r,data_manipulation_preprocessing,02_merge_aggregate_reshape,/home/romakrut/PycharmProjects/masters-thesis/task_equivalents/llm_translations/gemini/base/r/data_manipulation_preprocessing/02_merge_aggregate_reshape.R,24,ok,0.079903583,1.313885099,16.443381511,,1.340000000,16.770211669
script_10,gemini,base,r,data_manipulation_preprocessing,02_merge_aggregate_reshape,/home/romakrut/PycharmProjects/masters-thesis/task_equivalents/llm_translations/gemini/base/r/data_manipulation_preprocessing/02_merge_aggregate_reshape.R,25,ok,0.079393711,1.304051741,16.425126430,,1.330000000,16.751956588
script_10,gemini,base,r,data_manipulation_preprocessing,02_merge_aggregate_reshape,/home/romakrut/PycharmProjects/masters-thesis/task_equivalents/llm_translations/gemini/base/r/data_manipulation_preprocessing/02_merge_aggregate_reshape.R,26,ok,0.080384027,1.373728076,17.089565266,,1.400000000,17.416395424
script_10,gemini,base,r,data_manipulation_preprocessing,02_merge_aggregate_reshape,/home/romakrut/PycharmProjects/masters-thesis/task_equivalents/llm_translations/gemini/base/r/data_manipulation_preprocessing/02_merge_aggregate_reshape.R,27,ok,0.081847558,1.333249750,16.289426127,,1.360000000,16.616256285
script_10,gemini,base,r,data_manipulation_preprocessing,02_merge_aggregate_reshape,/home/romakrut/PycharmProjects/masters-thesis/task_equivalents/llm_translations/gemini/base/r/data_manipulation_preprocessing/02_merge_aggregate_reshape.R,28,ok,0.080575108,1.323665625,16.427723866,,1.350000000,16.754554024
script_10,gemini,base,r,data_manipulation_preprocessing,02_merge_aggregate_reshape,/home/romakrut/PycharmProjects/masters-thesis/task_equivalents/llm_translations/gemini/base/r/data_manipulation_preprocessing/02_merge_aggregate_reshape.R,29,ok,0.082359993,1.393082270,16.914550618,,1.420000000,17.241380776
script_10,gemini,base,r,data_manipulation_preprocessing,02_merge_aggregate_reshape,/home/romakrut/PycharmProjects/masters-thesis/task_equivalents/llm_translations/gemini/base/r/data_manipulation_preprocessing/02_merge_aggregate_reshape.R,30,ok,0.081611817,1.303326797,15.969829430,,1.330000000,16.296659588
script_46,gpt,base,r,machine_learning_workflows,02_regression_workflow_feature_importance,/home/romakrut/PycharmProjects/masters-thesis/task_equivalents/llm_translations/gpt/base/r/machine_learning_workflows/02_regression_workflow_feature_importance.R,1,ok,1.790106756,30.114939126,16.822985012,,30.700000000,17.149815170
script_46,gpt,base,r,machine_learning_workflows,02_regression_workflow_feature_importance,/home/romakrut/PycharmProjects/masters-thesis/task_equivalents/llm_translations/gpt/base/r/machine_learning_workflows/02_regression_workflow_feature_importance.R,2,ok,1.775923341,29.279574694,16.486958653,,29.860000000,16.813788811
script_46,gpt,base,r,machine_learning_workflows,02_regression_workflow_feature_importance,/home/romakrut/PycharmProjects/masters-thesis/task_equivalents/llm_translations/gpt/base/r/machine_learning_workflows/02_regression_workflow_feature_importance.R,3,ok,1.757973231,29.425441331,16.738276108,,30.000000000,17.065106266
script_46,gpt,base,r,machine_learning_workflows,02_regression_workflow_feature_importance,/home/romakrut/PycharmProjects/masters-thesis/task_equivalents/llm_translations/gpt/base/r/machine_learning_workflows/02_regression_workflow_feature_importance.R,4,ok,1.792661324,29.654104216,16.541944549,,30.240000000,16.868774707
script_46,gpt,base,r,machine_learning_workflows,02_regression_workflow_feature_importance,/home/romakrut/PycharmProjects/masters-thesis/task_equivalents/llm_translations/gpt/base/r/machine_learning_workflows/02_regression_workflow_feature_importance.R,5,ok,1.755539365,30.256236792,17.234724208,,30.830000000,17.561554366
script_46,gpt,base,r,machine_learning_workflows,02_regression_workflow_feature_importance,/home/romakrut/PycharmProjects/masters-thesis/task_equivalents/llm_translations/gpt/base/r/machine_learning_workflows/02_regression_workflow_feature_importance.R,6,ok,1.781222586,30.267842741,16.992734641,,30.850000000,17.319564799
script_46,gpt,base,r,machine_learning_workflows,02_regression_workflow_feature_importance,/home/romakrut/PycharmProjects/masters-thesis/task_equivalents/llm_translations/gpt/base/r/machine_learning_workflows/02_regression_workflow_feature_importance.R,7,ok,1.772168850,30.340801775,17.120717236,,30.920000000,17.447547394
script_46,gpt,base,r,machine_learning_workflows,02_regression_workflow_feature_importance,/home/romakrut/PycharmProjects/masters-thesis/task_equivalents/llm_translations/gpt/base/r/machine_learning_workflows/02_regression_workflow_feature_importance.R,8,ok,1.752753580,29.847147271,17.028718475,,30.420000000,17.355548633
script_46,gpt,base,r,machine_learning_workflows,02_regression_workflow_feature_importance,/home/romakrut/PycharmProjects/masters-thesis/task_equivalents/llm_translations/gpt/base/r/machine_learning_workflows/02_regression_workflow_feature_importance.R,9,ok,1.768164445,30.062110535,17.001874809,,30.640000000,17.328704967
script_46,gpt,base,r,machine_learning_workflows,02_regression_workflow_feature_importance,/home/romakrut/PycharmProjects/masters-thesis/task_equivalents/llm_translations/gpt/base/r/machine_learning_workflows/02_regression_workflow_feature_importance.R,10,ok,1.780901545,30.107947667,16.906014682,,30.690000000,17.232844840
script_46,gpt,base,r,machine_learning_workflows,02_regression_workflow_feature_importance,/home/romakrut/PycharmProjects/masters-thesis/task_equivalents/llm_translations/gpt/base/r/machine_learning_workflows/02_regression_workflow_feature_importance.R,11,ok,1.778201608,30.088830088,16.920932898,,30.670000000,17.247763056
script_46,gpt,base,r,machine_learning_workflows,02_regression_workflow_feature_importance,/home/romakrut/PycharmProjects/masters-thesis/task_equivalents/llm_translations/gpt/base/r/machine_learning_workflows/02_regression_workflow_feature_importance.R,12,ok,1.779490536,30.018408827,16.869102824,,30.600000000,17.195932982
script_46,gpt,base,r,machine_learning_workflows,02_regression_workflow_feature_importance,/home/romakrut/PycharmProjects/masters-thesis/task_equivalents/llm_translations/gpt/base/r/machine_learning_workflows/02_regression_workflow_feature_importance.R,13,ok,1.787869593,30.325670298,16.961902824,,30.910000000,17.288732982
script_46,gpt,base,r,machine_learning_workflows,02_regression_workflow_feature_importance,/home/romakrut/PycharmProjects/masters-thesis/task_equivalents/llm_translations/gpt/base/r/machine_learning_workflows/02_regression_workflow_feature_importance.R,14,ok,1.756341680,30.775974571,17.522771862,,31.350000000,17.849602020
script_46,gpt,base,r,machine_learning_workflows,02_regression_workflow_feature_importance,/home/romakrut/PycharmProjects/masters-thesis/task_equivalents/llm_translations/gpt/base/r/machine_learning_workflows/02_regression_workflow_feature_importance.R,15,ok,1.774315138,30.760100303,17.336322981,,31.340000000,17.663153139
script_46,gpt,base,r,machine_learning_workflows,02_regression_workflow_feature_importance,/home/romakrut/PycharmProjects/masters-thesis/task_equivalents/llm_translations/gpt/base/r/machine_learning_workflows/02_regression_workflow_feature_importance.R,16,ok,1.779830744,30.998297637,17.416430040,,31.580000000,17.743260198
script_46,gpt,base,r,machine_learning_workflows,02_regression_workflow_feature_importance,/home/romakrut/PycharmProjects/masters-thesis/task_equivalents/llm_translations/gpt/base/r/machine_learning_workflows/02_regression_workflow_feature_importance.R,17,ok,1.755420297,30.436275707,17.338454932,,31.010000000,17.665285090
script_46,gpt,base,r,machine_learning_workflows,02_regression_workflow_feature_importance,/home/romakrut/PycharmProjects/masters-thesis/task_equivalents/llm_translations/gpt/base/r/machine_learning_workflows/02_regression_workflow_feature_importance.R,18,ok,1.757510038,30.675592717,17.454007120,,31.250000000,17.780837278
script_46,gpt,base,r,machine_learning_workflows,02_regression_workflow_feature_importance,/home/romakrut/PycharmProjects/masters-thesis/task_equivalents/llm_translations/gpt/base/r/machine_learning_workflows/02_regression_workflow_feature_importance.R,19,ok,1.757627291,30.755554395,17.498336850,,31.330000000,17.825167008
script_46,gpt,base,r,machine_learning_workflows,02_regression_workflow_feature_importance,/home/romakrut/PycharmProjects/masters-thesis/task_equivalents/llm_translations/gpt/base/r/machine_learning_workflows/02_regression_workflow_feature_importance.R,20,ok,1.788214191,30.475557673,17.042453766,,31.060000000,17.369283924
script_46,gpt,base,r,machine_learning_workflows,02_regression_workflow_feature_importance,/home/romakrut/PycharmProjects/masters-thesis/task_equivalents/llm_translations/gpt/base/r/machine_learning_workflows/02_regression_workflow_feature_importance.R,21,ok,1.753325605,30.886960315,17.616214711,,31.460000000,17.943044869
script_46,gpt,base,r,machine_learning_workflows,02_regression_workflow_feature_importance,/home/romakrut/PycharmProjects/masters-thesis/task_equivalents/llm_translations/gpt/base/r/machine_learning_workflows/02_regression_workflow_feature_importance.R,22,ok,1.775397316,30.809746615,17.353719270,,31.390000000,17.680549428
script_46,gpt,base,r,machine_learning_workflows,02_regression_workflow_feature_importance,/home/romakrut/PycharmProjects/masters-thesis/task_equivalents/llm_translations/gpt/base/r/machine_learning_workflows/02_regression_workflow_feature_importance.R,23,ok,1.787518520,30.545785040,17.088374021,,31.130000000,17.415204179
script_46,gpt,base,r,machine_learning_workflows,02_regression_workflow_feature_importance,/home/romakrut/PycharmProjects/masters-thesis/task_equivalents/llm_translations/gpt/base/r/machine_learning_workflows/02_regression_workflow_feature_importance.R,24,ok,1.776454332,30.259401150,17.033593605,,30.840000000,17.360423763
script_46,gpt,base,r,machine_learning_workflows,02_regression_workflow_feature_importance,/home/romakrut/PycharmProjects/masters-thesis/task_equivalents/llm_translations/gpt/base/r/machine_learning_workflows/02_regression_workflow_feature_importance.R,25,ok,1.770545800,30.951332236,17.481237840,,31.530000000,17.808067998
script_46,gpt,base,r,machine_learning_workflows,02_regression_workflow_feature_importance,/home/romakrut/PycharmProjects/masters-thesis/task_equivalents/llm_translations/gpt/base/r/machine_learning_workflows/02_regression_workflow_feature_importance.R,26,ok,1.799673927,30.421812286,16.904069026,,31.010000000,17.230899184
script_46,gpt,base,r,machine_learning_workflows,02_regression_workflow_feature_importance,/home/romakrut/PycharmProjects/masters-thesis/task_equivalents/llm_translations/gpt/base/r/machine_learning_workflows/02_regression_workflow_feature_importance.R,27,ok,1.768732832,30.371924769,17.171572902,,30.950000000,17.498403060
script_46,gpt,base,r,machine_learning_workflows,02_regression_workflow_feature_importance,/home/romakrut/PycharmProjects/masters-thesis/task_equivalents/llm_translations/gpt/base/r/machine_learning_workflows/02_regression_workflow_feature_importance.R,28,ok,1.762768667,30.533874038,17.321543439,,31.110000000,17.648373597
script_46,gpt,base,r,machine_learning_workflows,02_regression_workflow_feature_importance,/home/romakrut/PycharmProjects/masters-thesis/task_equivalents/llm_translations/gpt/base/r/machine_learning_workflows/02_regression_workflow_feature_importance.R,29,ok,1.786505637,30.336116080,16.980699894,,30.920000000,17.307530052
script_46,gpt,base,r,machine_learning_workflows,02_regression_workflow_feature_importance,/home/romakrut/PycharmProjects/masters-thesis/task_equivalents/llm_translations/gpt/base/r/machine_learning_workflows/02_regression_workflow_feature_importance.R,30,ok,1.792144080,30.854273267,17.216402192,,31.440000000,17.543232350
script_104,starcoder,base,python,statistical_modelling_analysis,02_logistic_regression_odds_ratios,/home/romakrut/PycharmProjects/masters-thesis/task_equivalents/llm_translations/starcoder/base/python/statistical_modelling_analysis/02_logistic_regression_odds_ratios.py,1,ok,0.633184793,10.033056114,15.845383883,,10.240000000,16.172214041
script_104,starcoder,base,python,statistical_modelling_analysis,02_logistic_regression_odds_ratios,/home/romakrut/PycharmProjects/masters-thesis/task_equivalents/llm_translations/starcoder/base/python/statistical_modelling_analysis/02_logistic_regression_odds_ratios.py,2,ok,0.629849742,10.174146109,16.153290906,,10.380000000,16.480121064
script_104,starcoder,base,python,statistical_modelling_analysis,02_logistic_regression_odds_ratios,/home/romakrut/PycharmProjects/masters-thesis/task_equivalents/llm_translations/starcoder/base/python/statistical_modelling_analysis/02_logistic_regression_odds_ratios.py,3,ok,0.630143719,10.114050029,16.050386164,,10.320000000,16.377216322
script_104,starcoder,base,python,statistical_modelling_analysis,02_logistic_regression_odds_ratios,/home/romakrut/PycharmProjects/masters-thesis/task_equivalents/llm_translations/starcoder/base/python/statistical_modelling_analysis/02_logistic_regression_odds_ratios.py,4,ok,0.633869401,10.252832364,16.174991800,,10.460000000,16.501821958
script_104,starcoder,base,python,statistical_modelling_analysis,02_logistic_regression_odds_ratios,/home/romakrut/PycharmProjects/masters-thesis/task_equivalents/llm_translations/starcoder/base/python/statistical_modelling_analysis/02_logistic_regression_odds_ratios.py,5,ok,0.633380784,10.012992058,15.808803032,,10.220000000,16.135633190
script_104,starcoder,base,python,statistical_modelling_analysis,02_logistic_regression_odds_ratios,/home/romakrut/PycharmProjects/masters-thesis/task_equivalents/llm_translations/starcoder/base/python/statistical_modelling_analysis/02_logistic_regression_odds_ratios.py,6,ok,0.631230541,10.263694823,16.259819758,,10.470000000,16.586649916
script_104,starcoder,base,python,statistical_modelling_analysis,02_logistic_regression_odds_ratios,/home/romakrut/PycharmProjects/masters-thesis/task_equivalents/llm_translations/starcoder/base/python/statistical_modelling_analysis/02_logistic_regression_odds_ratios.py,7,ok,0.631016042,10.233764927,16.217915625,,10.440000000,16.544745783
script_104,starcoder,base,python,statistical_modelling_analysis,02_logistic_regression_odds_ratios,/home/romakrut/PycharmProjects/masters-thesis/task_equivalents/llm_translations/starcoder/base/python/statistical_modelling_analysis/02_logistic_regression_odds_ratios.py,8,ok,0.629579118,10.004234557,15.890353208,,10.210000000,16.217183366
script_104,starcoder,base,python,statistical_modelling_analysis,02_logistic_regression_odds_ratios,/home/romakrut/PycharmProjects/masters-thesis/task_equivalents/llm_translations/starcoder/base/python/statistical_modelling_analysis/02_logistic_regression_odds_ratios.py,9,ok,0.630132258,10.354053775,16.431556460,,10.560000000,16.758386618
script_104,starcoder,base,python,statistical_modelling_analysis,02_logistic_regression_odds_ratios,/home/romakrut/PycharmProjects/masters-thesis/task_equivalents/llm_translations/starcoder/base/python/statistical_modelling_analysis/02_logistic_regression_odds_ratios.py,10,ok,0.633489992,10.222956366,16.137518343,,10.430000000,16.464348501
script_104,starcoder,base,python,statistical_modelling_analysis,02_logistic_regression_odds_ratios,/home/romakrut/PycharmProjects/masters-thesis/task_equivalents/llm_translations/starcoder/base/python/statistical_modelling_analysis/02_logistic_regression_odds_ratios.py,11,ok,0.628868989,10.274466649,16.338008120,,10.480000000,16.664838278
script_104,starcoder,base,python,statistical_modelling_analysis,02_logistic_regression_odds_ratios,/home/romakrut/PycharmProjects/masters-thesis/task_equivalents/llm_translations/starcoder/base/python/statistical_modelling_analysis/02_logistic_regression_odds_ratios.py,12,ok,0.633542498,10.252939205,16.183506612,,10.460000000,16.510336770
script_104,starcoder,base,python,statistical_modelling_analysis,02_logistic_regression_odds_ratios,/home/romakrut/PycharmProjects/masters-thesis/task_equivalents/llm_translations/starcoder/base/python/statistical_modelling_analysis/02_logistic_regression_odds_ratios.py,13,ok,0.628912988,10.284452269,16.352742693,,10.490000000,16.679572851
script_104,starcoder,base,python,statistical_modelling_analysis,02_logistic_regression_odds_ratios,/home/romakrut/PycharmProjects/masters-thesis/task_equivalents/llm_translations/starcoder/base/python/statistical_modelling_analysis/02_logistic_regression_odds_ratios.py,14,ok,0.633386143,10.092990307,15.934971768,,10.300000000,16.261801926
script_104,starcoder,base,python,statistical_modelling_analysis,02_logistic_regression_odds_ratios,/home/romakrut/PycharmProjects/masters-thesis/task_equivalents/llm_translations/starcoder/base/python/statistical_modelling_analysis/02_logistic_regression_odds_ratios.py,15,ok,0.634578500,10.312600609,16.251103069,,10.520000000,16.577933227
script_104,starcoder,base,python,statistical_modelling_analysis,02_logistic_regression_odds_ratios,/home/romakrut/PycharmProjects/masters-thesis/task_equivalents/llm_translations/starcoder/base/python/statistical_modelling_analysis/02_logistic_regression_odds_ratios.py,16,ok,0.630031156,10.114086818,16.053312160,,10.320000000,16.380142318
script_104,starcoder,base,python,statistical_modelling_analysis,02_logistic_regression_odds_ratios,/home/romakrut/PycharmProjects/masters-thesis/task_equivalents/llm_translations/starcoder/base/python/statistical_modelling_analysis/02_logistic_regression_odds_ratios.py,17,ok,0.635977792,10.362143278,16.293247041,,10.570000000,16.620077199
script_104,starcoder,base,python,statistical_modelling_analysis,02_logistic_regression_odds_ratios,/home/romakrut/PycharmProjects/masters-thesis/task_equivalents/llm_translations/starcoder/base/python/statistical_modelling_analysis/02_logistic_regression_odds_ratios.py,18,ok,0.634749835,10.192544611,16.057577409,,10.400000000,16.384407567
script_104,starcoder,base,python,statistical_modelling_analysis,02_logistic_regression_odds_ratios,/home/romakrut/PycharmProjects/masters-thesis/task_equivalents/llm_translations/starcoder/base/python/statistical_modelling_analysis/02_logistic_regression_odds_ratios.py,19,ok,0.633139454,10.373070932,16.383548469,,10.580000000,16.710378627
script_104,starcoder,base,python,statistical_modelling_analysis,02_logistic_regression_odds_ratios,/home/romakrut/PycharmProjects/masters-thesis/task_equivalents/llm_translations/starcoder/base/python/statistical_modelling_analysis/02_logistic_regression_odds_ratios.py,20,ok,0.633849034,10.222839020,16.128192159,,10.430000000,16.455022317
script_104,starcoder,base,python,statistical_modelling_analysis,02_logistic_regression_odds_ratios,/home/romakrut/PycharmProjects/masters-thesis/task_equivalents/llm_translations/starcoder/base/python/statistical_modelling_analysis/02_logistic_regression_odds_ratios.py,21,ok,0.630875602,10.233810827,16.221598672,,10.440000000,16.548428830
script_104,starcoder,base,python,statistical_modelling_analysis,02_logistic_regression_odds_ratios,/home/romakrut/PycharmProjects/masters-thesis/task_equivalents/llm_translations/starcoder/base/python/statistical_modelling_analysis/02_logistic_regression_odds_ratios.py,22,ok,0.633748771,10.262871789,16.193911939,,10.470000000,16.520742097
script_104,starcoder,base,python,statistical_modelling_analysis,02_logistic_regression_odds_ratios,/home/romakrut/PycharmProjects/masters-thesis/task_equivalents/llm_translations/starcoder/base/python/statistical_modelling_analysis/02_logistic_regression_odds_ratios.py,23,ok,0.631560154,10.443587095,16.536171620,,10.650000000,16.863001778
script_104,starcoder,base,python,statistical_modelling_analysis,02_logistic_regression_odds_ratios,/home/romakrut/PycharmProjects/masters-thesis/task_equivalents/llm_translations/starcoder/base/python/statistical_modelling_analysis/02_logistic_regression_odds_ratios.py,24,ok,0.635469587,10.432309374,16.416693399,,10.640000000,16.743523557
script_104,starcoder,base,python,statistical_modelling_analysis,02_logistic_regression_odds_ratios,/home/romakrut/PycharmProjects/masters-thesis/task_equivalents/llm_translations/starcoder/base/python/statistical_modelling_analysis/02_logistic_regression_odds_ratios.py,25,ok,0.630046108,10.254081931,16.275129393,,10.460000000,16.601959551
script_104,starcoder,base,python,statistical_modelling_analysis,02_logistic_regression_odds_ratios,/home/romakrut/PycharmProjects/masters-thesis/task_equivalents/llm_translations/starcoder/base/python/statistical_modelling_analysis/02_logistic_regression_odds_ratios.py,26,ok,0.634800780,10.362527961,16.324063056,,10.570000000,16.650893214
script_104,starcoder,base,python,statistical_modelling_analysis,02_logistic_regression_odds_ratios,/home/romakrut/PycharmProjects/masters-thesis/task_equivalents/llm_translations/starcoder/base/python/statistical_modelling_analysis/02_logistic_regression_odds_ratios.py,27,ok,0.634446707,10.232643683,16.128452665,,10.440000000,16.455282823
script_104,starcoder,base,python,statistical_modelling_analysis,02_logistic_regression_odds_ratios,/home/romakrut/PycharmProjects/masters-thesis/task_equivalents/llm_translations/starcoder/base/python/statistical_modelling_analysis/02_logistic_regression_odds_ratios.py,28,ok,0.636851420,10.201857750,16.019211749,,10.410000000,16.346041907
script_104,starcoder,base,python,statistical_modelling_analysis,02_logistic_regression_odds_ratios,/home/romakrut/PycharmProjects/masters-thesis/task_equivalents/llm_translations/starcoder/base/python/statistical_modelling_analysis/02_logistic_regression_odds_ratios.py,29,ok,0.631043297,10.353756020,16.407362330,,10.560000000,16.734192488
script_104,starcoder,base,python,statistical_modelling_analysis,02_logistic_regression_odds_ratios,/home/romakrut/PycharmProjects/masters-thesis/task_equivalents/llm_translations/starcoder/base/python/statistical_modelling_analysis/02_logistic_regression_odds_ratios.py,30,ok,0.630934277,10.473791651,16.600447990,,10.680000000,16.927278148
script_23,gemini,optimized,python,statistical_modelling_analysis,01_linear_regression_inference,/home/romakrut/PycharmProjects/masters-thesis/task_equivalents/llm_translations/gemini/optimized/python/statistical_modelling_analysis/01_linear_regression_inference.py,1,ok,0.580840357,9.210163854,15.856618335,,9.400000000,16.183448493
script_23,gemini,optimized,python,statistical_modelling_analysis,01_linear_regression_inference,/home/romakrut/PycharmProjects/masters-thesis/task_equivalents/llm_translations/gemini/optimized/python/statistical_modelling_analysis/01_linear_regression_inference.py,2,ok,0.582328583,9.309677457,15.986983516,,9.500000000,16.313813674
script_23,gemini,optimized,python,statistical_modelling_analysis,01_linear_regression_inference,/home/romakrut/PycharmProjects/masters-thesis/task_equivalents/llm_translations/gemini/optimized/python/statistical_modelling_analysis/01_linear_regression_inference.py,3,ok,0.580015809,9.220433342,15.896865565,,9.410000000,16.223695723
script_23,gemini,optimized,python,statistical_modelling_analysis,01_linear_regression_inference,/home/romakrut/PycharmProjects/masters-thesis/task_equivalents/llm_translations/gemini/optimized/python/statistical_modelling_analysis/01_linear_regression_inference.py,4,ok,0.580573934,9.310250929,16.036288204,,9.500000000,16.363118362
script_23,gemini,optimized,python,statistical_modelling_analysis,01_linear_regression_inference,/home/romakrut/PycharmProjects/masters-thesis/task_equivalents/llm_translations/gemini/optimized/python/statistical_modelling_analysis/01_linear_regression_inference.py,5,ok,0.577343157,9.481306845,16.422307478,,9.670000000,16.749137636
script_23,gemini,optimized,python,statistical_modelling_analysis,01_linear_regression_inference,/home/romakrut/PycharmProjects/masters-thesis/task_equivalents/llm_translations/gemini/optimized/python/statistical_modelling_analysis/01_linear_regression_inference.py,6,ok,0.580621455,9.170235398,15.793828008,,9.360000000,16.120658166
script_23,gemini,optimized,python,statistical_modelling_analysis,01_linear_regression_inference,/home/romakrut/PycharmProjects/masters-thesis/task_equivalents/llm_translations/gemini/optimized/python/statistical_modelling_analysis/01_linear_regression_inference.py,7,ok,0.580569070,9.420252519,16.225894568,,9.610000000,16.552724726
script_23,gemini,optimized,python,statistical_modelling_analysis,01_linear_regression_inference,/home/romakrut/PycharmProjects/masters-thesis/task_equivalents/llm_translations/gemini/optimized/python/statistical_modelling_analysis/01_linear_regression_inference.py,8,ok,0.578576667,9.300903697,16.075490470,,9.490000000,16.402320628
script_23,gemini,optimized,python,statistical_modelling_analysis,01_linear_regression_inference,/home/romakrut/PycharmProjects/masters-thesis/task_equivalents/llm_translations/gemini/optimized/python/statistical_modelling_analysis/01_linear_regression_inference.py,9,ok,0.576413026,9.491610840,16.466683457,,9.680000000,16.793513615
script_23,gemini,optimized,python,statistical_modelling_analysis,01_linear_regression_inference,/home/romakrut/PycharmProjects/masters-thesis/task_equivalents/llm_translations/gemini/optimized/python/statistical_modelling_analysis/01_linear_regression_inference.py,10,ok,0.577823391,9.211149890,15.941116323,,9.400000000,16.267946481
script_23,gemini,optimized,python,statistical_modelling_analysis,01_linear_regression_inference,/home/romakrut/PycharmProjects/masters-thesis/task_equivalents/llm_translations/gemini/optimized/python/statistical_modelling_analysis/01_linear_regression_inference.py,11,ok,0.581062182,9.610091355,16.538834660,,9.800000000,16.865664818
script_23,gemini,optimized,python,statistical_modelling_analysis,01_linear_regression_inference,/home/romakrut/PycharmProjects/masters-thesis/task_equivalents/llm_translations/gemini/optimized/python/statistical_modelling_analysis/01_linear_regression_inference.py,12,ok,0.578417991,9.380955557,16.218298363,,9.570000000,16.545128521
script_23,gemini,optimized,python,statistical_modelling_analysis,01_linear_regression_inference,/home/romakrut/PycharmProjects/masters-thesis/task_equivalents/llm_translations/gemini/optimized/python/statistical_modelling_analysis/01_linear_regression_inference.py,13,ok,0.577762393,9.231169826,15.977450138,,9.420000000,16.304280296
script_23,gemini,optimized,python,statistical_modelling_analysis,01_linear_regression_inference,/home/romakrut/PycharmProjects/masters-thesis/task_equivalents/llm_translations/gemini/optimized/python/statistical_modelling_analysis/01_linear_regression_inference.py,14,ok,0.580885482,9.420149106,16.216878194,,9.610000000,16.543708352
script_23,gemini,optimized,python,statistical_modelling_analysis,01_linear_regression_inference,/home/romakrut/PycharmProjects/masters-thesis/task_equivalents/llm_translations/gemini/optimized/python/statistical_modelling_analysis/01_linear_regression_inference.py,15,ok,0.577105876,9.341384395,16.186604198,,9.530000000,16.513434356
script_23,gemini,optimized,python,statistical_modelling_analysis,01_linear_regression_inference,/home/romakrut/PycharmProjects/masters-thesis/task_equivalents/llm_translations/gemini/optimized/python/statistical_modelling_analysis/01_linear_regression_inference.py,16,ok,0.578748212,9.470847630,16.364366116,,9.660000000,16.691196274
script_23,gemini,optimized,python,statistical_modelling_analysis,01_linear_regression_inference,/home/romakrut/PycharmProjects/masters-thesis/task_equivalents/llm_translations/gemini/optimized/python/statistical_modelling_analysis/01_linear_regression_inference.py,17,ok,0.581944078,9.479803125,16.289886749,,9.670000000,16.616716907
script_23,gemini,optimized,python,statistical_modelling_analysis,01_linear_regression_inference,/home/romakrut/PycharmProjects/masters-thesis/task_equivalents/llm_translations/gemini/optimized/python/statistical_modelling_analysis/01_linear_regression_inference.py,18,ok,0.577966719,9.541103046,16.508049222,,9.730000000,16.834879380
script_23,gemini,optimized,python,statistical_modelling_analysis,01_linear_regression_inference,/home/romakrut/PycharmProjects/masters-thesis/task_equivalents/llm_translations/gemini/optimized/python/statistical_modelling_analysis/01_linear_regression_inference.py,19,ok,0.577464733,9.301267110,16.107073867,,9.490000000,16.433904025
script_23,gemini,optimized,python,statistical_modelling_analysis,01_linear_regression_inference,/home/romakrut/PycharmProjects/masters-thesis/task_equivalents/llm_translations/gemini/optimized/python/statistical_modelling_analysis/01_linear_regression_inference.py,20,ok,0.577664727,9.291201746,16.084073186,,9.480000000,16.410903344
script_23,gemini,optimized,python,statistical_modelling_analysis,01_linear_regression_inference,/home/romakrut/PycharmProjects/masters-thesis/task_equivalents/llm_translations/gemini/optimized/python/statistical_modelling_analysis/01_linear_regression_inference.py,21,ok,0.576685716,9.521521716,16.510763926,,9.710000000,16.837594084
script_23,gemini,optimized,python,statistical_modelling_analysis,01_linear_regression_inference,/home/romakrut/PycharmProjects/masters-thesis/task_equivalents/llm_translations/gemini/optimized/python/statistical_modelling_analysis/01_linear_regression_inference.py,22,ok,0.581364244,9.539992632,16.409665250,,9.730000000,16.736495408
script_23,gemini,optimized,python,statistical_modelling_analysis,01_linear_regression_inference,/home/romakrut/PycharmProjects/masters-thesis/task_equivalents/llm_translations/gemini/optimized/python/statistical_modelling_analysis/01_linear_regression_inference.py,23,ok,0.578989678,9.560768712,16.512848286,,9.750000000,16.839678444
script_23,gemini,optimized,python,statistical_modelling_analysis,01_linear_regression_inference,/home/romakrut/PycharmProjects/masters-thesis/task_equivalents/llm_translations/gemini/optimized/python/statistical_modelling_analysis/01_linear_regression_inference.py,24,ok,0.579409619,9.460631463,16.328053854,,9.650000000,16.654884012
script_23,gemini,optimized,python,statistical_modelling_analysis,01_linear_regression_inference,/home/romakrut/PycharmProjects/masters-thesis/task_equivalents/llm_translations/gemini/optimized/python/statistical_modelling_analysis/01_linear_regression_inference.py,25,ok,0.578308328,9.450991398,16.342478467,,9.640000000,16.669308625
script_23,gemini,optimized,python,statistical_modelling_analysis,01_linear_regression_inference,/home/romakrut/PycharmProjects/masters-thesis/task_equivalents/llm_translations/gemini/optimized/python/statistical_modelling_analysis/01_linear_regression_inference.py,26,ok,0.579971813,9.510447721,16.398120577,,9.700000000,16.724950735
script_23,gemini,optimized,python,statistical_modelling_analysis,01_linear_regression_inference,/home/romakrut/PycharmProjects/masters-thesis/task_equivalents/llm_translations/gemini/optimized/python/statistical_modelling_analysis/01_linear_regression_inference.py,27,ok,0.581439294,9.639968104,16.579491966,,9.830000000,16.906322124
script_23,gemini,optimized,python,statistical_modelling_analysis,01_linear_regression_inference,/home/romakrut/PycharmProjects/masters-thesis/task_equivalents/llm_translations/gemini/optimized/python/statistical_modelling_analysis/01_linear_regression_inference.py,28,ok,0.581081647,9.530084994,16.400595412,,9.720000000,16.727425570
script_23,gemini,optimized,python,statistical_modelling_analysis,01_linear_regression_inference,/home/romakrut/PycharmProjects/masters-thesis/task_equivalents/llm_translations/gemini/optimized/python/statistical_modelling_analysis/01_linear_regression_inference.py,29,ok,0.579297585,9.550668079,16.486635412,,9.740000000,16.813465570
script_23,gemini,optimized,python,statistical_modelling_analysis,01_linear_regression_inference,/home/romakrut/PycharmProjects/masters-thesis/task_equivalents/llm_translations/gemini/optimized/python/statistical_modelling_analysis/01_linear_regression_inference.py,30,ok,0.575959226,9.671759155,16.792437240,,9.860000000,17.119267398
script_82,llama,optimized,python,data_manipulation_preprocessing,02_merge_aggregate_reshape,/home/romakrut/PycharmProjects/masters-thesis/task_equivalents/llm_translations/llama/optimized/python/data_manipulation_preprocessing/02_merge_aggregate_reshape.py,1,ok,0.171251672,2.854029789,16.665704665,,2.910000000,16.992534823
script_82,llama,optimized,python,data_manipulation_preprocessing,02_merge_aggregate_reshape,/home/romakrut/PycharmProjects/masters-thesis/task_equivalents/llm_translations/llama/optimized/python/data_manipulation_preprocessing/02_merge_aggregate_reshape.py,2,ok,0.171771176,2.723859999,15.857491710,,2.780000000,16.184321868
script_82,llama,optimized,python,data_manipulation_preprocessing,02_merge_aggregate_reshape,/home/romakrut/PycharmProjects/masters-thesis/task_equivalents/llm_translations/llama/optimized/python/data_manipulation_preprocessing/02_merge_aggregate_reshape.py,3,ok,0.173183573,2.743398385,15.840985019,,2.800000000,16.167815177
script_82,llama,optimized,python,data_manipulation_preprocessing,02_merge_aggregate_reshape,/home/romakrut/PycharmProjects/masters-thesis/task_equivalents/llm_translations/llama/optimized/python/data_manipulation_preprocessing/02_merge_aggregate_reshape.py,4,ok,0.172230986,2.823709720,16.394899578,,2.880000000,16.721729736
script_82,llama,optimized,python,data_manipulation_preprocessing,02_merge_aggregate_reshape,/home/romakrut/PycharmProjects/masters-thesis/task_equivalents/llm_translations/llama/optimized/python/data_manipulation_preprocessing/02_merge_aggregate_reshape.py,5,ok,0.172342992,2.763673113,16.035889134,,2.820000000,16.362719292
script_82,llama,optimized,python,data_manipulation_preprocessing,02_merge_aggregate_reshape,/home/romakrut/PycharmProjects/masters-thesis/task_equivalents/llm_translations/llama/optimized/python/data_manipulation_preprocessing/02_merge_aggregate_reshape.py,6,ok,0.172773468,2.743532420,15.879361871,,2.800000000,16.206192029
script_82,llama,optimized,python,data_manipulation_preprocessing,02_merge_aggregate_reshape,/home/romakrut/PycharmProjects/masters-thesis/task_equivalents/llm_translations/llama/optimized/python/data_manipulation_preprocessing/02_merge_aggregate_reshape.py,7,ok,0.173832081,2.863186434,16.470989803,,2.920000000,16.797819961
script_82,llama,optimized,python,data_manipulation_preprocessing,02_merge_aggregate_reshape,/home/romakrut/PycharmProjects/masters-thesis/task_equivalents/llm_translations/llama/optimized/python/data_manipulation_preprocessing/02_merge_aggregate_reshape.py,8,ok,0.173311239,2.753356660,15.886775008,,2.810000000,16.213605166
script_82,llama,optimized,python,data_manipulation_preprocessing,02_merge_aggregate_reshape,/home/romakrut/PycharmProjects/masters-thesis/task_equivalents/llm_translations/llama/optimized/python/data_manipulation_preprocessing/02_merge_aggregate_reshape.py,9,ok,0.172601074,2.733588764,15.837611553,,2.790000000,16.164441711
script_82,llama,optimized,python,data_manipulation_preprocessing,02_merge_aggregate_reshape,/home/romakrut/PycharmProjects/masters-thesis/task_equivalents/llm_translations/llama/optimized/python/data_manipulation_preprocessing/02_merge_aggregate_reshape.py,10,ok,0.173215559,2.793387931,16.126657141,,2.850000000,16.453487299
script_82,llama,optimized,python,data_manipulation_preprocessing,02_merge_aggregate_reshape,/home/romakrut/PycharmProjects/masters-thesis/task_equivalents/llm_translations/llama/optimized/python/data_manipulation_preprocessing/02_merge_aggregate_reshape.py,11,ok,0.173916740,2.763158764,15.887825200,,2.820000000,16.214655358
script_82,llama,optimized,python,data_manipulation_preprocessing,02_merge_aggregate_reshape,/home/romakrut/PycharmProjects/masters-thesis/task_equivalents/llm_translations/llama/optimized/python/data_manipulation_preprocessing/02_merge_aggregate_reshape.py,12,ok,0.173832133,2.783186417,16.010770670,,2.840000000,16.337600828
script_82,llama,optimized,python,data_manipulation_preprocessing,02_merge_aggregate_reshape,/home/romakrut/PycharmProjects/masters-thesis/task_equivalents/llm_translations/llama/optimized/python/data_manipulation_preprocessing/02_merge_aggregate_reshape.py,13,ok,0.174215313,2.853061182,16.376638383,,2.910000000,16.703468541
script_82,llama,optimized,python,data_manipulation_preprocessing,02_merge_aggregate_reshape,/home/romakrut/PycharmProjects/masters-thesis/task_equivalents/llm_translations/llama/optimized/python/data_manipulation_preprocessing/02_merge_aggregate_reshape.py,14,ok,0.172857353,2.783505004,16.102901934,,2.840000000,16.429732092
script_82,llama,optimized,python,data_manipulation_preprocessing,02_merge_aggregate_reshape,/home/romakrut/PycharmProjects/masters-thesis/task_equivalents/llm_translations/llama/optimized/python/data_manipulation_preprocessing/02_merge_aggregate_reshape.py,15,ok,0.174418868,2.812994654,16.127811664,,2.870000000,16.454641822
script_82,llama,optimized,python,data_manipulation_preprocessing,02_merge_aggregate_reshape,/home/romakrut/PycharmProjects/masters-thesis/task_equivalents/llm_translations/llama/optimized/python/data_manipulation_preprocessing/02_merge_aggregate_reshape.py,16,ok,0.173859846,2.743177359,15.778096105,,2.800000000,16.104926263
script_82,llama,optimized,python,data_manipulation_preprocessing,02_merge_aggregate_reshape,/home/romakrut/PycharmProjects/masters-thesis/task_equivalents/llm_translations/llama/optimized/python/data_manipulation_preprocessing/02_merge_aggregate_reshape.py,17,ok,0.174005030,2.863129909,16.454293928,,2.920000000,16.781124086
script_82,llama,optimized,python,data_manipulation_preprocessing,02_merge_aggregate_reshape,/home/romakrut/PycharmProjects/masters-thesis/task_equivalents/llm_translations/llama/optimized/python/data_manipulation_preprocessing/02_merge_aggregate_reshape.py,18,ok,0.173662069,2.793241999,16.084352874,,2.850000000,16.411183032
script_82,llama,optimized,python,data_manipulation_preprocessing,02_merge_aggregate_reshape,/home/romakrut/PycharmProjects/masters-thesis/task_equivalents/llm_translations/llama/optimized/python/data_manipulation_preprocessing/02_merge_aggregate_reshape.py,19,ok,0.172662479,2.813568695,16.295194596,,2.870000000,16.622024754
script_82,llama,optimized,python,data_manipulation_preprocessing,02_merge_aggregate_reshape,/home/romakrut/PycharmProjects/masters-thesis/task_equivalents/llm_translations/llama/optimized/python/data_manipulation_preprocessing/02_merge_aggregate_reshape.py,20,ok,0.174045105,2.823116811,16.220604485,,2.880000000,16.547434643
script_82,llama,optimized,python,data_manipulation_preprocessing,02_merge_aggregate_reshape,/home/romakrut/PycharmProjects/masters-thesis/task_equivalents/llm_translations/llama/optimized/python/data_manipulation_preprocessing/02_merge_aggregate_reshape.py,21,ok,0.172315834,2.723681989,15.806336107,,2.780000000,16.133166265
script_82,llama,optimized,python,data_manipulation_preprocessing,02_merge_aggregate_reshape,/home/romakrut/PycharmProjects/masters-thesis/task_equivalents/llm_translations/llama/optimized/python/data_manipulation_preprocessing/02_merge_aggregate_reshape.py,22,ok,0.173183611,2.743398373,15.840981472,,2.800000000,16.167811630
script_82,llama,optimized,python,data_manipulation_preprocessing,02_merge_aggregate_reshape,/home/romakrut/PycharmProjects/masters-thesis/task_equivalents/llm_translations/llama/optimized/python/data_manipulation_preprocessing/02_merge_aggregate_reshape.py,23,ok,0.173623717,2.813254533,16.203169600,,2.870000000,16.529999758
script_82,llama,optimized,python,data_manipulation_preprocessing,02_merge_aggregate_reshape,/home/romakrut/PycharmProjects/masters-thesis/task_equivalents/llm_translations/llama/optimized/python/data_manipulation_preprocessing/02_merge_aggregate_reshape.py,24,ok,0.173035878,2.773446657,16.028159528,,2.830000000,16.354989686
script_82,llama,optimized,python,data_manipulation_preprocessing,02_merge_aggregate_reshape,/home/romakrut/PycharmProjects/masters-thesis/task_equivalents/llm_translations/llama/optimized/python/data_manipulation_preprocessing/02_merge_aggregate_reshape.py,25,ok,0.173264559,2.793371917,16.122004020,,2.850000000,16.448834178
script_82,llama,optimized,python,data_manipulation_preprocessing,02_merge_aggregate_reshape,/home/romakrut/PycharmProjects/masters-thesis/task_equivalents/llm_translations/llama/optimized/python/data_manipulation_preprocessing/02_merge_aggregate_reshape.py,26,ok,0.173102153,2.783424996,16.079667108,,2.840000000,16.406497266
script_82,llama,optimized,python,data_manipulation_preprocessing,02_merge_aggregate_reshape,/home/romakrut/PycharmProjects/masters-thesis/task_equivalents/llm_translations/llama/optimized/python/data_manipulation_preprocessing/02_merge_aggregate_reshape.py,27,ok,0.173443671,2.713313378,15.643772770,,2.770000000,15.970602928
script_82,llama,optimized,python,data_manipulation_preprocessing,02_merge_aggregate_reshape,/home/romakrut/PycharmProjects/masters-thesis/task_equivalents/llm_translations/llama/optimized/python/data_manipulation_preprocessing/02_merge_aggregate_reshape.py,28,ok,0.173303669,2.793359134,16.118291959,,2.850000000,16.445122117
script_82,llama,optimized,python,data_manipulation_preprocessing,02_merge_aggregate_reshape,/home/romakrut/PycharmProjects/masters-thesis/task_equivalents/llm_translations/llama/optimized/python/data_manipulation_preprocessing/02_merge_aggregate_reshape.py,29,ok,0.173403866,2.773326387,15.993451882,,2.830000000,16.320282040
script_82,llama,optimized,python,data_manipulation_preprocessing,02_merge_aggregate_reshape,/home/romakrut/PycharmProjects/masters-thesis/task_equivalents/llm_translations/llama/optimized/python/data_manipulation_preprocessing/02_merge_aggregate_reshape.py,30,ok,0.174473173,2.802976905,16.065374734,,2.860000000,16.392204892
script_69,llama,base,python,machine_learning_workflows,01_pipeline_cv_gridsearch_classification,/home/romakrut/PycharmProjects/masters-thesis/task_equivalents/llm_translations/llama/base/python/machine_learning_workflows/01_pipeline_cv_gridsearch_classification.py,1,ok,2.275459506,35.836311210,15.749043706,,36.580000000,16.075873864
script_69,llama,base,python,machine_learning_workflows,01_pipeline_cv_gridsearch_classification,/home/romakrut/PycharmProjects/masters-thesis/task_equivalents/llm_translations/llama/base/python/machine_learning_workflows/01_pipeline_cv_gridsearch_classification.py,2,ok,2.274599112,35.006592413,15.390225129,,35.750000000,15.717055287
script_69,llama,base,python,machine_learning_workflows,01_pipeline_cv_gridsearch_classification,/home/romakrut/PycharmProjects/masters-thesis/task_equivalents/llm_translations/llama/base/python/machine_learning_workflows/01_pipeline_cv_gridsearch_classification.py,3,ok,2.281303799,35.794401119,15.690326354,,36.540000000,16.017156512
script_69,llama,base,python,machine_learning_workflows,01_pipeline_cv_gridsearch_classification,/home/romakrut/PycharmProjects/masters-thesis/task_equivalents/llm_translations/llama/base/python/machine_learning_workflows/01_pipeline_cv_gridsearch_classification.py,4,ok,2.309936111,36.905043216,15.976651060,,37.660000000,16.303481218
script_69,llama,base,python,machine_learning_workflows,01_pipeline_cv_gridsearch_classification,/home/romakrut/PycharmProjects/masters-thesis/task_equivalents/llm_translations/llama/base/python/machine_learning_workflows/01_pipeline_cv_gridsearch_classification.py,5,ok,2.280716811,36.034592964,15.799678763,,36.780000000,16.126508921
script_69,llama,base,python,machine_learning_workflows,01_pipeline_cv_gridsearch_classification,/home/romakrut/PycharmProjects/masters-thesis/task_equivalents/llm_translations/llama/base/python/machine_learning_workflows/01_pipeline_cv_gridsearch_classification.py,6,ok,2.278924191,36.525178847,16.027377739,,37.270000000,16.354207897
script_69,llama,base,python,machine_learning_workflows,01_pipeline_cv_gridsearch_classification,/home/romakrut/PycharmProjects/masters-thesis/task_equivalents/llm_translations/llama/base/python/machine_learning_workflows/01_pipeline_cv_gridsearch_classification.py,7,ok,2.280109089,36.794791586,16.137294379,,37.540000000,16.464124537
script_69,llama,base,python,machine_learning_workflows,01_pipeline_cv_gridsearch_classification,/home/romakrut/PycharmProjects/masters-thesis/task_equivalents/llm_translations/llama/base/python/machine_learning_workflows/01_pipeline_cv_gridsearch_classification.py,8,ok,2.283076085,36.733821882,16.089617917,,37.480000000,16.416448075
script_69,llama,base,python,machine_learning_workflows,01_pipeline_cv_gridsearch_classification,/home/romakrut/PycharmProjects/masters-thesis/task_equivalents/llm_translations/llama/base/python/machine_learning_workflows/01_pipeline_cv_gridsearch_classification.py,9,ok,2.289074885,36.921861294,16.129599576,,37.670000000,16.456429734
script_69,llama,base,python,machine_learning_workflows,01_pipeline_cv_gridsearch_classification,/home/romakrut/PycharmProjects/masters-thesis/task_equivalents/llm_translations/llama/base/python/machine_learning_workflows/01_pipeline_cv_gridsearch_classification.py,10,ok,2.282011782,36.864169729,16.154241630,,37.610000000,16.481071788
script_69,llama,base,python,machine_learning_workflows,01_pipeline_cv_gridsearch_classification,/home/romakrut/PycharmProjects/masters-thesis/task_equivalents/llm_translations/llama/base/python/machine_learning_workflows/01_pipeline_cv_gridsearch_classification.py,11,ok,2.282319475,37.364069165,16.371095096,,38.110000000,16.697925254
script_69,llama,base,python,machine_learning_workflows,01_pipeline_cv_gridsearch_classification,/home/romakrut/PycharmProjects/masters-thesis/task_equivalents/llm_translations/llama/base/python/machine_learning_workflows/01_pipeline_cv_gridsearch_classification.py,12,ok,2.277230204,37.275732493,16.368890781,,38.020000000,16.695720939
script_69,llama,base,python,machine_learning_workflows,01_pipeline_cv_gridsearch_classification,/home/romakrut/PycharmProjects/masters-thesis/task_equivalents/llm_translations/llama/base/python/machine_learning_workflows/01_pipeline_cv_gridsearch_classification.py,13,ok,2.268293857,37.528653160,16.544881539,,38.270000000,16.871711697
script_69,llama,base,python,machine_learning_workflows,01_pipeline_cv_gridsearch_classification,/home/romakrut/PycharmProjects/masters-thesis/task_equivalents/llm_translations/llama/base/python/machine_learning_workflows/01_pipeline_cv_gridsearch_classification.py,14,ok,2.289371665,37.291764297,16.289082663,,38.040000000,16.615912821
script_69,llama,base,python,machine_learning_workflows,01_pipeline_cv_gridsearch_classification,/home/romakrut/PycharmProjects/masters-thesis/task_equivalents/llm_translations/llama/base/python/machine_learning_workflows/01_pipeline_cv_gridsearch_classification.py,15,ok,2.277125562,37.635766693,16.527752058,,38.380000000,16.854582216
script_69,llama,base,python,machine_learning_workflows,01_pipeline_cv_gridsearch_classification,/home/romakrut/PycharmProjects/masters-thesis/task_equivalents/llm_translations/llama/base/python/machine_learning_workflows/01_pipeline_cv_gridsearch_classification.py,16,ok,2.292880159,37.160617615,16.206960259,,37.910000000,16.533790417
script_69,llama,base,python,machine_learning_workflows,01_pipeline_cv_gridsearch_classification,/home/romakrut/PycharmProjects/masters-thesis/task_equivalents/llm_translations/llama/base/python/machine_learning_workflows/01_pipeline_cv_gridsearch_classification.py,17,ok,2.277059968,37.225788131,16.348180836,,37.970000000,16.675010994
script_69,llama,base,python,machine_learning_workflows,01_pipeline_cv_gridsearch_classification,/home/romakrut/PycharmProjects/masters-thesis/task_equivalents/llm_translations/llama/base/python/machine_learning_workflows/01_pipeline_cv_gridsearch_classification.py,18,ok,2.283530559,36.323673347,15.906804139,,37.070000000,16.233634297
script_69,llama,base,python,machine_learning_workflows,01_pipeline_cv_gridsearch_classification,/home/romakrut/PycharmProjects/masters-thesis/task_equivalents/llm_translations/llama/base/python/machine_learning_workflows/01_pipeline_cv_gridsearch_classification.py,19,ok,2.280784828,36.774570734,16.123647563,,37.520000000,16.450477721
script_69,llama,base,python,machine_learning_workflows,01_pipeline_cv_gridsearch_classification,/home/romakrut/PycharmProjects/masters-thesis/task_equivalents/llm_translations/llama/base/python/machine_learning_workflows/01_pipeline_cv_gridsearch_classification.py,20,ok,2.284049677,37.263503683,16.314664282,,38.010000000,16.641494440
script_69,llama,base,python,machine_learning_workflows,01_pipeline_cv_gridsearch_classification,/home/romakrut/PycharmProjects/masters-thesis/task_equivalents/llm_translations/llama/base/python/machine_learning_workflows/01_pipeline_cv_gridsearch_classification.py,21,ok,2.284863491,37.333237704,16.339373381,,38.080000000,16.666203539
script_69,llama,base,python,machine_learning_workflows,01_pipeline_cv_gridsearch_classification,/home/romakrut/PycharmProjects/masters-thesis/task_equivalents/llm_translations/llama/base/python/machine_learning_workflows/01_pipeline_cv_gridsearch_classification.py,22,ok,2.288164561,37.522158815,16.398365509,,38.270000000,16.725195667
script_69,llama,base,python,machine_learning_workflows,01_pipeline_cv_gridsearch_classification,/home/romakrut/PycharmProjects/masters-thesis/task_equivalents/llm_translations/llama/base/python/machine_learning_workflows/01_pipeline_cv_gridsearch_classification.py,23,ok,2.282705282,37.323943072,16.350749861,,38.070000000,16.677580019
script_69,llama,base,python,machine_learning_workflows,01_pipeline_cv_gridsearch_classification,/home/romakrut/PycharmProjects/masters-thesis/task_equivalents/llm_translations/llama/base/python/machine_learning_workflows/01_pipeline_cv_gridsearch_classification.py,24,ok,2.278163571,37.075427440,16.274260511,,37.820000000,16.601090669
script_69,llama,base,python,machine_learning_workflows,01_pipeline_cv_gridsearch_classification,/home/romakrut/PycharmProjects/masters-thesis/task_equivalents/llm_translations/llama/base/python/machine_learning_workflows/01_pipeline_cv_gridsearch_classification.py,25,ok,2.281306141,36.764400353,16.115504926,,37.510000000,16.442335084
script_69,llama,base,python,machine_learning_workflows,01_pipeline_cv_gridsearch_classification,/home/romakrut/PycharmProjects/masters-thesis/task_equivalents/llm_translations/llama/base/python/machine_learning_workflows/01_pipeline_cv_gridsearch_classification.py,26,ok,2.284744736,37.493276517,16.410269351,,38.240000000,16.737099509
script_69,llama,base,python,machine_learning_workflows,01_pipeline_cv_gridsearch_classification,/home/romakrut/PycharmProjects/masters-thesis/task_equivalents/llm_translations/llama/base/python/machine_learning_workflows/01_pipeline_cv_gridsearch_classification.py,27,ok,2.284149356,37.793471105,16.545971920,,38.540000000,16.872802078
script_69,llama,base,python,machine_learning_workflows,01_pipeline_cv_gridsearch_classification,/home/romakrut/PycharmProjects/masters-thesis/task_equivalents/llm_translations/llama/base/python/machine_learning_workflows/01_pipeline_cv_gridsearch_classification.py,28,ok,2.272654133,37.057228091,16.305705102,,37.800000000,16.632535260
script_69,llama,base,python,machine_learning_workflows,01_pipeline_cv_gridsearch_classification,/home/romakrut/PycharmProjects/masters-thesis/task_equivalents/llm_translations/llama/base/python/machine_learning_workflows/01_pipeline_cv_gridsearch_classification.py,29,ok,2.297114185,37.639233808,16.385443115,,38.390000000,16.712273273
script_69,llama,base,python,machine_learning_workflows,01_pipeline_cv_gridsearch_classification,/home/romakrut/PycharmProjects/masters-thesis/task_equivalents/llm_translations/llama/base/python/machine_learning_workflows/01_pipeline_cv_gridsearch_classification.py,30,ok,2.310649886,37.184809933,16.092792836,,37.940000000,16.419622994
script_83,llama,optimized,python,data_visualization,01_scatter_trend_grouped,/home/romakrut/PycharmProjects/masters-thesis/task_equivalents/llm_translations/llama/optimized/python/data_visualization/01_scatter_trend_grouped.py,1,ok,0.826392104,13.229910138,16.009240739,,13.500000000,16.336070897
script_83,llama,optimized,python,data_visualization,01_scatter_trend_grouped,/home/romakrut/PycharmProjects/masters-thesis/task_equivalents/llm_translations/llama/optimized/python/data_visualization/01_scatter_trend_grouped.py,2,ok,0.828329259,13.259277017,16.007254209,,13.530000000,16.334084367
script_83,llama,optimized,python,data_visualization,01_scatter_trend_grouped,/home/romakrut/PycharmProjects/masters-thesis/task_equivalents/llm_translations/llama/optimized/python/data_visualization/01_scatter_trend_grouped.py,3,ok,0.826125926,13.329997133,16.135551147,,13.600000000,16.462381305
script_83,llama,optimized,python,data_visualization,01_scatter_trend_grouped,/home/romakrut/PycharmProjects/masters-thesis/task_equivalents/llm_translations/llama/optimized/python/data_visualization/01_scatter_trend_grouped.py,4,ok,0.829811180,13.418792681,16.170898880,,13.690000000,16.497729038
script_83,llama,optimized,python,data_visualization,01_scatter_trend_grouped,/home/romakrut/PycharmProjects/masters-thesis/task_equivalents/llm_translations/llama/optimized/python/data_visualization/01_scatter_trend_grouped.py,5,ok,0.828950863,13.439073858,16.212147738,,13.710000000,16.538977896
script_83,llama,optimized,python,data_visualization,01_scatter_trend_grouped,/home/romakrut/PycharmProjects/masters-thesis/task_equivalents/llm_translations/llama/optimized/python/data_visualization/01_scatter_trend_grouped.py,6,ok,0.828026124,13.339376091,16.109849320,,13.610000000,16.436679478
script_83,llama,optimized,python,data_visualization,01_scatter_trend_grouped,/home/romakrut/PycharmProjects/masters-thesis/task_equivalents/llm_translations/llama/optimized/python/data_visualization/01_scatter_trend_grouped.py,7,ok,0.831726066,13.568166838,16.313263938,,13.840000000,16.640094096
script_83,llama,optimized,python,data_visualization,01_scatter_trend_grouped,/home/romakrut/PycharmProjects/masters-thesis/task_equivalents/llm_translations/llama/optimized/python/data_visualization/01_scatter_trend_grouped.py,8,ok,0.831320480,13.658299396,16.429643831,,13.930000000,16.756473989
script_83,llama,optimized,python,data_visualization,01_scatter_trend_grouped,/home/romakrut/PycharmProjects/masters-thesis/task_equivalents/llm_translations/llama/optimized/python/data_visualization/01_scatter_trend_grouped.py,9,ok,0.820793057,13.291740075,16.193777423,,13.560000000,16.520607581
script_83,llama,optimized,python,data_visualization,01_scatter_trend_grouped,/home/romakrut/PycharmProjects/masters-thesis/task_equivalents/llm_translations/llama/optimized/python/data_visualization/01_scatter_trend_grouped.py,10,ok,0.825220185,13.240293157,16.044558043,,13.510000000,16.371388201
script_83,llama,optimized,python,data_visualization,01_scatter_trend_grouped,/home/romakrut/PycharmProjects/masters-thesis/task_equivalents/llm_translations/llama/optimized/python/data_visualization/01_scatter_trend_grouped.py,11,ok,0.830721078,13.358495299,16.080602326,,13.630000000,16.407432484
script_83,llama,optimized,python,data_visualization,01_scatter_trend_grouped,/home/romakrut/PycharmProjects/masters-thesis/task_equivalents/llm_translations/llama/optimized/python/data_visualization/01_scatter_trend_grouped.py,12,ok,0.829517776,13.398888574,16.152623804,,13.670000000,16.479453962
script_83,llama,optimized,python,data_visualization,01_scatter_trend_grouped,/home/romakrut/PycharmProjects/masters-thesis/task_equivalents/llm_translations/llama/optimized/python/data_visualization/01_scatter_trend_grouped.py,13,ok,0.828329022,13.349277095,16.115911359,,13.620000000,16.442741517
script_83,llama,optimized,python,data_visualization,01_scatter_trend_grouped,/home/romakrut/PycharmProjects/masters-thesis/task_equivalents/llm_translations/llama/optimized/python/data_visualization/01_scatter_trend_grouped.py,14,ok,0.827804568,13.429448502,16.222969794,,13.700000000,16.549799952
script_83,llama,optimized,python,data_visualization,01_scatter_trend_grouped,/home/romakrut/PycharmProjects/masters-thesis/task_equivalents/llm_translations/llama/optimized/python/data_visualization/01_scatter_trend_grouped.py,15,ok,0.820991964,13.591675067,16.555186485,,13.860000000,16.882016643
script_83,llama,optimized,python,data_visualization,01_scatter_trend_grouped,/home/romakrut/PycharmProjects/masters-thesis/task_equivalents/llm_translations/llama/optimized/python/data_visualization/01_scatter_trend_grouped.py,16,ok,0.832287674,13.477983288,16.193899909,,13.750000000,16.520730067
script_83,llama,optimized,python,data_visualization,01_scatter_trend_grouped,/home/romakrut/PycharmProjects/masters-thesis/task_equivalents/llm_translations/llama/optimized/python/data_visualization/01_scatter_trend_grouped.py,17,ok,0.827684340,13.579487796,16.406602300,,13.850000000,16.733432458
script_83,llama,optimized,python,data_visualization,01_scatter_trend_grouped,/home/romakrut/PycharmProjects/masters-thesis/task_equivalents/llm_translations/llama/optimized/python/data_visualization/01_scatter_trend_grouped.py,18,ok,0.828622025,13.799181333,16.653167447,,14.070000000,16.979997605
script_83,llama,optimized,python,data_visualization,01_scatter_trend_grouped,/home/romakrut/PycharmProjects/masters-thesis/task_equivalents/llm_translations/llama/optimized/python/data_visualization/01_scatter_trend_grouped.py,19,ok,0.832379957,13.657953127,16.408315712,,13.930000000,16.735145870
script_83,llama,optimized,python,data_visualization,01_scatter_trend_grouped,/home/romakrut/PycharmProjects/masters-thesis/task_equivalents/llm_translations/llama/optimized/python/data_visualization/01_scatter_trend_grouped.py,20,ok,0.826679711,13.439816139,16.257585569,,13.710000000,16.584415727
script_83,llama,optimized,python,data_visualization,01_scatter_trend_grouped,/home/romakrut/PycharmProjects/masters-thesis/task_equivalents/llm_translations/llama/optimized/python/data_visualization/01_scatter_trend_grouped.py,21,ok,0.827674792,13.319490917,16.092662294,,13.590000000,16.419492452
script_83,llama,optimized,python,data_visualization,01_scatter_trend_grouped,/home/romakrut/PycharmProjects/masters-thesis/task_equivalents/llm_translations/llama/optimized/python/data_visualization/01_scatter_trend_grouped.py,22,ok,0.823151165,13.420969375,16.304379979,,13.690000000,16.631210137
script_83,llama,optimized,python,data_visualization,01_scatter_trend_grouped,/home/romakrut/PycharmProjects/masters-thesis/task_equivalents/llm_translations/llama/optimized/python/data_visualization/01_scatter_trend_grouped.py,23,ok,0.820020609,13.671992535,16.672742593,,13.940000000,16.999572751
script_83,llama,optimized,python,data_visualization,01_scatter_trend_grouped,/home/romakrut/PycharmProjects/masters-thesis/task_equivalents/llm_translations/llama/optimized/python/data_visualization/01_scatter_trend_grouped.py,24,ok,0.824695169,13.710464748,16.624887914,,13.980000000,16.951718072
script_83,llama,optimized,python,data_visualization,01_scatter_trend_grouped,/home/romakrut/PycharmProjects/masters-thesis/task_equivalents/llm_translations/llama/optimized/python/data_visualization/01_scatter_trend_grouped.py,25,ok,0.831046992,13.708388780,16.495323264,,13.980000000,16.822153422
script_83,llama,optimized,python,data_visualization,01_scatter_trend_grouped,/home/romakrut/PycharmProjects/masters-thesis/task_equivalents/llm_translations/llama/optimized/python/data_visualization/01_scatter_trend_grouped.py,26,ok,0.822578007,13.411156700,16.303811415,,13.680000000,16.630641573
script_83,llama,optimized,python,data_visualization,01_scatter_trend_grouped,/home/romakrut/PycharmProjects/masters-thesis/task_equivalents/llm_translations/llama/optimized/python/data_visualization/01_scatter_trend_grouped.py,27,ok,0.833917741,13.627450533,16.341480536,,13.900000000,16.668310694
script_83,llama,optimized,python,data_visualization,01_scatter_trend_grouped,/home/romakrut/PycharmProjects/masters-thesis/task_equivalents/llm_translations/llama/optimized/python/data_visualization/01_scatter_trend_grouped.py,28,ok,0.829205523,13.408990628,16.170889190,,13.680000000,16.497719348
script_83,llama,optimized,python,data_visualization,01_scatter_trend_grouped,/home/romakrut/PycharmProjects/masters-thesis/task_equivalents/llm_translations/llama/optimized/python/data_visualization/01_scatter_trend_grouped.py,29,ok,0.826756056,13.479791188,16.304435982,,13.750000000,16.631266140
script_83,llama,optimized,python,data_visualization,01_scatter_trend_grouped,/home/romakrut/PycharmProjects/masters-thesis/task_equivalents/llm_translations/llama/optimized/python/data_visualization/01_scatter_trend_grouped.py,30,ok,0.827156680,13.689660252,16.550262583,,13.960000000,16.877092741
script_67,llama,base,python,data_visualization,01_scatter_trend_grouped,/home/romakrut/PycharmProjects/masters-thesis/task_equivalents/llm_translations/llama/base/python/data_visualization/01_scatter_trend_grouped.py,1,ok,0.816394213,13.333177750,16.331788661,,13.600000000,16.658618819
script_67,llama,base,python,data_visualization,01_scatter_trend_grouped,/home/romakrut/PycharmProjects/masters-thesis/task_equivalents/llm_translations/llama/base/python/data_visualization/01_scatter_trend_grouped.py,2,ok,0.829750578,13.188812487,15.894912082,,13.460000000,16.221742240
script_67,llama,base,python,data_visualization,01_scatter_trend_grouped,/home/romakrut/PycharmProjects/masters-thesis/task_equivalents/llm_translations/llama/base/python/data_visualization/01_scatter_trend_grouped.py,3,ok,0.825256415,13.310281315,16.128661436,,13.580000000,16.455491594
script_67,llama,base,python,data_visualization,01_scatter_trend_grouped,/home/romakrut/PycharmProjects/masters-thesis/task_equivalents/llm_translations/llama/base/python/data_visualization/01_scatter_trend_grouped.py,4,ok,0.827192250,13.299648626,16.078062417,,13.570000000,16.404892575
script_67,llama,base,python,data_visualization,01_scatter_trend_grouped,/home/romakrut/PycharmProjects/masters-thesis/task_equivalents/llm_translations/llama/base/python/data_visualization/01_scatter_trend_grouped.py,5,ok,0.827872761,13.369426215,16.149131660,,13.640000000,16.475961818
script_67,llama,base,python,data_visualization,01_scatter_trend_grouped,/home/romakrut/PycharmProjects/masters-thesis/task_equivalents/llm_translations/llama/base/python/data_visualization/01_scatter_trend_grouped.py,6,ok,0.824054604,13.190674104,16.007038902,,13.460000000,16.333869060
script_67,llama,base,python,data_visualization,01_scatter_trend_grouped,/home/romakrut/PycharmProjects/masters-thesis/task_equivalents/llm_translations/llama/base/python/data_visualization/01_scatter_trend_grouped.py,7,ok,0.827574156,13.479523808,16.287995112,,13.750000000,16.614825270
script_67,llama,base,python,data_visualization,01_scatter_trend_grouped,/home/romakrut/PycharmProjects/masters-thesis/task_equivalents/llm_translations/llama/base/python/data_visualization/01_scatter_trend_grouped.py,8,ok,0.829024105,13.469049921,16.246873691,,13.740000000,16.573703849
script_67,llama,base,python,data_visualization,01_scatter_trend_grouped,/home/romakrut/PycharmProjects/masters-thesis/task_equivalents/llm_translations/llama/base/python/data_visualization/01_scatter_trend_grouped.py,9,ok,0.829366682,13.338937956,16.083281672,,13.610000000,16.410111830
script_67,llama,base,python,data_visualization,01_scatter_trend_grouped,/home/romakrut/PycharmProjects/masters-thesis/task_equivalents/llm_translations/llama/base/python/data_visualization/01_scatter_trend_grouped.py,10,ok,0.830687343,13.238506324,15.936809963,,13.510000000,16.263640121
script_67,llama,base,python,data_visualization,01_scatter_trend_grouped,/home/romakrut/PycharmProjects/masters-thesis/task_equivalents/llm_translations/llama/base/python/data_visualization/01_scatter_trend_grouped.py,11,ok,0.823918472,13.490718596,16.373851363,,13.760000000,16.700681521
script_67,llama,base,python,data_visualization,01_scatter_trend_grouped,/home/romakrut/PycharmProjects/masters-thesis/task_equivalents/llm_translations/llama/base/python/data_visualization/01_scatter_trend_grouped.py,12,ok,0.825832556,13.380093015,16.201944230,,13.650000000,16.528774388
script_67,llama,base,python,data_visualization,01_scatter_trend_grouped,/home/romakrut/PycharmProjects/masters-thesis/task_equivalents/llm_translations/llama/base/python/data_visualization/01_scatter_trend_grouped.py,13,ok,0.828826395,13.479114538,16.262892470,,13.750000000,16.589722628
script_67,llama,base,python,data_visualization,01_scatter_trend_grouped,/home/romakrut/PycharmProjects/masters-thesis/task_equivalents/llm_translations/llama/base/python/data_visualization/01_scatter_trend_grouped.py,14,ok,0.826980308,13.229717895,15.997621427,,13.500000000,16.324451585
script_67,llama,base,python,data_visualization,01_scatter_trend_grouped,/home/romakrut/PycharmProjects/masters-thesis/task_equivalents/llm_translations/llama/base/python/data_visualization/01_scatter_trend_grouped.py,15,ok,0.827679851,13.549489264,16.370447157,,13.820000000,16.697277315
script_67,llama,base,python,data_visualization,01_scatter_trend_grouped,/home/romakrut/PycharmProjects/masters-thesis/task_equivalents/llm_translations/llama/base/python/data_visualization/01_scatter_trend_grouped.py,16,ok,0.825936311,13.660059105,16.538877058,,13.930000000,16.865707216
script_67,llama,base,python,data_visualization,01_scatter_trend_grouped,/home/romakrut/PycharmProjects/masters-thesis/task_equivalents/llm_translations/llama/base/python/data_visualization/01_scatter_trend_grouped.py,17,ok,0.828943530,13.429076255,16.200230497,,13.700000000,16.527060655
script_67,llama,base,python,data_visualization,01_scatter_trend_grouped,/home/romakrut/PycharmProjects/masters-thesis/task_equivalents/llm_translations/llama/base/python/data_visualization/01_scatter_trend_grouped.py,18,ok,0.824305164,13.440592213,16.305359714,,13.710000000,16.632189872
script_67,llama,base,python,data_visualization,01_scatter_trend_grouped,/home/romakrut/PycharmProjects/masters-thesis/task_equivalents/llm_translations/llama/base/python/data_visualization/01_scatter_trend_grouped.py,19,ok,0.828483874,13.469226485,16.257680937,,13.740000000,16.584511095
script_67,llama,base,python,data_visualization,01_scatter_trend_grouped,/home/romakrut/PycharmProjects/masters-thesis/task_equivalents/llm_translations/llama/base/python/data_visualization/01_scatter_trend_grouped.py,20,ok,0.828578745,13.469195478,16.255782035,,13.740000000,16.582612193
script_67,llama,base,python,data_visualization,01_scatter_trend_grouped,/home/romakrut/PycharmProjects/masters-thesis/task_equivalents/llm_translations/llama/base/python/data_visualization/01_scatter_trend_grouped.py,21,ok,0.829271748,13.818968984,16.663981399,,14.090000000,16.990811557
script_67,llama,base,python,data_visualization,01_scatter_trend_grouped,/home/romakrut/PycharmProjects/masters-thesis/task_equivalents/llm_translations/llama/base/python/data_visualization/01_scatter_trend_grouped.py,22,ok,0.823717185,13.640784382,16.560033748,,13.910000000,16.886863906
script_67,llama,base,python,data_visualization,01_scatter_trend_grouped,/home/romakrut/PycharmProjects/masters-thesis/task_equivalents/llm_translations/llama/base/python/data_visualization/01_scatter_trend_grouped.py,23,ok,0.828243268,13.559305122,16.371162490,,13.830000000,16.697992648
script_67,llama,base,python,data_visualization,01_scatter_trend_grouped,/home/romakrut/PycharmProjects/masters-thesis/task_equivalents/llm_translations/llama/base/python/data_visualization/01_scatter_trend_grouped.py,24,ok,0.827417625,13.649574967,16.496596827,,13.920000000,16.823426985
script_67,llama,base,python,data_visualization,01_scatter_trend_grouped,/home/romakrut/PycharmProjects/masters-thesis/task_equivalents/llm_translations/llama/base/python/data_visualization/01_scatter_trend_grouped.py,25,ok,0.827231920,13.829635661,16.717966663,,14.100000000,17.044796821
script_67,llama,base,python,data_visualization,01_scatter_trend_grouped,/home/romakrut/PycharmProjects/masters-thesis/task_equivalents/llm_translations/llama/base/python/data_visualization/01_scatter_trend_grouped.py,26,ok,0.825341653,13.600253457,16.478331619,,13.870000000,16.805161777
script_67,llama,base,python,data_visualization,01_scatter_trend_grouped,/home/romakrut/PycharmProjects/masters-thesis/task_equivalents/llm_translations/llama/base/python/data_visualization/01_scatter_trend_grouped.py,27,ok,0.823799556,13.640757461,16.558345245,,13.910000000,16.885175403
script_67,llama,base,python,data_visualization,01_scatter_trend_grouped,/home/romakrut/PycharmProjects/masters-thesis/task_equivalents/llm_translations/llama/base/python/data_visualization/01_scatter_trend_grouped.py,28,ok,0.825947038,13.870055599,16.792911604,,14.140000000,17.119741762
script_67,llama,base,python,data_visualization,01_scatter_trend_grouped,/home/romakrut/PycharmProjects/masters-thesis/task_equivalents/llm_translations/llama/base/python/data_visualization/01_scatter_trend_grouped.py,29,ok,0.825842609,13.340089730,16.153307645,,13.610000000,16.480137803
script_67,llama,base,python,data_visualization,01_scatter_trend_grouped,/home/romakrut/PycharmProjects/masters-thesis/task_equivalents/llm_translations/llama/base/python/data_visualization/01_scatter_trend_grouped.py,30,ok,0.824277992,13.670601094,16.584940064,,13.940000000,16.911770222
script_27,gemini,optimized,r,data_visualization,01_scatter_trend_grouped,/home/romakrut/PycharmProjects/masters-thesis/task_equivalents/llm_translations/gemini/optimized/r/data_visualization/01_scatter_trend_grouped.R,1,ok,0.100105430,1.697282526,16.954949662,,1.730000000,17.281779820
script_27,gemini,optimized,r,data_visualization,01_scatter_trend_grouped,/home/romakrut/PycharmProjects/masters-thesis/task_equivalents/llm_translations/gemini/optimized/r/data_visualization/01_scatter_trend_grouped.R,2,ok,0.109979484,1.724055388,15.676154544,,1.760000000,16.002984702
script_27,gemini,optimized,r,data_visualization,01_scatter_trend_grouped,/home/romakrut/PycharmProjects/masters-thesis/task_equivalents/llm_translations/gemini/optimized/r/data_visualization/01_scatter_trend_grouped.R,3,ok,0.110038603,1.744036066,15.849311228,,1.780000000,16.176141386
script_27,gemini,optimized,r,data_visualization,01_scatter_trend_grouped,/home/romakrut/PycharmProjects/masters-thesis/task_equivalents/llm_translations/gemini/optimized/r/data_visualization/01_scatter_trend_grouped.R,4,ok,0.101791339,1.686731521,16.570481705,,1.720000000,16.897311863
script_27,gemini,optimized,r,data_visualization,01_scatter_trend_grouped,/home/romakrut/PycharmProjects/masters-thesis/task_equivalents/llm_translations/gemini/optimized/r/data_visualization/01_scatter_trend_grouped.R,5,ok,0.101970508,1.646672963,16.148521715,,1.680000000,16.475351873
script_27,gemini,optimized,r,data_visualization,01_scatter_trend_grouped,/home/romakrut/PycharmProjects/masters-thesis/task_equivalents/llm_translations/gemini/optimized/r/data_visualization/01_scatter_trend_grouped.R,6,ok,0.102295362,1.726566791,16.878250948,,1.760000000,17.205081106
script_27,gemini,optimized,r,data_visualization,01_scatter_trend_grouped,/home/romakrut/PycharmProjects/masters-thesis/task_equivalents/llm_translations/gemini/optimized/r/data_visualization/01_scatter_trend_grouped.R,7,ok,0.102313172,1.656560970,16.191082120,,1.690000000,16.517912278
script_27,gemini,optimized,r,data_visualization,01_scatter_trend_grouped,/home/romakrut/PycharmProjects/masters-thesis/task_equivalents/llm_translations/gemini/optimized/r/data_visualization/01_scatter_trend_grouped.R,8,ok,0.101874362,1.676704386,16.458551035,,1.710000000,16.785381193
script_27,gemini,optimized,r,data_visualization,01_scatter_trend_grouped,/home/romakrut/PycharmProjects/masters-thesis/task_equivalents/llm_translations/gemini/optimized/r/data_visualization/01_scatter_trend_grouped.R,9,ok,0.101845583,1.646713792,16.168730577,,1.680000000,16.495560735
script_27,gemini,optimized,r,data_visualization,01_scatter_trend_grouped,/home/romakrut/PycharmProjects/masters-thesis/task_equivalents/llm_translations/gemini/optimized/r/data_visualization/01_scatter_trend_grouped.R,10,ok,0.100094357,1.687286145,16.856955737,,1.720000000,17.183785895
script_27,gemini,optimized,r,data_visualization,01_scatter_trend_grouped,/home/romakrut/PycharmProjects/masters-thesis/task_equivalents/llm_translations/gemini/optimized/r/data_visualization/01_scatter_trend_grouped.R,11,ok,0.101963946,1.716675107,16.836099178,,1.750000000,17.162929336
script_27,gemini,optimized,r,data_visualization,01_scatter_trend_grouped,/home/romakrut/PycharmProjects/masters-thesis/task_equivalents/llm_translations/gemini/optimized/r/data_visualization/01_scatter_trend_grouped.R,12,ok,0.103800953,1.716074718,16.532359950,,1.750000000,16.859190108
script_27,gemini,optimized,r,data_visualization,01_scatter_trend_grouped,/home/romakrut/PycharmProjects/masters-thesis/task_equivalents/llm_translations/gemini/optimized/r/data_visualization/01_scatter_trend_grouped.R,13,ok,0.102186039,1.696602521,16.603075502,,1.730000000,16.929905660
script_27,gemini,optimized,r,data_visualization,01_scatter_trend_grouped,/home/romakrut/PycharmProjects/masters-thesis/task_equivalents/llm_translations/gemini/optimized/r/data_visualization/01_scatter_trend_grouped.R,14,ok,0.101386789,1.656863740,16.342008225,,1.690000000,16.668838383
script_27,gemini,optimized,r,data_visualization,01_scatter_trend_grouped,/home/romakrut/PycharmProjects/masters-thesis/task_equivalents/llm_translations/gemini/optimized/r/data_visualization/01_scatter_trend_grouped.R,15,ok,0.101928471,1.646686702,16.155316425,,1.680000000,16.482146583
script_27,gemini,optimized,r,data_visualization,01_scatter_trend_grouped,/home/romakrut/PycharmProjects/masters-thesis/task_equivalents/llm_translations/gemini/optimized/r/data_visualization/01_scatter_trend_grouped.R,16,ok,0.101427799,1.736850336,17.124006964,,1.770000000,17.450837122
script_27,gemini,optimized,r,data_visualization,01_scatter_trend_grouped,/home/romakrut/PycharmProjects/masters-thesis/task_equivalents/llm_translations/gemini/optimized/r/data_visualization/01_scatter_trend_grouped.R,17,ok,0.100094501,1.667286098,16.657119839,,1.700000000,16.983949997
script_27,gemini,optimized,r,data_visualization,01_scatter_trend_grouped,/home/romakrut/PycharmProjects/masters-thesis/task_equivalents/llm_translations/gemini/optimized/r/data_visualization/01_scatter_trend_grouped.R,18,ok,0.103671331,1.746117083,16.842815325,,1.780000000,17.169645483
script_27,gemini,optimized,r,data_visualization,01_scatter_trend_grouped,/home/romakrut/PycharmProjects/masters-thesis/task_equivalents/llm_translations/gemini/optimized/r/data_visualization/01_scatter_trend_grouped.R,19,ok,0.101705011,1.686759735,16.584824274,,1.720000000,16.911654432
script_27,gemini,optimized,r,data_visualization,01_scatter_trend_grouped,/home/romakrut/PycharmProjects/masters-thesis/task_equivalents/llm_translations/gemini/optimized/r/data_visualization/01_scatter_trend_grouped.R,20,ok,0.103814727,1.716070216,16.530123095,,1.750000000,16.856953253
script_27,gemini,optimized,r,data_visualization,01_scatter_trend_grouped,/home/romakrut/PycharmProjects/masters-thesis/task_equivalents/llm_translations/gemini/optimized/r/data_visualization/01_scatter_trend_grouped.R,21,ok,0.103271901,1.766247628,17.102886760,,1.800000000,17.429716918
script_27,gemini,optimized,r,data_visualization,01_scatter_trend_grouped,/home/romakrut/PycharmProjects/masters-thesis/task_equivalents/llm_translations/gemini/optimized/r/data_visualization/01_scatter_trend_grouped.R,22,ok,0.103469855,1.686182931,16.296368937,,1.720000000,16.623199095
script_27,gemini,optimized,r,data_visualization,01_scatter_trend_grouped,/home/romakrut/PycharmProjects/masters-thesis/task_equivalents/llm_translations/gemini/optimized/r/data_visualization/01_scatter_trend_grouped.R,23,ok,0.102156775,1.686612085,16.510036511,,1.720000000,16.836866669
script_27,gemini,optimized,r,data_visualization,01_scatter_trend_grouped,/home/romakrut/PycharmProjects/masters-thesis/task_equivalents/llm_translations/gemini/optimized/r/data_visualization/01_scatter_trend_grouped.R,24,ok,0.102958518,1.666350051,16.184674019,,1.700000000,16.511504177
script_27,gemini,optimized,r,data_visualization,01_scatter_trend_grouped,/home/romakrut/PycharmProjects/masters-thesis/task_equivalents/llm_translations/gemini/optimized/r/data_visualization/01_scatter_trend_grouped.R,25,ok,0.103420219,1.656199153,16.014268482,,1.690000000,16.341098640
script_27,gemini,optimized,r,data_visualization,01_scatter_trend_grouped,/home/romakrut/PycharmProjects/masters-thesis/task_equivalents/llm_translations/gemini/optimized/r/data_visualization/01_scatter_trend_grouped.R,26,ok,0.103863775,1.766054186,17.003562464,,1.800000000,17.330392622
script_27,gemini,optimized,r,data_visualization,01_scatter_trend_grouped,/home/romakrut/PycharmProjects/masters-thesis/task_equivalents/llm_translations/gemini/optimized/r/data_visualization/01_scatter_trend_grouped.R,27,ok,0.102194627,1.646599714,16.112390272,,1.680000000,16.439220430
script_27,gemini,optimized,r,data_visualization,01_scatter_trend_grouped,/home/romakrut/PycharmProjects/masters-thesis/task_equivalents/llm_translations/gemini/optimized/r/data_visualization/01_scatter_trend_grouped.R,28,ok,0.101589271,1.656797563,16.308784837,,1.690000000,16.635614995
script_27,gemini,optimized,r,data_visualization,01_scatter_trend_grouped,/home/romakrut/PycharmProjects/masters-thesis/task_equivalents/llm_translations/gemini/optimized/r/data_visualization/01_scatter_trend_grouped.R,29,ok,0.101568242,1.636804435,16.115317182,,1.670000000,16.442147340
script_27,gemini,optimized,r,data_visualization,01_scatter_trend_grouped,/home/romakrut/PycharmProjects/masters-thesis/task_equivalents/llm_translations/gemini/optimized/r/data_visualization/01_scatter_trend_grouped.R,30,ok,0.103822442,1.656067695,15.950960727,,1.690000000,16.277790885
script_36,gpt,base,python,data_visualization,02_distribution_boxplot,/home/romakrut/PycharmProjects/masters-thesis/task_equivalents/llm_translations/gpt/base/python/data_visualization/02_distribution_boxplot.py,1,ok,0.458810355,7.260046939,15.823633578,,7.410000000,16.150463736
script_36,gpt,base,python,data_visualization,02_distribution_boxplot,/home/romakrut/PycharmProjects/masters-thesis/task_equivalents/llm_translations/gpt/base/python/data_visualization/02_distribution_boxplot.py,2,ok,0.458250712,7.430229847,16.214333449,,7.580000000,16.541163607
script_36,gpt,base,python,data_visualization,02_distribution_boxplot,/home/romakrut/PycharmProjects/masters-thesis/task_equivalents/llm_translations/gpt/base/python/data_visualization/02_distribution_boxplot.py,3,ok,0.456762269,7.300716315,15.983623891,,7.450000000,16.310454049
script_36,gpt,base,python,data_visualization,02_distribution_boxplot,/home/romakrut/PycharmProjects/masters-thesis/task_equivalents/llm_translations/gpt/base/python/data_visualization/02_distribution_boxplot.py,4,ok,0.457122568,7.290598559,15.948892199,,7.440000000,16.275722357
script_36,gpt,base,python,data_visualization,02_distribution_boxplot,/home/romakrut/PycharmProjects/masters-thesis/task_equivalents/llm_translations/gpt/base/python/data_visualization/02_distribution_boxplot.py,5,ok,0.458711125,7.410079371,16.154130490,,7.560000000,16.480960648
script_36,gpt,base,python,data_visualization,02_distribution_boxplot,/home/romakrut/PycharmProjects/masters-thesis/task_equivalents/llm_translations/gpt/base/python/data_visualization/02_distribution_boxplot.py,6,ok,0.459894334,7.359692662,16.003007904,,7.510000000,16.329838062
script_36,gpt,base,python,data_visualization,02_distribution_boxplot,/home/romakrut/PycharmProjects/masters-thesis/task_equivalents/llm_translations/gpt/base/python/data_visualization/02_distribution_boxplot.py,7,ok,0.457678337,7.220416917,15.776182382,,7.370000000,16.103012540
script_36,gpt,base,python,data_visualization,02_distribution_boxplot,/home/romakrut/PycharmProjects/masters-thesis/task_equivalents/llm_translations/gpt/base/python/data_visualization/02_distribution_boxplot.py,8,ok,0.456394034,7.340836666,16.084427313,,7.490000000,16.411257471
script_36,gpt,base,python,data_visualization,02_distribution_boxplot,/home/romakrut/PycharmProjects/masters-thesis/task_equivalents/llm_translations/gpt/base/python/data_visualization/02_distribution_boxplot.py,9,ok,0.457511953,7.490471296,16.372187102,,7.640000000,16.699017260
script_36,gpt,base,python,data_visualization,02_distribution_boxplot,/home/romakrut/PycharmProjects/masters-thesis/task_equivalents/llm_translations/gpt/base/python/data_visualization/02_distribution_boxplot.py,10,ok,0.459145156,7.409937516,16.138550999,,7.560000000,16.465381157
script_36,gpt,base,python,data_visualization,02_distribution_boxplot,/home/romakrut/PycharmProjects/masters-thesis/task_equivalents/llm_translations/gpt/base/python/data_visualization/02_distribution_boxplot.py,11,ok,0.460555215,7.469476666,16.218417299,,7.620000000,16.545247457
script_36,gpt,base,python,data_visualization,02_distribution_boxplot,/home/romakrut/PycharmProjects/masters-thesis/task_equivalents/llm_translations/gpt/base/python/data_visualization/02_distribution_boxplot.py,12,ok,0.461295475,7.439234727,16.126832215,,7.590000000,16.453662373
script_36,gpt,base,python,data_visualization,02_distribution_boxplot,/home/romakrut/PycharmProjects/masters-thesis/task_equivalents/llm_translations/gpt/base/python/data_visualization/02_distribution_boxplot.py,13,ok,0.458885133,7.430022499,16.191464846,,7.580000000,16.518295004
script_36,gpt,base,python,data_visualization,02_distribution_boxplot,/home/romakrut/PycharmProjects/masters-thesis/task_equivalents/llm_translations/gpt/base/python/data_visualization/02_distribution_boxplot.py,14,ok,0.457193382,7.500575415,16.405695511,,7.650000000,16.732525669
script_36,gpt,base,python,data_visualization,02_distribution_boxplot,/home/romakrut/PycharmProjects/masters-thesis/task_equivalents/llm_translations/gpt/base/python/data_visualization/02_distribution_boxplot.py,15,ok,0.454617925,7.341417152,16.148543091,,7.490000000,16.475373249
script_36,gpt,base,python,data_visualization,02_distribution_boxplot,/home/romakrut/PycharmProjects/masters-thesis/task_equivalents/llm_translations/gpt/base/python/data_visualization/02_distribution_boxplot.py,16,ok,0.459774914,7.449731692,16.202997304,,7.600000000,16.529827462
script_36,gpt,base,python,data_visualization,02_distribution_boxplot,/home/romakrut/PycharmProjects/masters-thesis/task_equivalents/llm_translations/gpt/base/python/data_visualization/02_distribution_boxplot.py,17,ok,0.456742611,7.500722740,16.422209270,,7.650000000,16.749039428
script_36,gpt,base,python,data_visualization,02_distribution_boxplot,/home/romakrut/PycharmProjects/masters-thesis/task_equivalents/llm_translations/gpt/base/python/data_visualization/02_distribution_boxplot.py,18,ok,0.459506474,7.459819427,16.234416376,,7.610000000,16.561246534
script_36,gpt,base,python,data_visualization,02_distribution_boxplot,/home/romakrut/PycharmProjects/masters-thesis/task_equivalents/llm_translations/gpt/base/python/data_visualization/02_distribution_boxplot.py,19,ok,0.458863715,7.450029500,16.235821783,,7.600000000,16.562651941
script_36,gpt,base,python,data_visualization,02_distribution_boxplot,/home/romakrut/PycharmProjects/masters-thesis/task_equivalents/llm_translations/gpt/base/python/data_visualization/02_distribution_boxplot.py,20,ok,0.457173410,7.490581942,16.384552947,,7.640000000,16.711383105
script_36,gpt,base,python,data_visualization,02_distribution_boxplot,/home/romakrut/PycharmProjects/masters-thesis/task_equivalents/llm_translations/gpt/base/python/data_visualization/02_distribution_boxplot.py,21,ok,0.456428446,7.510825419,16.455647067,,7.660000000,16.782477225
script_36,gpt,base,python,data_visualization,02_distribution_boxplot,/home/romakrut/PycharmProjects/masters-thesis/task_equivalents/llm_translations/gpt/base/python/data_visualization/02_distribution_boxplot.py,22,ok,0.457772331,7.540386197,16.471913408,,7.690000000,16.798743566
script_36,gpt,base,python,data_visualization,02_distribution_boxplot,/home/romakrut/PycharmProjects/masters-thesis/task_equivalents/llm_translations/gpt/base/python/data_visualization/02_distribution_boxplot.py,23,ok,0.457745344,7.350395017,16.057825848,,7.500000000,16.384656006
script_36,gpt,base,python,data_visualization,02_distribution_boxplot,/home/romakrut/PycharmProjects/masters-thesis/task_equivalents/llm_translations/gpt/base/python/data_visualization/02_distribution_boxplot.py,24,ok,0.459162239,7.389931933,16.094380821,,7.540000000,16.421210979
script_36,gpt,base,python,data_visualization,02_distribution_boxplot,/home/romakrut/PycharmProjects/masters-thesis/task_equivalents/llm_translations/gpt/base/python/data_visualization/02_distribution_boxplot.py,25,ok,0.459714008,7.489751598,16.292197905,,7.640000000,16.619028063
script_36,gpt,base,python,data_visualization,02_distribution_boxplot,/home/romakrut/PycharmProjects/masters-thesis/task_equivalents/llm_translations/gpt/base/python/data_visualization/02_distribution_boxplot.py,26,ok,0.458325657,7.350205353,16.037080274,,7.500000000,16.363910432
script_36,gpt,base,python,data_visualization,02_distribution_boxplot,/home/romakrut/PycharmProjects/masters-thesis/task_equivalents/llm_translations/gpt/base/python/data_visualization/02_distribution_boxplot.py,27,ok,0.461002717,7.589330409,16.462658742,,7.740000000,16.789488900
script_36,gpt,base,python,data_visualization,02_distribution_boxplot,/home/romakrut/PycharmProjects/masters-thesis/task_equivalents/llm_translations/gpt/base/python/data_visualization/02_distribution_boxplot.py,28,ok,0.459324675,7.369878844,16.045031423,,7.520000000,16.371861581
script_36,gpt,base,python,data_visualization,02_distribution_boxplot,/home/romakrut/PycharmProjects/masters-thesis/task_equivalents/llm_translations/gpt/base/python/data_visualization/02_distribution_boxplot.py,29,ok,0.457964609,7.480323354,16.333845907,,7.630000000,16.660676065
script_36,gpt,base,python,data_visualization,02_distribution_boxplot,/home/romakrut/PycharmProjects/masters-thesis/task_equivalents/llm_translations/gpt/base/python/data_visualization/02_distribution_boxplot.py,30,ok,0.460516254,7.499489400,16.284961355,,7.650000000,16.611791513
script_9,gemini,base,r,data_manipulation_preprocessing,01_impute_encode_scale,/home/romakrut/PycharmProjects/masters-thesis/task_equivalents/llm_translations/gemini/base/r/data_manipulation_preprocessing/01_impute_encode_scale.R,1,ok,0.080106535,1.373818769,17.149896304,,1.400000000,17.476726462
script_9,gemini,base,r,data_manipulation_preprocessing,01_impute_encode_scale,/home/romakrut/PycharmProjects/masters-thesis/task_equivalents/llm_translations/gemini/base/r/data_manipulation_preprocessing/01_impute_encode_scale.R,2,ok,0.089526838,1.370739929,15.310938709,,1.400000000,15.637768867
script_9,gemini,base,r,data_manipulation_preprocessing,01_impute_encode_scale,/home/romakrut/PycharmProjects/masters-thesis/task_equivalents/llm_translations/gemini/base/r/data_manipulation_preprocessing/01_impute_encode_scale.R,3,ok,0.089810075,1.400647359,15.595659607,,1.430000000,15.922489765
script_9,gemini,base,r,data_manipulation_preprocessing,01_impute_encode_scale,/home/romakrut/PycharmProjects/masters-thesis/task_equivalents/llm_translations/gemini/base/r/data_manipulation_preprocessing/01_impute_encode_scale.R,4,ok,0.081486613,1.323367717,16.240308299,,1.350000000,16.567138457
script_9,gemini,base,r,data_manipulation_preprocessing,01_impute_encode_scale,/home/romakrut/PycharmProjects/masters-thesis/task_equivalents/llm_translations/gemini/base/r/data_manipulation_preprocessing/01_impute_encode_scale.R,5,ok,0.080686465,1.333629230,16.528537096,,1.360000000,16.855367254
script_9,gemini,base,r,data_manipulation_preprocessing,01_impute_encode_scale,/home/romakrut/PycharmProjects/masters-thesis/task_equivalents/llm_translations/gemini/base/r/data_manipulation_preprocessing/01_impute_encode_scale.R,6,ok,0.079900631,1.283886064,16.068534730,,1.310000000,16.395364888
script_9,gemini,base,r,data_manipulation_preprocessing,01_impute_encode_scale,/home/romakrut/PycharmProjects/masters-thesis/task_equivalents/llm_translations/gemini/base/r/data_manipulation_preprocessing/01_impute_encode_scale.R,7,ok,0.080865586,1.293570688,15.996553685,,1.320000000,16.323383843
script_9,gemini,base,r,data_manipulation_preprocessing,01_impute_encode_scale,/home/romakrut/PycharmProjects/masters-thesis/task_equivalents/llm_translations/gemini/base/r/data_manipulation_preprocessing/01_impute_encode_scale.R,8,ok,0.079859034,1.313899659,16.452736697,,1.340000000,16.779566855
script_9,gemini,base,r,data_manipulation_preprocessing,01_impute_encode_scale,/home/romakrut/PycharmProjects/masters-thesis/task_equivalents/llm_translations/gemini/base/r/data_manipulation_preprocessing/01_impute_encode_scale.R,9,ok,0.081313320,1.323424355,16.275615788,,1.350000000,16.602445946
script_9,gemini,base,r,data_manipulation_preprocessing,01_impute_encode_scale,/home/romakrut/PycharmProjects/masters-thesis/task_equivalents/llm_translations/gemini/base/r/data_manipulation_preprocessing/01_impute_encode_scale.R,10,ok,0.080498817,1.283690559,15.946700918,,1.310000000,16.273531076
script_9,gemini,base,r,data_manipulation_preprocessing,01_impute_encode_scale,/home/romakrut/PycharmProjects/masters-thesis/task_equivalents/llm_translations/gemini/base/r/data_manipulation_preprocessing/01_impute_encode_scale.R,11,ok,0.080404070,1.363721525,16.960851921,,1.390000000,17.287682079
script_9,gemini,base,r,data_manipulation_preprocessing,01_impute_encode_scale,/home/romakrut/PycharmProjects/masters-thesis/task_equivalents/llm_translations/gemini/base/r/data_manipulation_preprocessing/01_impute_encode_scale.R,12,ok,0.080234718,1.283776874,16.000266548,,1.310000000,16.327096706
script_9,gemini,base,r,data_manipulation_preprocessing,01_impute_encode_scale,/home/romakrut/PycharmProjects/masters-thesis/task_equivalents/llm_translations/gemini/base/r/data_manipulation_preprocessing/01_impute_encode_scale.R,13,ok,0.080153240,1.313803504,16.391146558,,1.340000000,16.717976716
script_9,gemini,base,r,data_manipulation_preprocessing,01_impute_encode_scale,/home/romakrut/PycharmProjects/masters-thesis/task_equivalents/llm_translations/gemini/base/r/data_manipulation_preprocessing/01_impute_encode_scale.R,14,ok,0.080350649,1.313738985,16.350073099,,1.340000000,16.676903257
script_9,gemini,base,r,data_manipulation_preprocessing,01_impute_encode_scale,/home/romakrut/PycharmProjects/masters-thesis/task_equivalents/llm_translations/gemini/base/r/data_manipulation_preprocessing/01_impute_encode_scale.R,15,ok,0.080733666,1.293613803,16.023226335,,1.320000000,16.350056493
script_9,gemini,base,r,data_manipulation_preprocessing,01_impute_encode_scale,/home/romakrut/PycharmProjects/masters-thesis/task_equivalents/llm_translations/gemini/base/r/data_manipulation_preprocessing/01_impute_encode_scale.R,16,ok,0.079880381,1.373892682,17.199375682,,1.400000000,17.526205840
script_9,gemini,base,r,data_manipulation_preprocessing,01_impute_encode_scale,/home/romakrut/PycharmProjects/masters-thesis/task_equivalents/llm_translations/gemini/base/r/data_manipulation_preprocessing/01_impute_encode_scale.R,17,ok,0.080735706,1.323613136,16.394396012,,1.350000000,16.721226170
script_9,gemini,base,r,data_manipulation_preprocessing,01_impute_encode_scale,/home/romakrut/PycharmProjects/masters-thesis/task_equivalents/llm_translations/gemini/base/r/data_manipulation_preprocessing/01_impute_encode_scale.R,18,ok,0.080196846,1.293789252,16.132670007,,1.320000000,16.459500165
script_9,gemini,base,r,data_manipulation_preprocessing,01_impute_encode_scale,/home/romakrut/PycharmProjects/masters-thesis/task_equivalents/llm_translations/gemini/base/r/data_manipulation_preprocessing/01_impute_encode_scale.R,19,ok,0.079916854,1.313880762,16.440596648,,1.340000000,16.767426806
script_9,gemini,base,r,data_manipulation_preprocessing,01_impute_encode_scale,/home/romakrut/PycharmProjects/masters-thesis/task_equivalents/llm_translations/gemini/base/r/data_manipulation_preprocessing/01_impute_encode_scale.R,20,ok,0.080115883,1.313815713,16.398941934,,1.340000000,16.725772092
script_9,gemini,base,r,data_manipulation_preprocessing,01_impute_encode_scale,/home/romakrut/PycharmProjects/masters-thesis/task_equivalents/llm_translations/gemini/base/r/data_manipulation_preprocessing/01_impute_encode_scale.R,21,ok,0.079754365,1.343933868,16.850913029,,1.370000000,17.177743187
script_9,gemini,base,r,data_manipulation_preprocessing,01_impute_encode_scale,/home/romakrut/PycharmProjects/masters-thesis/task_equivalents/llm_translations/gemini/base/r/data_manipulation_preprocessing/01_impute_encode_scale.R,22,ok,0.080660454,1.343637731,16.657949025,,1.370000000,16.984779183
script_9,gemini,base,r,data_manipulation_preprocessing,01_impute_encode_scale,/home/romakrut/PycharmProjects/masters-thesis/task_equivalents/llm_translations/gemini/base/r/data_manipulation_preprocessing/01_impute_encode_scale.R,23,ok,0.080214854,1.303783367,16.253640088,,1.330000000,16.580470246
script_9,gemini,base,r,data_manipulation_preprocessing,01_impute_encode_scale,/home/romakrut/PycharmProjects/masters-thesis/task_equivalents/llm_translations/gemini/base/r/data_manipulation_preprocessing/01_impute_encode_scale.R,24,ok,0.080226780,1.313779469,16.375821999,,1.340000000,16.702652157
script_9,gemini,base,r,data_manipulation_preprocessing,01_impute_encode_scale,/home/romakrut/PycharmProjects/masters-thesis/task_equivalents/llm_translations/gemini/base/r/data_manipulation_preprocessing/01_impute_encode_scale.R,25,ok,0.079818354,1.273912955,15.960150653,,1.300000000,16.286980811
script_9,gemini,base,r,data_manipulation_preprocessing,01_impute_encode_scale,/home/romakrut/PycharmProjects/masters-thesis/task_equivalents/llm_translations/gemini/base/r/data_manipulation_preprocessing/01_impute_encode_scale.R,26,ok,0.080000424,1.353853449,16.923078417,,1.380000000,17.249908575
script_9,gemini,base,r,data_manipulation_preprocessing,01_impute_encode_scale,/home/romakrut/PycharmProjects/masters-thesis/task_equivalents/llm_translations/gemini/base/r/data_manipulation_preprocessing/01_impute_encode_scale.R,27,ok,0.080695262,1.343626355,16.650622620,,1.370000000,16.977452778
script_9,gemini,base,r,data_manipulation_preprocessing,01_impute_encode_scale,/home/romakrut/PycharmProjects/masters-thesis/task_equivalents/llm_translations/gemini/base/r/data_manipulation_preprocessing/01_impute_encode_scale.R,28,ok,0.080240343,1.323775036,16.497624344,,1.350000000,16.824454502
script_9,gemini,base,r,data_manipulation_preprocessing,01_impute_encode_scale,/home/romakrut/PycharmProjects/masters-thesis/task_equivalents/llm_translations/gemini/base/r/data_manipulation_preprocessing/01_impute_encode_scale.R,29,ok,0.080339912,1.313742494,16.352301878,,1.340000000,16.679132036
script_9,gemini,base,r,data_manipulation_preprocessing,01_impute_encode_scale,/home/romakrut/PycharmProjects/masters-thesis/task_equivalents/llm_translations/gemini/base/r/data_manipulation_preprocessing/01_impute_encode_scale.R,30,ok,0.079655308,1.333966243,16.746733854,,1.360000000,17.073564012
script_57,gpt,optimized,r,data_manipulation_preprocessing,01_impute_encode_scale,/home/romakrut/PycharmProjects/masters-thesis/task_equivalents/llm_translations/gpt/optimized/r/data_manipulation_preprocessing/01_impute_encode_scale.R,1,ok,0.388158453,6.693138111,17.243314063,,6.820000000,17.570144221
script_57,gpt,optimized,r,data_manipulation_preprocessing,01_impute_encode_scale,/home/romakrut/PycharmProjects/masters-thesis/task_equivalents/llm_translations/gpt/optimized/r/data_manipulation_preprocessing/01_impute_encode_scale.R,2,ok,0.387955642,6.523204396,16.814304756,,6.650000000,17.141134914
script_57,gpt,optimized,r,data_manipulation_preprocessing,01_impute_encode_scale,/home/romakrut/PycharmProjects/masters-thesis/task_equivalents/llm_translations/gpt/optimized/r/data_manipulation_preprocessing/01_impute_encode_scale.R,3,ok,0.389913341,6.702564561,17.189882613,,6.830000000,17.516712771
script_57,gpt,optimized,r,data_manipulation_preprocessing,01_impute_encode_scale,/home/romakrut/PycharmProjects/masters-thesis/task_equivalents/llm_translations/gpt/optimized/r/data_manipulation_preprocessing/01_impute_encode_scale.R,4,ok,0.388066443,6.413168183,16.525953993,,6.540000000,16.852784151
script_57,gpt,optimized,r,data_manipulation_preprocessing,01_impute_encode_scale,/home/romakrut/PycharmProjects/masters-thesis/task_equivalents/llm_translations/gpt/optimized/r/data_manipulation_preprocessing/01_impute_encode_scale.R,5,ok,0.388466095,6.493037565,16.714554110,,6.620000000,17.041384268
script_57,gpt,optimized,r,data_manipulation_preprocessing,01_impute_encode_scale,/home/romakrut/PycharmProjects/masters-thesis/task_equivalents/llm_translations/gpt/optimized/r/data_manipulation_preprocessing/01_impute_encode_scale.R,6,ok,0.389616220,6.582661669,16.895245453,,6.710000000,17.222075611
script_57,gpt,optimized,r,data_manipulation_preprocessing,01_impute_encode_scale,/home/romakrut/PycharmProjects/masters-thesis/task_equivalents/llm_translations/gpt/optimized/r/data_manipulation_preprocessing/01_impute_encode_scale.R,7,ok,0.388218047,6.513118634,16.776959971,,6.640000000,17.103790129
script_57,gpt,optimized,r,data_manipulation_preprocessing,01_impute_encode_scale,/home/romakrut/PycharmProjects/masters-thesis/task_equivalents/llm_translations/gpt/optimized/r/data_manipulation_preprocessing/01_impute_encode_scale.R,8,ok,0.387698034,6.653288590,17.161006781,,6.780000000,17.487836939
script_57,gpt,optimized,r,data_manipulation_preprocessing,01_impute_encode_scale,/home/romakrut/PycharmProjects/masters-thesis/task_equivalents/llm_translations/gpt/optimized/r/data_manipulation_preprocessing/01_impute_encode_scale.R,9,ok,0.388634258,6.622982604,17.041684997,,6.750000000,17.368515155
script_57,gpt,optimized,r,data_manipulation_preprocessing,01_impute_encode_scale,/home/romakrut/PycharmProjects/masters-thesis/task_equivalents/llm_translations/gpt/optimized/r/data_manipulation_preprocessing/01_impute_encode_scale.R,10,ok,0.388051161,6.633173178,17.093553233,,6.760000000,17.420383391
script_57,gpt,optimized,r,data_manipulation_preprocessing,01_impute_encode_scale,/home/romakrut/PycharmProjects/masters-thesis/task_equivalents/llm_translations/gpt/optimized/r/data_manipulation_preprocessing/01_impute_encode_scale.R,11,ok,0.390065116,6.612514957,16.952336124,,6.740000000,17.279166282
script_57,gpt,optimized,r,data_manipulation_preprocessing,01_impute_encode_scale,/home/romakrut/PycharmProjects/masters-thesis/task_equivalents/llm_translations/gpt/optimized/r/data_manipulation_preprocessing/01_impute_encode_scale.R,12,ok,0.389973444,6.692544918,17.161540153,,6.820000000,17.488370311
script_57,gpt,optimized,r,data_manipulation_preprocessing,01_impute_encode_scale,/home/romakrut/PycharmProjects/masters-thesis/task_equivalents/llm_translations/gpt/optimized/r/data_manipulation_preprocessing/01_impute_encode_scale.R,13,ok,0.387850651,6.553238710,16.896294214,,6.680000000,17.223124372
script_57,gpt,optimized,r,data_manipulation_preprocessing,01_impute_encode_scale,/home/romakrut/PycharmProjects/masters-thesis/task_equivalents/llm_translations/gpt/optimized/r/data_manipulation_preprocessing/01_impute_encode_scale.R,14,ok,0.390364201,6.612417207,16.939097360,,6.740000000,17.265927518
script_57,gpt,optimized,r,data_manipulation_preprocessing,01_impute_encode_scale,/home/romakrut/PycharmProjects/masters-thesis/task_equivalents/llm_translations/gpt/optimized/r/data_manipulation_preprocessing/01_impute_encode_scale.R,15,ok,0.389354945,6.682747062,17.163637312,,6.810000000,17.490467470
script_57,gpt,optimized,r,data_manipulation_preprocessing,01_impute_encode_scale,/home/romakrut/PycharmProjects/masters-thesis/task_equivalents/llm_translations/gpt/optimized/r/data_manipulation_preprocessing/01_impute_encode_scale.R,16,ok,0.389406053,6.612730358,16.981580813,,6.740000000,17.308410971
script_57,gpt,optimized,r,data_manipulation_preprocessing,01_impute_encode_scale,/home/romakrut/PycharmProjects/masters-thesis/task_equivalents/llm_translations/gpt/optimized/r/data_manipulation_preprocessing/01_impute_encode_scale.R,17,ok,0.388116227,6.633151912,17.090632782,,6.760000000,17.417462940
script_57,gpt,optimized,r,data_manipulation_preprocessing,01_impute_encode_scale,/home/romakrut/PycharmProjects/masters-thesis/task_equivalents/llm_translations/gpt/optimized/r/data_manipulation_preprocessing/01_impute_encode_scale.R,18,ok,0.384283371,6.574404605,17.108220395,,6.700000000,17.435050553
script_57,gpt,optimized,r,data_manipulation_preprocessing,01_impute_encode_scale,/home/romakrut/PycharmProjects/masters-thesis/task_equivalents/llm_translations/gpt/optimized/r/data_manipulation_preprocessing/01_impute_encode_scale.R,19,ok,0.394184754,6.551168535,16.619538092,,6.680000000,16.946368250
script_57,gpt,optimized,r,data_manipulation_preprocessing,01_impute_encode_scale,/home/romakrut/PycharmProjects/masters-thesis/task_equivalents/llm_translations/gpt/optimized/r/data_manipulation_preprocessing/01_impute_encode_scale.R,20,ok,0.399108879,6.759559182,16.936629420,,6.890000000,17.263459578
script_57,gpt,optimized,r,data_manipulation_preprocessing,01_impute_encode_scale,/home/romakrut/PycharmProjects/masters-thesis/task_equivalents/llm_translations/gpt/optimized/r/data_manipulation_preprocessing/01_impute_encode_scale.R,21,ok,0.392613352,6.571682116,16.738305212,,6.700000000,17.065135370
script_57,gpt,optimized,r,data_manipulation_preprocessing,01_impute_encode_scale,/home/romakrut/PycharmProjects/masters-thesis/task_equivalents/llm_translations/gpt/optimized/r/data_manipulation_preprocessing/01_impute_encode_scale.R,22,ok,0.401100413,6.618908289,16.501873531,,6.750000000,16.828703689
script_57,gpt,optimized,r,data_manipulation_preprocessing,01_impute_encode_scale,/home/romakrut/PycharmProjects/masters-thesis/task_equivalents/llm_translations/gpt/optimized/r/data_manipulation_preprocessing/01_impute_encode_scale.R,23,ok,0.399010281,6.569591407,16.464717125,,6.700000000,16.791547283
script_57,gpt,optimized,r,data_manipulation_preprocessing,01_impute_encode_scale,/home/romakrut/PycharmProjects/masters-thesis/task_equivalents/llm_translations/gpt/optimized/r/data_manipulation_preprocessing/01_impute_encode_scale.R,24,ok,0.389990282,6.782539415,17.391560066,,6.910000000,17.718390224
script_57,gpt,optimized,r,data_manipulation_preprocessing,01_impute_encode_scale,/home/romakrut/PycharmProjects/masters-thesis/task_equivalents/llm_translations/gpt/optimized/r/data_manipulation_preprocessing/01_impute_encode_scale.R,25,ok,0.392303583,6.601783358,16.828251497,,6.730000000,17.155081655
script_57,gpt,optimized,r,data_manipulation_preprocessing,01_impute_encode_scale,/home/romakrut/PycharmProjects/masters-thesis/task_equivalents/llm_translations/gpt/optimized/r/data_manipulation_preprocessing/01_impute_encode_scale.R,26,ok,0.398492214,6.719760727,16.862966178,,6.850000000,17.189796336
script_57,gpt,optimized,r,data_manipulation_preprocessing,01_impute_encode_scale,/home/romakrut/PycharmProjects/masters-thesis/task_equivalents/llm_translations/gpt/optimized/r/data_manipulation_preprocessing/01_impute_encode_scale.R,27,ok,0.393786319,6.641298755,16.865234861,,6.770000000,17.192065019
script_57,gpt,optimized,r,data_manipulation_preprocessing,01_impute_encode_scale,/home/romakrut/PycharmProjects/masters-thesis/task_equivalents/llm_translations/gpt/optimized/r/data_manipulation_preprocessing/01_impute_encode_scale.R,28,ok,0.395615382,6.740700962,17.038520919,,6.870000000,17.365351077
script_57,gpt,optimized,r,data_manipulation_preprocessing,01_impute_encode_scale,/home/romakrut/PycharmProjects/masters-thesis/task_equivalents/llm_translations/gpt/optimized/r/data_manipulation_preprocessing/01_impute_encode_scale.R,29,ok,0.397040529,6.660235181,16.774698538,,6.790000000,17.101528696
script_57,gpt,optimized,r,data_manipulation_preprocessing,01_impute_encode_scale,/home/romakrut/PycharmProjects/masters-thesis/task_equivalents/llm_translations/gpt/optimized/r/data_manipulation_preprocessing/01_impute_encode_scale.R,30,ok,0.392868938,6.661598583,16.956287297,,6.790000000,17.283117455
script_84,llama,optimized,python,data_visualization,02_distribution_boxplot,/home/romakrut/PycharmProjects/masters-thesis/task_equivalents/llm_translations/llama/optimized/python/data_visualization/02_distribution_boxplot.py,1,ok,0.469906237,7.696420470,16.378630170,,7.850000000,16.705460328
script_84,llama,optimized,python,data_visualization,02_distribution_boxplot,/home/romakrut/PycharmProjects/masters-thesis/task_equivalents/llm_translations/llama/optimized/python/data_visualization/02_distribution_boxplot.py,2,ok,0.473105996,7.575374693,16.012003138,,7.730000000,16.338833296
script_84,llama,optimized,python,data_visualization,02_distribution_boxplot,/home/romakrut/PycharmProjects/masters-thesis/task_equivalents/llm_translations/llama/optimized/python/data_visualization/02_distribution_boxplot.py,3,ok,0.472003405,7.535735053,15.965425191,,7.690000000,16.292255349
script_84,llama,optimized,python,data_visualization,02_distribution_boxplot,/home/romakrut/PycharmProjects/masters-thesis/task_equivalents/llm_translations/llama/optimized/python/data_visualization/02_distribution_boxplot.py,4,ok,0.473564652,7.665224790,16.186226648,,7.820000000,16.513056806
script_84,llama,optimized,python,data_visualization,02_distribution_boxplot,/home/romakrut/PycharmProjects/masters-thesis/task_equivalents/llm_translations/llama/optimized/python/data_visualization/02_distribution_boxplot.py,5,ok,0.470519854,7.736219922,16.441856504,,7.890000000,16.768686662
script_84,llama,optimized,python,data_visualization,02_distribution_boxplot,/home/romakrut/PycharmProjects/masters-thesis/task_equivalents/llm_translations/llama/optimized/python/data_visualization/02_distribution_boxplot.py,6,ok,0.474206036,7.605015166,16.037364751,,7.760000000,16.364194909
script_84,llama,optimized,python,data_visualization,02_distribution_boxplot,/home/romakrut/PycharmProjects/masters-thesis/task_equivalents/llm_translations/llama/optimized/python/data_visualization/02_distribution_boxplot.py,7,ok,0.474248387,7.435001325,15.677441460,,7.590000000,16.004271618
script_84,llama,optimized,python,data_visualization,02_distribution_boxplot,/home/romakrut/PycharmProjects/masters-thesis/task_equivalents/llm_translations/llama/optimized/python/data_visualization/02_distribution_boxplot.py,8,ok,0.469920938,7.486415666,15.931223872,,7.640000000,16.258054030
script_84,llama,optimized,python,data_visualization,02_distribution_boxplot,/home/romakrut/PycharmProjects/masters-thesis/task_equivalents/llm_translations/llama/optimized/python/data_visualization/02_distribution_boxplot.py,9,ok,0.475403261,7.784623877,16.374780141,,7.940000000,16.701610299
script_84,llama,optimized,python,data_visualization,02_distribution_boxplot,/home/romakrut/PycharmProjects/masters-thesis/task_equivalents/llm_translations/llama/optimized/python/data_visualization/02_distribution_boxplot.py,10,ok,0.473704825,7.605178977,16.054679150,,7.760000000,16.381509308
script_84,llama,optimized,python,data_visualization,02_distribution_boxplot,/home/romakrut/PycharmProjects/masters-thesis/task_equivalents/llm_translations/llama/optimized/python/data_visualization/02_distribution_boxplot.py,11,ok,0.472619711,7.535533625,15.944179749,,7.690000000,16.271009907
script_84,llama,optimized,python,data_visualization,02_distribution_boxplot,/home/romakrut/PycharmProjects/masters-thesis/task_equivalents/llm_translations/llama/optimized/python/data_visualization/02_distribution_boxplot.py,12,ok,0.474203945,7.555015850,15.931997043,,7.710000000,16.258827201
script_84,llama,optimized,python,data_visualization,02_distribution_boxplot,/home/romakrut/PycharmProjects/masters-thesis/task_equivalents/llm_translations/llama/optimized/python/data_visualization/02_distribution_boxplot.py,13,ok,0.471702343,7.595833449,16.103022513,,7.750000000,16.429852671
script_84,llama,optimized,python,data_visualization,02_distribution_boxplot,/home/romakrut/PycharmProjects/masters-thesis/task_equivalents/llm_translations/llama/optimized/python/data_visualization/02_distribution_boxplot.py,14,ok,0.473972604,7.615091459,16.066522400,,7.770000000,16.393352558
script_84,llama,optimized,python,data_visualization,02_distribution_boxplot,/home/romakrut/PycharmProjects/masters-thesis/task_equivalents/llm_translations/llama/optimized/python/data_visualization/02_distribution_boxplot.py,15,ok,0.473224665,7.595335908,16.050169126,,7.750000000,16.376999284
script_84,llama,optimized,python,data_visualization,02_distribution_boxplot,/home/romakrut/PycharmProjects/masters-thesis/task_equivalents/llm_translations/llama/optimized/python/data_visualization/02_distribution_boxplot.py,16,ok,0.473541991,7.665232196,16.187016869,,7.820000000,16.513847027
script_84,llama,optimized,python,data_visualization,02_distribution_boxplot,/home/romakrut/PycharmProjects/masters-thesis/task_equivalents/llm_translations/llama/optimized/python/data_visualization/02_distribution_boxplot.py,17,ok,0.472812536,7.555470604,15.979844080,,7.710000000,16.306674238
script_84,llama,optimized,python,data_visualization,02_distribution_boxplot,/home/romakrut/PycharmProjects/masters-thesis/task_equivalents/llm_translations/llama/optimized/python/data_visualization/02_distribution_boxplot.py,18,ok,0.469050209,7.666700246,16.345159002,,7.820000000,16.671989160
script_84,llama,optimized,python,data_visualization,02_distribution_boxplot,/home/romakrut/PycharmProjects/masters-thesis/task_equivalents/llm_translations/llama/optimized/python/data_visualization/02_distribution_boxplot.py,19,ok,0.474560307,7.614899380,16.046220612,,7.770000000,16.373050770
script_84,llama,optimized,python,data_visualization,02_distribution_boxplot,/home/romakrut/PycharmProjects/masters-thesis/task_equivalents/llm_translations/llama/optimized/python/data_visualization/02_distribution_boxplot.py,20,ok,0.474611283,7.664882719,16.149811422,,7.820000000,16.476641580
script_84,llama,optimized,python,data_visualization,02_distribution_boxplot,/home/romakrut/PycharmProjects/masters-thesis/task_equivalents/llm_translations/llama/optimized/python/data_visualization/02_distribution_boxplot.py,21,ok,0.470925461,7.606087357,16.151361494,,7.760000000,16.478191652
script_84,llama,optimized,python,data_visualization,02_distribution_boxplot,/home/romakrut/PycharmProjects/masters-thesis/task_equivalents/llm_translations/llama/optimized/python/data_visualization/02_distribution_boxplot.py,22,ok,0.473577107,7.745220719,16.354719442,,7.900000000,16.681549600
script_84,llama,optimized,python,data_visualization,02_distribution_boxplot,/home/romakrut/PycharmProjects/masters-thesis/task_equivalents/llm_translations/llama/optimized/python/data_visualization/02_distribution_boxplot.py,23,ok,0.475277255,7.564665060,15.916320379,,7.720000000,16.243150537
script_84,llama,optimized,python,data_visualization,02_distribution_boxplot,/home/romakrut/PycharmProjects/masters-thesis/task_equivalents/llm_translations/llama/optimized/python/data_visualization/02_distribution_boxplot.py,24,ok,0.475045908,7.694740671,16.197888544,,7.850000000,16.524718702
script_84,llama,optimized,python,data_visualization,02_distribution_boxplot,/home/romakrut/PycharmProjects/masters-thesis/task_equivalents/llm_translations/llama/optimized/python/data_visualization/02_distribution_boxplot.py,25,ok,0.473282450,7.605317022,16.069298623,,7.760000000,16.396128781
script_84,llama,optimized,python,data_visualization,02_distribution_boxplot,/home/romakrut/PycharmProjects/masters-thesis/task_equivalents/llm_translations/llama/optimized/python/data_visualization/02_distribution_boxplot.py,26,ok,0.475243686,7.854676031,16.527680982,,8.010000000,16.854511140
script_84,llama,optimized,python,data_visualization,02_distribution_boxplot,/home/romakrut/PycharmProjects/masters-thesis/task_equivalents/llm_translations/llama/optimized/python/data_visualization/02_distribution_boxplot.py,27,ok,0.473891177,7.585118072,16.006033537,,7.740000000,16.332863695
script_84,llama,optimized,python,data_visualization,02_distribution_boxplot,/home/romakrut/PycharmProjects/masters-thesis/task_equivalents/llm_translations/llama/optimized/python/data_visualization/02_distribution_boxplot.py,28,ok,0.474304950,7.754982838,16.350204311,,7.910000000,16.677034469
script_84,llama,optimized,python,data_visualization,02_distribution_boxplot,/home/romakrut/PycharmProjects/masters-thesis/task_equivalents/llm_translations/llama/optimized/python/data_visualization/02_distribution_boxplot.py,29,ok,0.472600727,7.735539830,16.368023551,,7.890000000,16.694853709
script_84,llama,optimized,python,data_visualization,02_distribution_boxplot,/home/romakrut/PycharmProjects/masters-thesis/task_equivalents/llm_translations/llama/optimized/python/data_visualization/02_distribution_boxplot.py,30,ok,0.474483182,7.704924587,16.238562038,,7.860000000,16.565392196
script_34,gpt,base,python,data_manipulation_preprocessing,02_merge_aggregate_reshape,/home/romakrut/PycharmProjects/masters-thesis/task_equivalents/llm_translations/gpt/base/python/data_manipulation_preprocessing/02_merge_aggregate_reshape.py,1,ok,0.171726871,2.783874480,16.211059244,,2.840000000,16.537889402
script_34,gpt,base,python,data_manipulation_preprocessing,02_merge_aggregate_reshape,/home/romakrut/PycharmProjects/masters-thesis/task_equivalents/llm_translations/gpt/base/python/data_manipulation_preprocessing/02_merge_aggregate_reshape.py,2,ok,0.174191593,2.713068934,15.575200200,,2.770000000,15.902030358
script_34,gpt,base,python,data_manipulation_preprocessing,02_merge_aggregate_reshape,/home/romakrut/PycharmProjects/masters-thesis/task_equivalents/llm_translations/gpt/base/python/data_manipulation_preprocessing/02_merge_aggregate_reshape.py,3,ok,0.173548477,2.753279124,15.864611268,,2.810000000,16.191441426
script_34,gpt,base,python,data_manipulation_preprocessing,02_merge_aggregate_reshape,/home/romakrut/PycharmProjects/masters-thesis/task_equivalents/llm_translations/gpt/base/python/data_manipulation_preprocessing/02_merge_aggregate_reshape.py,4,ok,0.174192307,2.723068701,15.632542835,,2.780000000,15.959372993
script_34,gpt,base,python,data_manipulation_preprocessing,02_merge_aggregate_reshape,/home/romakrut/PycharmProjects/masters-thesis/task_equivalents/llm_translations/gpt/base/python/data_manipulation_preprocessing/02_merge_aggregate_reshape.py,5,ok,0.173657190,2.753243593,15.854475091,,2.810000000,16.181305249
script_34,gpt,base,python,data_manipulation_preprocessing,02_merge_aggregate_reshape,/home/romakrut/PycharmProjects/masters-thesis/task_equivalents/llm_translations/gpt/base/python/data_manipulation_preprocessing/02_merge_aggregate_reshape.py,6,ok,0.174376781,2.743008409,15.730353510,,2.800000000,16.057183668
script_34,gpt,base,python,data_manipulation_preprocessing,02_merge_aggregate_reshape,/home/romakrut/PycharmProjects/masters-thesis/task_equivalents/llm_translations/gpt/base/python/data_manipulation_preprocessing/02_merge_aggregate_reshape.py,7,ok,0.172644573,2.863574547,16.586530912,,2.920000000,16.913361070
script_34,gpt,base,python,data_manipulation_preprocessing,02_merge_aggregate_reshape,/home/romakrut/PycharmProjects/masters-thesis/task_equivalents/llm_translations/gpt/base/python/data_manipulation_preprocessing/02_merge_aggregate_reshape.py,8,ok,0.173018903,2.723452205,15.740778362,,2.780000000,16.067608520
script_34,gpt,base,python,data_manipulation_preprocessing,02_merge_aggregate_reshape,/home/romakrut/PycharmProjects/masters-thesis/task_equivalents/llm_translations/gpt/base/python/data_manipulation_preprocessing/02_merge_aggregate_reshape.py,9,ok,0.174427472,2.752991842,15.783017493,,2.810000000,16.109847651
script_34,gpt,base,python,data_manipulation_preprocessing,02_merge_aggregate_reshape,/home/romakrut/PycharmProjects/masters-thesis/task_equivalents/llm_translations/gpt/base/python/data_manipulation_preprocessing/02_merge_aggregate_reshape.py,10,ok,0.173180698,2.803399325,16.187712358,,2.860000000,16.514542516
script_34,gpt,base,python,data_manipulation_preprocessing,02_merge_aggregate_reshape,/home/romakrut/PycharmProjects/masters-thesis/task_equivalents/llm_translations/gpt/base/python/data_manipulation_preprocessing/02_merge_aggregate_reshape.py,11,ok,0.173164227,2.763404708,15.958288592,,2.820000000,16.285118750
script_34,gpt,base,python,data_manipulation_preprocessing,02_merge_aggregate_reshape,/home/romakrut/PycharmProjects/masters-thesis/task_equivalents/llm_translations/gpt/base/python/data_manipulation_preprocessing/02_merge_aggregate_reshape.py,12,ok,0.174880106,2.792843907,15.970049259,,2.850000000,16.296879417
script_34,gpt,base,python,data_manipulation_preprocessing,02_merge_aggregate_reshape,/home/romakrut/PycharmProjects/masters-thesis/task_equivalents/llm_translations/gpt/base/python/data_manipulation_preprocessing/02_merge_aggregate_reshape.py,13,ok,0.174331970,2.763023055,15.849204565,,2.820000000,16.176034723
script_34,gpt,base,python,data_manipulation_preprocessing,02_merge_aggregate_reshape,/home/romakrut/PycharmProjects/masters-thesis/task_equivalents/llm_translations/gpt/base/python/data_manipulation_preprocessing/02_merge_aggregate_reshape.py,14,ok,0.172979823,2.753464977,15.917839025,,2.810000000,16.244669183
script_34,gpt,base,python,data_manipulation_preprocessing,02_merge_aggregate_reshape,/home/romakrut/PycharmProjects/masters-thesis/task_equivalents/llm_translations/gpt/base/python/data_manipulation_preprocessing/02_merge_aggregate_reshape.py,15,ok,0.174700912,2.802902473,16.044005960,,2.860000000,16.370836118
script_34,gpt,base,python,data_manipulation_preprocessing,02_merge_aggregate_reshape,/home/romakrut/PycharmProjects/masters-thesis/task_equivalents/llm_translations/gpt/base/python/data_manipulation_preprocessing/02_merge_aggregate_reshape.py,16,ok,0.174827216,2.802861193,16.032178842,,2.860000000,16.359009000
script_34,gpt,base,python,data_manipulation_preprocessing,02_merge_aggregate_reshape,/home/romakrut/PycharmProjects/masters-thesis/task_equivalents/llm_translations/gpt/base/python/data_manipulation_preprocessing/02_merge_aggregate_reshape.py,17,ok,0.174495353,2.782969656,15.948674898,,2.840000000,16.275505056
script_34,gpt,base,python,data_manipulation_preprocessing,02_merge_aggregate_reshape,/home/romakrut/PycharmProjects/masters-thesis/task_equivalents/llm_translations/gpt/base/python/data_manipulation_preprocessing/02_merge_aggregate_reshape.py,18,ok,0.173819272,2.793190620,16.069510519,,2.850000000,16.396340677
script_34,gpt,base,python,data_manipulation_preprocessing,02_merge_aggregate_reshape,/home/romakrut/PycharmProjects/masters-thesis/task_equivalents/llm_translations/gpt/base/python/data_manipulation_preprocessing/02_merge_aggregate_reshape.py,19,ok,0.173284288,2.803365469,16.177839902,,2.860000000,16.504670060
script_34,gpt,base,python,data_manipulation_preprocessing,02_merge_aggregate_reshape,/home/romakrut/PycharmProjects/masters-thesis/task_equivalents/llm_translations/gpt/base/python/data_manipulation_preprocessing/02_merge_aggregate_reshape.py,20,ok,0.173236091,2.793381221,16.124707068,,2.850000000,16.451537226
script_34,gpt,base,python,data_manipulation_preprocessing,02_merge_aggregate_reshape,/home/romakrut/PycharmProjects/masters-thesis/task_equivalents/llm_translations/gpt/base/python/data_manipulation_preprocessing/02_merge_aggregate_reshape.py,21,ok,0.173777951,2.763204125,15.900775150,,2.820000000,16.227605308
script_34,gpt,base,python,data_manipulation_preprocessing,02_merge_aggregate_reshape,/home/romakrut/PycharmProjects/masters-thesis/task_equivalents/llm_translations/gpt/base/python/data_manipulation_preprocessing/02_merge_aggregate_reshape.py,22,ok,0.173144687,2.803411095,16.191147087,,2.860000000,16.517977245
script_34,gpt,base,python,data_manipulation_preprocessing,02_merge_aggregate_reshape,/home/romakrut/PycharmProjects/masters-thesis/task_equivalents/llm_translations/gpt/base/python/data_manipulation_preprocessing/02_merge_aggregate_reshape.py,23,ok,0.174424634,2.772992769,15.897942313,,2.830000000,16.224772471
script_34,gpt,base,python,data_manipulation_preprocessing,02_merge_aggregate_reshape,/home/romakrut/PycharmProjects/masters-thesis/task_equivalents/llm_translations/gpt/base/python/data_manipulation_preprocessing/02_merge_aggregate_reshape.py,24,ok,0.172556619,2.833603293,16.421295859,,2.890000000,16.748126017
script_34,gpt,base,python,data_manipulation_preprocessing,02_merge_aggregate_reshape,/home/romakrut/PycharmProjects/masters-thesis/task_equivalents/llm_translations/gpt/base/python/data_manipulation_preprocessing/02_merge_aggregate_reshape.py,25,ok,0.173619282,2.773255983,15.973202692,,2.830000000,16.300032850
script_34,gpt,base,python,data_manipulation_preprocessing,02_merge_aggregate_reshape,/home/romakrut/PycharmProjects/masters-thesis/task_equivalents/llm_translations/gpt/base/python/data_manipulation_preprocessing/02_merge_aggregate_reshape.py,26,ok,0.174375736,2.723008751,15.615754881,,2.780000000,15.942585039
script_34,gpt,base,python,data_manipulation_preprocessing,02_merge_aggregate_reshape,/home/romakrut/PycharmProjects/masters-thesis/task_equivalents/llm_translations/gpt/base/python/data_manipulation_preprocessing/02_merge_aggregate_reshape.py,27,ok,0.175239984,2.792726288,15.936581507,,2.850000000,16.263411665
script_34,gpt,base,python,data_manipulation_preprocessing,02_merge_aggregate_reshape,/home/romakrut/PycharmProjects/masters-thesis/task_equivalents/llm_translations/gpt/base/python/data_manipulation_preprocessing/02_merge_aggregate_reshape.py,28,ok,0.173343524,2.793346109,16.114510910,,2.850000000,16.441341068
script_34,gpt,base,python,data_manipulation_preprocessing,02_merge_aggregate_reshape,/home/romakrut/PycharmProjects/masters-thesis/task_equivalents/llm_translations/gpt/base/python/data_manipulation_preprocessing/02_merge_aggregate_reshape.py,29,ok,0.173938142,2.813151770,16.173288603,,2.870000000,16.500118761
script_34,gpt,base,python,data_manipulation_preprocessing,02_merge_aggregate_reshape,/home/romakrut/PycharmProjects/masters-thesis/task_equivalents/llm_translations/gpt/base/python/data_manipulation_preprocessing/02_merge_aggregate_reshape.py,30,ok,0.172428775,2.743645076,15.911758790,,2.800000000,16.238588948
script_45,gpt,base,r,machine_learning_workflows,01_pipeline_cv_gridsearch_classification,/home/romakrut/PycharmProjects/masters-thesis/task_equivalents/llm_translations/gpt/base/r/machine_learning_workflows/01_pipeline_cv_gridsearch_classification.R,1,ok,2.188726794,38.174658076,17.441490725,,38.890000000,17.768320883
script_45,gpt,base,r,machine_learning_workflows,01_pipeline_cv_gridsearch_classification,/home/romakrut/PycharmProjects/masters-thesis/task_equivalents/llm_translations/gpt/base/r/machine_learning_workflows/01_pipeline_cv_gridsearch_classification.R,2,ok,2.228269570,38.671734304,17.355052021,,39.400000000,17.681882179
script_45,gpt,base,r,machine_learning_workflows,01_pipeline_cv_gridsearch_classification,/home/romakrut/PycharmProjects/masters-thesis/task_equivalents/llm_translations/gpt/base/r/machine_learning_workflows/01_pipeline_cv_gridsearch_classification.R,3,ok,2.187973950,38.594904128,17.639562906,,39.310000000,17.966393064
script_45,gpt,base,r,machine_learning_workflows,01_pipeline_cv_gridsearch_classification,/home/romakrut/PycharmProjects/masters-thesis/task_equivalents/llm_translations/gpt/base/r/machine_learning_workflows/01_pipeline_cv_gridsearch_classification.R,4,ok,2.292142829,39.720858597,17.329137650,,40.470000000,17.655967808
script_45,gpt,base,r,machine_learning_workflows,01_pipeline_cv_gridsearch_classification,/home/romakrut/PycharmProjects/masters-thesis/task_equivalents/llm_translations/gpt/base/r/machine_learning_workflows/01_pipeline_cv_gridsearch_classification.R,5,ok,2.438019560,43.003181682,17.638571235,,43.800000000,17.965401393
script_45,gpt,base,r,machine_learning_workflows,01_pipeline_cv_gridsearch_classification,/home/romakrut/PycharmProjects/masters-thesis/task_equivalents/llm_translations/gpt/base/r/machine_learning_workflows/01_pipeline_cv_gridsearch_classification.R,6,ok,2.213288956,39.336630421,17.772930333,,40.060000000,18.099760491
script_45,gpt,base,r,machine_learning_workflows,01_pipeline_cv_gridsearch_classification,/home/romakrut/PycharmProjects/masters-thesis/task_equivalents/llm_translations/gpt/base/r/machine_learning_workflows/01_pipeline_cv_gridsearch_classification.R,7,ok,2.265781830,39.699474167,17.521313677,,40.440000000,17.848143835
script_45,gpt,base,r,machine_learning_workflows,01_pipeline_cv_gridsearch_classification,/home/romakrut/PycharmProjects/masters-thesis/task_equivalents/llm_translations/gpt/base/r/machine_learning_workflows/01_pipeline_cv_gridsearch_classification.R,8,ok,2.081143431,37.279819564,17.913142847,,37.960000000,18.239973005
script_45,gpt,base,r,machine_learning_workflows,01_pipeline_cv_gridsearch_classification,/home/romakrut/PycharmProjects/masters-thesis/task_equivalents/llm_translations/gpt/base/r/machine_learning_workflows/01_pipeline_cv_gridsearch_classification.R,9,ok,2.495800562,44.764297108,17.935847034,,45.580000000,18.262677192
script_45,gpt,base,r,machine_learning_workflows,01_pipeline_cv_gridsearch_classification,/home/romakrut/PycharmProjects/masters-thesis/task_equivalents/llm_translations/gpt/base/r/machine_learning_workflows/01_pipeline_cv_gridsearch_classification.R,10,ok,2.394913659,42.977269990,17.945227307,,43.760000000,18.272057465
script_45,gpt,base,r,machine_learning_workflows,01_pipeline_cv_gridsearch_classification,/home/romakrut/PycharmProjects/masters-thesis/task_equivalents/llm_translations/gpt/base/r/machine_learning_workflows/01_pipeline_cv_gridsearch_classification.R,11,ok,2.231280398,40.820750275,18.294764885,,41.550000000,18.621595043
script_45,gpt,base,r,machine_learning_workflows,01_pipeline_cv_gridsearch_classification,/home/romakrut/PycharmProjects/masters-thesis/task_equivalents/llm_translations/gpt/base/r/machine_learning_workflows/01_pipeline_cv_gridsearch_classification.R,12,ok,2.190275974,38.924151757,17.771345812,,39.640000000,18.098175970
script_45,gpt,base,r,machine_learning_workflows,01_pipeline_cv_gridsearch_classification,/home/romakrut/PycharmProjects/masters-thesis/task_equivalents/llm_translations/gpt/base/r/machine_learning_workflows/01_pipeline_cv_gridsearch_classification.R,13,ok,2.424631752,43.137557221,17.791385098,,43.930000000,18.118215256
script_45,gpt,base,r,machine_learning_workflows,01_pipeline_cv_gridsearch_classification,/home/romakrut/PycharmProjects/masters-thesis/task_equivalents/llm_translations/gpt/base/r/machine_learning_workflows/01_pipeline_cv_gridsearch_classification.R,14,ok,2.127688334,38.464607286,18.078121063,,39.160000000,18.404951221
script_45,gpt,base,r,machine_learning_workflows,01_pipeline_cv_gridsearch_classification,/home/romakrut/PycharmProjects/masters-thesis/task_equivalents/llm_translations/gpt/base/r/machine_learning_workflows/01_pipeline_cv_gridsearch_classification.R,15,ok,2.248372383,40.775164099,18.135414048,,41.510000000,18.462244206
script_45,gpt,base,r,machine_learning_workflows,01_pipeline_cv_gridsearch_classification,/home/romakrut/PycharmProjects/masters-thesis/task_equivalents/llm_translations/gpt/base/r/machine_learning_workflows/01_pipeline_cv_gridsearch_classification.R,16,ok,2.379570078,43.162284735,18.138690318,,43.940000000,18.465520476
script_45,gpt,base,r,machine_learning_workflows,01_pipeline_cv_gridsearch_classification,/home/romakrut/PycharmProjects/masters-thesis/task_equivalents/llm_translations/gpt/base/r/machine_learning_workflows/01_pipeline_cv_gridsearch_classification.R,17,ok,2.217100660,39.525384641,17.827510205,,40.250000000,18.154340363
script_45,gpt,base,r,machine_learning_workflows,01_pipeline_cv_gridsearch_classification,/home/romakrut/PycharmProjects/masters-thesis/task_equivalents/llm_translations/gpt/base/r/machine_learning_workflows/01_pipeline_cv_gridsearch_classification.R,18,ok,2.325347536,41.400006297,17.803793049,,42.160000000,18.130623207
script_45,gpt,base,r,machine_learning_workflows,01_pipeline_cv_gridsearch_classification,/home/romakrut/PycharmProjects/masters-thesis/task_equivalents/llm_translations/gpt/base/r/machine_learning_workflows/01_pipeline_cv_gridsearch_classification.R,19,ok,2.214581842,40.306207867,18.200369525,,41.030000000,18.527199683
script_45,gpt,base,r,machine_learning_workflows,01_pipeline_cv_gridsearch_classification,/home/romakrut/PycharmProjects/masters-thesis/task_equivalents/llm_translations/gpt/base/r/machine_learning_workflows/01_pipeline_cv_gridsearch_classification.R,20,ok,2.250810302,40.324367313,17.915489047,,41.060000000,18.242319205
script_45,gpt,base,r,machine_learning_workflows,01_pipeline_cv_gridsearch_classification,/home/romakrut/PycharmProjects/masters-thesis/task_equivalents/llm_translations/gpt/base/r/machine_learning_workflows/01_pipeline_cv_gridsearch_classification.R,21,ok,2.177454595,39.538342171,18.158055861,,40.250000000,18.484886019
script_45,gpt,base,r,machine_learning_workflows,01_pipeline_cv_gridsearch_classification,/home/romakrut/PycharmProjects/masters-thesis/task_equivalents/llm_translations/gpt/base/r/machine_learning_workflows/01_pipeline_cv_gridsearch_classification.R,22,ok,2.133061024,38.162851329,17.891120272,,38.860000000,18.217950430
script_45,gpt,base,r,machine_learning_workflows,01_pipeline_cv_gridsearch_classification,/home/romakrut/PycharmProjects/masters-thesis/task_equivalents/llm_translations/gpt/base/r/machine_learning_workflows/01_pipeline_cv_gridsearch_classification.R,23,ok,2.261487268,40.770877759,18.028347246,,41.510000000,18.355177404
script_45,gpt,base,r,machine_learning_workflows,01_pipeline_cv_gridsearch_classification,/home/romakrut/PycharmProjects/masters-thesis/task_equivalents/llm_translations/gpt/base/r/machine_learning_workflows/01_pipeline_cv_gridsearch_classification.R,24,ok,2.426564382,43.846925580,18.069549650,,44.640000000,18.396379808
script_45,gpt,base,r,machine_learning_workflows,01_pipeline_cv_gridsearch_classification,/home/romakrut/PycharmProjects/masters-thesis/task_equivalents/llm_translations/gpt/base/r/machine_learning_workflows/01_pipeline_cv_gridsearch_classification.R,25,ok,2.647377378,46.974757233,17.743884051,,47.840000000,18.070714209
script_45,gpt,base,r,machine_learning_workflows,01_pipeline_cv_gridsearch_classification,/home/romakrut/PycharmProjects/masters-thesis/task_equivalents/llm_translations/gpt/base/r/machine_learning_workflows/01_pipeline_cv_gridsearch_classification.R,26,ok,2.058139661,36.887337889,17.922660249,,37.560000000,18.249490407
script_45,gpt,base,r,machine_learning_workflows,01_pipeline_cv_gridsearch_classification,/home/romakrut/PycharmProjects/masters-thesis/task_equivalents/llm_translations/gpt/base/r/machine_learning_workflows/01_pipeline_cv_gridsearch_classification.R,27,ok,3.009742135,54.016325502,17.947160614,,55.000000000,18.273990772
script_45,gpt,base,r,machine_learning_workflows,01_pipeline_cv_gridsearch_classification,/home/romakrut/PycharmProjects/masters-thesis/task_equivalents/llm_translations/gpt/base/r/machine_learning_workflows/01_pipeline_cv_gridsearch_classification.R,28,ok,2.325123027,41.950079674,18.042090327,,42.710000000,18.368920485
script_45,gpt,base,r,machine_learning_workflows,01_pipeline_cv_gridsearch_classification,/home/romakrut/PycharmProjects/masters-thesis/task_equivalents/llm_translations/gpt/base/r/machine_learning_workflows/01_pipeline_cv_gridsearch_classification.R,29,ok,2.229240881,40.491416851,18.163769199,,41.220000000,18.490599357
script_45,gpt,base,r,machine_learning_workflows,01_pipeline_cv_gridsearch_classification,/home/romakrut/PycharmProjects/masters-thesis/task_equivalents/llm_translations/gpt/base/r/machine_learning_workflows/01_pipeline_cv_gridsearch_classification.R,30,ok,2.200805710,39.930710322,18.143678081,,40.650000000,18.470508239
script_35,gpt,base,python,data_visualization,01_scatter_trend_grouped,/home/romakrut/PycharmProjects/masters-thesis/task_equivalents/llm_translations/gpt/base/python/data_visualization/01_scatter_trend_grouped.py,1,ok,0.816523488,13.173135499,16.133198485,,13.440000000,16.460028643
script_35,gpt,base,python,data_visualization,01_scatter_trend_grouped,/home/romakrut/PycharmProjects/masters-thesis/task_equivalents/llm_translations/gpt/base/python/data_visualization/01_scatter_trend_grouped.py,2,ok,0.818642911,13.132442808,16.041722993,,13.400000000,16.368553151
script_35,gpt,base,python,data_visualization,01_scatter_trend_grouped,/home/romakrut/PycharmProjects/masters-thesis/task_equivalents/llm_translations/gpt/base/python/data_visualization/01_scatter_trend_grouped.py,3,ok,0.826906202,13.149742115,15.902338238,,13.420000000,16.229168396
script_35,gpt,base,python,data_visualization,01_scatter_trend_grouped,/home/romakrut/PycharmProjects/masters-thesis/task_equivalents/llm_translations/gpt/base/python/data_visualization/01_scatter_trend_grouped.py,4,ok,0.826078062,13.360012776,16.172821179,,13.630000000,16.499651337
script_35,gpt,base,python,data_visualization,01_scatter_trend_grouped,/home/romakrut/PycharmProjects/masters-thesis/task_equivalents/llm_translations/gpt/base/python/data_visualization/01_scatter_trend_grouped.py,5,ok,0.825405574,13.360232566,16.186264046,,13.630000000,16.513094204
script_35,gpt,base,python,data_visualization,01_scatter_trend_grouped,/home/romakrut/PycharmProjects/masters-thesis/task_equivalents/llm_translations/gpt/base/python/data_visualization/01_scatter_trend_grouped.py,6,ok,0.825738328,13.360123812,16.179609640,,13.630000000,16.506439798
script_35,gpt,base,python,data_visualization,01_scatter_trend_grouped,/home/romakrut/PycharmProjects/masters-thesis/task_equivalents/llm_translations/gpt/base/python/data_visualization/01_scatter_trend_grouped.py,7,ok,0.819957855,13.472013045,16.430128649,,13.740000000,16.756958807
script_35,gpt,base,python,data_visualization,01_scatter_trend_grouped,/home/romakrut/PycharmProjects/masters-thesis/task_equivalents/llm_translations/gpt/base/python/data_visualization/01_scatter_trend_grouped.py,8,ok,0.826846156,13.139761740,15.891422660,,13.410000000,16.218252818
script_35,gpt,base,python,data_visualization,01_scatter_trend_grouped,/home/romakrut/PycharmProjects/masters-thesis/task_equivalents/llm_translations/gpt/base/python/data_visualization/01_scatter_trend_grouped.py,9,ok,0.829046019,13.409042759,16.174063262,,13.680000000,16.500893420
script_35,gpt,base,python,data_visualization,01_scatter_trend_grouped,/home/romakrut/PycharmProjects/masters-thesis/task_equivalents/llm_translations/gpt/base/python/data_visualization/01_scatter_trend_grouped.py,10,ok,0.819722671,13.282089910,16.203150626,,13.550000000,16.529980784
script_35,gpt,base,python,data_visualization,01_scatter_trend_grouped,/home/romakrut/PycharmProjects/masters-thesis/task_equivalents/llm_translations/gpt/base/python/data_visualization/01_scatter_trend_grouped.py,11,ok,0.824024698,13.270683878,16.104716169,,13.540000000,16.431546327
script_35,gpt,base,python,data_visualization,01_scatter_trend_grouped,/home/romakrut/PycharmProjects/masters-thesis/task_equivalents/llm_translations/gpt/base/python/data_visualization/01_scatter_trend_grouped.py,12,ok,0.824329177,13.300584365,16.135040147,,13.570000000,16.461870305
script_35,gpt,base,python,data_visualization,01_scatter_trend_grouped,/home/romakrut/PycharmProjects/masters-thesis/task_equivalents/llm_translations/gpt/base/python/data_visualization/01_scatter_trend_grouped.py,13,ok,0.831595185,13.568209614,16.315882847,,13.840000000,16.642713005
script_35,gpt,base,python,data_visualization,01_scatter_trend_grouped,/home/romakrut/PycharmProjects/masters-thesis/task_equivalents/llm_translations/gpt/base/python/data_visualization/01_scatter_trend_grouped.py,14,ok,0.823854899,13.270739373,16.108102761,,13.540000000,16.434932919
script_35,gpt,base,python,data_visualization,01_scatter_trend_grouped,/home/romakrut/PycharmProjects/masters-thesis/task_equivalents/llm_translations/gpt/base/python/data_visualization/01_scatter_trend_grouped.py,15,ok,0.823109585,13.580982964,16.499604927,,13.850000000,16.826435085
script_35,gpt,base,python,data_visualization,01_scatter_trend_grouped,/home/romakrut/PycharmProjects/masters-thesis/task_equivalents/llm_translations/gpt/base/python/data_visualization/01_scatter_trend_grouped.py,16,ok,0.826695093,13.409811112,16.220987914,,13.680000000,16.547818072
script_35,gpt,base,python,data_visualization,01_scatter_trend_grouped,/home/romakrut/PycharmProjects/masters-thesis/task_equivalents/llm_translations/gpt/base/python/data_visualization/01_scatter_trend_grouped.py,17,ok,0.829238427,13.568979874,16.363182689,,13.840000000,16.690012847
script_35,gpt,base,python,data_visualization,01_scatter_trend_grouped,/home/romakrut/PycharmProjects/masters-thesis/task_equivalents/llm_translations/gpt/base/python/data_visualization/01_scatter_trend_grouped.py,18,ok,0.828298545,13.609287056,16.430412848,,13.880000000,16.757243006
script_35,gpt,base,python,data_visualization,01_scatter_trend_grouped,/home/romakrut/PycharmProjects/masters-thesis/task_equivalents/llm_translations/gpt/base/python/data_visualization/01_scatter_trend_grouped.py,19,ok,0.826895243,13.419745697,16.229075945,,13.690000000,16.555906103
script_35,gpt,base,python,data_visualization,01_scatter_trend_grouped,/home/romakrut/PycharmProjects/masters-thesis/task_equivalents/llm_translations/gpt/base/python/data_visualization/01_scatter_trend_grouped.py,20,ok,0.827840842,13.539436647,16.355120405,,13.810000000,16.681950563
script_35,gpt,base,python,data_visualization,01_scatter_trend_grouped,/home/romakrut/PycharmProjects/masters-thesis/task_equivalents/llm_translations/gpt/base/python/data_visualization/01_scatter_trend_grouped.py,21,ok,0.827719327,13.479476362,16.285081092,,13.750000000,16.611911250
script_35,gpt,base,python,data_visualization,01_scatter_trend_grouped,/home/romakrut/PycharmProjects/masters-thesis/task_equivalents/llm_translations/gpt/base/python/data_visualization/01_scatter_trend_grouped.py,22,ok,0.827411744,13.339576889,16.122054087,,13.610000000,16.448884245
script_35,gpt,base,python,data_visualization,01_scatter_trend_grouped,/home/romakrut/PycharmProjects/masters-thesis/task_equivalents/llm_translations/gpt/base/python/data_visualization/01_scatter_trend_grouped.py,23,ok,0.825561235,13.420181691,16.255828305,,13.690000000,16.582658463
script_35,gpt,base,python,data_visualization,01_scatter_trend_grouped,/home/romakrut/PycharmProjects/masters-thesis/task_equivalents/llm_translations/gpt/base/python/data_visualization/01_scatter_trend_grouped.py,24,ok,0.824586057,13.490500409,16.360330488,,13.760000000,16.687160646
script_35,gpt,base,python,data_visualization,01_scatter_trend_grouped,/home/romakrut/PycharmProjects/masters-thesis/task_equivalents/llm_translations/gpt/base/python/data_visualization/01_scatter_trend_grouped.py,25,ok,0.823377813,13.520895299,16.421252900,,13.790000000,16.748083058
script_35,gpt,base,python,data_visualization,01_scatter_trend_grouped,/home/romakrut/PycharmProjects/masters-thesis/task_equivalents/llm_translations/gpt/base/python/data_visualization/01_scatter_trend_grouped.py,26,ok,0.820670357,13.381780178,16.305913895,,13.650000000,16.632744053
script_35,gpt,base,python,data_visualization,01_scatter_trend_grouped,/home/romakrut/PycharmProjects/masters-thesis/task_equivalents/llm_translations/gpt/base/python/data_visualization/01_scatter_trend_grouped.py,27,ok,0.826792483,13.629779282,16.485127239,,13.900000000,16.811957397
script_35,gpt,base,python,data_visualization,01_scatter_trend_grouped,/home/romakrut/PycharmProjects/masters-thesis/task_equivalents/llm_translations/gpt/base/python/data_visualization/01_scatter_trend_grouped.py,28,ok,0.825816134,13.760098382,16.662423772,,14.030000000,16.989253930
script_35,gpt,base,python,data_visualization,01_scatter_trend_grouped,/home/romakrut/PycharmProjects/masters-thesis/task_equivalents/llm_translations/gpt/base/python/data_visualization/01_scatter_trend_grouped.py,29,ok,0.826828110,13.749767638,16.629535779,,14.020000000,16.956365937
script_35,gpt,base,python,data_visualization,01_scatter_trend_grouped,/home/romakrut/PycharmProjects/masters-thesis/task_equivalents/llm_translations/gpt/base/python/data_visualization/01_scatter_trend_grouped.py,30,ok,0.829833718,13.518785315,16.290956877,,13.790000000,16.617787035
script_59,gpt,optimized,r,data_visualization,01_scatter_trend_grouped,/home/romakrut/PycharmProjects/masters-thesis/task_equivalents/llm_translations/gpt/optimized/r/data_visualization/01_scatter_trend_grouped.R,1,ok,0.395846238,6.740625511,17.028393513,,6.870000000,17.355223671
script_59,gpt,optimized,r,data_visualization,01_scatter_trend_grouped,/home/romakrut/PycharmProjects/masters-thesis/task_equivalents/llm_translations/gpt/optimized/r/data_visualization/01_scatter_trend_grouped.R,2,ok,0.415370710,6.734244325,16.212612404,,6.870000000,16.539442562
script_59,gpt,optimized,r,data_visualization,01_scatter_trend_grouped,/home/romakrut/PycharmProjects/masters-thesis/task_equivalents/llm_translations/gpt/optimized/r/data_visualization/01_scatter_trend_grouped.R,3,ok,0.409379236,6.946202520,16.967647376,,7.080000000,17.294477534
script_59,gpt,optimized,r,data_visualization,01_scatter_trend_grouped,/home/romakrut/PycharmProjects/masters-thesis/task_equivalents/llm_translations/gpt/optimized/r/data_visualization/01_scatter_trend_grouped.R,4,ok,0.412863860,6.715063639,16.264595403,,6.850000000,16.591425561
script_59,gpt,optimized,r,data_visualization,01_scatter_trend_grouped,/home/romakrut/PycharmProjects/masters-thesis/task_equivalents/llm_translations/gpt/optimized/r/data_visualization/01_scatter_trend_grouped.R,5,ok,0.409759838,6.866078127,16.756347232,,7.000000000,17.083177390
script_59,gpt,optimized,r,data_visualization,01_scatter_trend_grouped,/home/romakrut/PycharmProjects/masters-thesis/task_equivalents/llm_translations/gpt/optimized/r/data_visualization/01_scatter_trend_grouped.R,6,ok,0.398569670,6.719735412,16.859625600,,6.850000000,17.186455758
script_59,gpt,optimized,r,data_visualization,01_scatter_trend_grouped,/home/romakrut/PycharmProjects/masters-thesis/task_equivalents/llm_translations/gpt/optimized/r/data_visualization/01_scatter_trend_grouped.R,7,ok,0.407372467,6.696858392,16.439153195,,6.830000000,16.765983353
script_59,gpt,optimized,r,data_visualization,01_scatter_trend_grouped,/home/romakrut/PycharmProjects/masters-thesis/task_equivalents/llm_translations/gpt/optimized/r/data_visualization/01_scatter_trend_grouped.R,8,ok,0.397889133,6.839957832,17.190612320,,6.970000000,17.517442478
script_59,gpt,optimized,r,data_visualization,01_scatter_trend_grouped,/home/romakrut/PycharmProjects/masters-thesis/task_equivalents/llm_translations/gpt/optimized/r/data_visualization/01_scatter_trend_grouped.R,9,ok,0.397953585,6.719936767,16.886232516,,6.850000000,17.213062674
script_59,gpt,optimized,r,data_visualization,01_scatter_trend_grouped,/home/romakrut/PycharmProjects/masters-thesis/task_equivalents/llm_translations/gpt/optimized/r/data_visualization/01_scatter_trend_grouped.R,10,ok,0.401675691,6.828720270,17.000581373,,6.960000000,17.327411531
script_59,gpt,optimized,r,data_visualization,01_scatter_trend_grouped,/home/romakrut/PycharmProjects/masters-thesis/task_equivalents/llm_translations/gpt/optimized/r/data_visualization/01_scatter_trend_grouped.R,11,ok,0.407189751,6.746918109,16.569469376,,6.880000000,16.896299534
script_59,gpt,optimized,r,data_visualization,01_scatter_trend_grouped,/home/romakrut/PycharmProjects/masters-thesis/task_equivalents/llm_translations/gpt/optimized/r/data_visualization/01_scatter_trend_grouped.R,12,ok,0.409265416,6.946239719,16.972457109,,7.080000000,17.299287267
script_59,gpt,optimized,r,data_visualization,01_scatter_trend_grouped,/home/romakrut/PycharmProjects/masters-thesis/task_equivalents/llm_translations/gpt/optimized/r/data_visualization/01_scatter_trend_grouped.R,13,ok,0.408673242,6.866433260,16.801768636,,7.000000000,17.128598794
script_59,gpt,optimized,r,data_visualization,01_scatter_trend_grouped,/home/romakrut/PycharmProjects/masters-thesis/task_equivalents/llm_translations/gpt/optimized/r/data_visualization/01_scatter_trend_grouped.R,14,ok,0.408769430,6.876401823,16.822201755,,7.010000000,17.149031913
script_59,gpt,optimized,r,data_visualization,01_scatter_trend_grouped,/home/romakrut/PycharmProjects/masters-thesis/task_equivalents/llm_translations/gpt/optimized/r/data_visualization/01_scatter_trend_grouped.R,15,ok,0.399764026,6.809345060,17.033411256,,6.940000000,17.360241414
script_59,gpt,optimized,r,data_visualization,01_scatter_trend_grouped,/home/romakrut/PycharmProjects/masters-thesis/task_equivalents/llm_translations/gpt/optimized/r/data_visualization/01_scatter_trend_grouped.R,16,ok,0.407616692,6.866778572,16.846166281,,7.000000000,17.172996439
script_59,gpt,optimized,r,data_visualization,01_scatter_trend_grouped,/home/romakrut/PycharmProjects/masters-thesis/task_equivalents/llm_translations/gpt/optimized/r/data_visualization/01_scatter_trend_grouped.R,17,ok,0.402337520,6.788503965,16.872659465,,6.920000000,17.199489623
script_59,gpt,optimized,r,data_visualization,01_scatter_trend_grouped,/home/romakrut/PycharmProjects/masters-thesis/task_equivalents/llm_translations/gpt/optimized/r/data_visualization/01_scatter_trend_grouped.R,18,ok,0.399036182,6.739582942,16.889653735,,6.870000000,17.216483893
script_59,gpt,optimized,r,data_visualization,01_scatter_trend_grouped,/home/romakrut/PycharmProjects/masters-thesis/task_equivalents/llm_translations/gpt/optimized/r/data_visualization/01_scatter_trend_grouped.R,19,ok,0.410662288,6.845783180,16.670104316,,6.980000000,16.996934474
script_59,gpt,optimized,r,data_visualization,01_scatter_trend_grouped,/home/romakrut/PycharmProjects/masters-thesis/task_equivalents/llm_translations/gpt/optimized/r/data_visualization/01_scatter_trend_grouped.R,20,ok,0.401288148,6.898846931,17.191753521,,7.030000000,17.518583679
script_59,gpt,optimized,r,data_visualization,01_scatter_trend_grouped,/home/romakrut/PycharmProjects/masters-thesis/task_equivalents/llm_translations/gpt/optimized/r/data_visualization/01_scatter_trend_grouped.R,21,ok,0.416456991,6.843889296,16.433604055,,6.980000000,16.760434213
script_59,gpt,optimized,r,data_visualization,01_scatter_trend_grouped,/home/romakrut/PycharmProjects/masters-thesis/task_equivalents/llm_translations/gpt/optimized/r/data_visualization/01_scatter_trend_grouped.R,22,ok,0.406965182,6.766991505,16.627937240,,6.900000000,16.954767398
script_59,gpt,optimized,r,data_visualization,01_scatter_trend_grouped,/home/romakrut/PycharmProjects/masters-thesis/task_equivalents/llm_translations/gpt/optimized/r/data_visualization/01_scatter_trend_grouped.R,23,ok,0.408553259,6.786472474,16.610986020,,6.920000000,16.937816178
script_59,gpt,optimized,r,data_visualization,01_scatter_trend_grouped,/home/romakrut/PycharmProjects/masters-thesis/task_equivalents/llm_translations/gpt/optimized/r/data_visualization/01_scatter_trend_grouped.R,24,ok,0.408271611,6.816564525,16.696151144,,6.950000000,17.022981302
script_59,gpt,optimized,r,data_visualization,01_scatter_trend_grouped,/home/romakrut/PycharmProjects/masters-thesis/task_equivalents/llm_translations/gpt/optimized/r/data_visualization/01_scatter_trend_grouped.R,25,ok,0.410323049,6.835894053,16.659785673,,6.970000000,16.986615831
script_59,gpt,optimized,r,data_visualization,01_scatter_trend_grouped,/home/romakrut/PycharmProjects/masters-thesis/task_equivalents/llm_translations/gpt/optimized/r/data_visualization/01_scatter_trend_grouped.R,26,ok,0.409370667,6.816205320,16.650448773,,6.950000000,16.977278931
script_59,gpt,optimized,r,data_visualization,01_scatter_trend_grouped,/home/romakrut/PycharmProjects/masters-thesis/task_equivalents/llm_translations/gpt/optimized/r/data_visualization/01_scatter_trend_grouped.R,27,ok,0.399480548,6.809437709,17.045730370,,6.940000000,17.372560528
script_59,gpt,optimized,r,data_visualization,01_scatter_trend_grouped,/home/romakrut/PycharmProjects/masters-thesis/task_equivalents/llm_translations/gpt/optimized/r/data_visualization/01_scatter_trend_grouped.R,28,ok,0.410131859,7.005956540,17.082205115,,7.140000000,17.409035273
script_59,gpt,optimized,r,data_visualization,01_scatter_trend_grouped,/home/romakrut/PycharmProjects/masters-thesis/task_equivalents/llm_translations/gpt/optimized/r/data_visualization/01_scatter_trend_grouped.R,29,ok,0.407397179,6.856850316,16.830873332,,6.990000000,17.157703490
script_59,gpt,optimized,r,data_visualization,01_scatter_trend_grouped,/home/romakrut/PycharmProjects/masters-thesis/task_equivalents/llm_translations/gpt/optimized/r/data_visualization/01_scatter_trend_grouped.R,30,ok,0.407816052,6.796713415,16.666125284,,6.930000000,16.992955442
script_6,gemini,base,python,machine_learning_workflows,02_regression_workflow_feature_importance,/home/romakrut/PycharmProjects/masters-thesis/task_equivalents/llm_translations/gemini/base/python/machine_learning_workflows/02_regression_workflow_feature_importance.py,1,ok,12.358638318,187.430824286,15.165976984,,191.470000000,15.492807142
script_6,gemini,base,python,machine_learning_workflows,02_regression_workflow_feature_importance,/home/romakrut/PycharmProjects/masters-thesis/task_equivalents/llm_translations/gemini/base/python/machine_learning_workflows/02_regression_workflow_feature_importance.py,2,ok,12.283829812,189.615273962,15.436169083,,193.630000000,15.762999241
script_6,gemini,base,python,machine_learning_workflows,02_regression_workflow_feature_importance,/home/romakrut/PycharmProjects/masters-thesis/task_equivalents/llm_translations/gemini/base/python/machine_learning_workflows/02_regression_workflow_feature_importance.py,3,ok,12.352962290,188.532679383,15.262143197,,192.570000000,15.588973355
script_6,gemini,base,python,machine_learning_workflows,02_regression_workflow_feature_importance,/home/romakrut/PycharmProjects/masters-thesis/task_equivalents/llm_translations/gemini/base/python/machine_learning_workflows/02_regression_workflow_feature_importance.py,4,ok,12.304567945,190.978496114,15.520942870,,195.000000000,15.847773028
script_6,gemini,base,python,machine_learning_workflows,02_regression_workflow_feature_importance,/home/romakrut/PycharmProjects/masters-thesis/task_equivalents/llm_translations/gemini/base/python/machine_learning_workflows/02_regression_workflow_feature_importance.py,5,ok,12.275370455,188.428038735,15.350089794,,192.440000000,15.676919952
script_6,gemini,base,python,machine_learning_workflows,02_regression_workflow_feature_importance,/home/romakrut/PycharmProjects/masters-thesis/task_equivalents/llm_translations/gemini/base/python/machine_learning_workflows/02_regression_workflow_feature_importance.py,6,ok,12.255012879,190.874692204,15.575233914,,194.880000000,15.902064072
script_6,gemini,base,python,machine_learning_workflows,02_regression_workflow_feature_importance,/home/romakrut/PycharmProjects/masters-thesis/task_equivalents/llm_translations/gemini/base/python/machine_learning_workflows/02_regression_workflow_feature_importance.py,7,ok,12.296385798,189.131170287,15.381037436,,193.150000000,15.707867594
script_6,gemini,base,python,machine_learning_workflows,02_regression_workflow_feature_importance,/home/romakrut/PycharmProjects/masters-thesis/task_equivalents/llm_translations/gemini/base/python/machine_learning_workflows/02_regression_workflow_feature_importance.py,8,ok,12.353180206,189.952608161,15.376818357,,193.990000000,15.703648515
script_6,gemini,base,python,machine_learning_workflows,02_regression_workflow_feature_importance,/home/romakrut/PycharmProjects/masters-thesis/task_equivalents/llm_translations/gemini/base/python/machine_learning_workflows/02_regression_workflow_feature_importance.py,9,ok,12.218302863,190.736690145,15.610735164,,194.730000000,15.937565322
script_6,gemini,base,python,machine_learning_workflows,02_regression_workflow_feature_importance,/home/romakrut/PycharmProjects/masters-thesis/task_equivalents/llm_translations/gemini/base/python/machine_learning_workflows/02_regression_workflow_feature_importance.py,10,ok,12.245268577,191.687876936,15.654036147,,195.690000000,15.980866305
script_6,gemini,base,python,machine_learning_workflows,02_regression_workflow_feature_importance,/home/romakrut/PycharmProjects/masters-thesis/task_equivalents/llm_translations/gemini/base/python/machine_learning_workflows/02_regression_workflow_feature_importance.py,11,ok,12.284386692,188.515091957,15.345909949,,192.530000000,15.672740107
script_6,gemini,base,python,machine_learning_workflows,02_regression_workflow_feature_importance,/home/romakrut/PycharmProjects/masters-thesis/task_equivalents/llm_translations/gemini/base/python/machine_learning_workflows/02_regression_workflow_feature_importance.py,12,ok,12.293724091,193.472040213,15.737463992,,197.490000000,16.064294150
script_6,gemini,base,python,machine_learning_workflows,02_regression_workflow_feature_importance,/home/romakrut/PycharmProjects/masters-thesis/task_equivalents/llm_translations/gemini/base/python/machine_learning_workflows/02_regression_workflow_feature_importance.py,13,ok,12.334865931,192.668593819,15.619836883,,196.700000000,15.946667041
script_6,gemini,base,python,machine_learning_workflows,02_regression_workflow_feature_importance,/home/romakrut/PycharmProjects/masters-thesis/task_equivalents/llm_translations/gemini/base/python/machine_learning_workflows/02_regression_workflow_feature_importance.py,14,ok,12.216544354,186.967264879,15.304431389,,190.960000000,15.631261547
script_6,gemini,base,python,machine_learning_workflows,02_regression_workflow_feature_importance,/home/romakrut/PycharmProjects/masters-thesis/task_equivalents/llm_translations/gemini/base/python/machine_learning_workflows/02_regression_workflow_feature_importance.py,15,ok,12.233873989,192.281601031,15.717147422,,196.280000000,16.043977580
script_6,gemini,base,python,machine_learning_workflows,02_regression_workflow_feature_importance,/home/romakrut/PycharmProjects/masters-thesis/task_equivalents/llm_translations/gemini/base/python/machine_learning_workflows/02_regression_workflow_feature_importance.py,16,ok,12.252118877,187.145638052,15.274552910,,191.150000000,15.601383068
script_6,gemini,base,python,machine_learning_workflows,02_regression_workflow_feature_importance,/home/romakrut/PycharmProjects/masters-thesis/task_equivalents/llm_translations/gemini/base/python/machine_learning_workflows/02_regression_workflow_feature_importance.py,17,ok,12.228897583,190.363227471,15.566671172,,194.360000000,15.893501330
script_6,gemini,base,python,machine_learning_workflows,02_regression_workflow_feature_importance,/home/romakrut/PycharmProjects/masters-thesis/task_equivalents/llm_translations/gemini/base/python/machine_learning_workflows/02_regression_workflow_feature_importance.py,18,ok,12.229717754,192.002959414,15.699704873,,196.000000000,16.026535031
script_6,gemini,base,python,machine_learning_workflows,02_regression_workflow_feature_importance,/home/romakrut/PycharmProjects/masters-thesis/task_equivalents/llm_translations/gemini/base/python/machine_learning_workflows/02_regression_workflow_feature_importance.py,19,ok,12.258481702,187.653558488,15.308058783,,191.660000000,15.634888941
script_6,gemini,base,python,machine_learning_workflows,02_regression_workflow_feature_importance,/home/romakrut/PycharmProjects/masters-thesis/task_equivalents/llm_translations/gemini/base/python/machine_learning_workflows/02_regression_workflow_feature_importance.py,20,ok,12.247603403,188.297113845,15.374200784,,192.300000000,15.701030942
script_6,gemini,base,python,machine_learning_workflows,02_regression_workflow_feature_importance,/home/romakrut/PycharmProjects/masters-thesis/task_equivalents/llm_translations/gemini/base/python/machine_learning_workflows/02_regression_workflow_feature_importance.py,21,ok,12.237220667,191.680507236,15.663728918,,195.680000000,15.990559076
script_6,gemini,base,python,machine_learning_workflows,02_regression_workflow_feature_importance,/home/romakrut/PycharmProjects/masters-thesis/task_equivalents/llm_translations/gemini/base/python/machine_learning_workflows/02_regression_workflow_feature_importance.py,22,ok,12.258034862,191.833704529,15.649629544,,195.840000000,15.976459702
script_6,gemini,base,python,machine_learning_workflows,02_regression_workflow_feature_importance,/home/romakrut/PycharmProjects/masters-thesis/task_equivalents/llm_translations/gemini/base/python/machine_learning_workflows/02_regression_workflow_feature_importance.py,23,ok,12.227402717,187.543716038,15.337984720,,191.540000000,15.664814878
script_6,gemini,base,python,machine_learning_workflows,02_regression_workflow_feature_importance,/home/romakrut/PycharmProjects/masters-thesis/task_equivalents/llm_translations/gemini/base/python/machine_learning_workflows/02_regression_workflow_feature_importance.py,24,ok,12.309972236,189.056729829,15.358014316,,193.080000000,15.684844474
script_6,gemini,base,python,machine_learning_workflows,02_regression_workflow_feature_importance,/home/romakrut/PycharmProjects/masters-thesis/task_equivalents/llm_translations/gemini/base/python/machine_learning_workflows/02_regression_workflow_feature_importance.py,25,ok,12.292736204,192.362363084,15.648457747,,196.380000000,15.975287905
script_6,gemini,base,python,machine_learning_workflows,02_regression_workflow_feature_importance,/home/romakrut/PycharmProjects/masters-thesis/task_equivalents/llm_translations/gemini/base/python/machine_learning_workflows/02_regression_workflow_feature_importance.py,26,ok,12.234207798,194.391491932,15.889176900,,198.390000000,16.216007058
script_6,gemini,base,python,machine_learning_workflows,02_regression_workflow_feature_importance,/home/romakrut/PycharmProjects/masters-thesis/task_equivalents/llm_translations/gemini/base/python/machine_learning_workflows/02_regression_workflow_feature_importance.py,27,ok,12.235496277,189.611070819,15.496802625,,193.610000000,15.823632783
script_6,gemini,base,python,machine_learning_workflows,02_regression_workflow_feature_importance,/home/romakrut/PycharmProjects/masters-thesis/task_equivalents/llm_translations/gemini/base/python/machine_learning_workflows/02_regression_workflow_feature_importance.py,28,ok,12.330692143,193.079957939,15.658484998,,197.110000000,15.985315156
script_6,gemini,base,python,machine_learning_workflows,02_regression_workflow_feature_importance,/home/romakrut/PycharmProjects/masters-thesis/task_equivalents/llm_translations/gemini/base/python/machine_learning_workflows/02_regression_workflow_feature_importance.py,29,ok,12.253284617,193.385257053,15.782319851,,197.390000000,16.109150009
script_6,gemini,base,python,machine_learning_workflows,02_regression_workflow_feature_importance,/home/romakrut/PycharmProjects/masters-thesis/task_equivalents/llm_translations/gemini/base/python/machine_learning_workflows/02_regression_workflow_feature_importance.py,30,ok,12.213342949,192.288311194,15.744117888,,196.280000000,16.070948046
script_71,llama,base,python,statistical_modelling_analysis,01_linear_regression_inference,/home/romakrut/PycharmProjects/masters-thesis/task_equivalents/llm_translations/llama/base/python/statistical_modelling_analysis/01_linear_regression_inference.py,1,ok,0.720039194,11.804669476,16.394481821,,12.040000000,16.721311979
script_71,llama,base,python,statistical_modelling_analysis,01_linear_regression_inference,/home/romakrut/PycharmProjects/masters-thesis/task_equivalents/llm_translations/llama/base/python/statistical_modelling_analysis/01_linear_regression_inference.py,2,ok,0.722266224,11.503941616,15.927564150,,11.740000000,16.254394308
script_71,llama,base,python,statistical_modelling_analysis,01_linear_regression_inference,/home/romakrut/PycharmProjects/masters-thesis/task_equivalents/llm_translations/llama/base/python/statistical_modelling_analysis/01_linear_regression_inference.py,3,ok,0.721612532,11.504155262,15.942288627,,11.740000000,16.269118785
script_71,llama,base,python,statistical_modelling_analysis,01_linear_regression_inference,/home/romakrut/PycharmProjects/masters-thesis/task_equivalents/llm_translations/llama/base/python/statistical_modelling_analysis/01_linear_regression_inference.py,4,ok,0.728449614,11.551920698,15.858228868,,11.790000000,16.185059026
script_71,llama,base,python,statistical_modelling_analysis,01_linear_regression_inference,/home/romakrut/PycharmProjects/masters-thesis/task_equivalents/llm_translations/llama/base/python/statistical_modelling_analysis/01_linear_regression_inference.py,5,ok,0.722665803,11.563811021,16.001602640,,11.800000000,16.328432798
script_71,llama,base,python,statistical_modelling_analysis,01_linear_regression_inference,/home/romakrut/PycharmProjects/masters-thesis/task_equivalents/llm_translations/llama/base/python/statistical_modelling_analysis/01_linear_regression_inference.py,6,ok,0.728843346,11.591792014,15.904366937,,11.830000000,16.231197095
script_71,llama,base,python,statistical_modelling_analysis,01_linear_regression_inference,/home/romakrut/PycharmProjects/masters-thesis/task_equivalents/llm_translations/llama/base/python/statistical_modelling_analysis/01_linear_regression_inference.py,7,ok,0.722240194,11.723950123,16.232757773,,11.960000000,16.559587931
script_71,llama,base,python,statistical_modelling_analysis,01_linear_regression_inference,/home/romakrut/PycharmProjects/masters-thesis/task_equivalents/llm_translations/llama/base/python/statistical_modelling_analysis/01_linear_regression_inference.py,8,ok,0.724497762,11.633212282,16.056933357,,11.870000000,16.383763515
script_71,llama,base,python,statistical_modelling_analysis,01_linear_regression_inference,/home/romakrut/PycharmProjects/masters-thesis/task_equivalents/llm_translations/llama/base/python/statistical_modelling_analysis/01_linear_regression_inference.py,9,ok,0.723113582,11.733664674,16.226585928,,11.970000000,16.553416086
script_71,llama,base,python,statistical_modelling_analysis,01_linear_regression_inference,/home/romakrut/PycharmProjects/masters-thesis/task_equivalents/llm_translations/llama/base/python/statistical_modelling_analysis/01_linear_regression_inference.py,10,ok,0.720523048,11.874511338,16.480404577,,12.110000000,16.807234735
script_71,llama,base,python,statistical_modelling_analysis,01_linear_regression_inference,/home/romakrut/PycharmProjects/masters-thesis/task_equivalents/llm_translations/llama/base/python/statistical_modelling_analysis/01_linear_regression_inference.py,11,ok,0.727454416,11.832245958,16.265274769,,12.070000000,16.592104927
script_71,llama,base,python,statistical_modelling_analysis,01_linear_regression_inference,/home/romakrut/PycharmProjects/masters-thesis/task_equivalents/llm_translations/llama/base/python/statistical_modelling_analysis/01_linear_regression_inference.py,12,ok,0.726122671,11.642681213,16.034041737,,11.880000000,16.360871895
script_71,llama,base,python,statistical_modelling_analysis,01_linear_regression_inference,/home/romakrut/PycharmProjects/masters-thesis/task_equivalents/llm_translations/llama/base/python/statistical_modelling_analysis/01_linear_regression_inference.py,13,ok,0.720822392,11.614413504,16.112725732,,11.850000000,16.439555890
script_71,llama,base,python,statistical_modelling_analysis,01_linear_regression_inference,/home/romakrut/PycharmProjects/masters-thesis/task_equivalents/llm_translations/llama/base/python/statistical_modelling_analysis/01_linear_regression_inference.py,14,ok,0.721340444,11.904244189,16.502948487,,12.140000000,16.829778645
script_71,llama,base,python,statistical_modelling_analysis,01_linear_regression_inference,/home/romakrut/PycharmProjects/masters-thesis/task_equivalents/llm_translations/llama/base/python/statistical_modelling_analysis/01_linear_regression_inference.py,15,ok,0.727010918,11.942390907,16.426700908,,12.180000000,16.753531066
script_71,llama,base,python,statistical_modelling_analysis,01_linear_regression_inference,/home/romakrut/PycharmProjects/masters-thesis/task_equivalents/llm_translations/llama/base/python/statistical_modelling_analysis/01_linear_regression_inference.py,16,ok,0.721772113,11.864103106,16.437463976,,12.100000000,16.764294134
script_71,llama,base,python,statistical_modelling_analysis,01_linear_regression_inference,/home/romakrut/PycharmProjects/masters-thesis/task_equivalents/llm_translations/llama/base/python/statistical_modelling_analysis/01_linear_regression_inference.py,17,ok,0.726155211,11.742670578,16.171020189,,11.980000000,16.497850347
script_71,llama,base,python,statistical_modelling_analysis,01_linear_regression_inference,/home/romakrut/PycharmProjects/masters-thesis/task_equivalents/llm_translations/llama/base/python/statistical_modelling_analysis/01_linear_regression_inference.py,18,ok,0.722085971,11.914000528,16.499421131,,12.150000000,16.826251289
script_71,llama,base,python,statistical_modelling_analysis,01_linear_regression_inference,/home/romakrut/PycharmProjects/masters-thesis/task_equivalents/llm_translations/llama/base/python/statistical_modelling_analysis/01_linear_regression_inference.py,19,ok,0.724378534,11.963251249,16.515192938,,12.200000000,16.842023096
script_71,llama,base,python,statistical_modelling_analysis,01_linear_regression_inference,/home/romakrut/PycharmProjects/masters-thesis/task_equivalents/llm_translations/llama/base/python/statistical_modelling_analysis/01_linear_regression_inference.py,20,ok,0.719522539,11.864838335,16.489877234,,12.100000000,16.816707392
script_71,llama,base,python,statistical_modelling_analysis,01_linear_regression_inference,/home/romakrut/PycharmProjects/masters-thesis/task_equivalents/llm_translations/llama/base/python/statistical_modelling_analysis/01_linear_regression_inference.py,21,ok,0.723396399,11.773572241,16.275408969,,12.010000000,16.602239127
script_71,llama,base,python,statistical_modelling_analysis,01_linear_regression_inference,/home/romakrut/PycharmProjects/masters-thesis/task_equivalents/llm_translations/llama/base/python/statistical_modelling_analysis/01_linear_regression_inference.py,22,ok,0.725261010,11.952962830,16.480911926,,12.190000000,16.807742084
script_71,llama,base,python,statistical_modelling_analysis,01_linear_regression_inference,/home/romakrut/PycharmProjects/masters-thesis/task_equivalents/llm_translations/llama/base/python/statistical_modelling_analysis/01_linear_regression_inference.py,23,ok,0.726287435,11.682627363,16.085404758,,11.920000000,16.412234916
script_71,llama,base,python,statistical_modelling_analysis,01_linear_regression_inference,/home/romakrut/PycharmProjects/masters-thesis/task_equivalents/llm_translations/llama/base/python/statistical_modelling_analysis/01_linear_regression_inference.py,24,ok,0.728351480,11.781952771,16.176191158,,12.020000000,16.503021316
script_71,llama,base,python,statistical_modelling_analysis,01_linear_regression_inference,/home/romakrut/PycharmProjects/masters-thesis/task_equivalents/llm_translations/llama/base/python/statistical_modelling_analysis/01_linear_regression_inference.py,25,ok,0.723980776,12.033381249,16.621133665,,12.270000000,16.947963823
script_71,llama,base,python,statistical_modelling_analysis,01_linear_regression_inference,/home/romakrut/PycharmProjects/masters-thesis/task_equivalents/llm_translations/llama/base/python/statistical_modelling_analysis/01_linear_regression_inference.py,26,ok,0.722773257,11.963775902,16.552599015,,12.200000000,16.879429173
script_71,llama,base,python,statistical_modelling_analysis,01_linear_regression_inference,/home/romakrut/PycharmProjects/masters-thesis/task_equivalents/llm_translations/llama/base/python/statistical_modelling_analysis/01_linear_regression_inference.py,27,ok,0.724683788,11.693151483,16.135522385,,11.930000000,16.462352543
script_71,llama,base,python,statistical_modelling_analysis,01_linear_regression_inference,/home/romakrut/PycharmProjects/masters-thesis/task_equivalents/llm_translations/llama/base/python/statistical_modelling_analysis/01_linear_regression_inference.py,28,ok,0.721917342,11.984055641,16.600315499,,12.220000000,16.927145657
script_71,llama,base,python,statistical_modelling_analysis,01_linear_regression_inference,/home/romakrut/PycharmProjects/masters-thesis/task_equivalents/llm_translations/llama/base/python/statistical_modelling_analysis/01_linear_regression_inference.py,29,ok,0.726863132,11.742439208,16.154952275,,11.980000000,16.481782433
script_71,llama,base,python,statistical_modelling_analysis,01_linear_regression_inference,/home/romakrut/PycharmProjects/masters-thesis/task_equivalents/llm_translations/llama/base/python/statistical_modelling_analysis/01_linear_regression_inference.py,30,ok,0.724675940,11.813154048,16.301291924,,12.050000000,16.628122082
script_4,gemini,base,python,data_visualization,02_distribution_boxplot,/home/romakrut/PycharmProjects/masters-thesis/task_equivalents/llm_translations/gemini/base/python/data_visualization/02_distribution_boxplot.py,1,ok,0.480625044,7.792917241,16.214130616,,7.950000000,16.540960774
script_4,gemini,base,python,data_visualization,02_distribution_boxplot,/home/romakrut/PycharmProjects/masters-thesis/task_equivalents/llm_translations/gemini/base/python/data_visualization/02_distribution_boxplot.py,2,ok,0.484877405,7.881527441,16.254680791,,8.040000000,16.581510949
script_4,gemini,base,python,data_visualization,02_distribution_boxplot,/home/romakrut/PycharmProjects/masters-thesis/task_equivalents/llm_translations/gemini/base/python/data_visualization/02_distribution_boxplot.py,3,ok,0.483315044,7.912038068,16.370353388,,8.070000000,16.697183546
script_4,gemini,base,python,data_visualization,02_distribution_boxplot,/home/romakrut/PycharmProjects/masters-thesis/task_equivalents/llm_translations/gemini/base/python/data_visualization/02_distribution_boxplot.py,4,ok,0.483685834,7.821916882,16.171482257,,7.980000000,16.498312415
script_4,gemini,base,python,data_visualization,02_distribution_boxplot,/home/romakrut/PycharmProjects/masters-thesis/task_equivalents/llm_translations/gemini/base/python/data_visualization/02_distribution_boxplot.py,5,ok,0.482062421,7.892447463,16.372252055,,8.050000000,16.699082213
script_4,gemini,base,python,data_visualization,02_distribution_boxplot,/home/romakrut/PycharmProjects/masters-thesis/task_equivalents/llm_translations/gemini/base/python/data_visualization/02_distribution_boxplot.py,6,ok,0.483641904,7.861931240,16.255686646,,8.020000000,16.582516804
script_4,gemini,base,python,data_visualization,02_distribution_boxplot,/home/romakrut/PycharmProjects/masters-thesis/task_equivalents/llm_translations/gemini/base/python/data_visualization/02_distribution_boxplot.py,7,ok,0.478156870,7.903723915,16.529562599,,8.060000000,16.856392757
script_4,gemini,base,python,data_visualization,02_distribution_boxplot,/home/romakrut/PycharmProjects/masters-thesis/task_equivalents/llm_translations/gemini/base/python/data_visualization/02_distribution_boxplot.py,8,ok,0.484942746,7.761506086,16.004994713,,7.920000000,16.331824871
script_4,gemini,base,python,data_visualization,02_distribution_boxplot,/home/romakrut/PycharmProjects/masters-thesis/task_equivalents/llm_translations/gemini/base/python/data_visualization/02_distribution_boxplot.py,9,ok,0.480626158,7.852916877,16.338929428,,8.010000000,16.665759586
script_4,gemini,base,python,data_visualization,02_distribution_boxplot,/home/romakrut/PycharmProjects/masters-thesis/task_equivalents/llm_translations/gemini/base/python/data_visualization/02_distribution_boxplot.py,10,ok,0.482048460,7.732452026,16.040818854,,7.890000000,16.367649012
script_4,gemini,base,python,data_visualization,02_distribution_boxplot,/home/romakrut/PycharmProjects/masters-thesis/task_equivalents/llm_translations/gemini/base/python/data_visualization/02_distribution_boxplot.py,11,ok,0.480782009,7.972865940,16.583120397,,8.130000000,16.909950555
script_4,gemini,base,python,data_visualization,02_distribution_boxplot,/home/romakrut/PycharmProjects/masters-thesis/task_equivalents/llm_translations/gemini/base/python/data_visualization/02_distribution_boxplot.py,12,ok,0.485297473,7.991390150,16.466993122,,8.150000000,16.793823280
script_4,gemini,base,python,data_visualization,02_distribution_boxplot,/home/romakrut/PycharmProjects/masters-thesis/task_equivalents/llm_translations/gemini/base/python/data_visualization/02_distribution_boxplot.py,13,ok,0.480031283,7.823111300,16.297086413,,7.980000000,16.623916571
script_4,gemini,base,python,data_visualization,02_distribution_boxplot,/home/romakrut/PycharmProjects/masters-thesis/task_equivalents/llm_translations/gemini/base/python/data_visualization/02_distribution_boxplot.py,14,ok,0.480864625,7.792838939,16.205889420,,7.950000000,16.532719578
script_4,gemini,base,python,data_visualization,02_distribution_boxplot,/home/romakrut/PycharmProjects/masters-thesis/task_equivalents/llm_translations/gemini/base/python/data_visualization/02_distribution_boxplot.py,15,ok,0.483839548,7.871866644,16.269580849,,8.030000000,16.596411007
script_4,gemini,base,python,data_visualization,02_distribution_boxplot,/home/romakrut/PycharmProjects/masters-thesis/task_equivalents/llm_translations/gemini/base/python/data_visualization/02_distribution_boxplot.py,16,ok,0.485440214,7.961343498,16.400255415,,8.120000000,16.727085573
script_4,gemini,base,python,data_visualization,02_distribution_boxplot,/home/romakrut/PycharmProjects/masters-thesis/task_equivalents/llm_translations/gemini/base/python/data_visualization/02_distribution_boxplot.py,17,ok,0.480700352,7.792892628,16.211539258,,7.950000000,16.538369416
script_4,gemini,base,python,data_visualization,02_distribution_boxplot,/home/romakrut/PycharmProjects/masters-thesis/task_equivalents/llm_translations/gemini/base/python/data_visualization/02_distribution_boxplot.py,18,ok,0.482675669,7.852247035,16.268164192,,8.010000000,16.594994350
script_4,gemini,base,python,data_visualization,02_distribution_boxplot,/home/romakrut/PycharmProjects/masters-thesis/task_equivalents/llm_translations/gemini/base/python/data_visualization/02_distribution_boxplot.py,19,ok,0.478973975,7.983456860,16.667830147,,8.140000000,16.994660305
script_4,gemini,base,python,data_visualization,02_distribution_boxplot,/home/romakrut/PycharmProjects/masters-thesis/task_equivalents/llm_translations/gemini/base/python/data_visualization/02_distribution_boxplot.py,20,ok,0.483732934,7.841901489,16.211220981,,8.000000000,16.538051139
script_4,gemini,base,python,data_visualization,02_distribution_boxplot,/home/romakrut/PycharmProjects/masters-thesis/task_equivalents/llm_translations/gemini/base/python/data_visualization/02_distribution_boxplot.py,21,ok,0.478664125,7.843558128,16.386350509,,8.000000000,16.713180667
script_4,gemini,base,python,data_visualization,02_distribution_boxplot,/home/romakrut/PycharmProjects/masters-thesis/task_equivalents/llm_translations/gemini/base/python/data_visualization/02_distribution_boxplot.py,22,ok,0.483582698,7.941950590,16.423148767,,8.100000000,16.749978925
script_4,gemini,base,python,data_visualization,02_distribution_boxplot,/home/romakrut/PycharmProjects/masters-thesis/task_equivalents/llm_translations/gemini/base/python/data_visualization/02_distribution_boxplot.py,23,ok,0.478968857,7.833458533,16.354838980,,7.990000000,16.681669138
script_4,gemini,base,python,data_visualization,02_distribution_boxplot,/home/romakrut/PycharmProjects/masters-thesis/task_equivalents/llm_translations/gemini/base/python/data_visualization/02_distribution_boxplot.py,24,ok,0.484889969,8.101523335,16.707962327,,8.260000000,17.034792485
script_4,gemini,base,python,data_visualization,02_distribution_boxplot,/home/romakrut/PycharmProjects/masters-thesis/task_equivalents/llm_translations/gemini/base/python/data_visualization/02_distribution_boxplot.py,25,ok,0.483560916,7.871957709,16.279143845,,8.030000000,16.605974003
script_4,gemini,base,python,data_visualization,02_distribution_boxplot,/home/romakrut/PycharmProjects/masters-thesis/task_equivalents/llm_translations/gemini/base/python/data_visualization/02_distribution_boxplot.py,26,ok,0.484973762,7.961495949,16.416343672,,8.120000000,16.743173830
script_4,gemini,base,python,data_visualization,02_distribution_boxplot,/home/romakrut/PycharmProjects/masters-thesis/task_equivalents/llm_translations/gemini/base/python/data_visualization/02_distribution_boxplot.py,27,ok,0.480263636,7.913035360,16.476440785,,8.070000000,16.803270943
script_4,gemini,base,python,data_visualization,02_distribution_boxplot,/home/romakrut/PycharmProjects/masters-thesis/task_equivalents/llm_translations/gemini/base/python/data_visualization/02_distribution_boxplot.py,28,ok,0.483592857,8.051947270,16.650260966,,8.210000000,16.977091124
script_4,gemini,base,python,data_visualization,02_distribution_boxplot,/home/romakrut/PycharmProjects/masters-thesis/task_equivalents/llm_translations/gemini/base/python/data_visualization/02_distribution_boxplot.py,29,ok,0.481562903,8.042610720,16.701059551,,8.200000000,17.027889709
script_4,gemini,base,python,data_visualization,02_distribution_boxplot,/home/romakrut/PycharmProjects/masters-thesis/task_equivalents/llm_translations/gemini/base/python/data_visualization/02_distribution_boxplot.py,30,ok,0.480663634,7.942904629,16.524871171,,8.100000000,16.851701329
script_56,gpt,optimized,python,statistical_modelling_analysis,02_logistic_regression_odds_ratios,/home/romakrut/PycharmProjects/masters-thesis/task_equivalents/llm_translations/gpt/optimized/python/statistical_modelling_analysis/02_logistic_regression_odds_ratios.py,1,ok,0.734579861,11.709917148,15.940972207,,11.950000000,16.267802365
script_56,gpt,optimized,python,statistical_modelling_analysis,02_logistic_regression_odds_ratios,/home/romakrut/PycharmProjects/masters-thesis/task_equivalents/llm_translations/gpt/optimized/python/statistical_modelling_analysis/02_logistic_regression_odds_ratios.py,2,ok,0.730606031,11.581215915,15.851519730,,11.820000000,16.178349888
script_56,gpt,optimized,python,statistical_modelling_analysis,02_logistic_regression_odds_ratios,/home/romakrut/PycharmProjects/masters-thesis/task_equivalents/llm_translations/gpt/optimized/python/statistical_modelling_analysis/02_logistic_regression_odds_ratios.py,3,ok,0.733225924,11.920359655,16.257417073,,12.160000000,16.584247231
script_56,gpt,optimized,python,statistical_modelling_analysis,02_logistic_regression_odds_ratios,/home/romakrut/PycharmProjects/masters-thesis/task_equivalents/llm_translations/gpt/optimized/python/statistical_modelling_analysis/02_logistic_regression_odds_ratios.py,4,ok,0.729535003,11.741565960,16.094588898,,11.980000000,16.421419056
script_56,gpt,optimized,python,statistical_modelling_analysis,02_logistic_regression_odds_ratios,/home/romakrut/PycharmProjects/masters-thesis/task_equivalents/llm_translations/gpt/optimized/python/statistical_modelling_analysis/02_logistic_regression_odds_ratios.py,5,ok,0.727480311,11.512237495,15.824809718,,11.750000000,16.151639876
script_56,gpt,optimized,python,statistical_modelling_analysis,02_logistic_regression_odds_ratios,/home/romakrut/PycharmProjects/masters-thesis/task_equivalents/llm_translations/gpt/optimized/python/statistical_modelling_analysis/02_logistic_regression_odds_ratios.py,6,ok,0.729397439,11.761610920,16.125105863,,12.000000000,16.451936021
script_56,gpt,optimized,python,statistical_modelling_analysis,02_logistic_regression_odds_ratios,/home/romakrut/PycharmProjects/masters-thesis/task_equivalents/llm_translations/gpt/optimized/python/statistical_modelling_analysis/02_logistic_regression_odds_ratios.py,7,ok,0.729432650,11.801599412,16.179148838,,12.040000000,16.505978996
script_56,gpt,optimized,python,statistical_modelling_analysis,02_logistic_regression_odds_ratios,/home/romakrut/PycharmProjects/masters-thesis/task_equivalents/llm_translations/gpt/optimized/python/statistical_modelling_analysis/02_logistic_regression_odds_ratios.py,8,ok,0.735326729,11.649673049,15.842852693,,11.890000000,16.169682851
script_56,gpt,optimized,python,statistical_modelling_analysis,02_logistic_regression_odds_ratios,/home/romakrut/PycharmProjects/masters-thesis/task_equivalents/llm_translations/gpt/optimized/python/statistical_modelling_analysis/02_logistic_regression_odds_ratios.py,9,ok,0.731555135,11.740905720,16.049242440,,11.980000000,16.376072598
script_56,gpt,optimized,python,statistical_modelling_analysis,02_logistic_regression_odds_ratios,/home/romakrut/PycharmProjects/masters-thesis/task_equivalents/llm_translations/gpt/optimized/python/statistical_modelling_analysis/02_logistic_regression_odds_ratios.py,10,ok,0.736734178,11.919213052,16.178444557,,12.160000000,16.505274715
script_56,gpt,optimized,python,statistical_modelling_analysis,02_logistic_regression_odds_ratios,/home/romakrut/PycharmProjects/masters-thesis/task_equivalents/llm_translations/gpt/optimized/python/statistical_modelling_analysis/02_logistic_regression_odds_ratios.py,11,ok,0.731720980,11.780851516,16.100196439,,12.020000000,16.427026597
script_56,gpt,optimized,python,statistical_modelling_analysis,02_logistic_regression_odds_ratios,/home/romakrut/PycharmProjects/masters-thesis/task_equivalents/llm_translations/gpt/optimized/python/statistical_modelling_analysis/02_logistic_regression_odds_ratios.py,12,ok,0.727709832,11.622162481,15.970874612,,11.860000000,16.297704770
script_56,gpt,optimized,python,statistical_modelling_analysis,02_logistic_regression_odds_ratios,/home/romakrut/PycharmProjects/masters-thesis/task_equivalents/llm_translations/gpt/optimized/python/statistical_modelling_analysis/02_logistic_regression_odds_ratios.py,13,ok,0.730793539,12.061154632,16.504188924,,12.300000000,16.831019082
script_56,gpt,optimized,python,statistical_modelling_analysis,02_logistic_regression_odds_ratios,/home/romakrut/PycharmProjects/masters-thesis/task_equivalents/llm_translations/gpt/optimized/python/statistical_modelling_analysis/02_logistic_regression_odds_ratios.py,14,ok,0.729399938,11.671610103,16.001660399,,11.910000000,16.328490557
script_56,gpt,optimized,python,statistical_modelling_analysis,02_logistic_regression_odds_ratios,/home/romakrut/PycharmProjects/masters-thesis/task_equivalents/llm_translations/gpt/optimized/python/statistical_modelling_analysis/02_logistic_regression_odds_ratios.py,15,ok,0.730199558,11.771348763,16.120728415,,12.010000000,16.447558573
script_56,gpt,optimized,python,statistical_modelling_analysis,02_logistic_regression_odds_ratios,/home/romakrut/PycharmProjects/masters-thesis/task_equivalents/llm_translations/gpt/optimized/python/statistical_modelling_analysis/02_logistic_regression_odds_ratios.py,16,ok,0.727009013,11.922391529,16.399234832,,12.160000000,16.726064990
script_56,gpt,optimized,python,statistical_modelling_analysis,02_logistic_regression_odds_ratios,/home/romakrut/PycharmProjects/masters-thesis/task_equivalents/llm_translations/gpt/optimized/python/statistical_modelling_analysis/02_logistic_regression_odds_ratios.py,17,ok,0.728274008,11.811978091,16.219139996,,12.050000000,16.545970154
script_56,gpt,optimized,python,statistical_modelling_analysis,02_logistic_regression_odds_ratios,/home/romakrut/PycharmProjects/masters-thesis/task_equivalents/llm_translations/gpt/optimized/python/statistical_modelling_analysis/02_logistic_regression_odds_ratios.py,18,ok,0.730537966,11.761238161,16.099420849,,12.000000000,16.426251007
script_56,gpt,optimized,python,statistical_modelling_analysis,02_logistic_regression_odds_ratios,/home/romakrut/PycharmProjects/masters-thesis/task_equivalents/llm_translations/gpt/optimized/python/statistical_modelling_analysis/02_logistic_regression_odds_ratios.py,19,ok,0.733519091,11.850263840,16.155358443,,12.090000000,16.482188601
script_56,gpt,optimized,python,statistical_modelling_analysis,02_logistic_regression_odds_ratios,/home/romakrut/PycharmProjects/masters-thesis/task_equivalents/llm_translations/gpt/optimized/python/statistical_modelling_analysis/02_logistic_regression_odds_ratios.py,20,ok,0.731149614,11.991038256,16.400252461,,12.230000000,16.727082619
script_56,gpt,optimized,python,statistical_modelling_analysis,02_logistic_regression_odds_ratios,/home/romakrut/PycharmProjects/masters-thesis/task_equivalents/llm_translations/gpt/optimized/python/statistical_modelling_analysis/02_logistic_regression_odds_ratios.py,21,ok,0.731730468,11.970848416,16.359641889,,12.210000000,16.686472047
script_56,gpt,optimized,python,statistical_modelling_analysis,02_logistic_regression_odds_ratios,/home/romakrut/PycharmProjects/masters-thesis/task_equivalents/llm_translations/gpt/optimized/python/statistical_modelling_analysis/02_logistic_regression_odds_ratios.py,22,ok,0.728159016,11.872015674,16.304152545,,12.110000000,16.630982703
script_56,gpt,optimized,python,statistical_modelling_analysis,02_logistic_regression_odds_ratios,/home/romakrut/PycharmProjects/masters-thesis/task_equivalents/llm_translations/gpt/optimized/python/statistical_modelling_analysis/02_logistic_regression_odds_ratios.py,23,ok,0.734745805,11.989862912,16.318382263,,12.230000000,16.645212421
script_56,gpt,optimized,python,statistical_modelling_analysis,02_logistic_regression_odds_ratios,/home/romakrut/PycharmProjects/masters-thesis/task_equivalents/llm_translations/gpt/optimized/python/statistical_modelling_analysis/02_logistic_regression_odds_ratios.py,24,ok,0.733554455,11.830252282,16.127299345,,12.070000000,16.454129503
script_56,gpt,optimized,python,statistical_modelling_analysis,02_logistic_regression_odds_ratios,/home/romakrut/PycharmProjects/masters-thesis/task_equivalents/llm_translations/gpt/optimized/python/statistical_modelling_analysis/02_logistic_regression_odds_ratios.py,25,ok,0.732253359,11.860677519,16.197505103,,12.100000000,16.524335261
script_56,gpt,optimized,python,statistical_modelling_analysis,02_logistic_regression_odds_ratios,/home/romakrut/PycharmProjects/masters-thesis/task_equivalents/llm_translations/gpt/optimized/python/statistical_modelling_analysis/02_logistic_regression_odds_ratios.py,26,ok,0.733038372,11.860420953,16.179809142,,12.100000000,16.506639300
script_56,gpt,optimized,python,statistical_modelling_analysis,02_logistic_regression_odds_ratios,/home/romakrut/PycharmProjects/masters-thesis/task_equivalents/llm_translations/gpt/optimized/python/statistical_modelling_analysis/02_logistic_regression_odds_ratios.py,27,ok,0.736545628,11.819274676,16.046900866,,12.060000000,16.373731024
script_56,gpt,optimized,python,statistical_modelling_analysis,02_logistic_regression_odds_ratios,/home/romakrut/PycharmProjects/masters-thesis/task_equivalents/llm_translations/gpt/optimized/python/statistical_modelling_analysis/02_logistic_regression_odds_ratios.py,28,ok,0.730373805,12.011291814,16.445403342,,12.250000000,16.772233500
script_56,gpt,optimized,python,statistical_modelling_analysis,02_logistic_regression_odds_ratios,/home/romakrut/PycharmProjects/masters-thesis/task_equivalents/llm_translations/gpt/optimized/python/statistical_modelling_analysis/02_logistic_regression_odds_ratios.py,29,ok,0.730945405,12.021104998,16.445968352,,12.260000000,16.772798510
script_56,gpt,optimized,python,statistical_modelling_analysis,02_logistic_regression_odds_ratios,/home/romakrut/PycharmProjects/masters-thesis/task_equivalents/llm_translations/gpt/optimized/python/statistical_modelling_analysis/02_logistic_regression_odds_ratios.py,30,ok,0.734638982,12.069897825,16.429699650,,12.310000000,16.756529808
script_15,gemini,base,r,statistical_modelling_analysis,01_linear_regression_inference,/home/romakrut/PycharmProjects/masters-thesis/task_equivalents/llm_translations/gemini/base/r/statistical_modelling_analysis/01_linear_regression_inference.R,1,ok,0.086407064,1.481759566,17.148592916,,1.510000000,17.475423074
script_15,gemini,base,r,statistical_modelling_analysis,01_linear_regression_inference,/home/romakrut/PycharmProjects/masters-thesis/task_equivalents/llm_translations/gemini/base/r/statistical_modelling_analysis/01_linear_regression_inference.R,2,ok,0.095797963,1.488690337,15.539895526,,1.520000000,15.866725684
script_15,gemini,base,r,statistical_modelling_analysis,01_linear_regression_inference,/home/romakrut/PycharmProjects/masters-thesis/task_equivalents/llm_translations/gemini/base/r/statistical_modelling_analysis/01_linear_regression_inference.R,3,ok,0.096858925,1.518343582,15.675825250,,1.550000000,16.002655408
script_15,gemini,base,r,statistical_modelling_analysis,01_linear_regression_inference,/home/romakrut/PycharmProjects/masters-thesis/task_equivalents/llm_translations/gemini/base/r/statistical_modelling_analysis/01_linear_regression_inference.R,4,ok,0.088403501,1.441107070,16.301470570,,1.470000000,16.628300728
script_15,gemini,base,r,statistical_modelling_analysis,01_linear_regression_inference,/home/romakrut/PycharmProjects/masters-thesis/task_equivalents/llm_translations/gemini/base/r/statistical_modelling_analysis/01_linear_regression_inference.R,5,ok,0.088662447,1.431022438,16.140118921,,1.460000000,16.466949079
script_15,gemini,base,r,statistical_modelling_analysis,01_linear_regression_inference,/home/romakrut/PycharmProjects/masters-thesis/task_equivalents/llm_translations/gemini/base/r/statistical_modelling_analysis/01_linear_regression_inference.R,6,ok,0.088333453,1.521129964,17.220315882,,1.550000000,17.547146040
script_15,gemini,base,r,statistical_modelling_analysis,01_linear_regression_inference,/home/romakrut/PycharmProjects/masters-thesis/task_equivalents/llm_translations/gemini/base/r/statistical_modelling_analysis/01_linear_regression_inference.R,7,ok,0.087673892,1.451345528,16.553907839,,1.480000000,16.880737997
script_15,gemini,base,r,statistical_modelling_analysis,01_linear_regression_inference,/home/romakrut/PycharmProjects/masters-thesis/task_equivalents/llm_translations/gemini/base/r/statistical_modelling_analysis/01_linear_regression_inference.R,8,ok,0.087792171,1.401306871,15.961638207,,1.430000000,16.288468365
script_15,gemini,base,r,statistical_modelling_analysis,01_linear_regression_inference,/home/romakrut/PycharmProjects/masters-thesis/task_equivalents/llm_translations/gemini/base/r/statistical_modelling_analysis/01_linear_regression_inference.R,9,ok,0.088963025,1.430924200,16.084482295,,1.460000000,16.411312453
script_15,gemini,base,r,statistical_modelling_analysis,01_linear_regression_inference,/home/romakrut/PycharmProjects/masters-thesis/task_equivalents/llm_translations/gemini/base/r/statistical_modelling_analysis/01_linear_regression_inference.R,10,ok,0.088572251,1.411051917,15.931083396,,1.440000000,16.257913554
script_15,gemini,base,r,statistical_modelling_analysis,01_linear_regression_inference,/home/romakrut/PycharmProjects/masters-thesis/task_equivalents/llm_translations/gemini/base/r/statistical_modelling_analysis/01_linear_regression_inference.R,11,ok,0.089314677,1.540809270,17.251467752,,1.570000000,17.578297910
script_15,gemini,base,r,statistical_modelling_analysis,01_linear_regression_inference,/home/romakrut/PycharmProjects/masters-thesis/task_equivalents/llm_translations/gemini/base/r/statistical_modelling_analysis/01_linear_regression_inference.R,12,ok,0.088374331,1.401116603,15.854339010,,1.430000000,16.181169168
script_15,gemini,base,r,statistical_modelling_analysis,01_linear_regression_inference,/home/romakrut/PycharmProjects/masters-thesis/task_equivalents/llm_translations/gemini/base/r/statistical_modelling_analysis/01_linear_regression_inference.R,13,ok,0.087657739,1.421350807,16.214778336,,1.450000000,16.541608494
script_15,gemini,base,r,statistical_modelling_analysis,01_linear_regression_inference,/home/romakrut/PycharmProjects/masters-thesis/task_equivalents/llm_translations/gemini/base/r/statistical_modelling_analysis/01_linear_regression_inference.R,14,ok,0.088623892,1.421035039,16.034446325,,1.450000000,16.361276483
script_15,gemini,base,r,statistical_modelling_analysis,01_linear_regression_inference,/home/romakrut/PycharmProjects/masters-thesis/task_equivalents/llm_translations/gemini/base/r/statistical_modelling_analysis/01_linear_regression_inference.R,15,ok,0.088392472,1.421110674,16.077281722,,1.450000000,16.404111880
script_15,gemini,base,r,statistical_modelling_analysis,01_linear_regression_inference,/home/romakrut/PycharmProjects/masters-thesis/task_equivalents/llm_translations/gemini/base/r/statistical_modelling_analysis/01_linear_regression_inference.R,16,ok,0.087975889,1.501246826,17.064298450,,1.530000000,17.391128608
script_15,gemini,base,r,statistical_modelling_analysis,01_linear_regression_inference,/home/romakrut/PycharmProjects/masters-thesis/task_equivalents/llm_translations/gemini/base/r/statistical_modelling_analysis/01_linear_regression_inference.R,17,ok,0.088629872,1.491033085,16.823143837,,1.520000000,17.149973995
script_15,gemini,base,r,statistical_modelling_analysis,01_linear_regression_inference,/home/romakrut/PycharmProjects/masters-thesis/task_equivalents/llm_translations/gemini/base/r/statistical_modelling_analysis/01_linear_regression_inference.R,18,ok,0.087697911,1.471337678,16.777340088,,1.500000000,17.104170246
script_15,gemini,base,r,statistical_modelling_analysis,01_linear_regression_inference,/home/romakrut/PycharmProjects/masters-thesis/task_equivalents/llm_translations/gemini/base/r/statistical_modelling_analysis/01_linear_regression_inference.R,19,ok,0.087453909,1.411417425,16.138986138,,1.440000000,16.465816296
script_15,gemini,base,r,statistical_modelling_analysis,01_linear_regression_inference,/home/romakrut/PycharmProjects/masters-thesis/task_equivalents/llm_translations/gemini/base/r/statistical_modelling_analysis/01_linear_regression_inference.R,20,ok,0.088347948,1.411125226,15.972359949,,1.440000000,16.299190107
script_15,gemini,base,r,statistical_modelling_analysis,01_linear_regression_inference,/home/romakrut/PycharmProjects/masters-thesis/task_equivalents/llm_translations/gemini/base/r/statistical_modelling_analysis/01_linear_regression_inference.R,21,ok,0.088186835,1.471177883,16.682511429,,1.500000000,17.009341587
script_15,gemini,base,r,statistical_modelling_analysis,01_linear_regression_inference,/home/romakrut/PycharmProjects/masters-thesis/task_equivalents/llm_translations/gemini/base/r/statistical_modelling_analysis/01_linear_regression_inference.R,22,ok,0.089927667,1.460608926,16.242041800,,1.490000000,16.568871958
script_15,gemini,base,r,statistical_modelling_analysis,01_linear_regression_inference,/home/romakrut/PycharmProjects/masters-thesis/task_equivalents/llm_translations/gemini/base/r/statistical_modelling_analysis/01_linear_regression_inference.R,23,ok,0.088006957,1.411236672,16.035512651,,1.440000000,16.362342809
script_15,gemini,base,r,statistical_modelling_analysis,01_linear_regression_inference,/home/romakrut/PycharmProjects/masters-thesis/task_equivalents/llm_translations/gemini/base/r/statistical_modelling_analysis/01_linear_regression_inference.R,24,ok,0.087030288,1.441555877,16.563841283,,1.470000000,16.890671441
script_15,gemini,base,r,statistical_modelling_analysis,01_linear_regression_inference,/home/romakrut/PycharmProjects/masters-thesis/task_equivalents/llm_translations/gemini/base/r/statistical_modelling_analysis/01_linear_regression_inference.R,25,ok,0.088794134,1.440979399,16.228317505,,1.470000000,16.555147663
script_15,gemini,base,r,statistical_modelling_analysis,01_linear_regression_inference,/home/romakrut/PycharmProjects/masters-thesis/task_equivalents/llm_translations/gemini/base/r/statistical_modelling_analysis/01_linear_regression_inference.R,26,ok,0.087707001,1.471334707,16.775567403,,1.500000000,17.102397561
script_15,gemini,base,r,statistical_modelling_analysis,01_linear_regression_inference,/home/romakrut/PycharmProjects/masters-thesis/task_equivalents/llm_translations/gemini/base/r/statistical_modelling_analysis/01_linear_regression_inference.R,27,ok,0.088935230,1.440933285,16.202052716,,1.470000000,16.528882874
script_15,gemini,base,r,statistical_modelling_analysis,01_linear_regression_inference,/home/romakrut/PycharmProjects/masters-thesis/task_equivalents/llm_translations/gemini/base/r/statistical_modelling_analysis/01_linear_regression_inference.R,28,ok,0.087844924,1.421289630,16.179530528,,1.450000000,16.506360686
script_15,gemini,base,r,statistical_modelling_analysis,01_linear_regression_inference,/home/romakrut/PycharmProjects/masters-thesis/task_equivalents/llm_translations/gemini/base/r/statistical_modelling_analysis/01_linear_regression_inference.R,29,ok,0.087437935,1.441422646,16.485094781,,1.470000000,16.811924939
script_15,gemini,base,r,statistical_modelling_analysis,01_linear_regression_inference,/home/romakrut/PycharmProjects/masters-thesis/task_equivalents/llm_translations/gemini/base/r/statistical_modelling_analysis/01_linear_regression_inference.R,30,ok,0.088326911,1.421132102,16.089457739,,1.450000000,16.416287897
script_88,llama,optimized,python,statistical_modelling_analysis,02_logistic_regression_odds_ratios,/home/romakrut/PycharmProjects/masters-thesis/task_equivalents/llm_translations/llama/optimized/python/statistical_modelling_analysis/02_logistic_regression_odds_ratios.py,1,ok,0.628216349,10.094679951,16.068795356,,10.300000000,16.395625514
script_88,llama,optimized,python,statistical_modelling_analysis,02_logistic_regression_odds_ratios,/home/romakrut/PycharmProjects/masters-thesis/task_equivalents/llm_translations/llama/optimized/python/statistical_modelling_analysis/02_logistic_regression_odds_ratios.py,2,ok,0.628699014,9.914522202,15.769902578,,10.120000000,16.096732736
script_88,llama,optimized,python,statistical_modelling_analysis,02_logistic_regression_odds_ratios,/home/romakrut/PycharmProjects/masters-thesis/task_equivalents/llm_translations/llama/optimized/python/statistical_modelling_analysis/02_logistic_regression_odds_ratios.py,3,ok,0.629753759,9.934177479,15.774701361,,10.140000000,16.101531519
script_88,llama,optimized,python,statistical_modelling_analysis,02_logistic_regression_odds_ratios,/home/romakrut/PycharmProjects/masters-thesis/task_equivalents/llm_translations/llama/optimized/python/statistical_modelling_analysis/02_logistic_regression_odds_ratios.py,4,ok,0.631968723,10.183453562,16.113856892,,10.390000000,16.440687050
script_88,llama,optimized,python,statistical_modelling_analysis,02_logistic_regression_odds_ratios,/home/romakrut/PycharmProjects/masters-thesis/task_equivalents/llm_translations/llama/optimized/python/statistical_modelling_analysis/02_logistic_regression_odds_ratios.py,5,ok,0.628465605,10.084598487,16.046380911,,10.290000000,16.373211069
script_88,llama,optimized,python,statistical_modelling_analysis,02_logistic_regression_odds_ratios,/home/romakrut/PycharmProjects/masters-thesis/task_equivalents/llm_translations/llama/optimized/python/statistical_modelling_analysis/02_logistic_regression_odds_ratios.py,6,ok,0.629503612,9.934259235,15.781099656,,10.140000000,16.107929814
script_88,llama,optimized,python,statistical_modelling_analysis,02_logistic_regression_odds_ratios,/home/romakrut/PycharmProjects/masters-thesis/task_equivalents/llm_translations/llama/optimized/python/statistical_modelling_analysis/02_logistic_regression_odds_ratios.py,7,ok,0.629614776,10.114222903,16.064144758,,10.320000000,16.390974916
script_88,llama,optimized,python,statistical_modelling_analysis,02_logistic_regression_odds_ratios,/home/romakrut/PycharmProjects/masters-thesis/task_equivalents/llm_translations/llama/optimized/python/statistical_modelling_analysis/02_logistic_regression_odds_ratios.py,8,ok,0.628197936,9.934685969,15.814579132,,10.140000000,16.141409290
script_88,llama,optimized,python,statistical_modelling_analysis,02_logistic_regression_odds_ratios,/home/romakrut/PycharmProjects/masters-thesis/task_equivalents/llm_translations/llama/optimized/python/statistical_modelling_analysis/02_logistic_regression_odds_ratios.py,9,ok,0.629522515,10.144253057,16.114202138,,10.350000000,16.441032296
script_88,llama,optimized,python,statistical_modelling_analysis,02_logistic_regression_odds_ratios,/home/romakrut/PycharmProjects/masters-thesis/task_equivalents/llm_translations/llama/optimized/python/statistical_modelling_analysis/02_logistic_regression_odds_ratios.py,10,ok,0.635356527,9.942346326,15.648452331,,10.150000000,15.975282489
script_88,llama,optimized,python,statistical_modelling_analysis,02_logistic_regression_odds_ratios,/home/romakrut/PycharmProjects/masters-thesis/task_equivalents/llm_translations/llama/optimized/python/statistical_modelling_analysis/02_logistic_regression_odds_ratios.py,11,ok,0.629091985,9.974393767,15.855223091,,10.180000000,16.182053249
script_88,llama,optimized,python,statistical_modelling_analysis,02_logistic_regression_odds_ratios,/home/romakrut/PycharmProjects/masters-thesis/task_equivalents/llm_translations/llama/optimized/python/statistical_modelling_analysis/02_logistic_regression_odds_ratios.py,12,ok,0.630501704,10.213933028,16.199691394,,10.420000000,16.526521552
script_88,llama,optimized,python,statistical_modelling_analysis,02_logistic_regression_odds_ratios,/home/romakrut/PycharmProjects/masters-thesis/task_equivalents/llm_translations/llama/optimized/python/statistical_modelling_analysis/02_logistic_regression_odds_ratios.py,13,ok,0.628619317,10.084548249,16.042377281,,10.290000000,16.369207439
script_88,llama,optimized,python,statistical_modelling_analysis,02_logistic_regression_odds_ratios,/home/romakrut/PycharmProjects/masters-thesis/task_equivalents/llm_translations/llama/optimized/python/statistical_modelling_analysis/02_logistic_regression_odds_ratios.py,14,ok,0.630004791,10.194095435,16.180980812,,10.400000000,16.507810970
script_88,llama,optimized,python,statistical_modelling_analysis,02_logistic_regression_odds_ratios,/home/romakrut/PycharmProjects/masters-thesis/task_equivalents/llm_translations/llama/optimized/python/statistical_modelling_analysis/02_logistic_regression_odds_ratios.py,15,ok,0.631363913,10.243651233,16.224638472,,10.450000000,16.551468630
script_88,llama,optimized,python,statistical_modelling_analysis,02_logistic_regression_odds_ratios,/home/romakrut/PycharmProjects/masters-thesis/task_equivalents/llm_translations/llama/optimized/python/statistical_modelling_analysis/02_logistic_regression_odds_ratios.py,16,ok,0.629522801,10.324252963,16.400125535,,10.530000000,16.726955693
script_88,llama,optimized,python,statistical_modelling_analysis,02_logistic_regression_odds_ratios,/home/romakrut/PycharmProjects/masters-thesis/task_equivalents/llm_translations/llama/optimized/python/statistical_modelling_analysis/02_logistic_regression_odds_ratios.py,17,ok,0.631414677,10.303634641,16.318332495,,10.510000000,16.645162653
script_88,llama,optimized,python,statistical_modelling_analysis,02_logistic_regression_odds_ratios,/home/romakrut/PycharmProjects/masters-thesis/task_equivalents/llm_translations/llama/optimized/python/statistical_modelling_analysis/02_logistic_regression_odds_ratios.py,18,ok,0.628284146,9.974657793,15.876029750,,10.180000000,16.202859908
script_88,llama,optimized,python,statistical_modelling_analysis,02_logistic_regression_odds_ratios,/home/romakrut/PycharmProjects/masters-thesis/task_equivalents/llm_translations/llama/optimized/python/statistical_modelling_analysis/02_logistic_regression_odds_ratios.py,19,ok,0.630324865,10.103990825,16.029814760,,10.310000000,16.356644918
script_88,llama,optimized,python,statistical_modelling_analysis,02_logistic_regression_odds_ratios,/home/romakrut/PycharmProjects/masters-thesis/task_equivalents/llm_translations/llama/optimized/python/statistical_modelling_analysis/02_logistic_regression_odds_ratios.py,20,ok,0.630777892,10.123842762,16.049774240,,10.330000000,16.376604398
script_88,llama,optimized,python,statistical_modelling_analysis,02_logistic_regression_odds_ratios,/home/romakrut/PycharmProjects/masters-thesis/task_equivalents/llm_translations/llama/optimized/python/statistical_modelling_analysis/02_logistic_regression_odds_ratios.py,21,ok,0.634481427,9.982632335,15.733529636,,10.190000000,16.060359794
script_88,llama,optimized,python,statistical_modelling_analysis,02_logistic_regression_odds_ratios,/home/romakrut/PycharmProjects/masters-thesis/task_equivalents/llm_translations/llama/optimized/python/statistical_modelling_analysis/02_logistic_regression_odds_ratios.py,22,ok,0.629306477,10.094323665,16.040393725,,10.300000000,16.367223883
script_88,llama,optimized,python,statistical_modelling_analysis,02_logistic_regression_odds_ratios,/home/romakrut/PycharmProjects/masters-thesis/task_equivalents/llm_translations/llama/optimized/python/statistical_modelling_analysis/02_logistic_regression_odds_ratios.py,23,ok,0.631250902,10.033688168,15.894928841,,10.240000000,16.221758999
script_88,llama,optimized,python,statistical_modelling_analysis,02_logistic_regression_odds_ratios,/home/romakrut/PycharmProjects/masters-thesis/task_equivalents/llm_translations/llama/optimized/python/statistical_modelling_analysis/02_logistic_regression_odds_ratios.py,24,ok,0.635036686,10.172450860,16.018682202,,10.380000000,16.345512360
script_88,llama,optimized,python,statistical_modelling_analysis,02_logistic_regression_odds_ratios,/home/romakrut/PycharmProjects/masters-thesis/task_equivalents/llm_translations/llama/optimized/python/statistical_modelling_analysis/02_logistic_regression_odds_ratios.py,25,ok,0.630188583,10.354035366,16.430058629,,10.560000000,16.756888787
script_88,llama,optimized,python,statistical_modelling_analysis,02_logistic_regression_odds_ratios,/home/romakrut/PycharmProjects/masters-thesis/task_equivalents/llm_translations/llama/optimized/python/statistical_modelling_analysis/02_logistic_regression_odds_ratios.py,26,ok,0.630406440,10.253964164,16.265639932,,10.460000000,16.592470090
script_88,llama,optimized,python,statistical_modelling_analysis,02_logistic_regression_odds_ratios,/home/romakrut/PycharmProjects/masters-thesis/task_equivalents/llm_translations/llama/optimized/python/statistical_modelling_analysis/02_logistic_regression_odds_ratios.py,27,ok,0.635228077,10.232388307,16.108211645,,10.440000000,16.435041803
script_88,llama,optimized,python,statistical_modelling_analysis,02_logistic_regression_odds_ratios,/home/romakrut/PycharmProjects/masters-thesis/task_equivalents/llm_translations/llama/optimized/python/statistical_modelling_analysis/02_logistic_regression_odds_ratios.py,28,ok,0.631307546,10.303669655,16.321157129,,10.510000000,16.647987287
script_88,llama,optimized,python,statistical_modelling_analysis,02_logistic_regression_odds_ratios,/home/romakrut/PycharmProjects/masters-thesis/task_equivalents/llm_translations/llama/optimized/python/statistical_modelling_analysis/02_logistic_regression_odds_ratios.py,29,ok,0.630130533,10.194054338,16.177686693,,10.400000000,16.504516851
script_88,llama,optimized,python,statistical_modelling_analysis,02_logistic_regression_odds_ratios,/home/romakrut/PycharmProjects/masters-thesis/task_equivalents/llm_translations/llama/optimized/python/statistical_modelling_analysis/02_logistic_regression_odds_ratios.py,30,ok,0.628928693,10.374447136,16.495426670,,10.580000000,16.822256828
script_1,gemini,base,python,data_manipulation_preprocessing,01_impute_encode_scale,/home/romakrut/PycharmProjects/masters-thesis/task_equivalents/llm_translations/gemini/base/python/data_manipulation_preprocessing/01_impute_encode_scale.py,1,ok,0.171387539,2.823985384,16.477191983,,2.880000000,16.804022141
script_1,gemini,base,python,data_manipulation_preprocessing,01_impute_encode_scale,/home/romakrut/PycharmProjects/masters-thesis/task_equivalents/llm_translations/gemini/base/python/data_manipulation_preprocessing/01_impute_encode_scale.py,2,ok,0.171295187,2.694015567,15.727327861,,2.750000000,16.054158019
script_1,gemini,base,python,data_manipulation_preprocessing,01_impute_encode_scale,/home/romakrut/PycharmProjects/masters-thesis/task_equivalents/llm_translations/gemini/base/python/data_manipulation_preprocessing/01_impute_encode_scale.py,3,ok,0.172563694,2.703600981,15.667264173,,2.760000000,15.994094331
script_1,gemini,base,python,data_manipulation_preprocessing,01_impute_encode_scale,/home/romakrut/PycharmProjects/masters-thesis/task_equivalents/llm_translations/gemini/base/python/data_manipulation_preprocessing/01_impute_encode_scale.py,4,ok,0.172263482,2.773699099,16.101492126,,2.830000000,16.428322284
script_1,gemini,base,python,data_manipulation_preprocessing,01_impute_encode_scale,/home/romakrut/PycharmProjects/masters-thesis/task_equivalents/llm_translations/gemini/base/python/data_manipulation_preprocessing/01_impute_encode_scale.py,5,ok,0.171818009,2.743844693,15.969482529,,2.800000000,16.296312687
script_1,gemini,base,python,data_manipulation_preprocessing,01_impute_encode_scale,/home/romakrut/PycharmProjects/masters-thesis/task_equivalents/llm_translations/gemini/base/python/data_manipulation_preprocessing/01_impute_encode_scale.py,6,ok,0.171197931,2.784047353,16.262155371,,2.840000000,16.588985529
script_1,gemini,base,python,data_manipulation_preprocessing,01_impute_encode_scale,/home/romakrut/PycharmProjects/masters-thesis/task_equivalents/llm_translations/gemini/base/python/data_manipulation_preprocessing/01_impute_encode_scale.py,7,ok,0.172855370,2.753505652,15.929534918,,2.810000000,16.256365076
script_1,gemini,base,python,data_manipulation_preprocessing,01_impute_encode_scale,/home/romakrut/PycharmProjects/masters-thesis/task_equivalents/llm_translations/gemini/base/python/data_manipulation_preprocessing/01_impute_encode_scale.py,8,ok,0.173125703,2.763417299,15.961912363,,2.820000000,16.288742521
script_1,gemini,base,python,data_manipulation_preprocessing,01_impute_encode_scale,/home/romakrut/PycharmProjects/masters-thesis/task_equivalents/llm_translations/gemini/base/python/data_manipulation_preprocessing/01_impute_encode_scale.py,9,ok,0.172734332,2.703545211,15.651464186,,2.760000000,15.978294344
script_1,gemini,base,python,data_manipulation_preprocessing,01_impute_encode_scale,/home/romakrut/PycharmProjects/masters-thesis/task_equivalents/llm_translations/gemini/base/python/data_manipulation_preprocessing/01_impute_encode_scale.py,10,ok,0.171963200,2.723797240,15.839419365,,2.780000000,16.166249523
script_1,gemini,base,python,data_manipulation_preprocessing,01_impute_encode_scale,/home/romakrut/PycharmProjects/masters-thesis/task_equivalents/llm_translations/gemini/base/python/data_manipulation_preprocessing/01_impute_encode_scale.py,11,ok,0.173178288,2.863400113,16.534405934,,2.920000000,16.861236092
script_1,gemini,base,python,data_manipulation_preprocessing,01_impute_encode_scale,/home/romakrut/PycharmProjects/masters-thesis/task_equivalents/llm_translations/gemini/base/python/data_manipulation_preprocessing/01_impute_encode_scale.py,12,ok,0.172263414,2.783699121,16.159549242,,2.840000000,16.486379400
script_1,gemini,base,python,data_manipulation_preprocessing,01_impute_encode_scale,/home/romakrut/PycharmProjects/masters-thesis/task_equivalents/llm_translations/gemini/base/python/data_manipulation_preprocessing/01_impute_encode_scale.py,13,ok,0.173803105,2.823195904,16.243644806,,2.880000000,16.570474964
script_1,gemini,base,python,data_manipulation_preprocessing,01_impute_encode_scale,/home/romakrut/PycharmProjects/masters-thesis/task_equivalents/llm_translations/gemini/base/python/data_manipulation_preprocessing/01_impute_encode_scale.py,14,ok,0.173692754,2.753231970,15.851161930,,2.810000000,16.177992088
script_1,gemini,base,python,data_manipulation_preprocessing,01_impute_encode_scale,/home/romakrut/PycharmProjects/masters-thesis/task_equivalents/llm_translations/gemini/base/python/data_manipulation_preprocessing/01_impute_encode_scale.py,15,ok,0.173132025,2.803415233,16.192355128,,2.860000000,16.519185286
script_1,gemini,base,python,data_manipulation_preprocessing,01_impute_encode_scale,/home/romakrut/PycharmProjects/masters-thesis/task_equivalents/llm_translations/gemini/base/python/data_manipulation_preprocessing/01_impute_encode_scale.py,16,ok,0.173432826,2.773316922,15.990726704,,2.830000000,16.317556862
script_1,gemini,base,python,data_manipulation_preprocessing,01_impute_encode_scale,/home/romakrut/PycharmProjects/masters-thesis/task_equivalents/llm_translations/gemini/base/python/data_manipulation_preprocessing/01_impute_encode_scale.py,17,ok,0.176598543,2.842282270,16.094596377,,2.900000000,16.421426535
script_1,gemini,base,python,data_manipulation_preprocessing,01_impute_encode_scale,/home/romakrut/PycharmProjects/masters-thesis/task_equivalents/llm_translations/gemini/base/python/data_manipulation_preprocessing/01_impute_encode_scale.py,18,ok,0.173309866,2.793357109,16.117703934,,2.850000000,16.444534092
script_1,gemini,base,python,data_manipulation_preprocessing,01_impute_encode_scale,/home/romakrut/PycharmProjects/masters-thesis/task_equivalents/llm_translations/gemini/base/python/data_manipulation_preprocessing/01_impute_encode_scale.py,19,ok,0.172190240,2.763723037,16.050404696,,2.820000000,16.377234854
script_1,gemini,base,python,data_manipulation_preprocessing,01_impute_encode_scale,/home/romakrut/PycharmProjects/masters-thesis/task_equivalents/llm_translations/gemini/base/python/data_manipulation_preprocessing/01_impute_encode_scale.py,20,ok,0.171947757,2.783802287,16.189814488,,2.840000000,16.516644646
script_1,gemini,base,python,data_manipulation_preprocessing,01_impute_encode_scale,/home/romakrut/PycharmProjects/masters-thesis/task_equivalents/llm_translations/gemini/base/python/data_manipulation_preprocessing/01_impute_encode_scale.py,21,ok,0.171633062,2.723905139,15.870515316,,2.780000000,16.197345474
script_1,gemini,base,python,data_manipulation_preprocessing,01_impute_encode_scale,/home/romakrut/PycharmProjects/masters-thesis/task_equivalents/llm_translations/gemini/base/python/data_manipulation_preprocessing/01_impute_encode_scale.py,22,ok,0.172373945,2.803662996,16.265004530,,2.860000000,16.591834688
script_1,gemini,base,python,data_manipulation_preprocessing,01_impute_encode_scale,/home/romakrut/PycharmProjects/masters-thesis/task_equivalents/llm_translations/gemini/base/python/data_manipulation_preprocessing/01_impute_encode_scale.py,23,ok,0.172905888,2.743489141,15.866950357,,2.800000000,16.193780515
script_1,gemini,base,python,data_manipulation_preprocessing,01_impute_encode_scale,/home/romakrut/PycharmProjects/masters-thesis/task_equivalents/llm_translations/gemini/base/python/data_manipulation_preprocessing/01_impute_encode_scale.py,24,ok,0.173440287,2.763314484,15.932368029,,2.820000000,16.259198187
script_1,gemini,base,python,data_manipulation_preprocessing,01_impute_encode_scale,/home/romakrut/PycharmProjects/masters-thesis/task_equivalents/llm_translations/gemini/base/python/data_manipulation_preprocessing/01_impute_encode_scale.py,25,ok,0.173224677,2.723384951,15.721691612,,2.780000000,16.048521770
script_1,gemini,base,python,data_manipulation_preprocessing,01_impute_encode_scale,/home/romakrut/PycharmProjects/masters-thesis/task_equivalents/llm_translations/gemini/base/python/data_manipulation_preprocessing/01_impute_encode_scale.py,26,ok,0.172957083,2.753472409,15.919974837,,2.810000000,16.246804995
script_1,gemini,base,python,data_manipulation_preprocessing,01_impute_encode_scale,/home/romakrut/PycharmProjects/masters-thesis/task_equivalents/llm_translations/gemini/base/python/data_manipulation_preprocessing/01_impute_encode_scale.py,27,ok,0.171935339,2.793806346,16.249168799,,2.850000000,16.575998957
script_1,gemini,base,python,data_manipulation_preprocessing,01_impute_encode_scale,/home/romakrut/PycharmProjects/masters-thesis/task_equivalents/llm_translations/gemini/base/python/data_manipulation_preprocessing/01_impute_encode_scale.py,28,ok,0.171461198,2.743961310,16.003395180,,2.800000000,16.330225338
script_1,gemini,base,python,data_manipulation_preprocessing,01_impute_encode_scale,/home/romakrut/PycharmProjects/masters-thesis/task_equivalents/llm_translations/gemini/base/python/data_manipulation_preprocessing/01_impute_encode_scale.py,29,ok,0.173035023,2.813446936,16.259407415,,2.870000000,16.586237573
script_1,gemini,base,python,data_manipulation_preprocessing,01_impute_encode_scale,/home/romakrut/PycharmProjects/masters-thesis/task_equivalents/llm_translations/gemini/base/python/data_manipulation_preprocessing/01_impute_encode_scale.py,30,ok,0.174970202,2.802814461,16.018810227,,2.860000000,16.345640385
script_33,gpt,base,python,data_manipulation_preprocessing,01_impute_encode_scale,/home/romakrut/PycharmProjects/masters-thesis/task_equivalents/llm_translations/gpt/base/python/data_manipulation_preprocessing/01_impute_encode_scale.py,1,ok,0.584011439,9.229127449,15.802990888,,9.420000000,16.129821046
script_33,gpt,base,python,data_manipulation_preprocessing,01_impute_encode_scale,/home/romakrut/PycharmProjects/masters-thesis/task_equivalents/llm_translations/gpt/base/python/data_manipulation_preprocessing/01_impute_encode_scale.py,2,ok,0.584893559,9.448839146,16.154801160,,9.640000000,16.481631318
script_33,gpt,base,python,data_manipulation_preprocessing,01_impute_encode_scale,/home/romakrut/PycharmProjects/masters-thesis/task_equivalents/llm_translations/gpt/base/python/data_manipulation_preprocessing/01_impute_encode_scale.py,3,ok,0.583349128,9.269343912,15.889873606,,9.460000000,16.216703764
script_33,gpt,base,python,data_manipulation_preprocessing,01_impute_encode_scale,/home/romakrut/PycharmProjects/masters-thesis/task_equivalents/llm_translations/gpt/base/python/data_manipulation_preprocessing/01_impute_encode_scale.py,4,ok,0.585082499,9.148777394,15.636730564,,9.340000000,15.963560722
script_33,gpt,base,python,data_manipulation_preprocessing,01_impute_encode_scale,/home/romakrut/PycharmProjects/masters-thesis/task_equivalents/llm_translations/gpt/base/python/data_manipulation_preprocessing/01_impute_encode_scale.py,5,ok,0.586918480,9.508177340,16.200166913,,9.700000000,16.526997071
script_33,gpt,base,python,data_manipulation_preprocessing,01_impute_encode_scale,/home/romakrut/PycharmProjects/masters-thesis/task_equivalents/llm_translations/gpt/base/python/data_manipulation_preprocessing/01_impute_encode_scale.py,6,ok,0.584072598,9.139107461,15.647211480,,9.330000000,15.974041638
script_33,gpt,base,python,data_manipulation_preprocessing,01_impute_encode_scale,/home/romakrut/PycharmProjects/masters-thesis/task_equivalents/llm_translations/gpt/base/python/data_manipulation_preprocessing/01_impute_encode_scale.py,7,ok,0.588586407,9.417632212,16.000424236,,9.610000000,16.327254394
script_33,gpt,base,python,data_manipulation_preprocessing,01_impute_encode_scale,/home/romakrut/PycharmProjects/masters-thesis/task_equivalents/llm_translations/gpt/base/python/data_manipulation_preprocessing/01_impute_encode_scale.py,8,ok,0.588025741,9.517815454,16.186052396,,9.710000000,16.512882554
script_33,gpt,base,python,data_manipulation_preprocessing,01_impute_encode_scale,/home/romakrut/PycharmProjects/masters-thesis/task_equivalents/llm_translations/gpt/base/python/data_manipulation_preprocessing/01_impute_encode_scale.py,9,ok,0.583909892,9.219160638,15.788670074,,9.410000000,16.115500232
script_33,gpt,base,python,data_manipulation_preprocessing,01_impute_encode_scale,/home/romakrut/PycharmProjects/masters-thesis/task_equivalents/llm_translations/gpt/base/python/data_manipulation_preprocessing/01_impute_encode_scale.py,10,ok,0.587594744,9.427956317,16.044997702,,9.620000000,16.371827860
script_33,gpt,base,python,data_manipulation_preprocessing,01_impute_encode_scale,/home/romakrut/PycharmProjects/masters-thesis/task_equivalents/llm_translations/gpt/base/python/data_manipulation_preprocessing/01_impute_encode_scale.py,11,ok,0.584776763,9.418877318,16.106791367,,9.610000000,16.433621525
script_33,gpt,base,python,data_manipulation_preprocessing,01_impute_encode_scale,/home/romakrut/PycharmProjects/masters-thesis/task_equivalents/llm_translations/gpt/base/python/data_manipulation_preprocessing/01_impute_encode_scale.py,12,ok,0.587118429,9.238111991,15.734665333,,9.430000000,16.061495491
script_33,gpt,base,python,data_manipulation_preprocessing,01_impute_encode_scale,/home/romakrut/PycharmProjects/masters-thesis/task_equivalents/llm_translations/gpt/base/python/data_manipulation_preprocessing/01_impute_encode_scale.py,13,ok,0.583868529,9.459174156,16.200863185,,9.650000000,16.527693343
script_33,gpt,base,python,data_manipulation_preprocessing,01_impute_encode_scale,/home/romakrut/PycharmProjects/masters-thesis/task_equivalents/llm_translations/gpt/base/python/data_manipulation_preprocessing/01_impute_encode_scale.py,14,ok,0.583721888,9.429222083,16.153620889,,9.620000000,16.480451047
script_33,gpt,base,python,data_manipulation_preprocessing,01_impute_encode_scale,/home/romakrut/PycharmProjects/masters-thesis/task_equivalents/llm_translations/gpt/base/python/data_manipulation_preprocessing/01_impute_encode_scale.py,15,ok,0.587288172,9.488056514,16.155708503,,9.680000000,16.482538661
script_33,gpt,base,python,data_manipulation_preprocessing,01_impute_encode_scale,/home/romakrut/PycharmProjects/masters-thesis/task_equivalents/llm_translations/gpt/base/python/data_manipulation_preprocessing/01_impute_encode_scale.py,16,ok,0.584345520,9.389018261,16.067579779,,9.580000000,16.394409937
script_33,gpt,base,python,data_manipulation_preprocessing,01_impute_encode_scale,/home/romakrut/PycharmProjects/masters-thesis/task_equivalents/llm_translations/gpt/base/python/data_manipulation_preprocessing/01_impute_encode_scale.py,17,ok,0.585781016,9.508549098,16.232258879,,9.700000000,16.559089037
script_33,gpt,base,python,data_manipulation_preprocessing,01_impute_encode_scale,/home/romakrut/PycharmProjects/masters-thesis/task_equivalents/llm_translations/gpt/base/python/data_manipulation_preprocessing/01_impute_encode_scale.py,18,ok,0.585705823,9.358573673,15.978283476,,9.550000000,16.305113634
script_33,gpt,base,python,data_manipulation_preprocessing,01_impute_encode_scale,/home/romakrut/PycharmProjects/masters-thesis/task_equivalents/llm_translations/gpt/base/python/data_manipulation_preprocessing/01_impute_encode_scale.py,19,ok,0.586818115,9.408210143,16.032583014,,9.600000000,16.359413172
script_33,gpt,base,python,data_manipulation_preprocessing,01_impute_encode_scale,/home/romakrut/PycharmProjects/masters-thesis/task_equivalents/llm_translations/gpt/base/python/data_manipulation_preprocessing/01_impute_encode_scale.py,20,ok,0.581926460,9.239808883,15.877966579,,9.430000000,16.204796737
script_33,gpt,base,python,data_manipulation_preprocessing,01_impute_encode_scale,/home/romakrut/PycharmProjects/masters-thesis/task_equivalents/llm_translations/gpt/base/python/data_manipulation_preprocessing/01_impute_encode_scale.py,21,ok,0.585691505,9.458578353,16.149420424,,9.650000000,16.476250582
script_33,gpt,base,python,data_manipulation_preprocessing,01_impute_encode_scale,/home/romakrut/PycharmProjects/masters-thesis/task_equivalents/llm_translations/gpt/base/python/data_manipulation_preprocessing/01_impute_encode_scale.py,22,ok,0.584644800,9.398920448,16.076291874,,9.590000000,16.403122032
script_33,gpt,base,python,data_manipulation_preprocessing,01_impute_encode_scale,/home/romakrut/PycharmProjects/masters-thesis/task_equivalents/llm_translations/gpt/base/python/data_manipulation_preprocessing/01_impute_encode_scale.py,23,ok,0.585264289,9.508717980,16.246878818,,9.700000000,16.573708976
script_33,gpt,base,python,data_manipulation_preprocessing,01_impute_encode_scale,/home/romakrut/PycharmProjects/masters-thesis/task_equivalents/llm_translations/gpt/base/python/data_manipulation_preprocessing/01_impute_encode_scale.py,24,ok,0.582156405,9.339733730,16.043341016,,9.530000000,16.370171174
script_33,gpt,base,python,data_manipulation_preprocessing,01_impute_encode_scale,/home/romakrut/PycharmProjects/masters-thesis/task_equivalents/llm_translations/gpt/base/python/data_manipulation_preprocessing/01_impute_encode_scale.py,25,ok,0.585368035,9.648684073,16.483107200,,9.840000000,16.809937358
script_33,gpt,base,python,data_manipulation_preprocessing,01_impute_encode_scale,/home/romakrut/PycharmProjects/masters-thesis/task_equivalents/llm_translations/gpt/base/python/data_manipulation_preprocessing/01_impute_encode_scale.py,26,ok,0.583801199,9.439196162,16.168511093,,9.630000000,16.495341251
script_33,gpt,base,python,data_manipulation_preprocessing,01_impute_encode_scale,/home/romakrut/PycharmProjects/masters-thesis/task_equivalents/llm_translations/gpt/base/python/data_manipulation_preprocessing/01_impute_encode_scale.py,27,ok,0.582505329,9.399619691,16.136538540,,9.590000000,16.463368698
script_33,gpt,base,python,data_manipulation_preprocessing,01_impute_encode_scale,/home/romakrut/PycharmProjects/masters-thesis/task_equivalents/llm_translations/gpt/base/python/data_manipulation_preprocessing/01_impute_encode_scale.py,28,ok,0.590572746,9.486983016,16.064037971,,9.680000000,16.390868129
script_33,gpt,base,python,data_manipulation_preprocessing,01_impute_encode_scale,/home/romakrut/PycharmProjects/masters-thesis/task_equivalents/llm_translations/gpt/base/python/data_manipulation_preprocessing/01_impute_encode_scale.py,29,ok,0.584760059,9.598882778,16.415079364,,9.790000000,16.741909522
script_33,gpt,base,python,data_manipulation_preprocessing,01_impute_encode_scale,/home/romakrut/PycharmProjects/masters-thesis/task_equivalents/llm_translations/gpt/base/python/data_manipulation_preprocessing/01_impute_encode_scale.py,30,ok,0.585300965,9.558705993,16.331266416,,9.750000000,16.658096574
script_120,starcoder,optimized,python,statistical_modelling_analysis,02_logistic_regression_odds_ratios,/home/romakrut/PycharmProjects/masters-thesis/task_equivalents/llm_translations/starcoder/optimized/python/statistical_modelling_analysis/02_logistic_regression_odds_ratios.py,1,ok,0.630233513,10.134020681,16.079787051,,10.340000000,16.406617209
script_120,starcoder,optimized,python,statistical_modelling_analysis,02_logistic_regression_odds_ratios,/home/romakrut/PycharmProjects/masters-thesis/task_equivalents/llm_translations/starcoder/optimized/python/statistical_modelling_analysis/02_logistic_regression_odds_ratios.py,2,ok,0.634796036,9.962529511,15.694063835,,10.170000000,16.020893993
script_120,starcoder,optimized,python,statistical_modelling_analysis,02_logistic_regression_odds_ratios,/home/romakrut/PycharmProjects/masters-thesis/task_equivalents/llm_translations/starcoder/optimized/python/statistical_modelling_analysis/02_logistic_regression_odds_ratios.py,3,ok,0.630629560,10.133891241,16.069483393,,10.340000000,16.396313551
script_120,starcoder,optimized,python,statistical_modelling_analysis,02_logistic_regression_odds_ratios,/home/romakrut/PycharmProjects/masters-thesis/task_equivalents/llm_translations/starcoder/optimized/python/statistical_modelling_analysis/02_logistic_regression_odds_ratios.py,4,ok,0.632045466,9.863428480,15.605567971,,10.070000000,15.932398129
script_120,starcoder,optimized,python,statistical_modelling_analysis,02_logistic_regression_odds_ratios,/home/romakrut/PycharmProjects/masters-thesis/task_equivalents/llm_translations/starcoder/optimized/python/statistical_modelling_analysis/02_logistic_regression_odds_ratios.py,5,ok,0.633544033,10.092938704,15.930919049,,10.300000000,16.257749207
script_120,starcoder,optimized,python,statistical_modelling_analysis,02_logistic_regression_odds_ratios,/home/romakrut/PycharmProjects/masters-thesis/task_equivalents/llm_translations/starcoder/optimized/python/statistical_modelling_analysis/02_logistic_regression_odds_ratios.py,6,ok,0.630255738,9.994013418,15.857076445,,10.200000000,16.183906603
script_120,starcoder,optimized,python,statistical_modelling_analysis,02_logistic_regression_odds_ratios,/home/romakrut/PycharmProjects/masters-thesis/task_equivalents/llm_translations/starcoder/optimized/python/statistical_modelling_analysis/02_logistic_regression_odds_ratios.py,7,ok,0.631506622,9.913604591,15.698338300,,10.120000000,16.025168458
script_120,starcoder,optimized,python,statistical_modelling_analysis,02_logistic_regression_odds_ratios,/home/romakrut/PycharmProjects/masters-thesis/task_equivalents/llm_translations/starcoder/optimized/python/statistical_modelling_analysis/02_logistic_regression_odds_ratios.py,8,ok,0.636419984,10.011998756,15.731747915,,10.220000000,16.058578073
script_120,starcoder,optimized,python,statistical_modelling_analysis,02_logistic_regression_odds_ratios,/home/romakrut/PycharmProjects/masters-thesis/task_equivalents/llm_translations/starcoder/optimized/python/statistical_modelling_analysis/02_logistic_regression_odds_ratios.py,9,ok,0.629867176,10.164140411,16.136958392,,10.370000000,16.463788550
script_120,starcoder,optimized,python,statistical_modelling_analysis,02_logistic_regression_odds_ratios,/home/romakrut/PycharmProjects/masters-thesis/task_equivalents/llm_translations/starcoder/optimized/python/statistical_modelling_analysis/02_logistic_regression_odds_ratios.py,10,ok,0.630237646,9.934019331,15.762338847,,10.140000000,16.089169005
script_120,starcoder,optimized,python,statistical_modelling_analysis,02_logistic_regression_odds_ratios,/home/romakrut/PycharmProjects/masters-thesis/task_equivalents/llm_translations/starcoder/optimized/python/statistical_modelling_analysis/02_logistic_regression_odds_ratios.py,11,ok,0.635406065,9.952330135,15.662944822,,10.160000000,15.989774980
script_120,starcoder,optimized,python,statistical_modelling_analysis,02_logistic_regression_odds_ratios,/home/romakrut/PycharmProjects/masters-thesis/task_equivalents/llm_translations/starcoder/optimized/python/statistical_modelling_analysis/02_logistic_regression_odds_ratios.py,12,ok,0.629602037,10.114227067,16.064476403,,10.320000000,16.391306561
script_120,starcoder,optimized,python,statistical_modelling_analysis,02_logistic_regression_odds_ratios,/home/romakrut/PycharmProjects/masters-thesis/task_equivalents/llm_translations/starcoder/optimized/python/statistical_modelling_analysis/02_logistic_regression_odds_ratios.py,13,ok,0.634908213,10.132492848,15.958988466,,10.340000000,16.285818624
script_120,starcoder,optimized,python,statistical_modelling_analysis,02_logistic_regression_odds_ratios,/home/romakrut/PycharmProjects/masters-thesis/task_equivalents/llm_translations/starcoder/optimized/python/statistical_modelling_analysis/02_logistic_regression_odds_ratios.py,14,ok,0.635164036,10.102409238,15.905197186,,10.310000000,16.232027344
script_120,starcoder,optimized,python,statistical_modelling_analysis,02_logistic_regression_odds_ratios,/home/romakrut/PycharmProjects/masters-thesis/task_equivalents/llm_translations/starcoder/optimized/python/statistical_modelling_analysis/02_logistic_regression_odds_ratios.py,15,ok,0.630115594,10.154059221,16.114597572,,10.360000000,16.441427730
script_120,starcoder,optimized,python,statistical_modelling_analysis,02_logistic_regression_odds_ratios,/home/romakrut/PycharmProjects/masters-thesis/task_equivalents/llm_translations/starcoder/optimized/python/statistical_modelling_analysis/02_logistic_regression_odds_ratios.py,16,ok,0.634800291,9.982528121,15.725462420,,10.190000000,16.052292578
script_120,starcoder,optimized,python,statistical_modelling_analysis,02_logistic_regression_odds_ratios,/home/romakrut/PycharmProjects/masters-thesis/task_equivalents/llm_translations/starcoder/optimized/python/statistical_modelling_analysis/02_logistic_regression_odds_ratios.py,17,ok,0.630409108,10.153963292,16.106942560,,10.360000000,16.433772718
script_120,starcoder,optimized,python,statistical_modelling_analysis,02_logistic_regression_odds_ratios,/home/romakrut/PycharmProjects/masters-thesis/task_equivalents/llm_translations/starcoder/optimized/python/statistical_modelling_analysis/02_logistic_regression_odds_ratios.py,18,ok,0.628961945,9.954436268,15.826770359,,10.160000000,16.153600517
script_120,starcoder,optimized,python,statistical_modelling_analysis,02_logistic_regression_odds_ratios,/home/romakrut/PycharmProjects/masters-thesis/task_equivalents/llm_translations/starcoder/optimized/python/statistical_modelling_analysis/02_logistic_regression_odds_ratios.py,19,ok,0.636447923,10.001989625,15.715330765,,10.210000000,16.042160923
script_120,starcoder,optimized,python,statistical_modelling_analysis,02_logistic_regression_odds_ratios,/home/romakrut/PycharmProjects/masters-thesis/task_equivalents/llm_translations/starcoder/optimized/python/statistical_modelling_analysis/02_logistic_regression_odds_ratios.py,20,ok,0.630597109,10.293901847,16.324054932,,10.500000000,16.650885090
script_120,starcoder,optimized,python,statistical_modelling_analysis,02_logistic_regression_odds_ratios,/home/romakrut/PycharmProjects/masters-thesis/task_equivalents/llm_translations/starcoder/optimized/python/statistical_modelling_analysis/02_logistic_regression_odds_ratios.py,21,ok,0.629863155,10.034141726,15.930669457,,10.240000000,16.257499615
script_120,starcoder,optimized,python,statistical_modelling_analysis,02_logistic_regression_odds_ratios,/home/romakrut/PycharmProjects/masters-thesis/task_equivalents/llm_translations/starcoder/optimized/python/statistical_modelling_analysis/02_logistic_regression_odds_ratios.py,22,ok,0.634843888,10.032513872,15.803119572,,10.240000000,16.129949730
script_120,starcoder,optimized,python,statistical_modelling_analysis,02_logistic_regression_odds_ratios,/home/romakrut/PycharmProjects/masters-thesis/task_equivalents/llm_translations/starcoder/optimized/python/statistical_modelling_analysis/02_logistic_regression_odds_ratios.py,23,ok,0.630559163,10.023914249,15.896865572,,10.230000000,16.223695730
script_120,starcoder,optimized,python,statistical_modelling_analysis,02_logistic_regression_odds_ratios,/home/romakrut/PycharmProjects/masters-thesis/task_equivalents/llm_translations/starcoder/optimized/python/statistical_modelling_analysis/02_logistic_regression_odds_ratios.py,24,ok,0.630161903,10.254044086,16.272078710,,10.460000000,16.598908868
script_120,starcoder,optimized,python,statistical_modelling_analysis,02_logistic_regression_odds_ratios,/home/romakrut/PycharmProjects/masters-thesis/task_equivalents/llm_translations/starcoder/optimized/python/statistical_modelling_analysis/02_logistic_regression_odds_ratios.py,25,ok,0.636329917,10.152028193,15.954032525,,10.360000000,16.280862683
script_120,starcoder,optimized,python,statistical_modelling_analysis,02_logistic_regression_odds_ratios,/home/romakrut/PycharmProjects/masters-thesis/task_equivalents/llm_translations/starcoder/optimized/python/statistical_modelling_analysis/02_logistic_regression_odds_ratios.py,26,ok,0.631430110,10.003629597,15.842813700,,10.210000000,16.169643858
script_120,starcoder,optimized,python,statistical_modelling_analysis,02_logistic_regression_odds_ratios,/home/romakrut/PycharmProjects/masters-thesis/task_equivalents/llm_translations/starcoder/optimized/python/statistical_modelling_analysis/02_logistic_regression_odds_ratios.py,27,ok,0.631650647,10.303557519,16.312114249,,10.510000000,16.638944407
script_120,starcoder,optimized,python,statistical_modelling_analysis,02_logistic_regression_odds_ratios,/home/romakrut/PycharmProjects/masters-thesis/task_equivalents/llm_translations/starcoder/optimized/python/statistical_modelling_analysis/02_logistic_regression_odds_ratios.py,28,ok,0.633852295,10.092837954,15.923012402,,10.300000000,16.249842560
script_120,starcoder,optimized,python,statistical_modelling_analysis,02_logistic_regression_odds_ratios,/home/romakrut/PycharmProjects/masters-thesis/task_equivalents/llm_translations/starcoder/optimized/python/statistical_modelling_analysis/02_logistic_regression_odds_ratios.py,29,ok,0.630259013,10.134012347,16.079123246,,10.340000000,16.405953404
script_120,starcoder,optimized,python,statistical_modelling_analysis,02_logistic_regression_odds_ratios,/home/romakrut/PycharmProjects/masters-thesis/task_equivalents/llm_translations/starcoder/optimized/python/statistical_modelling_analysis/02_logistic_regression_odds_ratios.py,30,ok,0.636917221,10.111836244,15.876217365,,10.320000000,16.203047523
script_58,gpt,optimized,r,data_manipulation_preprocessing,02_merge_aggregate_reshape,/home/romakrut/PycharmProjects/masters-thesis/task_equivalents/llm_translations/gpt/optimized/r/data_manipulation_preprocessing/02_merge_aggregate_reshape.R,1,ok,0.391781548,6.591953975,16.825585606,,6.720000000,17.152415764
script_58,gpt,optimized,r,data_manipulation_preprocessing,02_merge_aggregate_reshape,/home/romakrut/PycharmProjects/masters-thesis/task_equivalents/llm_translations/gpt/optimized/r/data_manipulation_preprocessing/02_merge_aggregate_reshape.R,2,ok,0.389529154,6.512690125,16.719390726,,6.640000000,17.046220884
script_58,gpt,optimized,r,data_manipulation_preprocessing,02_merge_aggregate_reshape,/home/romakrut/PycharmProjects/masters-thesis/task_equivalents/llm_translations/gpt/optimized/r/data_manipulation_preprocessing/02_merge_aggregate_reshape.R,3,ok,0.394107740,6.571193705,16.673597187,,6.700000000,17.000427345
script_58,gpt,optimized,r,data_manipulation_preprocessing,02_merge_aggregate_reshape,/home/romakrut/PycharmProjects/masters-thesis/task_equivalents/llm_translations/gpt/optimized/r/data_manipulation_preprocessing/02_merge_aggregate_reshape.R,4,ok,0.385144578,6.464123137,16.783627515,,6.590000000,17.110457673
script_58,gpt,optimized,r,data_manipulation_preprocessing,02_merge_aggregate_reshape,/home/romakrut/PycharmProjects/masters-thesis/task_equivalents/llm_translations/gpt/optimized/r/data_manipulation_preprocessing/02_merge_aggregate_reshape.R,5,ok,0.383934184,6.384518730,16.629201035,,6.510000000,16.956031193
script_58,gpt,optimized,r,data_manipulation_preprocessing,02_merge_aggregate_reshape,/home/romakrut/PycharmProjects/masters-thesis/task_equivalents/llm_translations/gpt/optimized/r/data_manipulation_preprocessing/02_merge_aggregate_reshape.R,6,ok,0.385367353,6.544050327,16.981330349,,6.670000000,17.308160507
script_58,gpt,optimized,r,data_manipulation_preprocessing,02_merge_aggregate_reshape,/home/romakrut/PycharmProjects/masters-thesis/task_equivalents/llm_translations/gpt/optimized/r/data_manipulation_preprocessing/02_merge_aggregate_reshape.R,7,ok,0.383654015,6.464610298,16.850104638,,6.590000000,17.176934796
script_58,gpt,optimized,r,data_manipulation_preprocessing,02_merge_aggregate_reshape,/home/romakrut/PycharmProjects/masters-thesis/task_equivalents/llm_translations/gpt/optimized/r/data_manipulation_preprocessing/02_merge_aggregate_reshape.R,8,ok,0.385822993,6.563901410,17.012727415,,6.690000000,17.339557573
script_58,gpt,optimized,r,data_manipulation_preprocessing,02_merge_aggregate_reshape,/home/romakrut/PycharmProjects/masters-thesis/task_equivalents/llm_translations/gpt/optimized/r/data_manipulation_preprocessing/02_merge_aggregate_reshape.R,9,ok,0.384751736,6.484251529,16.853079330,,6.610000000,17.179909488
script_58,gpt,optimized,r,data_manipulation_preprocessing,02_merge_aggregate_reshape,/home/romakrut/PycharmProjects/masters-thesis/task_equivalents/llm_translations/gpt/optimized/r/data_manipulation_preprocessing/02_merge_aggregate_reshape.R,10,ok,0.392524267,6.431711232,16.385512368,,6.560000000,16.712342526
script_58,gpt,optimized,r,data_manipulation_preprocessing,02_merge_aggregate_reshape,/home/romakrut/PycharmProjects/masters-thesis/task_equivalents/llm_translations/gpt/optimized/r/data_manipulation_preprocessing/02_merge_aggregate_reshape.R,11,ok,0.384198266,6.454432420,16.799743755,,6.580000000,17.126573913
script_58,gpt,optimized,r,data_manipulation_preprocessing,02_merge_aggregate_reshape,/home/romakrut/PycharmProjects/masters-thesis/task_equivalents/llm_translations/gpt/optimized/r/data_manipulation_preprocessing/02_merge_aggregate_reshape.R,12,ok,0.385059058,6.554151087,17.021158056,,6.680000000,17.347988214
script_58,gpt,optimized,r,data_manipulation_preprocessing,02_merge_aggregate_reshape,/home/romakrut/PycharmProjects/masters-thesis/task_equivalents/llm_translations/gpt/optimized/r/data_manipulation_preprocessing/02_merge_aggregate_reshape.R,13,ok,0.389494280,6.422701523,16.489848125,,6.550000000,16.816678283
script_58,gpt,optimized,r,data_manipulation_preprocessing,02_merge_aggregate_reshape,/home/romakrut/PycharmProjects/masters-thesis/task_equivalents/llm_translations/gpt/optimized/r/data_manipulation_preprocessing/02_merge_aggregate_reshape.R,14,ok,0.385135818,6.444126000,16.732086964,,6.570000000,17.058917122
script_58,gpt,optimized,r,data_manipulation_preprocessing,02_merge_aggregate_reshape,/home/romakrut/PycharmProjects/masters-thesis/task_equivalents/llm_translations/gpt/optimized/r/data_manipulation_preprocessing/02_merge_aggregate_reshape.R,15,ok,0.383465794,6.434671814,16.780301958,,6.560000000,17.107132116
script_58,gpt,optimized,r,data_manipulation_preprocessing,02_merge_aggregate_reshape,/home/romakrut/PycharmProjects/masters-thesis/task_equivalents/llm_translations/gpt/optimized/r/data_manipulation_preprocessing/02_merge_aggregate_reshape.R,16,ok,0.384654865,6.534283190,16.987392554,,6.660000000,17.314222712
script_58,gpt,optimized,r,data_manipulation_preprocessing,02_merge_aggregate_reshape,/home/romakrut/PycharmProjects/masters-thesis/task_equivalents/llm_translations/gpt/optimized/r/data_manipulation_preprocessing/02_merge_aggregate_reshape.R,17,ok,0.388150458,6.513140724,16.779938269,,6.640000000,17.106768427
script_58,gpt,optimized,r,data_manipulation_preprocessing,02_merge_aggregate_reshape,/home/romakrut/PycharmProjects/masters-thesis/task_equivalents/llm_translations/gpt/optimized/r/data_manipulation_preprocessing/02_merge_aggregate_reshape.R,18,ok,0.392920314,6.591581792,16.775874285,,6.720000000,17.102704443
script_58,gpt,optimized,r,data_manipulation_preprocessing,02_merge_aggregate_reshape,/home/romakrut/PycharmProjects/masters-thesis/task_equivalents/llm_translations/gpt/optimized/r/data_manipulation_preprocessing/02_merge_aggregate_reshape.R,19,ok,0.384776911,6.584243301,17.111846146,,6.710000000,17.438676304
script_58,gpt,optimized,r,data_manipulation_preprocessing,02_merge_aggregate_reshape,/home/romakrut/PycharmProjects/masters-thesis/task_equivalents/llm_translations/gpt/optimized/r/data_manipulation_preprocessing/02_merge_aggregate_reshape.R,20,ok,0.384890610,6.534206141,16.976787615,,6.660000000,17.303617773
script_58,gpt,optimized,r,data_manipulation_preprocessing,02_merge_aggregate_reshape,/home/romakrut/PycharmProjects/masters-thesis/task_equivalents/llm_translations/gpt/optimized/r/data_manipulation_preprocessing/02_merge_aggregate_reshape.R,21,ok,0.382656445,6.434936334,16.816484911,,6.560000000,17.143315069
script_58,gpt,optimized,r,data_manipulation_preprocessing,02_merge_aggregate_reshape,/home/romakrut/PycharmProjects/masters-thesis/task_equivalents/llm_translations/gpt/optimized/r/data_manipulation_preprocessing/02_merge_aggregate_reshape.R,22,ok,0.383772203,6.554571670,17.079328881,,6.680000000,17.406159039
script_58,gpt,optimized,r,data_manipulation_preprocessing,02_merge_aggregate_reshape,/home/romakrut/PycharmProjects/masters-thesis/task_equivalents/llm_translations/gpt/optimized/r/data_manipulation_preprocessing/02_merge_aggregate_reshape.R,23,ok,0.382681200,6.564928243,17.155084292,,6.690000000,17.481914450
script_58,gpt,optimized,r,data_manipulation_preprocessing,02_merge_aggregate_reshape,/home/romakrut/PycharmProjects/masters-thesis/task_equivalents/llm_translations/gpt/optimized/r/data_manipulation_preprocessing/02_merge_aggregate_reshape.R,24,ok,0.383304638,6.644724485,17.335361553,,6.770000000,17.662191711
script_58,gpt,optimized,r,data_manipulation_preprocessing,02_merge_aggregate_reshape,/home/romakrut/PycharmProjects/masters-thesis/task_equivalents/llm_translations/gpt/optimized/r/data_manipulation_preprocessing/02_merge_aggregate_reshape.R,25,ok,0.384944824,6.474188422,16.818484153,,6.600000000,17.145314311
script_58,gpt,optimized,r,data_manipulation_preprocessing,02_merge_aggregate_reshape,/home/romakrut/PycharmProjects/masters-thesis/task_equivalents/llm_translations/gpt/optimized/r/data_manipulation_preprocessing/02_merge_aggregate_reshape.R,26,ok,0.382852184,6.464872360,16.886079355,,6.590000000,17.212909513
script_58,gpt,optimized,r,data_manipulation_preprocessing,02_merge_aggregate_reshape,/home/romakrut/PycharmProjects/masters-thesis/task_equivalents/llm_translations/gpt/optimized/r/data_manipulation_preprocessing/02_merge_aggregate_reshape.R,27,ok,0.384785225,6.514240584,16.929549684,,6.640000000,17.256379842
script_58,gpt,optimized,r,data_manipulation_preprocessing,02_merge_aggregate_reshape,/home/romakrut/PycharmProjects/masters-thesis/task_equivalents/llm_translations/gpt/optimized/r/data_manipulation_preprocessing/02_merge_aggregate_reshape.R,28,ok,0.382463965,6.554999242,17.138867558,,6.680000000,17.465697716
script_58,gpt,optimized,r,data_manipulation_preprocessing,02_merge_aggregate_reshape,/home/romakrut/PycharmProjects/masters-thesis/task_equivalents/llm_translations/gpt/optimized/r/data_manipulation_preprocessing/02_merge_aggregate_reshape.R,29,ok,0.383983434,6.394502634,16.653069032,,6.520000000,16.979899190
script_58,gpt,optimized,r,data_manipulation_preprocessing,02_merge_aggregate_reshape,/home/romakrut/PycharmProjects/masters-thesis/task_equivalents/llm_translations/gpt/optimized/r/data_manipulation_preprocessing/02_merge_aggregate_reshape.R,30,ok,0.388328984,6.703082377,17.261349662,,6.830000000,17.588179820
script_31,gemini,optimized,r,statistical_modelling_analysis,01_linear_regression_inference,/home/romakrut/PycharmProjects/masters-thesis/task_equivalents/llm_translations/gemini/optimized/r/statistical_modelling_analysis/01_linear_regression_inference.R,1,ok,0.086957919,1.481579530,17.037890817,,1.510000000,17.364720975
script_31,gemini,optimized,r,statistical_modelling_analysis,01_linear_regression_inference,/home/romakrut/PycharmProjects/masters-thesis/task_equivalents/llm_translations/gemini/optimized/r/statistical_modelling_analysis/01_linear_regression_inference.R,2,ok,0.096013586,1.508619865,15.712566600,,1.540000000,16.039396758
script_31,gemini,optimized,r,statistical_modelling_analysis,01_linear_regression_inference,/home/romakrut/PycharmProjects/masters-thesis/task_equivalents/llm_translations/gemini/optimized/r/statistical_modelling_analysis/01_linear_regression_inference.R,3,ok,0.096735298,1.548383987,16.006401172,,1.580000000,16.333231330
script_31,gemini,optimized,r,statistical_modelling_analysis,01_linear_regression_inference,/home/romakrut/PycharmProjects/masters-thesis/task_equivalents/llm_translations/gemini/optimized/r/statistical_modelling_analysis/01_linear_regression_inference.R,4,ok,0.088428584,1.401098872,15.844411485,,1.430000000,16.171241643
script_31,gemini,optimized,r,statistical_modelling_analysis,01_linear_regression_inference,/home/romakrut/PycharmProjects/masters-thesis/task_equivalents/llm_translations/gemini/optimized/r/statistical_modelling_analysis/01_linear_regression_inference.R,5,ok,0.088470368,1.431085216,16.175870498,,1.460000000,16.502700656
script_31,gemini,optimized,r,statistical_modelling_analysis,01_linear_regression_inference,/home/romakrut/PycharmProjects/masters-thesis/task_equivalents/llm_translations/gemini/optimized/r/statistical_modelling_analysis/01_linear_regression_inference.R,6,ok,0.087919473,1.421265265,16.165534395,,1.450000000,16.492364553
script_31,gemini,optimized,r,statistical_modelling_analysis,01_linear_regression_inference,/home/romakrut/PycharmProjects/masters-thesis/task_equivalents/llm_translations/gemini/optimized/r/statistical_modelling_analysis/01_linear_regression_inference.R,7,ok,0.087789158,1.421307856,16.190015806,,1.450000000,16.516845964
script_31,gemini,optimized,r,statistical_modelling_analysis,01_linear_regression_inference,/home/romakrut/PycharmProjects/masters-thesis/task_equivalents/llm_translations/gemini/optimized/r/statistical_modelling_analysis/01_linear_regression_inference.R,8,ok,0.087786136,1.421308843,16.190584391,,1.450000000,16.517414549
script_31,gemini,optimized,r,statistical_modelling_analysis,01_linear_regression_inference,/home/romakrut/PycharmProjects/masters-thesis/task_equivalents/llm_translations/gemini/optimized/r/statistical_modelling_analysis/01_linear_regression_inference.R,9,ok,0.088660805,1.451022975,16.366002712,,1.480000000,16.692832870
script_31,gemini,optimized,r,statistical_modelling_analysis,01_linear_regression_inference,/home/romakrut/PycharmProjects/masters-thesis/task_equivalents/llm_translations/gemini/optimized/r/statistical_modelling_analysis/01_linear_regression_inference.R,10,ok,0.087548122,1.441386633,16.463935497,,1.470000000,16.790765655
script_31,gemini,optimized,r,statistical_modelling_analysis,01_linear_regression_inference,/home/romakrut/PycharmProjects/masters-thesis/task_equivalents/llm_translations/gemini/optimized/r/statistical_modelling_analysis/01_linear_regression_inference.R,11,ok,0.088419785,1.491101748,16.863892484,,1.520000000,17.190722642
script_31,gemini,optimized,r,statistical_modelling_analysis,01_linear_regression_inference,/home/romakrut/PycharmProjects/masters-thesis/task_equivalents/llm_translations/gemini/optimized/r/statistical_modelling_analysis/01_linear_regression_inference.R,12,ok,0.088569188,1.411052918,15.931645645,,1.440000000,16.258475803
script_31,gemini,optimized,r,statistical_modelling_analysis,01_linear_regression_inference,/home/romakrut/PycharmProjects/masters-thesis/task_equivalents/llm_translations/gemini/optimized/r/statistical_modelling_analysis/01_linear_regression_inference.R,13,ok,0.087554276,1.411384622,16.120110709,,1.440000000,16.446940867
script_31,gemini,optimized,r,statistical_modelling_analysis,01_linear_regression_inference,/home/romakrut/PycharmProjects/masters-thesis/task_equivalents/llm_translations/gemini/optimized/r/statistical_modelling_analysis/01_linear_regression_inference.R,14,ok,0.087927527,1.421262632,16.164023724,,1.450000000,16.490853882
script_31,gemini,optimized,r,statistical_modelling_analysis,01_linear_regression_inference,/home/romakrut/PycharmProjects/masters-thesis/task_equivalents/llm_translations/gemini/optimized/r/statistical_modelling_analysis/01_linear_regression_inference.R,15,ok,0.087524664,1.441394300,16.468435688,,1.470000000,16.795265846
script_31,gemini,optimized,r,statistical_modelling_analysis,01_linear_regression_inference,/home/romakrut/PycharmProjects/masters-thesis/task_equivalents/llm_translations/gemini/optimized/r/statistical_modelling_analysis/01_linear_regression_inference.R,16,ok,0.087752955,1.381319688,15.741004823,,1.410000000,16.067834981
script_31,gemini,optimized,r,statistical_modelling_analysis,01_linear_regression_inference,/home/romakrut/PycharmProjects/masters-thesis/task_equivalents/llm_translations/gemini/optimized/r/statistical_modelling_analysis/01_linear_regression_inference.R,17,ok,0.088671208,1.441019575,16.251268113,,1.470000000,16.578098271
script_31,gemini,optimized,r,statistical_modelling_analysis,01_linear_regression_inference,/home/romakrut/PycharmProjects/masters-thesis/task_equivalents/llm_translations/gemini/optimized/r/statistical_modelling_analysis/01_linear_regression_inference.R,18,ok,0.088507832,1.441072971,16.281869511,,1.470000000,16.608699669
script_31,gemini,optimized,r,statistical_modelling_analysis,01_linear_regression_inference,/home/romakrut/PycharmProjects/masters-thesis/task_equivalents/llm_translations/gemini/optimized/r/statistical_modelling_analysis/01_linear_regression_inference.R,19,ok,0.088768646,1.420987729,16.007766181,,1.450000000,16.334596339
script_31,gemini,optimized,r,statistical_modelling_analysis,01_linear_regression_inference,/home/romakrut/PycharmProjects/masters-thesis/task_equivalents/llm_translations/gemini/optimized/r/statistical_modelling_analysis/01_linear_regression_inference.R,20,ok,0.088848116,1.420961756,15.993155738,,1.450000000,16.319985896
script_31,gemini,optimized,r,statistical_modelling_analysis,01_linear_regression_inference,/home/romakrut/PycharmProjects/masters-thesis/task_equivalents/llm_translations/gemini/optimized/r/statistical_modelling_analysis/01_linear_regression_inference.R,21,ok,0.087111244,1.451529418,16.662939842,,1.480000000,16.989770000
script_31,gemini,optimized,r,statistical_modelling_analysis,01_linear_regression_inference,/home/romakrut/PycharmProjects/masters-thesis/task_equivalents/llm_translations/gemini/optimized/r/statistical_modelling_analysis/01_linear_regression_inference.R,22,ok,0.088846208,1.400962380,15.768398127,,1.430000000,16.095228285
script_31,gemini,optimized,r,statistical_modelling_analysis,01_linear_regression_inference,/home/romakrut/PycharmProjects/masters-thesis/task_equivalents/llm_translations/gemini/optimized/r/statistical_modelling_analysis/01_linear_regression_inference.R,23,ok,0.088049847,1.441222655,16.368258477,,1.470000000,16.695088635
script_31,gemini,optimized,r,statistical_modelling_analysis,01_linear_regression_inference,/home/romakrut/PycharmProjects/masters-thesis/task_equivalents/llm_translations/gemini/optimized/r/statistical_modelling_analysis/01_linear_regression_inference.R,24,ok,0.087599774,1.441369752,16.454035053,,1.470000000,16.780865211
script_31,gemini,optimized,r,statistical_modelling_analysis,01_linear_regression_inference,/home/romakrut/PycharmProjects/masters-thesis/task_equivalents/llm_translations/gemini/optimized/r/statistical_modelling_analysis/01_linear_regression_inference.R,25,ok,0.088199527,1.451173735,16.453305182,,1.480000000,16.780135340
script_31,gemini,optimized,r,statistical_modelling_analysis,01_linear_regression_inference,/home/romakrut/PycharmProjects/masters-thesis/task_equivalents/llm_translations/gemini/optimized/r/statistical_modelling_analysis/01_linear_regression_inference.R,26,ok,0.086462833,1.491741339,17.252977804,,1.520000000,17.579807962
script_31,gemini,optimized,r,statistical_modelling_analysis,01_linear_regression_inference,/home/romakrut/PycharmProjects/masters-thesis/task_equivalents/llm_translations/gemini/optimized/r/statistical_modelling_analysis/01_linear_regression_inference.R,27,ok,0.087779713,1.431310943,16.305714539,,1.460000000,16.632544697
script_31,gemini,optimized,r,statistical_modelling_analysis,01_linear_regression_inference,/home/romakrut/PycharmProjects/masters-thesis/task_equivalents/llm_translations/gemini/optimized/r/statistical_modelling_analysis/01_linear_regression_inference.R,28,ok,0.087440961,1.391421657,15.912698591,,1.420000000,16.239528749
script_31,gemini,optimized,r,statistical_modelling_analysis,01_linear_regression_inference,/home/romakrut/PycharmProjects/masters-thesis/task_equivalents/llm_translations/gemini/optimized/r/statistical_modelling_analysis/01_linear_regression_inference.R,29,ok,0.087550247,1.431385939,16.349307832,,1.460000000,16.676137990
script_31,gemini,optimized,r,statistical_modelling_analysis,01_linear_regression_inference,/home/romakrut/PycharmProjects/masters-thesis/task_equivalents/llm_translations/gemini/optimized/r/statistical_modelling_analysis/01_linear_regression_inference.R,30,ok,0.087375081,1.431443188,16.382739473,,1.460000000,16.709569631
script_28,gemini,optimized,r,data_visualization,02_distribution_boxplot,/home/romakrut/PycharmProjects/masters-thesis/task_equivalents/llm_translations/gemini/optimized/r/data_visualization/02_distribution_boxplot.R,1,ok,0.104589217,1.795817090,17.170193460,,1.830000000,17.497023618
script_28,gemini,optimized,r,data_visualization,02_distribution_boxplot,/home/romakrut/PycharmProjects/masters-thesis/task_equivalents/llm_translations/gemini/optimized/r/data_visualization/02_distribution_boxplot.R,2,ok,0.102510958,1.626496327,15.866560601,,1.660000000,16.193390759
script_28,gemini,optimized,r,data_visualization,02_distribution_boxplot,/home/romakrut/PycharmProjects/masters-thesis/task_equivalents/llm_translations/gemini/optimized/r/data_visualization/02_distribution_boxplot.R,3,ok,0.102543567,1.616485670,15.763891554,,1.650000000,16.090721712
script_28,gemini,optimized,r,data_visualization,02_distribution_boxplot,/home/romakrut/PycharmProjects/masters-thesis/task_equivalents/llm_translations/gemini/optimized/r/data_visualization/02_distribution_boxplot.R,4,ok,0.104369706,1.675888832,16.057234390,,1.710000000,16.384064548
script_28,gemini,optimized,r,data_visualization,02_distribution_boxplot,/home/romakrut/PycharmProjects/masters-thesis/task_equivalents/llm_translations/gemini/optimized/r/data_visualization/02_distribution_boxplot.R,5,ok,0.104423632,1.655871208,15.857245876,,1.690000000,16.184076034
script_28,gemini,optimized,r,data_visualization,02_distribution_boxplot,/home/romakrut/PycharmProjects/masters-thesis/task_equivalents/llm_translations/gemini/optimized/r/data_visualization/02_distribution_boxplot.R,6,ok,0.103879037,1.646049198,15.845826506,,1.680000000,16.172656664
script_28,gemini,optimized,r,data_visualization,02_distribution_boxplot,/home/romakrut/PycharmProjects/masters-thesis/task_equivalents/llm_translations/gemini/optimized/r/data_visualization/02_distribution_boxplot.R,7,ok,0.105876096,1.675396499,15.824124256,,1.710000000,16.150954414
script_28,gemini,optimized,r,data_visualization,02_distribution_boxplot,/home/romakrut/PycharmProjects/masters-thesis/task_equivalents/llm_translations/gemini/optimized/r/data_visualization/02_distribution_boxplot.R,8,ok,0.104246333,1.645929155,15.788844625,,1.680000000,16.115674783
script_28,gemini,optimized,r,data_visualization,02_distribution_boxplot,/home/romakrut/PycharmProjects/masters-thesis/task_equivalents/llm_translations/gemini/optimized/r/data_visualization/02_distribution_boxplot.R,9,ok,0.103084396,1.636308911,15.873487880,,1.670000000,16.200318038
script_28,gemini,optimized,r,data_visualization,02_distribution_boxplot,/home/romakrut/PycharmProjects/masters-thesis/task_equivalents/llm_translations/gemini/optimized/r/data_visualization/02_distribution_boxplot.R,10,ok,0.103097875,1.616304505,15.677379434,,1.650000000,16.004209592
script_28,gemini,optimized,r,data_visualization,02_distribution_boxplot,/home/romakrut/PycharmProjects/masters-thesis/task_equivalents/llm_translations/gemini/optimized/r/data_visualization/02_distribution_boxplot.R,11,ok,0.103940464,1.706029122,16.413522281,,1.740000000,16.740352439
script_28,gemini,optimized,r,data_visualization,02_distribution_boxplot,/home/romakrut/PycharmProjects/masters-thesis/task_equivalents/llm_translations/gemini/optimized/r/data_visualization/02_distribution_boxplot.R,12,ok,0.104207808,1.665941746,15.986726692,,1.700000000,16.313556850
script_28,gemini,optimized,r,data_visualization,02_distribution_boxplot,/home/romakrut/PycharmProjects/masters-thesis/task_equivalents/llm_translations/gemini/optimized/r/data_visualization/02_distribution_boxplot.R,13,ok,0.104124778,1.685968882,16.191812504,,1.720000000,16.518642662
script_28,gemini,optimized,r,data_visualization,02_distribution_boxplot,/home/romakrut/PycharmProjects/masters-thesis/task_equivalents/llm_translations/gemini/optimized/r/data_visualization/02_distribution_boxplot.R,14,ok,0.104394848,1.695880615,16.244868859,,1.730000000,16.571699017
script_28,gemini,optimized,r,data_visualization,02_distribution_boxplot,/home/romakrut/PycharmProjects/masters-thesis/task_equivalents/llm_translations/gemini/optimized/r/data_visualization/02_distribution_boxplot.R,15,ok,0.103566887,1.646151218,15.894570800,,1.680000000,16.221400958
script_28,gemini,optimized,r,data_visualization,02_distribution_boxplot,/home/romakrut/PycharmProjects/masters-thesis/task_equivalents/llm_translations/gemini/optimized/r/data_visualization/02_distribution_boxplot.R,16,ok,0.102354089,1.676547597,16.379879039,,1.710000000,16.706709197
script_28,gemini,optimized,r,data_visualization,02_distribution_boxplot,/home/romakrut/PycharmProjects/masters-thesis/task_equivalents/llm_translations/gemini/optimized/r/data_visualization/02_distribution_boxplot.R,17,ok,0.102021735,1.616656220,15.846194149,,1.650000000,16.173024307
script_28,gemini,optimized,r,data_visualization,02_distribution_boxplot,/home/romakrut/PycharmProjects/masters-thesis/task_equivalents/llm_translations/gemini/optimized/r/data_visualization/02_distribution_boxplot.R,18,ok,0.103099429,1.686303997,16.356094439,,1.720000000,16.682924597
script_28,gemini,optimized,r,data_visualization,02_distribution_boxplot,/home/romakrut/PycharmProjects/masters-thesis/task_equivalents/llm_translations/gemini/optimized/r/data_visualization/02_distribution_boxplot.R,19,ok,0.103509883,1.706169849,16.483158894,,1.740000000,16.809989052
script_28,gemini,optimized,r,data_visualization,02_distribution_boxplot,/home/romakrut/PycharmProjects/masters-thesis/task_equivalents/llm_translations/gemini/optimized/r/data_visualization/02_distribution_boxplot.R,20,ok,0.103792170,1.686077589,16.244747448,,1.720000000,16.571577606
script_28,gemini,optimized,r,data_visualization,02_distribution_boxplot,/home/romakrut/PycharmProjects/masters-thesis/task_equivalents/llm_translations/gemini/optimized/r/data_visualization/02_distribution_boxplot.R,21,ok,0.105397309,1.765552981,16.751404733,,1.800000000,17.078234891
script_28,gemini,optimized,r,data_visualization,02_distribution_boxplot,/home/romakrut/PycharmProjects/masters-thesis/task_equivalents/llm_translations/gemini/optimized/r/data_visualization/02_distribution_boxplot.R,22,ok,0.105233715,1.695606448,16.112768121,,1.730000000,16.439598279
script_28,gemini,optimized,r,data_visualization,02_distribution_boxplot,/home/romakrut/PycharmProjects/masters-thesis/task_equivalents/llm_translations/gemini/optimized/r/data_visualization/02_distribution_boxplot.R,23,ok,0.104532093,1.675835760,16.031782311,,1.710000000,16.358612469
script_28,gemini,optimized,r,data_visualization,02_distribution_boxplot,/home/romakrut/PycharmProjects/masters-thesis/task_equivalents/llm_translations/gemini/optimized/r/data_visualization/02_distribution_boxplot.R,24,ok,0.104311776,1.685907766,16.162199805,,1.720000000,16.489029963
script_28,gemini,optimized,r,data_visualization,02_distribution_boxplot,/home/romakrut/PycharmProjects/masters-thesis/task_equivalents/llm_translations/gemini/optimized/r/data_visualization/02_distribution_boxplot.R,25,ok,0.103751985,1.666090722,16.058398520,,1.700000000,16.385228678
script_28,gemini,optimized,r,data_visualization,02_distribution_boxplot,/home/romakrut/PycharmProjects/masters-thesis/task_equivalents/llm_translations/gemini/optimized/r/data_visualization/02_distribution_boxplot.R,26,ok,0.103528378,1.706163804,16.480155845,,1.740000000,16.806986003
script_28,gemini,optimized,r,data_visualization,02_distribution_boxplot,/home/romakrut/PycharmProjects/masters-thesis/task_equivalents/llm_translations/gemini/optimized/r/data_visualization/02_distribution_boxplot.R,27,ok,0.102407958,1.606529991,15.687550287,,1.640000000,16.014380445
script_28,gemini,optimized,r,data_visualization,02_distribution_boxplot,/home/romakrut/PycharmProjects/masters-thesis/task_equivalents/llm_translations/gemini/optimized/r/data_visualization/02_distribution_boxplot.R,28,ok,0.103895336,1.716043871,16.517044335,,1.750000000,16.843874493
script_28,gemini,optimized,r,data_visualization,02_distribution_boxplot,/home/romakrut/PycharmProjects/masters-thesis/task_equivalents/llm_translations/gemini/optimized/r/data_visualization/02_distribution_boxplot.R,29,ok,0.104357264,1.695892899,16.250837114,,1.730000000,16.577667272
script_28,gemini,optimized,r,data_visualization,02_distribution_boxplot,/home/romakrut/PycharmProjects/masters-thesis/task_equivalents/llm_translations/gemini/optimized/r/data_visualization/02_distribution_boxplot.R,30,ok,0.104370293,1.695888641,16.248767651,,1.730000000,16.575597809
script_48,gpt,base,r,statistical_modelling_analysis,02_logistic_regression_odds_ratios,/home/romakrut/PycharmProjects/masters-thesis/task_equivalents/llm_translations/gpt/base/r/statistical_modelling_analysis/02_logistic_regression_odds_ratios.R,1,ok,0.411198194,6.935608029,16.866825123,,7.070000000,17.193655281
script_48,gpt,base,r,statistical_modelling_analysis,02_logistic_regression_odds_ratios,/home/romakrut/PycharmProjects/masters-thesis/task_equivalents/llm_translations/gpt/base/r/statistical_modelling_analysis/02_logistic_regression_odds_ratios.R,2,ok,0.423301267,6.881652380,16.257103195,,7.020000000,16.583933353
script_48,gpt,base,r,statistical_modelling_analysis,02_logistic_regression_odds_ratios,/home/romakrut/PycharmProjects/masters-thesis/task_equivalents/llm_translations/gpt/base/r/statistical_modelling_analysis/02_logistic_regression_odds_ratios.R,3,ok,0.412318157,6.975241992,16.917135162,,7.110000000,17.243965320
script_48,gpt,base,r,statistical_modelling_analysis,02_logistic_regression_odds_ratios,/home/romakrut/PycharmProjects/masters-thesis/task_equivalents/llm_translations/gpt/base/r/statistical_modelling_analysis/02_logistic_regression_odds_ratios.R,4,ok,0.421735753,6.742164037,15.986702548,,6.880000000,16.313532706
script_48,gpt,base,r,statistical_modelling_analysis,02_logistic_regression_odds_ratios,/home/romakrut/PycharmProjects/masters-thesis/task_equivalents/llm_translations/gpt/base/r/statistical_modelling_analysis/02_logistic_regression_odds_ratios.R,5,ok,0.422976687,6.891758463,16.293471187,,7.030000000,16.620301345
script_48,gpt,base,r,statistical_modelling_analysis,02_logistic_regression_odds_ratios,/home/romakrut/PycharmProjects/masters-thesis/task_equivalents/llm_translations/gpt/base/r/statistical_modelling_analysis/02_logistic_regression_odds_ratios.R,6,ok,0.423137314,6.881705965,16.263528971,,7.020000000,16.590359129
script_48,gpt,base,r,statistical_modelling_analysis,02_logistic_regression_odds_ratios,/home/romakrut/PycharmProjects/masters-thesis/task_equivalents/llm_translations/gpt/base/r/statistical_modelling_analysis/02_logistic_regression_odds_ratios.R,7,ok,0.424386389,6.981297729,16.450333730,,7.120000000,16.777163888
script_48,gpt,base,r,statistical_modelling_analysis,02_logistic_regression_odds_ratios,/home/romakrut/PycharmProjects/masters-thesis/task_equivalents/llm_translations/gpt/base/r/statistical_modelling_analysis/02_logistic_regression_odds_ratios.R,8,ok,0.415322202,6.984260179,16.816486442,,7.120000000,17.143316600
script_48,gpt,base,r,statistical_modelling_analysis,02_logistic_regression_odds_ratios,/home/romakrut/PycharmProjects/masters-thesis/task_equivalents/llm_translations/gpt/base/r/statistical_modelling_analysis/02_logistic_regression_odds_ratios.R,9,ok,0.413229753,6.924944055,16.758096445,,7.060000000,17.084926603
script_48,gpt,base,r,statistical_modelling_analysis,02_logistic_regression_odds_ratios,/home/romakrut/PycharmProjects/masters-thesis/task_equivalents/llm_translations/gpt/base/r/statistical_modelling_analysis/02_logistic_regression_odds_ratios.R,10,ok,0.411363448,6.955554019,16.908536850,,7.090000000,17.235367008
script_48,gpt,base,r,statistical_modelling_analysis,02_logistic_regression_odds_ratios,/home/romakrut/PycharmProjects/masters-thesis/task_equivalents/llm_translations/gpt/base/r/statistical_modelling_analysis/02_logistic_regression_odds_ratios.R,11,ok,0.414636493,7.124484289,17.182482511,,7.260000000,17.509312669
script_48,gpt,base,r,statistical_modelling_analysis,02_logistic_regression_odds_ratios,/home/romakrut/PycharmProjects/masters-thesis/task_equivalents/llm_translations/gpt/base/r/statistical_modelling_analysis/02_logistic_regression_odds_ratios.R,12,ok,0.412563444,6.895161824,16.712973301,,7.030000000,17.039803459
script_48,gpt,base,r,statistical_modelling_analysis,02_logistic_regression_odds_ratios,/home/romakrut/PycharmProjects/masters-thesis/task_equivalents/llm_translations/gpt/base/r/statistical_modelling_analysis/02_logistic_regression_odds_ratios.R,13,ok,0.411042168,6.755659023,16.435440325,,6.890000000,16.762270483
script_48,gpt,base,r,statistical_modelling_analysis,02_logistic_regression_odds_ratios,/home/romakrut/PycharmProjects/masters-thesis/task_equivalents/llm_translations/gpt/base/r/statistical_modelling_analysis/02_logistic_regression_odds_ratios.R,14,ok,0.413903264,7.014723931,16.947737650,,7.150000000,17.274567808
script_48,gpt,base,r,statistical_modelling_analysis,02_logistic_regression_odds_ratios,/home/romakrut/PycharmProjects/masters-thesis/task_equivalents/llm_translations/gpt/base/r/statistical_modelling_analysis/02_logistic_regression_odds_ratios.R,15,ok,0.411624039,6.975468850,16.946213509,,7.110000000,17.273043667
script_48,gpt,base,r,statistical_modelling_analysis,02_logistic_regression_odds_ratios,/home/romakrut/PycharmProjects/masters-thesis/task_equivalents/llm_translations/gpt/base/r/statistical_modelling_analysis/02_logistic_regression_odds_ratios.R,16,ok,0.411639099,7.045463928,17.115633440,,7.180000000,17.442463598
script_48,gpt,base,r,statistical_modelling_analysis,02_logistic_regression_odds_ratios,/home/romakrut/PycharmProjects/masters-thesis/task_equivalents/llm_translations/gpt/base/r/statistical_modelling_analysis/02_logistic_regression_odds_ratios.R,17,ok,0.412072051,6.985322426,16.951701552,,7.120000000,17.278531710
script_48,gpt,base,r,statistical_modelling_analysis,02_logistic_regression_odds_ratios,/home/romakrut/PycharmProjects/masters-thesis/task_equivalents/llm_translations/gpt/base/r/statistical_modelling_analysis/02_logistic_regression_odds_ratios.R,18,ok,0.412973211,6.875027900,16.647636498,,7.010000000,16.974466656
script_48,gpt,base,r,statistical_modelling_analysis,02_logistic_regression_odds_ratios,/home/romakrut/PycharmProjects/masters-thesis/task_equivalents/llm_translations/gpt/base/r/statistical_modelling_analysis/02_logistic_regression_odds_ratios.R,19,ok,0.410165441,7.005945564,17.080779763,,7.140000000,17.407609921
script_48,gpt,base,r,statistical_modelling_analysis,02_logistic_regression_odds_ratios,/home/romakrut/PycharmProjects/masters-thesis/task_equivalents/llm_translations/gpt/base/r/statistical_modelling_analysis/02_logistic_regression_odds_ratios.R,20,ok,0.424176638,6.961366282,16.411479697,,7.100000000,16.738309855
script_48,gpt,base,r,statistical_modelling_analysis,02_logistic_regression_odds_ratios,/home/romakrut/PycharmProjects/masters-thesis/task_equivalents/llm_translations/gpt/base/r/statistical_modelling_analysis/02_logistic_regression_odds_ratios.R,21,ok,0.412339359,7.045235062,17.086011579,,7.180000000,17.412841737
script_48,gpt,base,r,statistical_modelling_analysis,02_logistic_regression_odds_ratios,/home/romakrut/PycharmProjects/masters-thesis/task_equivalents/llm_translations/gpt/base/r/statistical_modelling_analysis/02_logistic_regression_odds_ratios.R,22,ok,0.413134012,6.944975346,16.810466202,,7.080000000,17.137296360
script_48,gpt,base,r,statistical_modelling_analysis,02_logistic_regression_odds_ratios,/home/romakrut/PycharmProjects/masters-thesis/task_equivalents/llm_translations/gpt/base/r/statistical_modelling_analysis/02_logistic_regression_odds_ratios.R,23,ok,0.420883358,7.172442626,17.041402301,,7.310000000,17.368232459
script_48,gpt,base,r,statistical_modelling_analysis,02_logistic_regression_odds_ratios,/home/romakrut/PycharmProjects/masters-thesis/task_equivalents/llm_translations/gpt/base/r/statistical_modelling_analysis/02_logistic_regression_odds_ratios.R,24,ok,0.412294131,6.885249844,16.699849273,,7.020000000,17.026679431
script_48,gpt,base,r,statistical_modelling_analysis,02_logistic_regression_odds_ratios,/home/romakrut/PycharmProjects/masters-thesis/task_equivalents/llm_translations/gpt/base/r/statistical_modelling_analysis/02_logistic_regression_odds_ratios.R,25,ok,0.413663525,7.064802285,17.078620323,,7.200000000,17.405450481
script_48,gpt,base,r,statistical_modelling_analysis,02_logistic_regression_odds_ratios,/home/romakrut/PycharmProjects/masters-thesis/task_equivalents/llm_translations/gpt/base/r/statistical_modelling_analysis/02_logistic_regression_odds_ratios.R,26,ok,0.423486673,7.121591784,16.816566465,,7.260000000,17.143396623
script_48,gpt,base,r,statistical_modelling_analysis,02_logistic_regression_odds_ratios,/home/romakrut/PycharmProjects/masters-thesis/task_equivalents/llm_translations/gpt/base/r/statistical_modelling_analysis/02_logistic_regression_odds_ratios.R,27,ok,0.412132120,6.975302794,16.924919111,,7.110000000,17.251749269
script_48,gpt,base,r,statistical_modelling_analysis,02_logistic_regression_odds_ratios,/home/romakrut/PycharmProjects/masters-thesis/task_equivalents/llm_translations/gpt/base/r/statistical_modelling_analysis/02_logistic_regression_odds_ratios.R,28,ok,0.425833394,7.100824805,16.675124367,,7.240000000,17.001954525
script_48,gpt,base,r,statistical_modelling_analysis,02_logistic_regression_odds_ratios,/home/romakrut/PycharmProjects/masters-thesis/task_equivalents/llm_translations/gpt/base/r/statistical_modelling_analysis/02_logistic_regression_odds_ratios.R,29,ok,0.414405408,6.964559815,16.806150886,,7.100000000,17.132981044
script_48,gpt,base,r,statistical_modelling_analysis,02_logistic_regression_odds_ratios,/home/romakrut/PycharmProjects/masters-thesis/task_equivalents/llm_translations/gpt/base/r/statistical_modelling_analysis/02_logistic_regression_odds_ratios.R,30,ok,0.410653009,6.985786212,17.011408803,,7.120000000,17.338238961
script_100,starcoder,base,python,data_visualization,02_distribution_boxplot,/home/romakrut/PycharmProjects/masters-thesis/task_equivalents/llm_translations/starcoder/base/python/data_visualization/02_distribution_boxplot.py,1,ok,0.418831276,6.603113308,15.765568825,,6.740000000,16.092398983
script_100,starcoder,base,python,data_visualization,02_distribution_boxplot,/home/romakrut/PycharmProjects/masters-thesis/task_equivalents/llm_translations/starcoder/base/python/data_visualization/02_distribution_boxplot.py,2,ok,0.419699365,6.732829590,16.042029490,,6.870000000,16.368859648
script_100,starcoder,base,python,data_visualization,02_distribution_boxplot,/home/romakrut/PycharmProjects/masters-thesis/task_equivalents/llm_translations/starcoder/base/python/data_visualization/02_distribution_boxplot.py,3,ok,0.418599266,6.643189136,15.870044874,,6.780000000,16.196875032
script_100,starcoder,base,python,data_visualization,02_distribution_boxplot,/home/romakrut/PycharmProjects/masters-thesis/task_equivalents/llm_translations/starcoder/base/python/data_visualization/02_distribution_boxplot.py,4,ok,0.420744005,6.662488170,15.835016284,,6.800000000,16.161846442
script_100,starcoder,base,python,data_visualization,02_distribution_boxplot,/home/romakrut/PycharmProjects/masters-thesis/task_equivalents/llm_translations/starcoder/base/python/data_visualization/02_distribution_boxplot.py,5,ok,0.419644703,6.682847455,15.925013250,,6.820000000,16.251843408
script_100,starcoder,base,python,data_visualization,02_distribution_boxplot,/home/romakrut/PycharmProjects/masters-thesis/task_equivalents/llm_translations/starcoder/base/python/data_visualization/02_distribution_boxplot.py,6,ok,0.419520369,6.602888092,15.739135879,,6.740000000,16.065966037
script_100,starcoder,base,python,data_visualization,02_distribution_boxplot,/home/romakrut/PycharmProjects/masters-thesis/task_equivalents/llm_translations/starcoder/base/python/data_visualization/02_distribution_boxplot.py,7,ok,0.418823123,6.643115973,15.861387798,,6.780000000,16.188217956
script_100,starcoder,base,python,data_visualization,02_distribution_boxplot,/home/romakrut/PycharmProjects/masters-thesis/task_equivalents/llm_translations/starcoder/base/python/data_visualization/02_distribution_boxplot.py,8,ok,0.418942318,6.553077016,15.641955311,,6.690000000,15.968785469
script_100,starcoder,base,python,data_visualization,02_distribution_boxplot,/home/romakrut/PycharmProjects/masters-thesis/task_equivalents/llm_translations/starcoder/base/python/data_visualization/02_distribution_boxplot.py,9,ok,0.419607948,6.632859468,15.807277960,,6.770000000,16.134108118
script_100,starcoder,base,python,data_visualization,02_distribution_boxplot,/home/romakrut/PycharmProjects/masters-thesis/task_equivalents/llm_translations/starcoder/base/python/data_visualization/02_distribution_boxplot.py,10,ok,0.418106542,6.493350173,15.530372095,,6.630000000,15.857202253
script_100,starcoder,base,python,data_visualization,02_distribution_boxplot,/home/romakrut/PycharmProjects/masters-thesis/task_equivalents/llm_translations/starcoder/base/python/data_visualization/02_distribution_boxplot.py,11,ok,0.419236228,6.682980957,15.940847930,,6.820000000,16.267678088
script_100,starcoder,base,python,data_visualization,02_distribution_boxplot,/home/romakrut/PycharmProjects/masters-thesis/task_equivalents/llm_translations/starcoder/base/python/data_visualization/02_distribution_boxplot.py,12,ok,0.420060100,6.772711691,16.123196874,,6.910000000,16.450027032
script_100,starcoder,base,python,data_visualization,02_distribution_boxplot,/home/romakrut/PycharmProjects/masters-thesis/task_equivalents/llm_translations/starcoder/base/python/data_visualization/02_distribution_boxplot.py,13,ok,0.419689278,6.682832887,15.923287149,,6.820000000,16.250117307
script_100,starcoder,base,python,data_visualization,02_distribution_boxplot,/home/romakrut/PycharmProjects/masters-thesis/task_equivalents/llm_translations/starcoder/base/python/data_visualization/02_distribution_boxplot.py,14,ok,0.419948387,6.852748202,16.318072445,,6.990000000,16.644902603
script_100,starcoder,base,python,data_visualization,02_distribution_boxplot,/home/romakrut/PycharmProjects/masters-thesis/task_equivalents/llm_translations/starcoder/base/python/data_visualization/02_distribution_boxplot.py,15,ok,0.418641380,6.633175372,15.844528727,,6.770000000,16.171358885
script_100,starcoder,base,python,data_visualization,02_distribution_boxplot,/home/romakrut/PycharmProjects/masters-thesis/task_equivalents/llm_translations/starcoder/base/python/data_visualization/02_distribution_boxplot.py,16,ok,0.421320520,6.702299748,15.907840776,,6.840000000,16.234670934
script_100,starcoder,base,python,data_visualization,02_distribution_boxplot,/home/romakrut/PycharmProjects/masters-thesis/task_equivalents/llm_translations/starcoder/base/python/data_visualization/02_distribution_boxplot.py,17,ok,0.421430966,6.752263651,16.022229488,,6.890000000,16.349059646
script_100,starcoder,base,python,data_visualization,02_distribution_boxplot,/home/romakrut/PycharmProjects/masters-thesis/task_equivalents/llm_translations/starcoder/base/python/data_visualization/02_distribution_boxplot.py,18,ok,0.422607480,6.791879131,16.071365160,,6.930000000,16.398195318
script_100,starcoder,base,python,data_visualization,02_distribution_boxplot,/home/romakrut/PycharmProjects/masters-thesis/task_equivalents/llm_translations/starcoder/base/python/data_visualization/02_distribution_boxplot.py,19,ok,0.418640817,6.653175556,15.892324125,,6.790000000,16.219154283
script_100,starcoder,base,python,data_visualization,02_distribution_boxplot,/home/romakrut/PycharmProjects/masters-thesis/task_equivalents/llm_translations/starcoder/base/python/data_visualization/02_distribution_boxplot.py,20,ok,0.419871397,6.892773365,16.416391815,,7.030000000,16.743221973
script_100,starcoder,base,python,data_visualization,02_distribution_boxplot,/home/romakrut/PycharmProjects/masters-thesis/task_equivalents/llm_translations/starcoder/base/python/data_visualization/02_distribution_boxplot.py,21,ok,0.420095494,6.672700123,15.883769806,,6.810000000,16.210599964
script_100,starcoder,base,python,data_visualization,02_distribution_boxplot,/home/romakrut/PycharmProjects/masters-thesis/task_equivalents/llm_translations/starcoder/base/python/data_visualization/02_distribution_boxplot.py,22,ok,0.419091380,6.763028298,16.137359585,,6.900000000,16.464189743
script_100,starcoder,base,python,data_visualization,02_distribution_boxplot,/home/romakrut/PycharmProjects/masters-thesis/task_equivalents/llm_translations/starcoder/base/python/data_visualization/02_distribution_boxplot.py,23,ok,0.420124050,6.872690790,16.358717837,,7.010000000,16.685547995
script_100,starcoder,base,python,data_visualization,02_distribution_boxplot,/home/romakrut/PycharmProjects/masters-thesis/task_equivalents/llm_translations/starcoder/base/python/data_visualization/02_distribution_boxplot.py,24,ok,0.417839524,6.753437442,16.162754011,,6.890000000,16.489584169
script_100,starcoder,base,python,data_visualization,02_distribution_boxplot,/home/romakrut/PycharmProjects/masters-thesis/task_equivalents/llm_translations/starcoder/base/python/data_visualization/02_distribution_boxplot.py,25,ok,0.419111327,6.833021779,16.303596058,,6.970000000,16.630426216
script_100,starcoder,base,python,data_visualization,02_distribution_boxplot,/home/romakrut/PycharmProjects/masters-thesis/task_equivalents/llm_translations/starcoder/base/python/data_visualization/02_distribution_boxplot.py,26,ok,0.419726290,6.732820790,16.040979445,,6.870000000,16.367809603
script_100,starcoder,base,python,data_visualization,02_distribution_boxplot,/home/romakrut/PycharmProjects/masters-thesis/task_equivalents/llm_translations/starcoder/base/python/data_visualization/02_distribution_boxplot.py,27,ok,0.417744564,6.713468478,16.070750063,,6.850000000,16.397580221
script_100,starcoder,base,python,data_visualization,02_distribution_boxplot,/home/romakrut/PycharmProjects/masters-thesis/task_equivalents/llm_translations/starcoder/base/python/data_visualization/02_distribution_boxplot.py,28,ok,0.419694287,6.762831250,16.113708143,,6.900000000,16.440538301
script_100,starcoder,base,python,data_visualization,02_distribution_boxplot,/home/romakrut/PycharmProjects/masters-thesis/task_equivalents/llm_translations/starcoder/base/python/data_visualization/02_distribution_boxplot.py,29,ok,0.419693953,6.762831359,16.113721226,,6.900000000,16.440551384
script_100,starcoder,base,python,data_visualization,02_distribution_boxplot,/home/romakrut/PycharmProjects/masters-thesis/task_equivalents/llm_translations/starcoder/base/python/data_visualization/02_distribution_boxplot.py,30,ok,0.419428741,6.732918038,16.052591013,,6.870000000,16.379421171
script_64,gpt,optimized,r,statistical_modelling_analysis,02_logistic_regression_odds_ratios,/home/romakrut/PycharmProjects/masters-thesis/task_equivalents/llm_translations/gpt/optimized/r/statistical_modelling_analysis/02_logistic_regression_odds_ratios.R,1,ok,0.336981182,5.649864387,16.766112438,,5.760000000,17.092942596
script_64,gpt,optimized,r,statistical_modelling_analysis,02_logistic_regression_odds_ratios,/home/romakrut/PycharmProjects/masters-thesis/task_equivalents/llm_translations/gpt/optimized/r/statistical_modelling_analysis/02_logistic_regression_odds_ratios.R,2,ok,0.347781083,5.786334654,16.637864842,,5.900000000,16.964695000
script_64,gpt,optimized,r,statistical_modelling_analysis,02_logistic_regression_odds_ratios,/home/romakrut/PycharmProjects/masters-thesis/task_equivalents/llm_translations/gpt/optimized/r/statistical_modelling_analysis/02_logistic_regression_odds_ratios.R,3,ok,0.346004144,5.736915411,16.580481796,,5.850000000,16.907311954
script_64,gpt,optimized,r,statistical_modelling_analysis,02_logistic_regression_odds_ratios,/home/romakrut/PycharmProjects/masters-thesis/task_equivalents/llm_translations/gpt/optimized/r/statistical_modelling_analysis/02_logistic_regression_odds_ratios.R,4,ok,0.342912218,5.687925946,16.587119522,,5.800000000,16.913949680
script_64,gpt,optimized,r,statistical_modelling_analysis,02_logistic_regression_odds_ratios,/home/romakrut/PycharmProjects/masters-thesis/task_equivalents/llm_translations/gpt/optimized/r/statistical_modelling_analysis/02_logistic_regression_odds_ratios.R,5,ok,0.340415079,5.758742086,16.916824316,,5.870000000,17.243654474
script_64,gpt,optimized,r,statistical_modelling_analysis,02_logistic_regression_odds_ratios,/home/romakrut/PycharmProjects/masters-thesis/task_equivalents/llm_translations/gpt/optimized/r/statistical_modelling_analysis/02_logistic_regression_odds_ratios.R,6,ok,0.341390022,5.788423445,16.955455849,,5.900000000,17.282286007
script_64,gpt,optimized,r,statistical_modelling_analysis,02_logistic_regression_odds_ratios,/home/romakrut/PycharmProjects/masters-thesis/task_equivalents/llm_translations/gpt/optimized/r/statistical_modelling_analysis/02_logistic_regression_odds_ratios.R,7,ok,0.340537933,5.608701934,16.470123854,,5.720000000,16.796954012
script_64,gpt,optimized,r,statistical_modelling_analysis,02_logistic_regression_odds_ratios,/home/romakrut/PycharmProjects/masters-thesis/task_equivalents/llm_translations/gpt/optimized/r/statistical_modelling_analysis/02_logistic_regression_odds_ratios.R,8,ok,0.341168530,5.738495835,16.820120647,,5.850000000,17.146950805
script_64,gpt,optimized,r,statistical_modelling_analysis,02_logistic_regression_odds_ratios,/home/romakrut/PycharmProjects/masters-thesis/task_equivalents/llm_translations/gpt/optimized/r/statistical_modelling_analysis/02_logistic_regression_odds_ratios.R,9,ok,0.348801779,5.766001059,16.530882027,,5.880000000,16.857712185
script_64,gpt,optimized,r,statistical_modelling_analysis,02_logistic_regression_odds_ratios,/home/romakrut/PycharmProjects/masters-thesis/task_equivalents/llm_translations/gpt/optimized/r/statistical_modelling_analysis/02_logistic_regression_odds_ratios.R,10,ok,0.338078454,5.599505765,16.562740687,,5.710000000,16.889570845
script_64,gpt,optimized,r,statistical_modelling_analysis,02_logistic_regression_odds_ratios,/home/romakrut/PycharmProjects/masters-thesis/task_equivalents/llm_translations/gpt/optimized/r/statistical_modelling_analysis/02_logistic_regression_odds_ratios.R,11,ok,0.347841550,5.656314891,16.261182401,,5.770000000,16.588012559
script_64,gpt,optimized,r,statistical_modelling_analysis,02_logistic_regression_odds_ratios,/home/romakrut/PycharmProjects/masters-thesis/task_equivalents/llm_translations/gpt/optimized/r/statistical_modelling_analysis/02_logistic_regression_odds_ratios.R,12,ok,0.349107067,5.785901282,16.573429269,,5.900000000,16.900259427
script_64,gpt,optimized,r,statistical_modelling_analysis,02_logistic_regression_odds_ratios,/home/romakrut/PycharmProjects/masters-thesis/task_equivalents/llm_translations/gpt/optimized/r/statistical_modelling_analysis/02_logistic_regression_odds_ratios.R,13,ok,0.339770253,5.838952835,17.185003051,,5.950000000,17.511833209
script_64,gpt,optimized,r,statistical_modelling_analysis,02_logistic_regression_odds_ratios,/home/romakrut/PycharmProjects/masters-thesis/task_equivalents/llm_translations/gpt/optimized/r/statistical_modelling_analysis/02_logistic_regression_odds_ratios.R,14,ok,0.340671217,5.628658372,16.522259855,,5.740000000,16.849090013
script_64,gpt,optimized,r,statistical_modelling_analysis,02_logistic_regression_odds_ratios,/home/romakrut/PycharmProjects/masters-thesis/task_equivalents/llm_translations/gpt/optimized/r/statistical_modelling_analysis/02_logistic_regression_odds_ratios.R,15,ok,0.346277500,5.726826070,16.538256369,,5.840000000,16.865086527
script_64,gpt,optimized,r,statistical_modelling_analysis,02_logistic_regression_odds_ratios,/home/romakrut/PycharmProjects/masters-thesis/task_equivalents/llm_translations/gpt/optimized/r/statistical_modelling_analysis/02_logistic_regression_odds_ratios.R,16,ok,0.349339754,5.725825233,16.390419835,,5.840000000,16.717249993
script_64,gpt,optimized,r,statistical_modelling_analysis,02_logistic_regression_odds_ratios,/home/romakrut/PycharmProjects/masters-thesis/task_equivalents/llm_translations/gpt/optimized/r/statistical_modelling_analysis/02_logistic_regression_odds_ratios.R,17,ok,0.340433938,5.748735922,16.886494796,,5.860000000,17.213324954
script_64,gpt,optimized,r,statistical_modelling_analysis,02_logistic_regression_odds_ratios,/home/romakrut/PycharmProjects/masters-thesis/task_equivalents/llm_translations/gpt/optimized/r/statistical_modelling_analysis/02_logistic_regression_odds_ratios.R,18,ok,0.339159908,5.619152314,16.567855401,,5.730000000,16.894685559
script_64,gpt,optimized,r,statistical_modelling_analysis,02_logistic_regression_odds_ratios,/home/romakrut/PycharmProjects/masters-thesis/task_equivalents/llm_translations/gpt/optimized/r/statistical_modelling_analysis/02_logistic_regression_odds_ratios.R,19,ok,0.348122838,5.696222958,16.362681031,,5.810000000,16.689511189
script_64,gpt,optimized,r,statistical_modelling_analysis,02_logistic_regression_odds_ratios,/home/romakrut/PycharmProjects/masters-thesis/task_equivalents/llm_translations/gpt/optimized/r/statistical_modelling_analysis/02_logistic_regression_odds_ratios.R,20,ok,0.349932037,5.705631657,16.304970834,,5.820000000,16.631800992
script_64,gpt,optimized,r,statistical_modelling_analysis,02_logistic_regression_odds_ratios,/home/romakrut/PycharmProjects/masters-thesis/task_equivalents/llm_translations/gpt/optimized/r/statistical_modelling_analysis/02_logistic_regression_odds_ratios.R,21,ok,0.341137510,5.818505974,17.056189376,,5.930000000,17.383019534
script_64,gpt,optimized,r,statistical_modelling_analysis,02_logistic_regression_odds_ratios,/home/romakrut/PycharmProjects/masters-thesis/task_equivalents/llm_translations/gpt/optimized/r/statistical_modelling_analysis/02_logistic_regression_odds_ratios.R,22,ok,0.349136336,5.735891716,16.428801946,,5.850000000,16.755632104
script_64,gpt,optimized,r,statistical_modelling_analysis,02_logistic_regression_odds_ratios,/home/romakrut/PycharmProjects/masters-thesis/task_equivalents/llm_translations/gpt/optimized/r/statistical_modelling_analysis/02_logistic_regression_odds_ratios.R,23,ok,0.350824599,5.725339941,16.319665033,,5.840000000,16.646495191
script_64,gpt,optimized,r,statistical_modelling_analysis,02_logistic_regression_odds_ratios,/home/romakrut/PycharmProjects/masters-thesis/task_equivalents/llm_translations/gpt/optimized/r/statistical_modelling_analysis/02_logistic_regression_odds_ratios.R,24,ok,0.350253627,5.715526552,16.318250865,,5.830000000,16.645081023
script_64,gpt,optimized,r,statistical_modelling_analysis,02_logistic_regression_odds_ratios,/home/romakrut/PycharmProjects/masters-thesis/task_equivalents/llm_translations/gpt/optimized/r/statistical_modelling_analysis/02_logistic_regression_odds_ratios.R,25,ok,0.347133423,5.866546329,16.899975456,,5.980000000,17.226805614
script_64,gpt,optimized,r,statistical_modelling_analysis,02_logistic_regression_odds_ratios,/home/romakrut/PycharmProjects/masters-thesis/task_equivalents/llm_translations/gpt/optimized/r/statistical_modelling_analysis/02_logistic_regression_odds_ratios.R,26,ok,0.346190256,5.766854584,16.658049971,,5.880000000,16.984880129
script_64,gpt,optimized,r,statistical_modelling_analysis,02_logistic_regression_odds_ratios,/home/romakrut/PycharmProjects/masters-thesis/task_equivalents/llm_translations/gpt/optimized/r/statistical_modelling_analysis/02_logistic_regression_odds_ratios.R,27,ok,0.347503658,5.676425325,16.334864954,,5.790000000,16.661695112
script_64,gpt,optimized,r,statistical_modelling_analysis,02_logistic_regression_odds_ratios,/home/romakrut/PycharmProjects/masters-thesis/task_equivalents/llm_translations/gpt/optimized/r/statistical_modelling_analysis/02_logistic_regression_odds_ratios.R,28,ok,0.340974723,5.748559177,16.859194508,,5.860000000,17.186024666
script_64,gpt,optimized,r,statistical_modelling_analysis,02_logistic_regression_odds_ratios,/home/romakrut/PycharmProjects/masters-thesis/task_equivalents/llm_translations/gpt/optimized/r/statistical_modelling_analysis/02_logistic_regression_odds_ratios.R,29,ok,0.349107632,5.825901097,16.687979762,,5.940000000,17.014809920
script_64,gpt,optimized,r,statistical_modelling_analysis,02_logistic_regression_odds_ratios,/home/romakrut/PycharmProjects/masters-thesis/task_equivalents/llm_translations/gpt/optimized/r/statistical_modelling_analysis/02_logistic_regression_odds_ratios.R,30,ok,0.339678185,5.748982925,16.924792875,,5.860000000,17.251623033
script_55,gpt,optimized,python,statistical_modelling_analysis,01_linear_regression_inference,/home/romakrut/PycharmProjects/masters-thesis/task_equivalents/llm_translations/gpt/optimized/python/statistical_modelling_analysis/01_linear_regression_inference.py,1,ok,0.578715528,9.290858313,16.054275137,,9.480000000,16.381105295
script_55,gpt,optimized,python,statistical_modelling_analysis,01_linear_regression_inference,/home/romakrut/PycharmProjects/masters-thesis/task_equivalents/llm_translations/gpt/optimized/python/statistical_modelling_analysis/01_linear_regression_inference.py,2,ok,0.580391696,9.230310490,15.903588135,,9.420000000,16.230418293
script_55,gpt,optimized,python,statistical_modelling_analysis,01_linear_regression_inference,/home/romakrut/PycharmProjects/masters-thesis/task_equivalents/llm_translations/gpt/optimized/python/statistical_modelling_analysis/01_linear_regression_inference.py,3,ok,0.578215062,9.191021880,15.895507544,,9.380000000,16.222337702
script_55,gpt,optimized,python,statistical_modelling_analysis,01_linear_regression_inference,/home/romakrut/PycharmProjects/masters-thesis/task_equivalents/llm_translations/gpt/optimized/python/statistical_modelling_analysis/01_linear_regression_inference.py,4,ok,0.584871043,9.308846505,15.916066654,,9.500000000,16.242896812
script_55,gpt,optimized,python,statistical_modelling_analysis,01_linear_regression_inference,/home/romakrut/PycharmProjects/masters-thesis/task_equivalents/llm_translations/gpt/optimized/python/statistical_modelling_analysis/01_linear_regression_inference.py,5,ok,0.580148658,9.280389922,15.996572248,,9.470000000,16.323402406
script_55,gpt,optimized,python,statistical_modelling_analysis,01_linear_regression_inference,/home/romakrut/PycharmProjects/masters-thesis/task_equivalents/llm_translations/gpt/optimized/python/statistical_modelling_analysis/01_linear_regression_inference.py,6,ok,0.578783979,9.290835941,16.052337794,,9.480000000,16.379167952
script_55,gpt,optimized,python,statistical_modelling_analysis,01_linear_regression_inference,/home/romakrut/PycharmProjects/masters-thesis/task_equivalents/llm_translations/gpt/optimized/python/statistical_modelling_analysis/01_linear_regression_inference.py,7,ok,0.581705844,9.189880987,15.798158265,,9.380000000,16.124988423
script_55,gpt,optimized,python,statistical_modelling_analysis,01_linear_regression_inference,/home/romakrut/PycharmProjects/masters-thesis/task_equivalents/llm_translations/gpt/optimized/python/statistical_modelling_analysis/01_linear_regression_inference.py,8,ok,0.581053101,9.390094323,16.160475363,,9.580000000,16.487305521
script_55,gpt,optimized,python,statistical_modelling_analysis,01_linear_regression_inference,/home/romakrut/PycharmProjects/masters-thesis/task_equivalents/llm_translations/gpt/optimized/python/statistical_modelling_analysis/01_linear_regression_inference.py,9,ok,0.582664345,9.479567720,16.269345810,,9.670000000,16.596175968
script_55,gpt,optimized,python,statistical_modelling_analysis,01_linear_regression_inference,/home/romakrut/PycharmProjects/masters-thesis/task_equivalents/llm_translations/gpt/optimized/python/statistical_modelling_analysis/01_linear_regression_inference.py,10,ok,0.587111244,9.338114339,15.905187364,,9.530000000,16.232017522
script_55,gpt,optimized,python,statistical_modelling_analysis,01_linear_regression_inference,/home/romakrut/PycharmProjects/masters-thesis/task_equivalents/llm_translations/gpt/optimized/python/statistical_modelling_analysis/01_linear_regression_inference.py,11,ok,0.580937345,9.400132156,16.180974139,,9.590000000,16.507804297
script_55,gpt,optimized,python,statistical_modelling_analysis,01_linear_regression_inference,/home/romakrut/PycharmProjects/masters-thesis/task_equivalents/llm_translations/gpt/optimized/python/statistical_modelling_analysis/01_linear_regression_inference.py,12,ok,0.582162664,9.109731685,15.648086433,,9.300000000,15.974916591
script_55,gpt,optimized,python,statistical_modelling_analysis,01_linear_regression_inference,/home/romakrut/PycharmProjects/masters-thesis/task_equivalents/llm_translations/gpt/optimized/python/statistical_modelling_analysis/01_linear_regression_inference.py,13,ok,0.579065511,9.240743928,15.958028499,,9.430000000,16.284858657
script_55,gpt,optimized,python,statistical_modelling_analysis,01_linear_regression_inference,/home/romakrut/PycharmProjects/masters-thesis/task_equivalents/llm_translations/gpt/optimized/python/statistical_modelling_analysis/01_linear_regression_inference.py,14,ok,0.581619304,9.209909271,15.834944280,,9.400000000,16.161774438
script_55,gpt,optimized,python,statistical_modelling_analysis,01_linear_regression_inference,/home/romakrut/PycharmProjects/masters-thesis/task_equivalents/llm_translations/gpt/optimized/python/statistical_modelling_analysis/01_linear_regression_inference.py,15,ok,0.582039791,9.259771843,15.909173198,,9.450000000,16.236003356
script_55,gpt,optimized,python,statistical_modelling_analysis,01_linear_regression_inference,/home/romakrut/PycharmProjects/masters-thesis/task_equivalents/llm_translations/gpt/optimized/python/statistical_modelling_analysis/01_linear_regression_inference.py,16,ok,0.578663712,9.410875248,16.263116301,,9.600000000,16.589946459
script_55,gpt,optimized,python,statistical_modelling_analysis,01_linear_regression_inference,/home/romakrut/PycharmProjects/masters-thesis/task_equivalents/llm_translations/gpt/optimized/python/statistical_modelling_analysis/01_linear_regression_inference.py,17,ok,0.580576826,9.460249984,16.294570435,,9.650000000,16.621400593
script_55,gpt,optimized,python,statistical_modelling_analysis,01_linear_regression_inference,/home/romakrut/PycharmProjects/masters-thesis/task_equivalents/llm_translations/gpt/optimized/python/statistical_modelling_analysis/01_linear_regression_inference.py,18,ok,0.576560028,9.251562795,16.046139770,,9.440000000,16.372969928
script_55,gpt,optimized,python,statistical_modelling_analysis,01_linear_regression_inference,/home/romakrut/PycharmProjects/masters-thesis/task_equivalents/llm_translations/gpt/optimized/python/statistical_modelling_analysis/01_linear_regression_inference.py,19,ok,0.579886238,9.400475689,16.210896333,,9.590000000,16.537726491
script_55,gpt,optimized,python,statistical_modelling_analysis,01_linear_regression_inference,/home/romakrut/PycharmProjects/masters-thesis/task_equivalents/llm_translations/gpt/optimized/python/statistical_modelling_analysis/01_linear_regression_inference.py,20,ok,0.584492488,9.208970228,15.755498004,,9.400000000,16.082328162
script_55,gpt,optimized,python,statistical_modelling_analysis,01_linear_regression_inference,/home/romakrut/PycharmProjects/masters-thesis/task_equivalents/llm_translations/gpt/optimized/python/statistical_modelling_analysis/01_linear_regression_inference.py,21,ok,0.582863063,9.199502773,15.783300327,,9.390000000,16.110130485
script_55,gpt,optimized,python,statistical_modelling_analysis,01_linear_regression_inference,/home/romakrut/PycharmProjects/masters-thesis/task_equivalents/llm_translations/gpt/optimized/python/statistical_modelling_analysis/01_linear_regression_inference.py,22,ok,0.578537957,9.450916348,16.335862209,,9.640000000,16.662692367
script_55,gpt,optimized,python,statistical_modelling_analysis,01_linear_regression_inference,/home/romakrut/PycharmProjects/masters-thesis/task_equivalents/llm_translations/gpt/optimized/python/statistical_modelling_analysis/01_linear_regression_inference.py,23,ok,0.580851985,9.410160054,16.200616159,,9.600000000,16.527446317
script_55,gpt,optimized,python,statistical_modelling_analysis,01_linear_regression_inference,/home/romakrut/PycharmProjects/masters-thesis/task_equivalents/llm_translations/gpt/optimized/python/statistical_modelling_analysis/01_linear_regression_inference.py,24,ok,0.579778709,9.410510833,16.231211472,,9.600000000,16.558041630
script_55,gpt,optimized,python,statistical_modelling_analysis,01_linear_regression_inference,/home/romakrut/PycharmProjects/masters-thesis/task_equivalents/llm_translations/gpt/optimized/python/statistical_modelling_analysis/01_linear_regression_inference.py,25,ok,0.584006624,9.409129023,16.111339557,,9.600000000,16.438169715
script_55,gpt,optimized,python,statistical_modelling_analysis,01_linear_regression_inference,/home/romakrut/PycharmProjects/masters-thesis/task_equivalents/llm_translations/gpt/optimized/python/statistical_modelling_analysis/01_linear_regression_inference.py,26,ok,0.582756966,9.419537449,16.163749210,,9.610000000,16.490579368
script_55,gpt,optimized,python,statistical_modelling_analysis,01_linear_regression_inference,/home/romakrut/PycharmProjects/masters-thesis/task_equivalents/llm_translations/gpt/optimized/python/statistical_modelling_analysis/01_linear_regression_inference.py,27,ok,0.583107462,9.189422896,15.759398558,,9.380000000,16.086228716
script_55,gpt,optimized,python,statistical_modelling_analysis,01_linear_regression_inference,/home/romakrut/PycharmProjects/masters-thesis/task_equivalents/llm_translations/gpt/optimized/python/statistical_modelling_analysis/01_linear_regression_inference.py,28,ok,0.577858367,9.201138459,15.922826395,,9.390000000,16.249656553
script_55,gpt,optimized,python,statistical_modelling_analysis,01_linear_regression_inference,/home/romakrut/PycharmProjects/masters-thesis/task_equivalents/llm_translations/gpt/optimized/python/statistical_modelling_analysis/01_linear_regression_inference.py,29,ok,0.581350615,9.379997087,16.134836439,,9.570000000,16.461666597
script_55,gpt,optimized,python,statistical_modelling_analysis,01_linear_regression_inference,/home/romakrut/PycharmProjects/masters-thesis/task_equivalents/llm_translations/gpt/optimized/python/statistical_modelling_analysis/01_linear_regression_inference.py,30,ok,0.584013234,9.399126862,16.094030606,,9.590000000,16.420860764
script_30,gemini,optimized,r,machine_learning_workflows,02_regression_workflow_feature_importance,/home/romakrut/PycharmProjects/masters-thesis/task_equivalents/llm_translations/gemini/optimized/r/machine_learning_workflows/02_regression_workflow_feature_importance.R,1,ok,2.508222920,42.170237107,16.812794736,,42.990000000,17.139624894
script_30,gemini,optimized,r,machine_learning_workflows,02_regression_workflow_feature_importance,/home/romakrut/PycharmProjects/masters-thesis/task_equivalents/llm_translations/gemini/optimized/r/machine_learning_workflows/02_regression_workflow_feature_importance.R,2,ok,2.490705994,41.145962166,16.519798911,,41.960000000,16.846629069
script_30,gemini,optimized,r,machine_learning_workflows,02_regression_workflow_feature_importance,/home/romakrut/PycharmProjects/masters-thesis/task_equivalents/llm_translations/gemini/optimized/r/machine_learning_workflows/02_regression_workflow_feature_importance.R,3,ok,2.462503839,42.005179481,17.057914313,,42.810000000,17.384744471
script_30,gemini,optimized,r,machine_learning_workflows,02_regression_workflow_feature_importance,/home/romakrut/PycharmProjects/masters-thesis/task_equivalents/llm_translations/gemini/optimized/r/machine_learning_workflows/02_regression_workflow_feature_importance.R,4,ok,2.466208287,41.983968756,17.023691380,,42.790000000,17.350521538
script_30,gemini,optimized,r,machine_learning_workflows,02_regression_workflow_feature_importance,/home/romakrut/PycharmProjects/masters-thesis/task_equivalents/llm_translations/gemini/optimized/r/machine_learning_workflows/02_regression_workflow_feature_importance.R,5,ok,2.503865458,42.851661257,17.114202810,,43.670000000,17.441032968
script_30,gemini,optimized,r,machine_learning_workflows,02_regression_workflow_feature_importance,/home/romakrut/PycharmProjects/masters-thesis/task_equivalents/llm_translations/gemini/optimized/r/machine_learning_workflows/02_regression_workflow_feature_importance.R,6,ok,2.488101994,42.756813232,17.184509853,,43.570000000,17.511340011
script_30,gemini,optimized,r,machine_learning_workflows,02_regression_workflow_feature_importance,/home/romakrut/PycharmProjects/masters-thesis/task_equivalents/llm_translations/gemini/optimized/r/machine_learning_workflows/02_regression_workflow_feature_importance.R,7,ok,2.490182040,42.576133410,17.097598781,,43.390000000,17.424428939
script_30,gemini,optimized,r,machine_learning_workflows,02_regression_workflow_feature_importance,/home/romakrut/PycharmProjects/masters-thesis/task_equivalents/llm_translations/gemini/optimized/r/machine_learning_workflows/02_regression_workflow_feature_importance.R,8,ok,2.494265509,42.384798810,16.992897772,,43.200000000,17.319727930
script_30,gemini,optimized,r,machine_learning_workflows,02_regression_workflow_feature_importance,/home/romakrut/PycharmProjects/masters-thesis/task_equivalents/llm_translations/gemini/optimized/r/machine_learning_workflows/02_regression_workflow_feature_importance.R,9,ok,2.469709299,43.172824520,17.480933702,,43.980000000,17.807763860
script_30,gemini,optimized,r,machine_learning_workflows,02_regression_workflow_feature_importance,/home/romakrut/PycharmProjects/masters-thesis/task_equivalents/llm_translations/gemini/optimized/r/machine_learning_workflows/02_regression_workflow_feature_importance.R,10,ok,2.491350128,43.245751644,17.358359693,,44.060000000,17.685189851
script_30,gemini,optimized,r,machine_learning_workflows,02_regression_workflow_feature_importance,/home/romakrut/PycharmProjects/masters-thesis/task_equivalents/llm_translations/gemini/optimized/r/machine_learning_workflows/02_regression_workflow_feature_importance.R,11,ok,2.462860570,42.805062891,17.380221768,,43.610000000,17.707051926
script_30,gemini,optimized,r,machine_learning_workflows,02_regression_workflow_feature_importance,/home/romakrut/PycharmProjects/masters-thesis/task_equivalents/llm_translations/gemini/optimized/r/machine_learning_workflows/02_regression_workflow_feature_importance.R,12,ok,2.479404766,42.929655749,17.314500777,,43.740000000,17.641330935
script_30,gemini,optimized,r,machine_learning_workflows,02_regression_workflow_feature_importance,/home/romakrut/PycharmProjects/masters-thesis/task_equivalents/llm_translations/gemini/optimized/r/machine_learning_workflows/02_regression_workflow_feature_importance.R,13,ok,2.467102708,42.833676432,17.361934829,,43.640000000,17.688764987
script_30,gemini,optimized,r,machine_learning_workflows,02_regression_workflow_feature_importance,/home/romakrut/PycharmProjects/masters-thesis/task_equivalents/llm_translations/gemini/optimized/r/machine_learning_workflows/02_regression_workflow_feature_importance.R,14,ok,3.709996264,41.857461335,11.282345953,,43.070000000,11.609176111
script_30,gemini,optimized,r,machine_learning_workflows,02_regression_workflow_feature_importance,/home/romakrut/PycharmProjects/masters-thesis/task_equivalents/llm_translations/gemini/optimized/r/machine_learning_workflows/02_regression_workflow_feature_importance.R,15,ok,2.464534633,42.284515757,17.157200873,,43.090000000,17.484031031
script_30,gemini,optimized,r,machine_learning_workflows,02_regression_workflow_feature_importance,/home/romakrut/PycharmProjects/masters-thesis/task_equivalents/llm_translations/gemini/optimized/r/machine_learning_workflows/02_regression_workflow_feature_importance.R,16,ok,2.482992732,42.888483093,17.272899167,,43.700000000,17.599729325
script_30,gemini,optimized,r,machine_learning_workflows,02_regression_workflow_feature_importance,/home/romakrut/PycharmProjects/masters-thesis/task_equivalents/llm_translations/gemini/optimized/r/machine_learning_workflows/02_regression_workflow_feature_importance.R,17,ok,2.482958684,42.998494221,17.317442492,,43.810000000,17.644272650
script_30,gemini,optimized,r,machine_learning_workflows,02_regression_workflow_feature_importance,/home/romakrut/PycharmProjects/masters-thesis/task_equivalents/llm_translations/gemini/optimized/r/machine_learning_workflows/02_regression_workflow_feature_importance.R,18,ok,2.458836343,42.376378130,17.234322345,,43.180000000,17.561152503
script_30,gemini,optimized,r,machine_learning_workflows,02_regression_workflow_feature_importance,/home/romakrut/PycharmProjects/masters-thesis/task_equivalents/llm_translations/gemini/optimized/r/machine_learning_workflows/02_regression_workflow_feature_importance.R,19,ok,2.501352682,42.832482508,17.123727820,,43.650000000,17.450557978
script_30,gemini,optimized,r,machine_learning_workflows,02_regression_workflow_feature_importance,/home/romakrut/PycharmProjects/masters-thesis/task_equivalents/llm_translations/gemini/optimized/r/machine_learning_workflows/02_regression_workflow_feature_importance.R,20,ok,2.465954776,42.254051611,17.134966149,,43.060000000,17.461796307
script_30,gemini,optimized,r,machine_learning_workflows,02_regression_workflow_feature_importance,/home/romakrut/PycharmProjects/masters-thesis/task_equivalents/llm_translations/gemini/optimized/r/machine_learning_workflows/02_regression_workflow_feature_importance.R,21,ok,2.469393818,42.622927628,17.260482033,,43.430000000,17.587312191
script_30,gemini,optimized,r,machine_learning_workflows,02_regression_workflow_feature_importance,/home/romakrut/PycharmProjects/masters-thesis/task_equivalents/llm_translations/gemini/optimized/r/machine_learning_workflows/02_regression_workflow_feature_importance.R,22,ok,2.520013251,44.016383671,17.466727071,,44.840000000,17.793557229
script_30,gemini,optimized,r,machine_learning_workflows,02_regression_workflow_feature_importance,/home/romakrut/PycharmProjects/masters-thesis/task_equivalents/llm_translations/gemini/optimized/r/machine_learning_workflows/02_regression_workflow_feature_importance.R,23,ok,2.470246582,42.382648919,17.157254352,,43.190000000,17.484084510
script_30,gemini,optimized,r,machine_learning_workflows,02_regression_workflow_feature_importance,/home/romakrut/PycharmProjects/masters-thesis/task_equivalents/llm_translations/gemini/optimized/r/machine_learning_workflows/02_regression_workflow_feature_importance.R,24,ok,2.482720027,43.018572221,17.327194268,,43.830000000,17.654024426
script_30,gemini,optimized,r,machine_learning_workflows,02_regression_workflow_feature_importance,/home/romakrut/PycharmProjects/masters-thesis/task_equivalents/llm_translations/gemini/optimized/r/machine_learning_workflows/02_regression_workflow_feature_importance.R,25,ok,2.516164255,42.747641639,16.989209490,,43.570000000,17.316039648
script_30,gemini,optimized,r,machine_learning_workflows,02_regression_workflow_feature_importance,/home/romakrut/PycharmProjects/masters-thesis/task_equivalents/llm_translations/gemini/optimized/r/machine_learning_workflows/02_regression_workflow_feature_importance.R,26,ok,2.471533752,43.162228233,17.463742180,,43.970000000,17.790572338
script_30,gemini,optimized,r,machine_learning_workflows,02_regression_workflow_feature_importance,/home/romakrut/PycharmProjects/masters-thesis/task_equivalents/llm_translations/gemini/optimized/r/machine_learning_workflows/02_regression_workflow_feature_importance.R,27,ok,2.469487160,43.062897121,17.437991911,,43.870000000,17.764822069
script_30,gemini,optimized,r,machine_learning_workflows,02_regression_workflow_feature_importance,/home/romakrut/PycharmProjects/masters-thesis/task_equivalents/llm_translations/gemini/optimized/r/machine_learning_workflows/02_regression_workflow_feature_importance.R,28,ok,2.493948675,42.854902361,17.183554253,,43.670000000,17.510384411
script_30,gemini,optimized,r,machine_learning_workflows,02_regression_workflow_feature_importance,/home/romakrut/PycharmProjects/masters-thesis/task_equivalents/llm_translations/gemini/optimized/r/machine_learning_workflows/02_regression_workflow_feature_importance.R,29,ok,2.493749957,42.984967308,17.237079919,,43.800000000,17.563910077
script_30,gemini,optimized,r,machine_learning_workflows,02_regression_workflow_feature_importance,/home/romakrut/PycharmProjects/masters-thesis/task_equivalents/llm_translations/gemini/optimized/r/machine_learning_workflows/02_regression_workflow_feature_importance.R,30,ok,2.480460076,42.629310841,17.186049981,,43.440000000,17.512880139
script_5,gemini,base,python,machine_learning_workflows,01_pipeline_cv_gridsearch_classification,/home/romakrut/PycharmProjects/masters-thesis/task_equivalents/llm_translations/gemini/base/python/machine_learning_workflows/01_pipeline_cv_gridsearch_classification.py,1,ok,2.563003013,40.882333320,15.950950160,,41.720000000,16.277780318
script_5,gemini,base,python,machine_learning_workflows,01_pipeline_cv_gridsearch_classification,/home/romakrut/PycharmProjects/masters-thesis/task_equivalents/llm_translations/gemini/base/python/machine_learning_workflows/01_pipeline_cv_gridsearch_classification.py,2,ok,2.557947965,40.183985462,15.709461651,,41.020000000,16.036291809
script_5,gemini,base,python,machine_learning_workflows,01_pipeline_cv_gridsearch_classification,/home/romakrut/PycharmProjects/masters-thesis/task_equivalents/llm_translations/gemini/base/python/machine_learning_workflows/01_pipeline_cv_gridsearch_classification.py,3,ok,2.565505828,41.481515325,16.168942153,,42.320000000,16.495772311
script_5,gemini,base,python,machine_learning_workflows,01_pipeline_cv_gridsearch_classification,/home/romakrut/PycharmProjects/masters-thesis/task_equivalents/llm_translations/gemini/base/python/machine_learning_workflows/01_pipeline_cv_gridsearch_classification.py,4,ok,2.563000222,41.642334232,16.247495367,,42.480000000,16.574325525
script_5,gemini,base,python,machine_learning_workflows,01_pipeline_cv_gridsearch_classification,/home/romakrut/PycharmProjects/masters-thesis/task_equivalents/llm_translations/gemini/base/python/machine_learning_workflows/01_pipeline_cv_gridsearch_classification.py,5,ok,2.558099356,41.633935983,16.275339691,,42.470000000,16.602169849
script_5,gemini,base,python,machine_learning_workflows,01_pipeline_cv_gridsearch_classification,/home/romakrut/PycharmProjects/masters-thesis/task_equivalents/llm_translations/gemini/base/python/machine_learning_workflows/01_pipeline_cv_gridsearch_classification.py,6,ok,2.560364481,41.633195672,16.260651943,,42.470000000,16.587482101
script_5,gemini,base,python,machine_learning_workflows,01_pipeline_cv_gridsearch_classification,/home/romakrut/PycharmProjects/masters-thesis/task_equivalents/llm_translations/gemini/base/python/machine_learning_workflows/01_pipeline_cv_gridsearch_classification.py,7,ok,2.576958480,42.297772253,16.413835373,,43.140000000,16.740665531
script_5,gemini,base,python,machine_learning_workflows,01_pipeline_cv_gridsearch_classification,/home/romakrut/PycharmProjects/masters-thesis/task_equivalents/llm_translations/gemini/base/python/machine_learning_workflows/01_pipeline_cv_gridsearch_classification.py,8,ok,2.575340094,42.128301190,16.358344783,,42.970000000,16.685174941
script_5,gemini,base,python,machine_learning_workflows,01_pipeline_cv_gridsearch_classification,/home/romakrut/PycharmProjects/masters-thesis/task_equivalents/llm_translations/gemini/base/python/machine_learning_workflows/01_pipeline_cv_gridsearch_classification.py,9,ok,2.562400085,42.332530375,16.520656014,,43.170000000,16.847486172
script_5,gemini,base,python,machine_learning_workflows,01_pipeline_cv_gridsearch_classification,/home/romakrut/PycharmProjects/masters-thesis/task_equivalents/llm_translations/gemini/base/python/machine_learning_workflows/01_pipeline_cv_gridsearch_classification.py,10,ok,2.566377198,41.811230535,16.291927222,,42.650000000,16.618757380
script_5,gemini,base,python,machine_learning_workflows,01_pipeline_cv_gridsearch_classification,/home/romakrut/PycharmProjects/masters-thesis/task_equivalents/llm_translations/gemini/base/python/machine_learning_workflows/01_pipeline_cv_gridsearch_classification.py,11,ok,2.563697669,42.722106286,16.664252888,,43.560000000,16.991083046
script_5,gemini,base,python,machine_learning_workflows,01_pipeline_cv_gridsearch_classification,/home/romakrut/PycharmProjects/masters-thesis/task_equivalents/llm_translations/gemini/base/python/machine_learning_workflows/01_pipeline_cv_gridsearch_classification.py,12,ok,2.555886988,41.844659052,16.371873736,,42.680000000,16.698703894
script_5,gemini,base,python,machine_learning_workflows,01_pipeline_cv_gridsearch_classification,/home/romakrut/PycharmProjects/masters-thesis/task_equivalents/llm_translations/gemini/base/python/machine_learning_workflows/01_pipeline_cv_gridsearch_classification.py,13,ok,2.559486923,42.763482485,16.707833941,,43.600000000,17.034664099
script_5,gemini,base,python,machine_learning_workflows,01_pipeline_cv_gridsearch_classification,/home/romakrut/PycharmProjects/masters-thesis/task_equivalents/llm_translations/gemini/base/python/machine_learning_workflows/01_pipeline_cv_gridsearch_classification.py,14,ok,2.564521028,42.371837187,16.522320045,,43.210000000,16.849150203
script_5,gemini,base,python,machine_learning_workflows,01_pipeline_cv_gridsearch_classification,/home/romakrut/PycharmProjects/masters-thesis/task_equivalents/llm_translations/gemini/base/python/machine_learning_workflows/01_pipeline_cv_gridsearch_classification.py,15,ok,2.560211211,42.843245765,16.734262229,,43.680000000,17.061092387
script_5,gemini,base,python,machine_learning_workflows,01_pipeline_cv_gridsearch_classification,/home/romakrut/PycharmProjects/masters-thesis/task_equivalents/llm_translations/gemini/base/python/machine_learning_workflows/01_pipeline_cv_gridsearch_classification.py,16,ok,2.568289768,42.170605449,16.419722562,,43.010000000,16.746552720
script_5,gemini,base,python,machine_learning_workflows,01_pipeline_cv_gridsearch_classification,/home/romakrut/PycharmProjects/masters-thesis/task_equivalents/llm_translations/gemini/base/python/machine_learning_workflows/01_pipeline_cv_gridsearch_classification.py,17,ok,2.560939622,42.193007699,16.475596432,,43.030000000,16.802426590
script_5,gemini,base,python,machine_learning_workflows,01_pipeline_cv_gridsearch_classification,/home/romakrut/PycharmProjects/masters-thesis/task_equivalents/llm_translations/gemini/base/python/machine_learning_workflows/01_pipeline_cv_gridsearch_classification.py,18,ok,2.580495824,42.296616142,16.390887266,,43.140000000,16.717717424
script_5,gemini,base,python,machine_learning_workflows,01_pipeline_cv_gridsearch_classification,/home/romakrut/PycharmProjects/masters-thesis/task_equivalents/llm_translations/gemini/base/python/machine_learning_workflows/01_pipeline_cv_gridsearch_classification.py,19,ok,2.561989270,42.742664642,16.683389405,,43.580000000,17.010219563
script_5,gemini,base,python,machine_learning_workflows,01_pipeline_cv_gridsearch_classification,/home/romakrut/PycharmProjects/masters-thesis/task_equivalents/llm_translations/gemini/base/python/machine_learning_workflows/01_pipeline_cv_gridsearch_classification.py,20,ok,2.566447098,42.501207689,16.560328761,,43.340000000,16.887158919
script_5,gemini,base,python,machine_learning_workflows,01_pipeline_cv_gridsearch_classification,/home/romakrut/PycharmProjects/masters-thesis/task_equivalents/llm_translations/gemini/base/python/machine_learning_workflows/01_pipeline_cv_gridsearch_classification.py,21,ok,2.566249968,42.771272117,16.666837857,,43.610000000,16.993668015
script_5,gemini,base,python,machine_learning_workflows,01_pipeline_cv_gridsearch_classification,/home/romakrut/PycharmProjects/masters-thesis/task_equivalents/llm_translations/gemini/base/python/machine_learning_workflows/01_pipeline_cv_gridsearch_classification.py,22,ok,2.558074806,41.773944007,16.330227681,,42.610000000,16.657057839
script_5,gemini,base,python,machine_learning_workflows,01_pipeline_cv_gridsearch_classification,/home/romakrut/PycharmProjects/masters-thesis/task_equivalents/llm_translations/gemini/base/python/machine_learning_workflows/01_pipeline_cv_gridsearch_classification.py,23,ok,2.564321911,42.271902265,16.484631701,,43.110000000,16.811461859
script_5,gemini,base,python,machine_learning_workflows,01_pipeline_cv_gridsearch_classification,/home/romakrut/PycharmProjects/masters-thesis/task_equivalents/llm_translations/gemini/base/python/machine_learning_workflows/01_pipeline_cv_gridsearch_classification.py,24,ok,2.580498695,42.396615204,16.429620866,,43.240000000,16.756451024
script_5,gemini,base,python,machine_learning_workflows,01_pipeline_cv_gridsearch_classification,/home/romakrut/PycharmProjects/masters-thesis/task_equivalents/llm_translations/gemini/base/python/machine_learning_workflows/01_pipeline_cv_gridsearch_classification.py,25,ok,2.570668580,42.859827982,16.672638517,,43.700000000,16.999468675
script_5,gemini,base,python,machine_learning_workflows,01_pipeline_cv_gridsearch_classification,/home/romakrut/PycharmProjects/masters-thesis/task_equivalents/llm_translations/gemini/base/python/machine_learning_workflows/01_pipeline_cv_gridsearch_classification.py,26,ok,2.560383958,42.043189306,16.420657994,,42.880000000,16.747488152
script_5,gemini,base,python,machine_learning_workflows,01_pipeline_cv_gridsearch_classification,/home/romakrut/PycharmProjects/masters-thesis/task_equivalents/llm_translations/gemini/base/python/machine_learning_workflows/01_pipeline_cv_gridsearch_classification.py,27,ok,2.560181054,42.113255622,16.449327111,,42.950000000,16.776157269
script_5,gemini,base,python,machine_learning_workflows,01_pipeline_cv_gridsearch_classification,/home/romakrut/PycharmProjects/masters-thesis/task_equivalents/llm_translations/gemini/base/python/machine_learning_workflows/01_pipeline_cv_gridsearch_classification.py,28,ok,2.570147648,42.759998238,16.637175795,,43.600000000,16.964005953
script_5,gemini,base,python,machine_learning_workflows,01_pipeline_cv_gridsearch_classification,/home/romakrut/PycharmProjects/masters-thesis/task_equivalents/llm_translations/gemini/base/python/machine_learning_workflows/01_pipeline_cv_gridsearch_classification.py,29,ok,2.564188592,41.581945837,16.216414802,,42.420000000,16.543244960
script_5,gemini,base,python,machine_learning_workflows,01_pipeline_cv_gridsearch_classification,/home/romakrut/PycharmProjects/masters-thesis/task_equivalents/llm_translations/gemini/base/python/machine_learning_workflows/01_pipeline_cv_gridsearch_classification.py,30,ok,2.557003518,42.194294136,16.501461120,,43.030000000,16.828291278
script_99,starcoder,base,python,data_visualization,01_scatter_trend_grouped,/home/romakrut/PycharmProjects/masters-thesis/task_equivalents/llm_translations/starcoder/base/python/data_visualization/01_scatter_trend_grouped.py,1,ok,0.818082707,13.242625900,16.187392529,,13.510000000,16.514222687
script_99,starcoder,base,python,data_visualization,01_scatter_trend_grouped,/home/romakrut/PycharmProjects/masters-thesis/task_equivalents/llm_translations/starcoder/base/python/data_visualization/01_scatter_trend_grouped.py,2,ok,0.826433429,13.309896632,16.105225375,,13.580000000,16.432055533
script_99,starcoder,base,python,data_visualization,01_scatter_trend_grouped,/home/romakrut/PycharmProjects/masters-thesis/task_equivalents/llm_translations/starcoder/base/python/data_visualization/01_scatter_trend_grouped.py,3,ok,0.822301642,13.111247024,15.944571134,,13.380000000,16.271401292
script_99,starcoder,base,python,data_visualization,01_scatter_trend_grouped,/home/romakrut/PycharmProjects/masters-thesis/task_equivalents/llm_translations/starcoder/base/python/data_visualization/01_scatter_trend_grouped.py,4,ok,0.826115513,13.200000536,15.978395671,,13.470000000,16.305225829
script_99,starcoder,base,python,data_visualization,01_scatter_trend_grouped,/home/romakrut/PycharmProjects/masters-thesis/task_equivalents/llm_translations/starcoder/base/python/data_visualization/01_scatter_trend_grouped.py,5,ok,0.830329465,13.288623290,16.004036771,,13.560000000,16.330866929
script_99,starcoder,base,python,data_visualization,01_scatter_trend_grouped,/home/romakrut/PycharmProjects/masters-thesis/task_equivalents/llm_translations/starcoder/base/python/data_visualization/01_scatter_trend_grouped.py,6,ok,0.827786572,13.099454384,15.824676102,,13.370000000,16.151506260
script_99,starcoder,base,python,data_visualization,01_scatter_trend_grouped,/home/romakrut/PycharmProjects/masters-thesis/task_equivalents/llm_translations/starcoder/base/python/data_visualization/01_scatter_trend_grouped.py,7,ok,0.828663699,13.269167712,16.012729565,,13.540000000,16.339559723
script_99,starcoder,base,python,data_visualization,01_scatter_trend_grouped,/home/romakrut/PycharmProjects/masters-thesis/task_equivalents/llm_translations/starcoder/base/python/data_visualization/01_scatter_trend_grouped.py,8,ok,0.826620922,13.179835353,15.944231513,,13.450000000,16.271061671
script_99,starcoder,base,python,data_visualization,01_scatter_trend_grouped,/home/romakrut/PycharmProjects/masters-thesis/task_equivalents/llm_translations/starcoder/base/python/data_visualization/01_scatter_trend_grouped.py,9,ok,0.830416969,13.358594691,16.086610931,,13.630000000,16.413441089
script_99,starcoder,base,python,data_visualization,01_scatter_trend_grouped,/home/romakrut/PycharmProjects/masters-thesis/task_equivalents/llm_translations/starcoder/base/python/data_visualization/01_scatter_trend_grouped.py,10,ok,0.822711659,13.351113019,16.228180156,,13.620000000,16.555010314
script_99,starcoder,base,python,data_visualization,01_scatter_trend_grouped,/home/romakrut/PycharmProjects/masters-thesis/task_equivalents/llm_translations/starcoder/base/python/data_visualization/01_scatter_trend_grouped.py,11,ok,0.820489589,13.591839258,16.565523122,,13.860000000,16.892353280
script_99,starcoder,base,python,data_visualization,01_scatter_trend_grouped,/home/romakrut/PycharmProjects/masters-thesis/task_equivalents/llm_translations/starcoder/base/python/data_visualization/01_scatter_trend_grouped.py,12,ok,0.822513284,13.161177853,16.001173610,,13.430000000,16.328003768
script_99,starcoder,base,python,data_visualization,01_scatter_trend_grouped,/home/romakrut/PycharmProjects/masters-thesis/task_equivalents/llm_translations/starcoder/base/python/data_visualization/01_scatter_trend_grouped.py,13,ok,0.828287275,13.469290739,16.261617371,,13.740000000,16.588447529
script_99,starcoder,base,python,data_visualization,01_scatter_trend_grouped,/home/romakrut/PycharmProjects/masters-thesis/task_equivalents/llm_translations/starcoder/base/python/data_visualization/01_scatter_trend_grouped.py,14,ok,0.822647933,13.561133846,16.484735817,,13.830000000,16.811565975
script_99,starcoder,base,python,data_visualization,01_scatter_trend_grouped,/home/romakrut/PycharmProjects/masters-thesis/task_equivalents/llm_translations/starcoder/base/python/data_visualization/01_scatter_trend_grouped.py,15,ok,0.824261514,13.290606479,16.124259417,,13.560000000,16.451089575
script_99,starcoder,base,python,data_visualization,01_scatter_trend_grouped,/home/romakrut/PycharmProjects/masters-thesis/task_equivalents/llm_translations/starcoder/base/python/data_visualization/01_scatter_trend_grouped.py,16,ok,0.821837492,13.571398723,16.513482111,,13.840000000,16.840312269
script_99,starcoder,base,python,data_visualization,01_scatter_trend_grouped,/home/romakrut/PycharmProjects/masters-thesis/task_equivalents/llm_translations/starcoder/base/python/data_visualization/01_scatter_trend_grouped.py,17,ok,0.824838006,13.460418064,16.318862572,,13.730000000,16.645692730
script_99,starcoder,base,python,data_visualization,01_scatter_trend_grouped,/home/romakrut/PycharmProjects/masters-thesis/task_equivalents/llm_translations/starcoder/base/python/data_visualization/01_scatter_trend_grouped.py,18,ok,0.826570445,13.609851851,16.465446996,,13.880000000,16.792277154
script_99,starcoder,base,python,data_visualization,01_scatter_trend_grouped,/home/romakrut/PycharmProjects/masters-thesis/task_equivalents/llm_translations/starcoder/base/python/data_visualization/01_scatter_trend_grouped.py,19,ok,0.821177903,13.391614296,16.307811313,,13.660000000,16.634641471
script_99,starcoder,base,python,data_visualization,01_scatter_trend_grouped,/home/romakrut/PycharmProjects/masters-thesis/task_equivalents/llm_translations/starcoder/base/python/data_visualization/01_scatter_trend_grouped.py,20,ok,0.827527264,13.689539134,16.542704669,,13.960000000,16.869534827
script_99,starcoder,base,python,data_visualization,01_scatter_trend_grouped,/home/romakrut/PycharmProjects/masters-thesis/task_equivalents/llm_translations/starcoder/base/python/data_visualization/01_scatter_trend_grouped.py,21,ok,0.825414542,13.450229635,16.295120755,,13.720000000,16.621950913
script_99,starcoder,base,python,data_visualization,01_scatter_trend_grouped,/home/romakrut/PycharmProjects/masters-thesis/task_equivalents/llm_translations/starcoder/base/python/data_visualization/01_scatter_trend_grouped.py,22,ok,0.822993270,13.301020980,16.161761541,,13.570000000,16.488591699
script_99,starcoder,base,python,data_visualization,01_scatter_trend_grouped,/home/romakrut/PycharmProjects/masters-thesis/task_equivalents/llm_translations/starcoder/base/python/data_visualization/01_scatter_trend_grouped.py,23,ok,0.829002737,13.789056904,16.633306851,,14.060000000,16.960137009
script_99,starcoder,base,python,data_visualization,01_scatter_trend_grouped,/home/romakrut/PycharmProjects/masters-thesis/task_equivalents/llm_translations/starcoder/base/python/data_visualization/01_scatter_trend_grouped.py,24,ok,0.826029352,13.530028696,16.379597969,,13.800000000,16.706428127
script_99,starcoder,base,python,data_visualization,01_scatter_trend_grouped,/home/romakrut/PycharmProjects/masters-thesis/task_equivalents/llm_translations/starcoder/base/python/data_visualization/01_scatter_trend_grouped.py,25,ok,0.825804051,13.430102332,16.263061819,,13.700000000,16.589891977
script_99,starcoder,base,python,data_visualization,01_scatter_trend_grouped,/home/romakrut/PycharmProjects/masters-thesis/task_equivalents/llm_translations/starcoder/base/python/data_visualization/01_scatter_trend_grouped.py,26,ok,0.822351523,13.741230722,16.709679909,,14.010000000,17.036510067
script_99,starcoder,base,python,data_visualization,01_scatter_trend_grouped,/home/romakrut/PycharmProjects/masters-thesis/task_equivalents/llm_translations/starcoder/base/python/data_visualization/01_scatter_trend_grouped.py,27,ok,0.828139414,13.759339064,16.614761756,,14.030000000,16.941591914
script_99,starcoder,base,python,data_visualization,01_scatter_trend_grouped,/home/romakrut/PycharmProjects/masters-thesis/task_equivalents/llm_translations/starcoder/base/python/data_visualization/01_scatter_trend_grouped.py,28,ok,0.828356154,13.549268227,16.356814834,,13.820000000,16.683644992
script_99,starcoder,base,python,data_visualization,01_scatter_trend_grouped,/home/romakrut/PycharmProjects/masters-thesis/task_equivalents/llm_translations/starcoder/base/python/data_visualization/01_scatter_trend_grouped.py,29,ok,0.822239724,13.501267261,16.420110665,,13.770000000,16.746940823
script_99,starcoder,base,python,data_visualization,01_scatter_trend_grouped,/home/romakrut/PycharmProjects/masters-thesis/task_equivalents/llm_translations/starcoder/base/python/data_visualization/01_scatter_trend_grouped.py,30,ok,0.819607515,13.602127546,16.595903890,,13.870000000,16.922734048
script_51,gpt,optimized,python,data_visualization,01_scatter_trend_grouped,/home/romakrut/PycharmProjects/masters-thesis/task_equivalents/llm_translations/gpt/optimized/python/data_visualization/01_scatter_trend_grouped.py,1,ok,0.370218851,5.909001314,15.960833163,,6.030000000,16.287663321
script_51,gpt,optimized,python,data_visualization,01_scatter_trend_grouped,/home/romakrut/PycharmProjects/masters-thesis/task_equivalents/llm_translations/gpt/optimized/python/data_visualization/01_scatter_trend_grouped.py,2,ok,0.370428820,5.868932690,15.843617919,,5.990000000,16.170448077
script_51,gpt,optimized,python,data_visualization,01_scatter_trend_grouped,/home/romakrut/PycharmProjects/masters-thesis/task_equivalents/llm_translations/gpt/optimized/python/data_visualization/01_scatter_trend_grouped.py,3,ok,0.368127096,5.919684963,16.080546712,,6.040000000,16.407376870
script_51,gpt,optimized,python,data_visualization,01_scatter_trend_grouped,/home/romakrut/PycharmProjects/masters-thesis/task_equivalents/llm_translations/gpt/optimized/python/data_visualization/01_scatter_trend_grouped.py,4,ok,0.373310282,6.007990942,16.093826587,,6.130000000,16.420656745
script_51,gpt,optimized,python,data_visualization,01_scatter_trend_grouped,/home/romakrut/PycharmProjects/masters-thesis/task_equivalents/llm_translations/gpt/optimized/python/data_visualization/01_scatter_trend_grouped.py,5,ok,0.370405848,5.828940198,15.736631129,,5.950000000,16.063461287
script_51,gpt,optimized,python,data_visualization,01_scatter_trend_grouped,/home/romakrut/PycharmProjects/masters-thesis/task_equivalents/llm_translations/gpt/optimized/python/data_visualization/01_scatter_trend_grouped.py,6,ok,0.372832318,6.018147155,16.141699268,,6.140000000,16.468529426
script_51,gpt,optimized,python,data_visualization,01_scatter_trend_grouped,/home/romakrut/PycharmProjects/masters-thesis/task_equivalents/llm_translations/gpt/optimized/python/data_visualization/01_scatter_trend_grouped.py,7,ok,0.372237182,6.068341663,16.302352254,,6.190000000,16.629182412
script_51,gpt,optimized,python,data_visualization,01_scatter_trend_grouped,/home/romakrut/PycharmProjects/masters-thesis/task_equivalents/llm_translations/gpt/optimized/python/data_visualization/01_scatter_trend_grouped.py,8,ok,0.373521811,5.957921807,15.950666419,,6.080000000,16.277496577
script_51,gpt,optimized,python,data_visualization,01_scatter_trend_grouped,/home/romakrut/PycharmProjects/masters-thesis/task_equivalents/llm_translations/gpt/optimized/python/data_visualization/01_scatter_trend_grouped.py,9,ok,0.370354553,5.918956963,15.981866336,,6.040000000,16.308696494
script_51,gpt,optimized,python,data_visualization,01_scatter_trend_grouped,/home/romakrut/PycharmProjects/masters-thesis/task_equivalents/llm_translations/gpt/optimized/python/data_visualization/01_scatter_trend_grouped.py,10,ok,0.368020147,5.949719917,16.166832076,,6.070000000,16.493662234
script_51,gpt,optimized,python,data_visualization,01_scatter_trend_grouped,/home/romakrut/PycharmProjects/masters-thesis/task_equivalents/llm_translations/gpt/optimized/python/data_visualization/01_scatter_trend_grouped.py,11,ok,0.371182712,6.078686296,16.376533979,,6.200000000,16.703364137
script_51,gpt,optimized,python,data_visualization,01_scatter_trend_grouped,/home/romakrut/PycharmProjects/masters-thesis/task_equivalents/llm_translations/gpt/optimized/python/data_visualization/01_scatter_trend_grouped.py,12,ok,0.369986087,5.949077389,16.079192158,,6.070000000,16.406022316
script_51,gpt,optimized,python,data_visualization,01_scatter_trend_grouped,/home/romakrut/PycharmProjects/masters-thesis/task_equivalents/llm_translations/gpt/optimized/python/data_visualization/01_scatter_trend_grouped.py,13,ok,0.370005366,5.869071088,15.862124248,,5.990000000,16.188954406
script_51,gpt,optimized,python,data_visualization,01_scatter_trend_grouped,/home/romakrut/PycharmProjects/masters-thesis/task_equivalents/llm_translations/gpt/optimized/python/data_visualization/01_scatter_trend_grouped.py,14,ok,0.373072352,5.988068704,16.050690093,,6.110000000,16.377520251
script_51,gpt,optimized,python,data_visualization,01_scatter_trend_grouped,/home/romakrut/PycharmProjects/masters-thesis/task_equivalents/llm_translations/gpt/optimized/python/data_visualization/01_scatter_trend_grouped.py,15,ok,0.372099647,6.198386614,16.657867492,,6.320000000,16.984697650
script_51,gpt,optimized,python,data_visualization,01_scatter_trend_grouped,/home/romakrut/PycharmProjects/masters-thesis/task_equivalents/llm_translations/gpt/optimized/python/data_visualization/01_scatter_trend_grouped.py,16,ok,0.371433821,5.888604226,15.853710386,,6.010000000,16.180540544
script_51,gpt,optimized,python,data_visualization,01_scatter_trend_grouped,/home/romakrut/PycharmProjects/masters-thesis/task_equivalents/llm_translations/gpt/optimized/python/data_visualization/01_scatter_trend_grouped.py,17,ok,0.370614662,5.878871951,15.862491569,,6.000000000,16.189321727
script_51,gpt,optimized,python,data_visualization,01_scatter_trend_grouped,/home/romakrut/PycharmProjects/masters-thesis/task_equivalents/llm_translations/gpt/optimized/python/data_visualization/01_scatter_trend_grouped.py,18,ok,0.371934203,6.048440686,16.262125497,,6.170000000,16.588955655
script_51,gpt,optimized,python,data_visualization,01_scatter_trend_grouped,/home/romakrut/PycharmProjects/masters-thesis/task_equivalents/llm_translations/gpt/optimized/python/data_visualization/01_scatter_trend_grouped.py,19,ok,0.373440572,6.007948359,16.088097570,,6.130000000,16.414927728
script_51,gpt,optimized,python,data_visualization,01_scatter_trend_grouped,/home/romakrut/PycharmProjects/masters-thesis/task_equivalents/llm_translations/gpt/optimized/python/data_visualization/01_scatter_trend_grouped.py,20,ok,0.370560976,5.968889498,16.107712048,,6.090000000,16.434542206
script_51,gpt,optimized,python,data_visualization,01_scatter_trend_grouped,/home/romakrut/PycharmProjects/masters-thesis/task_equivalents/llm_translations/gpt/optimized/python/data_visualization/01_scatter_trend_grouped.py,21,ok,0.371670282,5.918526943,15.924132839,,6.040000000,16.250962997
script_51,gpt,optimized,python,data_visualization,01_scatter_trend_grouped,/home/romakrut/PycharmProjects/masters-thesis/task_equivalents/llm_translations/gpt/optimized/python/data_visualization/01_scatter_trend_grouped.py,22,ok,0.375326471,6.157331990,16.405269721,,6.280000000,16.732099879
script_51,gpt,optimized,python,data_visualization,01_scatter_trend_grouped,/home/romakrut/PycharmProjects/masters-thesis/task_equivalents/llm_translations/gpt/optimized/python/data_visualization/01_scatter_trend_grouped.py,23,ok,0.371495774,6.008583977,16.174030495,,6.130000000,16.500860653
script_51,gpt,optimized,python,data_visualization,01_scatter_trend_grouped,/home/romakrut/PycharmProjects/masters-thesis/task_equivalents/llm_translations/gpt/optimized/python/data_visualization/01_scatter_trend_grouped.py,24,ok,0.370546092,6.048894362,16.324269754,,6.170000000,16.651099912
script_51,gpt,optimized,python,data_visualization,01_scatter_trend_grouped,/home/romakrut/PycharmProjects/masters-thesis/task_equivalents/llm_translations/gpt/optimized/python/data_visualization/01_scatter_trend_grouped.py,25,ok,0.371352927,6.218630664,16.745877606,,6.340000000,17.072707764
script_51,gpt,optimized,python,data_visualization,01_scatter_trend_grouped,/home/romakrut/PycharmProjects/masters-thesis/task_equivalents/llm_translations/gpt/optimized/python/data_visualization/01_scatter_trend_grouped.py,26,ok,0.371360496,5.978628190,16.099257338,,6.100000000,16.426087496
script_51,gpt,optimized,python,data_visualization,01_scatter_trend_grouped,/home/romakrut/PycharmProjects/masters-thesis/task_equivalents/llm_translations/gpt/optimized/python/data_visualization/01_scatter_trend_grouped.py,27,ok,0.374236021,6.137688382,16.400581552,,6.260000000,16.727411710
script_51,gpt,optimized,python,data_visualization,01_scatter_trend_grouped,/home/romakrut/PycharmProjects/masters-thesis/task_equivalents/llm_translations/gpt/optimized/python/data_visualization/01_scatter_trend_grouped.py,28,ok,0.370550544,6.118892907,16.512977801,,6.240000000,16.839807959
script_51,gpt,optimized,python,data_visualization,01_scatter_trend_grouped,/home/romakrut/PycharmProjects/masters-thesis/task_equivalents/llm_translations/gpt/optimized/python/data_visualization/01_scatter_trend_grouped.py,29,ok,0.371698530,5.898517711,15.869090767,,6.020000000,16.195920925
script_51,gpt,optimized,python,data_visualization,01_scatter_trend_grouped,/home/romakrut/PycharmProjects/masters-thesis/task_equivalents/llm_translations/gpt/optimized/python/data_visualization/01_scatter_trend_grouped.py,30,ok,0.373667617,6.067874154,16.238694170,,6.190000000,16.565524328
script_62,gpt,optimized,r,machine_learning_workflows,02_regression_workflow_feature_importance,/home/romakrut/PycharmProjects/masters-thesis/task_equivalents/llm_translations/gpt/optimized/r/machine_learning_workflows/02_regression_workflow_feature_importance.R,1,ok,1.729396089,29.524781203,17.072307143,,30.090000000,17.399137301
script_62,gpt,optimized,r,machine_learning_workflows,02_regression_workflow_feature_importance,/home/romakrut/PycharmProjects/masters-thesis/task_equivalents/llm_translations/gpt/optimized/r/machine_learning_workflows/02_regression_workflow_feature_importance.R,2,ok,1.744679399,29.629786156,16.982940346,,30.200000000,17.309770504
script_62,gpt,optimized,r,machine_learning_workflows,02_regression_workflow_feature_importance,/home/romakrut/PycharmProjects/masters-thesis/task_equivalents/llm_translations/gpt/optimized/r/machine_learning_workflows/02_regression_workflow_feature_importance.R,3,ok,1.736370990,29.602501595,17.048488926,,30.170000000,17.375319084
script_62,gpt,optimized,r,machine_learning_workflows,02_regression_workflow_feature_importance,/home/romakrut/PycharmProjects/masters-thesis/task_equivalents/llm_translations/gpt/optimized/r/machine_learning_workflows/02_regression_workflow_feature_importance.R,4,ok,1.748408204,29.478567470,16.860231726,,30.050000000,17.187061884
script_62,gpt,optimized,r,machine_learning_workflows,02_regression_workflow_feature_importance,/home/romakrut/PycharmProjects/masters-thesis/task_equivalents/llm_translations/gpt/optimized/r/machine_learning_workflows/02_regression_workflow_feature_importance.R,5,ok,1.733348991,28.913489275,16.680708516,,29.480000000,17.007538674
script_62,gpt,optimized,r,machine_learning_workflows,02_regression_workflow_feature_importance,/home/romakrut/PycharmProjects/masters-thesis/task_equivalents/llm_translations/gpt/optimized/r/machine_learning_workflows/02_regression_workflow_feature_importance.R,6,ok,1.741961193,29.210674548,16.768843454,,29.780000000,17.095673612
script_62,gpt,optimized,r,machine_learning_workflows,02_regression_workflow_feature_importance,/home/romakrut/PycharmProjects/masters-thesis/task_equivalents/llm_translations/gpt/optimized/r/machine_learning_workflows/02_regression_workflow_feature_importance.R,7,ok,1.727439383,29.835420714,17.271471872,,30.400000000,17.598302030
script_62,gpt,optimized,r,machine_learning_workflows,02_regression_workflow_feature_importance,/home/romakrut/PycharmProjects/masters-thesis/task_equivalents/llm_translations/gpt/optimized/r/machine_learning_workflows/02_regression_workflow_feature_importance.R,8,ok,1.757610677,29.815559825,16.963688384,,30.390000000,17.290518542
script_62,gpt,optimized,r,machine_learning_workflows,02_regression_workflow_feature_importance,/home/romakrut/PycharmProjects/masters-thesis/task_equivalents/llm_translations/gpt/optimized/r/machine_learning_workflows/02_regression_workflow_feature_importance.R,9,ok,1.729913117,29.804612223,17.228964813,,30.370000000,17.555794971
script_62,gpt,optimized,r,machine_learning_workflows,02_regression_workflow_feature_importance,/home/romakrut/PycharmProjects/masters-thesis/task_equivalents/llm_translations/gpt/optimized/r/machine_learning_workflows/02_regression_workflow_feature_importance.R,10,ok,1.743102304,29.490301599,16.918285020,,30.060000000,17.245115178
script_62,gpt,optimized,r,machine_learning_workflows,02_regression_workflow_feature_importance,/home/romakrut/PycharmProjects/masters-thesis/task_equivalents/llm_translations/gpt/optimized/r/machine_learning_workflows/02_regression_workflow_feature_importance.R,11,ok,1.741146749,29.970940733,17.213334115,,30.540000000,17.540164273
script_62,gpt,optimized,r,machine_learning_workflows,02_regression_workflow_feature_importance,/home/romakrut/PycharmProjects/masters-thesis/task_equivalents/llm_translations/gpt/optimized/r/machine_learning_workflows/02_regression_workflow_feature_importance.R,12,ok,1.756095724,29.596054957,16.853326702,,30.170000000,17.180156860
script_62,gpt,optimized,r,machine_learning_workflows,02_regression_workflow_feature_importance,/home/romakrut/PycharmProjects/masters-thesis/task_equivalents/llm_translations/gpt/optimized/r/machine_learning_workflows/02_regression_workflow_feature_importance.R,13,ok,1.727532973,29.865390125,17.287884279,,30.430000000,17.614714437
script_62,gpt,optimized,r,machine_learning_workflows,02_regression_workflow_feature_importance,/home/romakrut/PycharmProjects/masters-thesis/task_equivalents/llm_translations/gpt/optimized/r/machine_learning_workflows/02_regression_workflow_feature_importance.R,14,ok,1.738608957,30.001770160,17.256192106,,30.570000000,17.583022264
script_62,gpt,optimized,r,machine_learning_workflows,02_regression_workflow_feature_importance,/home/romakrut/PycharmProjects/masters-thesis/task_equivalents/llm_translations/gpt/optimized/r/machine_learning_workflows/02_regression_workflow_feature_importance.R,15,ok,1.738752035,30.261723398,17.404277774,,30.830000000,17.731107932
script_62,gpt,optimized,r,machine_learning_workflows,02_regression_workflow_feature_importance,/home/romakrut/PycharmProjects/masters-thesis/task_equivalents/llm_translations/gpt/optimized/r/machine_learning_workflows/02_regression_workflow_feature_importance.R,16,ok,1.758767624,29.695181700,16.884084796,,30.270000000,17.210914954
script_62,gpt,optimized,r,machine_learning_workflows,02_regression_workflow_feature_importance,/home/romakrut/PycharmProjects/masters-thesis/task_equivalents/llm_translations/gpt/optimized/r/machine_learning_workflows/02_regression_workflow_feature_importance.R,17,ok,1.726433611,29.585749430,17.136916961,,30.150000000,17.463747119
script_62,gpt,optimized,r,machine_learning_workflows,02_regression_workflow_feature_importance,/home/romakrut/PycharmProjects/masters-thesis/task_equivalents/llm_translations/gpt/optimized/r/machine_learning_workflows/02_regression_workflow_feature_importance.R,18,ok,1.743614001,29.660134361,17.010722754,,30.230000000,17.337552912
script_62,gpt,optimized,r,machine_learning_workflows,02_regression_workflow_feature_importance,/home/romakrut/PycharmProjects/masters-thesis/task_equivalents/llm_translations/gpt/optimized/r/machine_learning_workflows/02_regression_workflow_feature_importance.R,19,ok,1.738427487,29.681829470,17.073953151,,30.250000000,17.400783309
script_62,gpt,optimized,r,machine_learning_workflows,02_regression_workflow_feature_importance,/home/romakrut/PycharmProjects/masters-thesis/task_equivalents/llm_translations/gpt/optimized/r/machine_learning_workflows/02_regression_workflow_feature_importance.R,20,ok,1.757812213,30.295493957,17.234772709,,30.870000000,17.561602867
script_62,gpt,optimized,r,machine_learning_workflows,02_regression_workflow_feature_importance,/home/romakrut/PycharmProjects/masters-thesis/task_equivalents/llm_translations/gpt/optimized/r/machine_learning_workflows/02_regression_workflow_feature_importance.R,21,ok,1.759309929,30.605004458,17.396027814,,31.180000000,17.722857972
script_62,gpt,optimized,r,machine_learning_workflows,02_regression_workflow_feature_importance,/home/romakrut/PycharmProjects/masters-thesis/task_equivalents/llm_translations/gpt/optimized/r/machine_learning_workflows/02_regression_workflow_feature_importance.R,22,ok,1.740763326,30.151066047,17.320600450,,30.720000000,17.647430608
script_62,gpt,optimized,r,machine_learning_workflows,02_regression_workflow_feature_importance,/home/romakrut/PycharmProjects/masters-thesis/task_equivalents/llm_translations/gpt/optimized/r/machine_learning_workflows/02_regression_workflow_feature_importance.R,23,ok,1.727564509,29.875379819,17.293351225,,30.440000000,17.620181383
script_62,gpt,optimized,r,machine_learning_workflows,02_regression_workflow_feature_importance,/home/romakrut/PycharmProjects/masters-thesis/task_equivalents/llm_translations/gpt/optimized/r/machine_learning_workflows/02_regression_workflow_feature_importance.R,24,ok,1.761019707,30.274445651,17.191429222,,30.850000000,17.518259380
script_62,gpt,optimized,r,machine_learning_workflows,02_regression_workflow_feature_importance,/home/romakrut/PycharmProjects/masters-thesis/task_equivalents/llm_translations/gpt/optimized/r/machine_learning_workflows/02_regression_workflow_feature_importance.R,25,ok,1.756762700,30.635836969,17.438802047,,31.210000000,17.765632205
script_62,gpt,optimized,r,machine_learning_workflows,02_regression_workflow_feature_importance,/home/romakrut/PycharmProjects/masters-thesis/task_equivalents/llm_translations/gpt/optimized/r/machine_learning_workflows/02_regression_workflow_feature_importance.R,26,ok,1.733873502,30.463317849,17.569515777,,31.030000000,17.896345935
script_62,gpt,optimized,r,machine_learning_workflows,02_regression_workflow_feature_importance,/home/romakrut/PycharmProjects/masters-thesis/task_equivalents/llm_translations/gpt/optimized/r/machine_learning_workflows/02_regression_workflow_feature_importance.R,27,ok,1.740482694,30.211157766,17.357919082,,30.780000000,17.684749240
script_62,gpt,optimized,r,machine_learning_workflows,02_regression_workflow_feature_importance,/home/romakrut/PycharmProjects/masters-thesis/task_equivalents/llm_translations/gpt/optimized/r/machine_learning_workflows/02_regression_workflow_feature_importance.R,28,ok,1.757650385,30.135546847,17.145359000,,30.710000000,17.472189158
script_62,gpt,optimized,r,machine_learning_workflows,02_regression_workflow_feature_importance,/home/romakrut/PycharmProjects/masters-thesis/task_equivalents/llm_translations/gpt/optimized/r/machine_learning_workflows/02_regression_workflow_feature_importance.R,29,ok,1.728037815,30.355225128,17.566296793,,30.920000000,17.893126951
script_62,gpt,optimized,r,machine_learning_workflows,02_regression_workflow_feature_importance,/home/romakrut/PycharmProjects/masters-thesis/task_equivalents/llm_translations/gpt/optimized/r/machine_learning_workflows/02_regression_workflow_feature_importance.R,30,ok,1.736190274,30.382560658,17.499556998,,30.950000000,17.826387156
script_11,gemini,base,r,data_visualization,01_scatter_trend_grouped,/home/romakrut/PycharmProjects/masters-thesis/task_equivalents/llm_translations/gemini/base/r/data_visualization/01_scatter_trend_grouped.R,1,ok,0.102456012,1.776514285,17.339287863,,1.810000000,17.666118021
script_11,gemini,base,r,data_visualization,01_scatter_trend_grouped,/home/romakrut/PycharmProjects/masters-thesis/task_equivalents/llm_translations/gemini/base/r/data_visualization/01_scatter_trend_grouped.R,2,ok,0.102850239,1.676385440,16.299285801,,1.710000000,16.626115959
script_11,gemini,base,r,data_visualization,01_scatter_trend_grouped,/home/romakrut/PycharmProjects/masters-thesis/task_equivalents/llm_translations/gemini/base/r/data_visualization/01_scatter_trend_grouped.R,3,ok,0.109907545,1.794078900,16.323528104,,1.830000000,16.650358262
script_11,gemini,base,r,data_visualization,01_scatter_trend_grouped,/home/romakrut/PycharmProjects/masters-thesis/task_equivalents/llm_translations/gemini/base/r/data_visualization/01_scatter_trend_grouped.R,4,ok,0.102090088,1.676633880,16.423081939,,1.710000000,16.749912097
script_11,gemini,base,r,data_visualization,01_scatter_trend_grouped,/home/romakrut/PycharmProjects/masters-thesis/task_equivalents/llm_translations/gemini/base/r/data_visualization/01_scatter_trend_grouped.R,5,ok,0.103208804,1.646268250,15.950850959,,1.680000000,16.277681117
script_11,gemini,base,r,data_visualization,01_scatter_trend_grouped,/home/romakrut/PycharmProjects/masters-thesis/task_equivalents/llm_translations/gemini/base/r/data_visualization/01_scatter_trend_grouped.R,6,ok,0.103505732,1.696171205,16.387220036,,1.730000000,16.714050194
script_11,gemini,base,r,data_visualization,01_scatter_trend_grouped,/home/romakrut/PycharmProjects/masters-thesis/task_equivalents/llm_translations/gemini/base/r/data_visualization/01_scatter_trend_grouped.R,7,ok,0.101366097,1.676870503,16.542715485,,1.710000000,16.869545643
script_11,gemini,base,r,data_visualization,01_scatter_trend_grouped,/home/romakrut/PycharmProjects/masters-thesis/task_equivalents/llm_translations/gemini/base/r/data_visualization/01_scatter_trend_grouped.R,8,ok,0.102239451,1.736585064,16.985469377,,1.770000000,17.312299535
script_11,gemini,base,r,data_visualization,01_scatter_trend_grouped,/home/romakrut/PycharmProjects/masters-thesis/task_equivalents/llm_translations/gemini/base/r/data_visualization/01_scatter_trend_grouped.R,9,ok,0.102897805,1.686369894,16.388783941,,1.720000000,16.715614099
script_11,gemini,base,r,data_visualization,01_scatter_trend_grouped,/home/romakrut/PycharmProjects/masters-thesis/task_equivalents/llm_translations/gemini/base/r/data_visualization/01_scatter_trend_grouped.R,10,ok,0.103575564,1.666148382,16.086307597,,1.700000000,16.413137755
script_11,gemini,base,r,data_visualization,01_scatter_trend_grouped,/home/romakrut/PycharmProjects/masters-thesis/task_equivalents/llm_translations/gemini/base/r/data_visualization/01_scatter_trend_grouped.R,11,ok,0.102928253,1.716359943,16.675304329,,1.750000000,17.002134487
script_11,gemini,base,r,data_visualization,01_scatter_trend_grouped,/home/romakrut/PycharmProjects/masters-thesis/task_equivalents/llm_translations/gemini/base/r/data_visualization/01_scatter_trend_grouped.R,12,ok,0.105133905,1.785639069,16.984426377,,1.820000000,17.311256535
script_11,gemini,base,r,data_visualization,01_scatter_trend_grouped,/home/romakrut/PycharmProjects/masters-thesis/task_equivalents/llm_translations/gemini/base/r/data_visualization/01_scatter_trend_grouped.R,13,ok,0.103037137,1.696324356,16.463232633,,1.730000000,16.790062791
script_11,gemini,base,r,data_visualization,01_scatter_trend_grouped,/home/romakrut/PycharmProjects/masters-thesis/task_equivalents/llm_translations/gemini/base/r/data_visualization/01_scatter_trend_grouped.R,14,ok,0.102467369,1.696510574,16.556593481,,1.730000000,16.883423639
script_11,gemini,base,r,data_visualization,01_scatter_trend_grouped,/home/romakrut/PycharmProjects/masters-thesis/task_equivalents/llm_translations/gemini/base/r/data_visualization/01_scatter_trend_grouped.R,15,ok,0.102954657,1.666351313,16.185293232,,1.700000000,16.512123390
script_11,gemini,base,r,data_visualization,01_scatter_trend_grouped,/home/romakrut/PycharmProjects/masters-thesis/task_equivalents/llm_translations/gemini/base/r/data_visualization/01_scatter_trend_grouped.R,16,ok,0.103222371,1.766263816,17.111250198,,1.800000000,17.438080356
script_11,gemini,base,r,data_visualization,01_scatter_trend_grouped,/home/romakrut/PycharmProjects/masters-thesis/task_equivalents/llm_translations/gemini/base/r/data_visualization/01_scatter_trend_grouped.R,17,ok,0.101561379,1.606806678,15.821040382,,1.640000000,16.147870540
script_11,gemini,base,r,data_visualization,01_scatter_trend_grouped,/home/romakrut/PycharmProjects/masters-thesis/task_equivalents/llm_translations/gemini/base/r/data_visualization/01_scatter_trend_grouped.R,18,ok,0.103388057,1.676209665,16.212797819,,1.710000000,16.539627977
script_11,gemini,base,r,data_visualization,01_scatter_trend_grouped,/home/romakrut/PycharmProjects/masters-thesis/task_equivalents/llm_translations/gemini/base/r/data_visualization/01_scatter_trend_grouped.R,19,ok,0.102893025,1.696371456,16.486748799,,1.730000000,16.813578957
script_11,gemini,base,r,data_visualization,01_scatter_trend_grouped,/home/romakrut/PycharmProjects/masters-thesis/task_equivalents/llm_translations/gemini/base/r/data_visualization/01_scatter_trend_grouped.R,20,ok,0.101188799,1.696928449,16.769923802,,1.730000000,17.096753960
script_11,gemini,base,r,data_visualization,01_scatter_trend_grouped,/home/romakrut/PycharmProjects/masters-thesis/task_equivalents/llm_translations/gemini/base/r/data_visualization/01_scatter_trend_grouped.R,21,ok,0.101976466,1.696671016,16.637868344,,1.730000000,16.964698502
script_11,gemini,base,r,data_visualization,01_scatter_trend_grouped,/home/romakrut/PycharmProjects/masters-thesis/task_equivalents/llm_translations/gemini/base/r/data_visualization/01_scatter_trend_grouped.R,22,ok,0.102135963,1.706618887,16.709284731,,1.740000000,17.036114889
script_11,gemini,base,r,data_visualization,01_scatter_trend_grouped,/home/romakrut/PycharmProjects/masters-thesis/task_equivalents/llm_translations/gemini/base/r/data_visualization/01_scatter_trend_grouped.R,23,ok,0.103289529,1.656241867,16.034944519,,1.690000000,16.361774677
script_11,gemini,base,r,data_visualization,01_scatter_trend_grouped,/home/romakrut/PycharmProjects/masters-thesis/task_equivalents/llm_translations/gemini/base/r/data_visualization/01_scatter_trend_grouped.R,24,ok,0.101494842,1.696828425,16.718371016,,1.730000000,17.045201174
script_11,gemini,base,r,data_visualization,01_scatter_trend_grouped,/home/romakrut/PycharmProjects/masters-thesis/task_equivalents/llm_translations/gemini/base/r/data_visualization/01_scatter_trend_grouped.R,25,ok,0.103408137,1.666203102,16.112881932,,1.700000000,16.439712090
script_11,gemini,base,r,data_visualization,01_scatter_trend_grouped,/home/romakrut/PycharmProjects/masters-thesis/task_equivalents/llm_translations/gemini/base/r/data_visualization/01_scatter_trend_grouped.R,26,ok,0.103079721,1.766310438,17.135382414,,1.800000000,17.462212572
script_11,gemini,base,r,data_visualization,01_scatter_trend_grouped,/home/romakrut/PycharmProjects/masters-thesis/task_equivalents/llm_translations/gemini/base/r/data_visualization/01_scatter_trend_grouped.R,27,ok,0.101247368,1.666909307,16.463729770,,1.700000000,16.790559928
script_11,gemini,base,r,data_visualization,01_scatter_trend_grouped,/home/romakrut/PycharmProjects/masters-thesis/task_equivalents/llm_translations/gemini/base/r/data_visualization/01_scatter_trend_grouped.R,28,ok,0.103185516,1.666275862,16.148350331,,1.700000000,16.475180489
script_11,gemini,base,r,data_visualization,01_scatter_trend_grouped,/home/romakrut/PycharmProjects/masters-thesis/task_equivalents/llm_translations/gemini/base/r/data_visualization/01_scatter_trend_grouped.R,29,ok,0.101931638,1.676685667,16.449119229,,1.710000000,16.775949387
script_11,gemini,base,r,data_visualization,01_scatter_trend_grouped,/home/romakrut/PycharmProjects/masters-thesis/task_equivalents/llm_translations/gemini/base/r/data_visualization/01_scatter_trend_grouped.R,30,ok,0.102337130,1.696553140,16.578080113,,1.730000000,16.904910271
script_53,gpt,optimized,python,machine_learning_workflows,01_pipeline_cv_gridsearch_classification,/home/romakrut/PycharmProjects/masters-thesis/task_equivalents/llm_translations/gpt/optimized/python/machine_learning_workflows/01_pipeline_cv_gridsearch_classification.py,1,ok,2.425810615,38.587171933,15.906918576,,39.380000000,16.233748734
script_53,gpt,optimized,python,machine_learning_workflows,01_pipeline_cv_gridsearch_classification,/home/romakrut/PycharmProjects/masters-thesis/task_equivalents/llm_translations/gpt/optimized/python/machine_learning_workflows/01_pipeline_cv_gridsearch_classification.py,2,ok,2.432455260,38.855000263,15.973572424,,39.650000000,16.300402582
script_53,gpt,optimized,python,machine_learning_workflows,01_pipeline_cv_gridsearch_classification,/home/romakrut/PycharmProjects/masters-thesis/task_equivalents/llm_translations/gpt/optimized/python/machine_learning_workflows/01_pipeline_cv_gridsearch_classification.py,3,ok,2.435935925,38.253862677,15.703969174,,39.050000000,16.030799332
script_53,gpt,optimized,python,machine_learning_workflows,01_pipeline_cv_gridsearch_classification,/home/romakrut/PycharmProjects/masters-thesis/task_equivalents/llm_translations/gpt/optimized/python/machine_learning_workflows/01_pipeline_cv_gridsearch_classification.py,4,ok,2.438054682,39.293170203,16.116607430,,40.090000000,16.443437588
script_53,gpt,optimized,python,machine_learning_workflows,01_pipeline_cv_gridsearch_classification,/home/romakrut/PycharmProjects/masters-thesis/task_equivalents/llm_translations/gpt/optimized/python/machine_learning_workflows/01_pipeline_cv_gridsearch_classification.py,5,ok,2.444018191,39.261221148,16.064209871,,40.060000000,16.391040029
script_53,gpt,optimized,python,machine_learning_workflows,01_pipeline_cv_gridsearch_classification,/home/romakrut/PycharmProjects/masters-thesis/task_equivalents/llm_translations/gpt/optimized/python/machine_learning_workflows/01_pipeline_cv_gridsearch_classification.py,6,ok,2.439265657,39.592774420,16.231431909,,40.390000000,16.558262067
script_53,gpt,optimized,python,machine_learning_workflows,01_pipeline_cv_gridsearch_classification,/home/romakrut/PycharmProjects/masters-thesis/task_equivalents/llm_translations/gpt/optimized/python/machine_learning_workflows/01_pipeline_cv_gridsearch_classification.py,7,ok,2.440531256,38.912360784,15.944217345,,39.710000000,16.271047503
script_53,gpt,optimized,python,machine_learning_workflows,01_pipeline_cv_gridsearch_classification,/home/romakrut/PycharmProjects/masters-thesis/task_equivalents/llm_translations/gpt/optimized/python/machine_learning_workflows/01_pipeline_cv_gridsearch_classification.py,8,ok,2.436786689,39.523584621,16.219550443,,40.320000000,16.546380601
script_53,gpt,optimized,python,machine_learning_workflows,01_pipeline_cv_gridsearch_classification,/home/romakrut/PycharmProjects/masters-thesis/task_equivalents/llm_translations/gpt/optimized/python/machine_learning_workflows/01_pipeline_cv_gridsearch_classification.py,9,ok,2.436907129,39.343545258,16.144868547,,40.140000000,16.471698705
script_53,gpt,optimized,python,machine_learning_workflows,01_pipeline_cv_gridsearch_classification,/home/romakrut/PycharmProjects/masters-thesis/task_equivalents/llm_translations/gpt/optimized/python/machine_learning_workflows/01_pipeline_cv_gridsearch_classification.py,10,ok,2.441077880,39.652182131,16.243718587,,40.450000000,16.570548745
script_53,gpt,optimized,python,machine_learning_workflows,01_pipeline_cv_gridsearch_classification,/home/romakrut/PycharmProjects/masters-thesis/task_equivalents/llm_translations/gpt/optimized/python/machine_learning_workflows/01_pipeline_cv_gridsearch_classification.py,11,ok,2.454488009,40.397799296,16.458747873,,41.200000000,16.785578031
script_53,gpt,optimized,python,machine_learning_workflows,01_pipeline_cv_gridsearch_classification,/home/romakrut/PycharmProjects/masters-thesis/task_equivalents/llm_translations/gpt/optimized/python/machine_learning_workflows/01_pipeline_cv_gridsearch_classification.py,12,ok,2.438908972,40.182890995,16.475764966,,40.980000000,16.802595124
script_53,gpt,optimized,python,machine_learning_workflows,01_pipeline_cv_gridsearch_classification,/home/romakrut/PycharmProjects/masters-thesis/task_equivalents/llm_translations/gpt/optimized/python/machine_learning_workflows/01_pipeline_cv_gridsearch_classification.py,13,ok,2.453119148,40.448246681,16.488496580,,41.250000000,16.815326738
script_53,gpt,optimized,python,machine_learning_workflows,01_pipeline_cv_gridsearch_classification,/home/romakrut/PycharmProjects/masters-thesis/task_equivalents/llm_translations/gpt/optimized/python/machine_learning_workflows/01_pipeline_cv_gridsearch_classification.py,14,ok,2.438463939,39.623036446,16.249178760,,40.420000000,16.576008918
script_53,gpt,optimized,python,machine_learning_workflows,01_pipeline_cv_gridsearch_classification,/home/romakrut/PycharmProjects/masters-thesis/task_equivalents/llm_translations/gpt/optimized/python/machine_learning_workflows/01_pipeline_cv_gridsearch_classification.py,15,ok,2.447503194,39.730082144,16.232903083,,40.530000000,16.559733241
script_53,gpt,optimized,python,machine_learning_workflows,01_pipeline_cv_gridsearch_classification,/home/romakrut/PycharmProjects/masters-thesis/task_equivalents/llm_translations/gpt/optimized/python/machine_learning_workflows/01_pipeline_cv_gridsearch_classification.py,16,ok,2.435151773,39.804118961,16.345641944,,40.600000000,16.672472102
script_53,gpt,optimized,python,machine_learning_workflows,01_pipeline_cv_gridsearch_classification,/home/romakrut/PycharmProjects/masters-thesis/task_equivalents/llm_translations/gpt/optimized/python/machine_learning_workflows/01_pipeline_cv_gridsearch_classification.py,17,ok,2.440308995,40.052433426,16.412853252,,40.850000000,16.739683410
script_53,gpt,optimized,python,machine_learning_workflows,01_pipeline_cv_gridsearch_classification,/home/romakrut/PycharmProjects/masters-thesis/task_equivalents/llm_translations/gpt/optimized/python/machine_learning_workflows/01_pipeline_cv_gridsearch_classification.py,18,ok,2.435726960,40.153930973,16.485399075,,40.950000000,16.812229233
script_53,gpt,optimized,python,machine_learning_workflows,01_pipeline_cv_gridsearch_classification,/home/romakrut/PycharmProjects/masters-thesis/task_equivalents/llm_translations/gpt/optimized/python/machine_learning_workflows/01_pipeline_cv_gridsearch_classification.py,19,ok,2.442236177,40.401803564,16.542955159,,41.200000000,16.869785317
script_53,gpt,optimized,python,machine_learning_workflows,01_pipeline_cv_gridsearch_classification,/home/romakrut/PycharmProjects/masters-thesis/task_equivalents/llm_translations/gpt/optimized/python/machine_learning_workflows/01_pipeline_cv_gridsearch_classification.py,20,ok,2.444851097,40.460948930,16.549453249,,41.260000000,16.876283407
script_53,gpt,optimized,python,machine_learning_workflows,01_pipeline_cv_gridsearch_classification,/home/romakrut/PycharmProjects/masters-thesis/task_equivalents/llm_translations/gpt/optimized/python/machine_learning_workflows/01_pipeline_cv_gridsearch_classification.py,21,ok,2.433976464,39.714503088,16.316716154,,40.510000000,16.643546312
script_53,gpt,optimized,python,machine_learning_workflows,01_pipeline_cv_gridsearch_classification,/home/romakrut/PycharmProjects/masters-thesis/task_equivalents/llm_translations/gpt/optimized/python/machine_learning_workflows/01_pipeline_cv_gridsearch_classification.py,22,ok,2.442415909,39.651744823,16.234640741,,40.450000000,16.561470899
script_53,gpt,optimized,python,machine_learning_workflows,01_pipeline_cv_gridsearch_classification,/home/romakrut/PycharmProjects/masters-thesis/task_equivalents/llm_translations/gpt/optimized/python/machine_learning_workflows/01_pipeline_cv_gridsearch_classification.py,23,ok,2.461982747,40.735349790,16.545749494,,41.540000000,16.872579652
script_53,gpt,optimized,python,machine_learning_workflows,01_pipeline_cv_gridsearch_classification,/home/romakrut/PycharmProjects/masters-thesis/task_equivalents/llm_translations/gpt/optimized/python/machine_learning_workflows/01_pipeline_cv_gridsearch_classification.py,24,ok,2.448149228,40.209871001,16.424599669,,41.010000000,16.751429827
script_53,gpt,optimized,python,machine_learning_workflows,01_pipeline_cv_gridsearch_classification,/home/romakrut/PycharmProjects/masters-thesis/task_equivalents/llm_translations/gpt/optimized/python/machine_learning_workflows/01_pipeline_cv_gridsearch_classification.py,25,ok,2.434084156,39.634467891,16.283113217,,40.430000000,16.609943375
script_53,gpt,optimized,python,machine_learning_workflows,01_pipeline_cv_gridsearch_classification,/home/romakrut/PycharmProjects/masters-thesis/task_equivalents/llm_translations/gpt/optimized/python/machine_learning_workflows/01_pipeline_cv_gridsearch_classification.py,26,ok,2.437350009,39.403400511,16.166492447,,40.200000000,16.493322605
script_53,gpt,optimized,python,machine_learning_workflows,01_pipeline_cv_gridsearch_classification,/home/romakrut/PycharmProjects/masters-thesis/task_equivalents/llm_translations/gpt/optimized/python/machine_learning_workflows/01_pipeline_cv_gridsearch_classification.py,27,ok,2.451349422,40.138825081,16.374175269,,40.940000000,16.701005427
script_53,gpt,optimized,python,machine_learning_workflows,01_pipeline_cv_gridsearch_classification,/home/romakrut/PycharmProjects/masters-thesis/task_equivalents/llm_translations/gpt/optimized/python/machine_learning_workflows/01_pipeline_cv_gridsearch_classification.py,28,ok,2.438736768,40.582947277,16.640970772,,41.380000000,16.967800930
script_53,gpt,optimized,python,machine_learning_workflows,01_pipeline_cv_gridsearch_classification,/home/romakrut/PycharmProjects/masters-thesis/task_equivalents/llm_translations/gpt/optimized/python/machine_learning_workflows/01_pipeline_cv_gridsearch_classification.py,29,ok,2.522965832,41.295418678,16.367807346,,42.120000000,16.694637504
script_53,gpt,optimized,python,machine_learning_workflows,01_pipeline_cv_gridsearch_classification,/home/romakrut/PycharmProjects/masters-thesis/task_equivalents/llm_translations/gpt/optimized/python/machine_learning_workflows/01_pipeline_cv_gridsearch_classification.py,30,ok,2.441483762,40.412049476,16.552249950,,41.210000000,16.879080108
script_14,gemini,base,r,machine_learning_workflows,02_regression_workflow_feature_importance,/home/romakrut/PycharmProjects/masters-thesis/task_equivalents/llm_translations/gemini/base/r/machine_learning_workflows/02_regression_workflow_feature_importance.R,1,ok,2.769566176,45.194822249,16.318376012,,46.100000000,16.645206170
script_14,gemini,base,r,machine_learning_workflows,02_regression_workflow_feature_importance,/home/romakrut/PycharmProjects/masters-thesis/task_equivalents/llm_translations/gemini/base/r/machine_learning_workflows/02_regression_workflow_feature_importance.R,2,ok,2.788522109,45.398626879,16.280533237,,46.310000000,16.607363395
script_14,gemini,base,r,machine_learning_workflows,02_regression_workflow_feature_importance,/home/romakrut/PycharmProjects/masters-thesis/task_equivalents/llm_translations/gemini/base/r/machine_learning_workflows/02_regression_workflow_feature_importance.R,3,ok,2.794644534,44.726625885,16.004406049,,45.640000000,16.331236207
script_14,gemini,base,r,machine_learning_workflows,02_regression_workflow_feature_importance,/home/romakrut/PycharmProjects/masters-thesis/task_equivalents/llm_translations/gemini/base/r/machine_learning_workflows/02_regression_workflow_feature_importance.R,4,ok,2.783951019,46.620120849,16.746027689,,47.530000000,17.072857847
script_14,gemini,base,r,machine_learning_workflows,02_regression_workflow_feature_importance,/home/romakrut/PycharmProjects/masters-thesis/task_equivalents/llm_translations/gemini/base/r/machine_learning_workflows/02_regression_workflow_feature_importance.R,5,ok,2.785278401,47.029687020,16.885093786,,47.940000000,17.211923944
script_14,gemini,base,r,machine_learning_workflows,02_regression_workflow_feature_importance,/home/romakrut/PycharmProjects/masters-thesis/task_equivalents/llm_translations/gemini/base/r/machine_learning_workflows/02_regression_workflow_feature_importance.R,6,ok,2.798550708,45.635349230,16.306779470,,46.550000000,16.633609628
script_14,gemini,base,r,machine_learning_workflows,02_regression_workflow_feature_importance,/home/romakrut/PycharmProjects/masters-thesis/task_equivalents/llm_translations/gemini/base/r/machine_learning_workflows/02_regression_workflow_feature_importance.R,7,ok,2.782342841,46.270646450,16.630102433,,47.180000000,16.956932591
script_14,gemini,base,r,machine_learning_workflows,02_regression_workflow_feature_importance,/home/romakrut/PycharmProjects/masters-thesis/task_equivalents/llm_translations/gemini/base/r/machine_learning_workflows/02_regression_workflow_feature_importance.R,8,ok,2.787554295,46.688943189,16.749070421,,47.600000000,17.075900579
script_14,gemini,base,r,machine_learning_workflows,02_regression_workflow_feature_importance,/home/romakrut/PycharmProjects/masters-thesis/task_equivalents/llm_translations/gemini/base/r/machine_learning_workflows/02_regression_workflow_feature_importance.R,9,ok,2.765682173,47.636091658,17.223993459,,48.540000000,17.550823617
script_14,gemini,base,r,machine_learning_workflows,02_regression_workflow_feature_importance,/home/romakrut/PycharmProjects/masters-thesis/task_equivalents/llm_translations/gemini/base/r/machine_learning_workflows/02_regression_workflow_feature_importance.R,10,ok,2.770117503,47.694642059,17.217551966,,48.600000000,17.544382124
script_14,gemini,base,r,machine_learning_workflows,02_regression_workflow_feature_importance,/home/romakrut/PycharmProjects/masters-thesis/task_equivalents/llm_translations/gemini/base/r/machine_learning_workflows/02_regression_workflow_feature_importance.R,11,ok,2.784736805,46.459864030,16.683754079,,47.370000000,17.010584237
script_14,gemini,base,r,machine_learning_workflows,02_regression_workflow_feature_importance,/home/romakrut/PycharmProjects/masters-thesis/task_equivalents/llm_translations/gemini/base/r/machine_learning_workflows/02_regression_workflow_feature_importance.R,12,ok,2.781891414,46.690793990,16.783830510,,47.600000000,17.110660668
script_14,gemini,base,r,machine_learning_workflows,02_regression_workflow_feature_importance,/home/romakrut/PycharmProjects/masters-thesis/task_equivalents/llm_translations/gemini/base/r/machine_learning_workflows/02_regression_workflow_feature_importance.R,13,ok,2.789039232,47.308457867,16.962277663,,48.220000000,17.289107821
script_14,gemini,base,r,machine_learning_workflows,02_regression_workflow_feature_importance,/home/romakrut/PycharmProjects/masters-thesis/task_equivalents/llm_translations/gemini/base/r/machine_learning_workflows/02_regression_workflow_feature_importance.R,14,ok,2.788911479,46.388499621,16.633191828,,47.300000000,16.960021986
script_14,gemini,base,r,machine_learning_workflows,02_regression_workflow_feature_importance,/home/romakrut/PycharmProjects/masters-thesis/task_equivalents/llm_translations/gemini/base/r/machine_learning_workflows/02_regression_workflow_feature_importance.R,15,ok,2.792763268,46.977240740,16.821060803,,47.890000000,17.147890961
script_14,gemini,base,r,machine_learning_workflows,02_regression_workflow_feature_importance,/home/romakrut/PycharmProjects/masters-thesis/task_equivalents/llm_translations/gemini/base/r/machine_learning_workflows/02_regression_workflow_feature_importance.R,16,ok,2.791053727,47.437799469,16.996376319,,48.350000000,17.323206477
script_14,gemini,base,r,machine_learning_workflows,02_regression_workflow_feature_importance,/home/romakrut/PycharmProjects/masters-thesis/task_equivalents/llm_translations/gemini/base/r/machine_learning_workflows/02_regression_workflow_feature_importance.R,17,ok,2.790456618,46.517994623,16.670388037,,47.430000000,16.997218195
script_14,gemini,base,r,machine_learning_workflows,02_regression_workflow_feature_importance,/home/romakrut/PycharmProjects/masters-thesis/task_equivalents/llm_translations/gemini/base/r/machine_learning_workflows/02_regression_workflow_feature_importance.R,18,ok,2.793193988,46.947099968,16.807676148,,47.860000000,17.134506306
script_14,gemini,base,r,machine_learning_workflows,02_regression_workflow_feature_importance,/home/romakrut/PycharmProjects/masters-thesis/task_equivalents/llm_translations/gemini/base/r/machine_learning_workflows/02_regression_workflow_feature_importance.R,19,ok,2.799716217,46.624968306,16.653462241,,47.540000000,16.980292399
script_14,gemini,base,r,machine_learning_workflows,02_regression_workflow_feature_importance,/home/romakrut/PycharmProjects/masters-thesis/task_equivalents/llm_translations/gemini/base/r/machine_learning_workflows/02_regression_workflow_feature_importance.R,20,ok,2.767091382,47.495631086,17.164460630,,48.400000000,17.491290788
script_14,gemini,base,r,machine_learning_workflows,02_regression_workflow_feature_importance,/home/romakrut/PycharmProjects/masters-thesis/task_equivalents/llm_translations/gemini/base/r/machine_learning_workflows/02_regression_workflow_feature_importance.R,21,ok,2.766372440,47.005866058,16.991879104,,47.910000000,17.318709262
script_14,gemini,base,r,machine_learning_workflows,02_regression_workflow_feature_importance,/home/romakrut/PycharmProjects/masters-thesis/task_equivalents/llm_translations/gemini/base/r/machine_learning_workflows/02_regression_workflow_feature_importance.R,22,ok,2.791909977,47.037519621,16.847792375,,47.950000000,17.174622533
script_14,gemini,base,r,machine_learning_workflows,02_regression_workflow_feature_importance,/home/romakrut/PycharmProjects/masters-thesis/task_equivalents/llm_translations/gemini/base/r/machine_learning_workflows/02_regression_workflow_feature_importance.R,23,ok,2.795621398,46.376306617,16.588908158,,47.290000000,16.915738316
script_14,gemini,base,r,machine_learning_workflows,02_regression_workflow_feature_importance,/home/romakrut/PycharmProjects/masters-thesis/task_equivalents/llm_translations/gemini/base/r/machine_learning_workflows/02_regression_workflow_feature_importance.R,24,ok,2.792462758,46.587338956,16.683244502,,47.500000000,17.010074660
script_14,gemini,base,r,machine_learning_workflows,02_regression_workflow_feature_importance,/home/romakrut/PycharmProjects/masters-thesis/task_equivalents/llm_translations/gemini/base/r/machine_learning_workflows/02_regression_workflow_feature_importance.R,25,ok,2.806102494,47.272881079,16.846455602,,48.190000000,17.173285760
script_14,gemini,base,r,machine_learning_workflows,02_regression_workflow_feature_importance,/home/romakrut/PycharmProjects/masters-thesis/task_equivalents/llm_translations/gemini/base/r/machine_learning_workflows/02_regression_workflow_feature_importance.R,26,ok,2.781994214,46.240760391,16.621443768,,47.150000000,16.948273926
script_14,gemini,base,r,machine_learning_workflows,02_regression_workflow_feature_importance,/home/romakrut/PycharmProjects/masters-thesis/task_equivalents/llm_translations/gemini/base/r/machine_learning_workflows/02_regression_workflow_feature_importance.R,27,ok,2.785251024,48.009695968,17.237116351,,48.920000000,17.563946509
script_14,gemini,base,r,machine_learning_workflows,02_regression_workflow_feature_importance,/home/romakrut/PycharmProjects/masters-thesis/task_equivalents/llm_translations/gemini/base/r/machine_learning_workflows/02_regression_workflow_feature_importance.R,28,ok,2.791548707,47.707637695,17.090025180,,48.620000000,17.416855338
script_14,gemini,base,r,machine_learning_workflows,02_regression_workflow_feature_importance,/home/romakrut/PycharmProjects/masters-thesis/task_equivalents/llm_translations/gemini/base/r/machine_learning_workflows/02_regression_workflow_feature_importance.R,29,ok,2.764076883,47.826616316,17.302925476,,48.730000000,17.629755634
script_14,gemini,base,r,machine_learning_workflows,02_regression_workflow_feature_importance,/home/romakrut/PycharmProjects/masters-thesis/task_equivalents/llm_translations/gemini/base/r/machine_learning_workflows/02_regression_workflow_feature_importance.R,30,ok,2.783583172,46.510241072,16.708766435,,47.420000000,17.035596593
script_40,gpt,base,python,statistical_modelling_analysis,02_logistic_regression_odds_ratios,/home/romakrut/PycharmProjects/masters-thesis/task_equivalents/llm_translations/gpt/base/python/statistical_modelling_analysis/02_logistic_regression_odds_ratios.py,1,ok,0.728992483,11.871743272,16.285138117,,12.110000000,16.611968275
script_40,gpt,base,python,statistical_modelling_analysis,02_logistic_regression_odds_ratios,/home/romakrut/PycharmProjects/masters-thesis/task_equivalents/llm_translations/gpt/base/python/statistical_modelling_analysis/02_logistic_regression_odds_ratios.py,2,ok,0.733973538,11.510115313,15.681921373,,11.750000000,16.008751531
script_40,gpt,base,python,statistical_modelling_analysis,02_logistic_regression_odds_ratios,/home/romakrut/PycharmProjects/masters-thesis/task_equivalents/llm_translations/gpt/base/python/statistical_modelling_analysis/02_logistic_regression_odds_ratios.py,3,ok,0.736718825,11.919218070,16.178788522,,12.160000000,16.505618680
script_40,gpt,base,python,statistical_modelling_analysis,02_logistic_regression_odds_ratios,/home/romakrut/PycharmProjects/masters-thesis/task_equivalents/llm_translations/gpt/base/python/statistical_modelling_analysis/02_logistic_regression_odds_ratios.py,4,ok,0.735665646,11.889562281,16.161638572,,12.130000000,16.488468730
script_40,gpt,base,python,statistical_modelling_analysis,02_logistic_regression_odds_ratios,/home/romakrut/PycharmProjects/masters-thesis/task_equivalents/llm_translations/gpt/base/python/statistical_modelling_analysis/02_logistic_regression_odds_ratios.py,5,ok,0.732265450,11.630673567,15.883138508,,11.870000000,16.209968666
script_40,gpt,base,python,statistical_modelling_analysis,02_logistic_regression_odds_ratios,/home/romakrut/PycharmProjects/masters-thesis/task_equivalents/llm_translations/gpt/base/python/statistical_modelling_analysis/02_logistic_regression_odds_ratios.py,6,ok,0.729850671,11.711462790,16.046382164,,11.950000000,16.373212322
script_40,gpt,base,python,statistical_modelling_analysis,02_logistic_regression_odds_ratios,/home/romakrut/PycharmProjects/masters-thesis/task_equivalents/llm_translations/gpt/base/python/statistical_modelling_analysis/02_logistic_regression_odds_ratios.py,7,ok,0.734910486,11.709809090,15.933653571,,11.950000000,16.260483729
script_40,gpt,base,python,statistical_modelling_analysis,02_logistic_regression_odds_ratios,/home/romakrut/PycharmProjects/masters-thesis/task_equivalents/llm_translations/gpt/base/python/statistical_modelling_analysis/02_logistic_regression_odds_ratios.py,8,ok,0.728909818,11.621770289,15.944044108,,11.860000000,16.270874266
script_40,gpt,base,python,statistical_modelling_analysis,02_logistic_regression_odds_ratios,/home/romakrut/PycharmProjects/masters-thesis/task_equivalents/llm_translations/gpt/base/python/statistical_modelling_analysis/02_logistic_regression_odds_ratios.py,9,ok,0.735406765,11.659646891,15.854690827,,11.900000000,16.181520985
script_40,gpt,base,python,statistical_modelling_analysis,02_logistic_regression_odds_ratios,/home/romakrut/PycharmProjects/masters-thesis/task_equivalents/llm_translations/gpt/base/python/statistical_modelling_analysis/02_logistic_regression_odds_ratios.py,10,ok,0.728913855,11.961768970,16.410401432,,12.200000000,16.737231590
script_40,gpt,base,python,statistical_modelling_analysis,02_logistic_regression_odds_ratios,/home/romakrut/PycharmProjects/masters-thesis/task_equivalents/llm_translations/gpt/base/python/statistical_modelling_analysis/02_logistic_regression_odds_ratios.py,11,ok,0.730664612,11.851196769,16.219749218,,12.090000000,16.546579376
script_40,gpt,base,python,statistical_modelling_analysis,02_logistic_regression_odds_ratios,/home/romakrut/PycharmProjects/masters-thesis/task_equivalents/llm_translations/gpt/base/python/statistical_modelling_analysis/02_logistic_regression_odds_ratios.py,12,ok,0.728484380,11.621909335,15.953546368,,11.860000000,16.280376526
script_40,gpt,base,python,statistical_modelling_analysis,02_logistic_regression_odds_ratios,/home/romakrut/PycharmProjects/masters-thesis/task_equivalents/llm_translations/gpt/base/python/statistical_modelling_analysis/02_logistic_regression_odds_ratios.py,13,ok,0.730192048,11.751351218,16.093507523,,11.990000000,16.420337681
script_40,gpt,base,python,statistical_modelling_analysis,02_logistic_regression_odds_ratios,/home/romakrut/PycharmProjects/masters-thesis/task_equivalents/llm_translations/gpt/base/python/statistical_modelling_analysis/02_logistic_regression_odds_ratios.py,14,ok,0.735470449,11.859626077,16.125224464,,12.100000000,16.452054622
script_40,gpt,base,python,statistical_modelling_analysis,02_logistic_regression_odds_ratios,/home/romakrut/PycharmProjects/masters-thesis/task_equivalents/llm_translations/gpt/base/python/statistical_modelling_analysis/02_logistic_regression_odds_ratios.py,15,ok,0.734187897,12.010045254,16.358271912,,12.250000000,16.685102070
script_40,gpt,base,python,statistical_modelling_analysis,02_logistic_regression_odds_ratios,/home/romakrut/PycharmProjects/masters-thesis/task_equivalents/llm_translations/gpt/base/python/statistical_modelling_analysis/02_logistic_regression_odds_ratios.py,16,ok,0.736103402,11.709419209,15.907302122,,11.950000000,16.234132280
script_40,gpt,base,python,statistical_modelling_analysis,02_logistic_regression_odds_ratios,/home/romakrut/PycharmProjects/masters-thesis/task_equivalents/llm_translations/gpt/base/python/statistical_modelling_analysis/02_logistic_regression_odds_ratios.py,17,ok,0.731010167,12.001083832,16.417123008,,12.240000000,16.743953166
script_40,gpt,base,python,statistical_modelling_analysis,02_logistic_regression_odds_ratios,/home/romakrut/PycharmProjects/masters-thesis/task_equivalents/llm_translations/gpt/base/python/statistical_modelling_analysis/02_logistic_regression_odds_ratios.py,18,ok,0.734233423,12.030030374,16.384476649,,12.270000000,16.711306807
script_40,gpt,base,python,statistical_modelling_analysis,02_logistic_regression_odds_ratios,/home/romakrut/PycharmProjects/masters-thesis/task_equivalents/llm_translations/gpt/base/python/statistical_modelling_analysis/02_logistic_regression_odds_ratios.py,19,ok,0.734155512,11.830055838,16.113828262,,12.070000000,16.440658420
script_40,gpt,base,python,statistical_modelling_analysis,02_logistic_regression_odds_ratios,/home/romakrut/PycharmProjects/masters-thesis/task_equivalents/llm_translations/gpt/base/python/statistical_modelling_analysis/02_logistic_regression_odds_ratios.py,20,ok,0.728783890,12.021811446,16.495715137,,12.260000000,16.822545295
script_40,gpt,base,python,statistical_modelling_analysis,02_logistic_regression_odds_ratios,/home/romakrut/PycharmProjects/masters-thesis/task_equivalents/llm_translations/gpt/base/python/statistical_modelling_analysis/02_logistic_regression_odds_ratios.py,21,ok,0.737887843,11.988836000,16.247504432,,12.230000000,16.574334590
script_40,gpt,base,python,statistical_modelling_analysis,02_logistic_regression_odds_ratios,/home/romakrut/PycharmProjects/masters-thesis/task_equivalents/llm_translations/gpt/base/python/statistical_modelling_analysis/02_logistic_regression_odds_ratios.py,22,ok,0.736448800,12.099306322,16.429256620,,12.340000000,16.756086778
script_40,gpt,base,python,statistical_modelling_analysis,02_logistic_regression_odds_ratios,/home/romakrut/PycharmProjects/masters-thesis/task_equivalents/llm_translations/gpt/base/python/statistical_modelling_analysis/02_logistic_regression_odds_ratios.py,23,ok,0.735521706,11.829609325,16.083290579,,12.070000000,16.410120737
script_40,gpt,base,python,statistical_modelling_analysis,02_logistic_regression_odds_ratios,/home/romakrut/PycharmProjects/masters-thesis/task_equivalents/llm_translations/gpt/base/python/statistical_modelling_analysis/02_logistic_regression_odds_ratios.py,24,ok,0.726748762,11.842476587,16.295145182,,12.080000000,16.621975340
script_40,gpt,base,python,statistical_modelling_analysis,02_logistic_regression_odds_ratios,/home/romakrut/PycharmProjects/masters-thesis/task_equivalents/llm_translations/gpt/base/python/statistical_modelling_analysis/02_logistic_regression_odds_ratios.py,25,ok,0.736992261,11.869128703,16.104821354,,12.110000000,16.431651512
script_40,gpt,base,python,statistical_modelling_analysis,02_logistic_regression_odds_ratios,/home/romakrut/PycharmProjects/masters-thesis/task_equivalents/llm_translations/gpt/base/python/statistical_modelling_analysis/02_logistic_regression_odds_ratios.py,26,ok,0.731338269,12.040976598,16.464305381,,12.280000000,16.791135539
script_40,gpt,base,python,statistical_modelling_analysis,02_logistic_regression_odds_ratios,/home/romakrut/PycharmProjects/masters-thesis/task_equivalents/llm_translations/gpt/base/python/statistical_modelling_analysis/02_logistic_regression_odds_ratios.py,27,ok,0.731154789,11.821036565,16.167625163,,12.060000000,16.494455321
script_40,gpt,base,python,statistical_modelling_analysis,02_logistic_regression_odds_ratios,/home/romakrut/PycharmProjects/masters-thesis/task_equivalents/llm_translations/gpt/base/python/statistical_modelling_analysis/02_logistic_regression_odds_ratios.py,28,ok,0.736697895,11.969224911,16.247127882,,12.210000000,16.573958040
script_40,gpt,base,python,statistical_modelling_analysis,02_logistic_regression_odds_ratios,/home/romakrut/PycharmProjects/masters-thesis/task_equivalents/llm_translations/gpt/base/python/statistical_modelling_analysis/02_logistic_regression_odds_ratios.py,29,ok,0.732882047,11.930472045,16.278843360,,12.170000000,16.605673518
script_40,gpt,base,python,statistical_modelling_analysis,02_logistic_regression_odds_ratios,/home/romakrut/PycharmProjects/masters-thesis/task_equivalents/llm_translations/gpt/base/python/statistical_modelling_analysis/02_logistic_regression_odds_ratios.py,30,ok,0.734915502,12.069807450,16.423394822,,12.310000000,16.750224980
script_39,gpt,base,python,statistical_modelling_analysis,01_linear_regression_inference,/home/romakrut/PycharmProjects/masters-thesis/task_equivalents/llm_translations/gpt/base/python/statistical_modelling_analysis/01_linear_regression_inference.py,1,ok,0.578852693,9.510813483,16.430455620,,9.700000000,16.757285778
script_39,gpt,base,python,statistical_modelling_analysis,01_linear_regression_inference,/home/romakrut/PycharmProjects/masters-thesis/task_equivalents/llm_translations/gpt/base/python/statistical_modelling_analysis/01_linear_regression_inference.py,2,ok,0.580706734,9.320207526,16.049766570,,9.510000000,16.376596728
script_39,gpt,base,python,statistical_modelling_analysis,01_linear_regression_inference,/home/romakrut/PycharmProjects/masters-thesis/task_equivalents/llm_translations/gpt/base/python/statistical_modelling_analysis/01_linear_regression_inference.py,3,ok,0.578456711,9.350942902,16.165328751,,9.540000000,16.492158909
script_39,gpt,base,python,statistical_modelling_analysis,01_linear_regression_inference,/home/romakrut/PycharmProjects/masters-thesis/task_equivalents/llm_translations/gpt/base/python/statistical_modelling_analysis/01_linear_regression_inference.py,4,ok,0.578564690,9.460907611,16.352376449,,9.650000000,16.679206607
script_39,gpt,base,python,statistical_modelling_analysis,01_linear_regression_inference,/home/romakrut/PycharmProjects/masters-thesis/task_equivalents/llm_translations/gpt/base/python/statistical_modelling_analysis/01_linear_regression_inference.py,5,ok,0.580499785,9.440275164,16.262323273,,9.630000000,16.589153431
script_39,gpt,base,python,statistical_modelling_analysis,01_linear_regression_inference,/home/romakrut/PycharmProjects/masters-thesis/task_equivalents/llm_translations/gpt/base/python/statistical_modelling_analysis/01_linear_regression_inference.py,6,ok,0.577212750,9.391349466,16.270169822,,9.580000000,16.596999980
script_39,gpt,base,python,statistical_modelling_analysis,01_linear_regression_inference,/home/romakrut/PycharmProjects/masters-thesis/task_equivalents/llm_translations/gpt/base/python/statistical_modelling_analysis/01_linear_regression_inference.py,7,ok,0.580867504,9.260154982,15.941940147,,9.450000000,16.268770305
script_39,gpt,base,python,statistical_modelling_analysis,01_linear_regression_inference,/home/romakrut/PycharmProjects/masters-thesis/task_equivalents/llm_translations/gpt/base/python/statistical_modelling_analysis/01_linear_regression_inference.py,8,ok,0.578754427,9.280845599,16.035895651,,9.470000000,16.362725809
script_39,gpt,base,python,statistical_modelling_analysis,01_linear_regression_inference,/home/romakrut/PycharmProjects/masters-thesis/task_equivalents/llm_translations/gpt/base/python/statistical_modelling_analysis/01_linear_regression_inference.py,9,ok,0.579473418,9.510610611,16.412505416,,9.700000000,16.739335574
script_39,gpt,base,python,statistical_modelling_analysis,01_linear_regression_inference,/home/romakrut/PycharmProjects/masters-thesis/task_equivalents/llm_translations/gpt/base/python/statistical_modelling_analysis/01_linear_regression_inference.py,10,ok,0.582053358,9.169767409,15.754169756,,9.360000000,16.080999914
script_39,gpt,base,python,statistical_modelling_analysis,01_linear_regression_inference,/home/romakrut/PycharmProjects/masters-thesis/task_equivalents/llm_translations/gpt/base/python/statistical_modelling_analysis/01_linear_regression_inference.py,11,ok,0.577753748,9.421172651,16.306553932,,9.610000000,16.633384090
script_39,gpt,base,python,statistical_modelling_analysis,01_linear_regression_inference,/home/romakrut/PycharmProjects/masters-thesis/task_equivalents/llm_translations/gpt/base/python/statistical_modelling_analysis/01_linear_regression_inference.py,12,ok,0.581379728,9.409987572,16.185613496,,9.600000000,16.512443654
script_39,gpt,base,python,statistical_modelling_analysis,01_linear_regression_inference,/home/romakrut/PycharmProjects/masters-thesis/task_equivalents/llm_translations/gpt/base/python/statistical_modelling_analysis/01_linear_regression_inference.py,13,ok,0.577624960,9.381214743,16.241013448,,9.570000000,16.567843606
script_39,gpt,base,python,statistical_modelling_analysis,01_linear_regression_inference,/home/romakrut/PycharmProjects/masters-thesis/task_equivalents/llm_translations/gpt/base/python/statistical_modelling_analysis/01_linear_regression_inference.py,14,ok,0.579031367,9.310755087,16.079880327,,9.500000000,16.406710485
script_39,gpt,base,python,statistical_modelling_analysis,01_linear_regression_inference,/home/romakrut/PycharmProjects/masters-thesis/task_equivalents/llm_translations/gpt/base/python/statistical_modelling_analysis/01_linear_regression_inference.py,15,ok,0.582369697,9.229664020,15.848462012,,9.420000000,16.175292170
script_39,gpt,base,python,statistical_modelling_analysis,01_linear_regression_inference,/home/romakrut/PycharmProjects/masters-thesis/task_equivalents/llm_translations/gpt/base/python/statistical_modelling_analysis/01_linear_regression_inference.py,16,ok,0.577258030,9.371334667,16.234221405,,9.560000000,16.561051563
script_39,gpt,base,python,statistical_modelling_analysis,01_linear_regression_inference,/home/romakrut/PycharmProjects/masters-thesis/task_equivalents/llm_translations/gpt/base/python/statistical_modelling_analysis/01_linear_regression_inference.py,17,ok,0.583013411,9.279453635,15.916363946,,9.470000000,16.243194104
script_39,gpt,base,python,statistical_modelling_analysis,01_linear_regression_inference,/home/romakrut/PycharmProjects/masters-thesis/task_equivalents/llm_translations/gpt/base/python/statistical_modelling_analysis/01_linear_regression_inference.py,18,ok,0.580907479,9.540141917,16.422825083,,9.730000000,16.749655241
script_39,gpt,base,python,statistical_modelling_analysis,01_linear_regression_inference,/home/romakrut/PycharmProjects/masters-thesis/task_equivalents/llm_translations/gpt/base/python/statistical_modelling_analysis/01_linear_regression_inference.py,19,ok,0.581534709,9.499936919,16.335975776,,9.690000000,16.662805934
script_39,gpt,base,python,statistical_modelling_analysis,01_linear_regression_inference,/home/romakrut/PycharmProjects/masters-thesis/task_equivalents/llm_translations/gpt/base/python/statistical_modelling_analysis/01_linear_regression_inference.py,20,ok,0.580632886,9.320231662,16.051849433,,9.510000000,16.378679591
script_39,gpt,base,python,statistical_modelling_analysis,01_linear_regression_inference,/home/romakrut/PycharmProjects/masters-thesis/task_equivalents/llm_translations/gpt/base/python/statistical_modelling_analysis/01_linear_regression_inference.py,21,ok,0.579165881,9.320711124,16.093336002,,9.510000000,16.420166160
script_39,gpt,base,python,statistical_modelling_analysis,01_linear_regression_inference,/home/romakrut/PycharmProjects/masters-thesis/task_equivalents/llm_translations/gpt/base/python/statistical_modelling_analysis/01_linear_regression_inference.py,22,ok,0.582746965,9.359540717,16.061071579,,9.550000000,16.387901737
script_39,gpt,base,python,statistical_modelling_analysis,01_linear_regression_inference,/home/romakrut/PycharmProjects/masters-thesis/task_equivalents/llm_translations/gpt/base/python/statistical_modelling_analysis/01_linear_regression_inference.py,23,ok,0.582589156,9.559592294,16.408805752,,9.750000000,16.735635910
script_39,gpt,base,python,statistical_modelling_analysis,01_linear_regression_inference,/home/romakrut/PycharmProjects/masters-thesis/task_equivalents/llm_translations/gpt/base/python/statistical_modelling_analysis/01_linear_regression_inference.py,24,ok,0.580080801,9.330412100,16.084676624,,9.520000000,16.411506782
script_39,gpt,base,python,statistical_modelling_analysis,01_linear_regression_inference,/home/romakrut/PycharmProjects/masters-thesis/task_equivalents/llm_translations/gpt/base/python/statistical_modelling_analysis/01_linear_regression_inference.py,25,ok,0.578608202,9.390893390,16.230142189,,9.580000000,16.556972347
script_39,gpt,base,python,statistical_modelling_analysis,01_linear_regression_inference,/home/romakrut/PycharmProjects/masters-thesis/task_equivalents/llm_translations/gpt/base/python/statistical_modelling_analysis/01_linear_regression_inference.py,26,ok,0.576567919,9.301560216,16.132635739,,9.490000000,16.459465897
script_39,gpt,base,python,statistical_modelling_analysis,01_linear_regression_inference,/home/romakrut/PycharmProjects/masters-thesis/task_equivalents/llm_translations/gpt/base/python/statistical_modelling_analysis/01_linear_regression_inference.py,27,ok,0.579691916,9.340539200,16.112936789,,9.530000000,16.439766947
script_39,gpt,base,python,statistical_modelling_analysis,01_linear_regression_inference,/home/romakrut/PycharmProjects/masters-thesis/task_equivalents/llm_translations/gpt/base/python/statistical_modelling_analysis/01_linear_regression_inference.py,28,ok,0.581926907,9.539808737,16.393482794,,9.730000000,16.720312952
script_39,gpt,base,python,statistical_modelling_analysis,01_linear_regression_inference,/home/romakrut/PycharmProjects/masters-thesis/task_equivalents/llm_translations/gpt/base/python/statistical_modelling_analysis/01_linear_regression_inference.py,29,ok,0.579522110,9.490594697,16.376587767,,9.680000000,16.703417925
script_39,gpt,base,python,statistical_modelling_analysis,01_linear_regression_inference,/home/romakrut/PycharmProjects/masters-thesis/task_equivalents/llm_translations/gpt/base/python/statistical_modelling_analysis/01_linear_regression_inference.py,30,ok,0.579488061,9.360605825,16.153233268,,9.550000000,16.480063426
script_68,llama,base,python,data_visualization,02_distribution_boxplot,/home/romakrut/PycharmProjects/masters-thesis/task_equivalents/llm_translations/llama/base/python/data_visualization/02_distribution_boxplot.py,1,ok,0.470754998,7.666143070,16.284783172,,7.820000000,16.611613330
script_68,llama,base,python,data_visualization,02_distribution_boxplot,/home/romakrut/PycharmProjects/masters-thesis/task_equivalents/llm_translations/llama/base/python/data_visualization/02_distribution_boxplot.py,2,ok,0.473587320,7.645217381,16.143205400,,7.800000000,16.470035558
script_68,llama,base,python,data_visualization,02_distribution_boxplot,/home/romakrut/PycharmProjects/masters-thesis/task_equivalents/llm_translations/llama/base/python/data_visualization/02_distribution_boxplot.py,3,ok,0.473799634,7.455147991,15.734811629,,7.610000000,16.061641787
script_68,llama,base,python,data_visualization,02_distribution_boxplot,/home/romakrut/PycharmProjects/masters-thesis/task_equivalents/llm_translations/llama/base/python/data_visualization/02_distribution_boxplot.py,4,ok,0.475057151,7.764736996,16.344848151,,7.920000000,16.671678309
script_68,llama,base,python,data_visualization,02_distribution_boxplot,/home/romakrut/PycharmProjects/masters-thesis/task_equivalents/llm_translations/llama/base/python/data_visualization/02_distribution_boxplot.py,5,ok,0.469534523,7.586541958,16.157580723,,7.740000000,16.484410881
script_68,llama,base,python,data_visualization,02_distribution_boxplot,/home/romakrut/PycharmProjects/masters-thesis/task_equivalents/llm_translations/llama/base/python/data_visualization/02_distribution_boxplot.py,6,ok,0.475582164,7.604565406,15.990013886,,7.760000000,16.316844044
script_68,llama,base,python,data_visualization,02_distribution_boxplot,/home/romakrut/PycharmProjects/masters-thesis/task_equivalents/llm_translations/llama/base/python/data_visualization/02_distribution_boxplot.py,7,ok,0.473846891,7.475132546,15.775417519,,7.630000000,16.102247677
script_68,llama,base,python,data_visualization,02_distribution_boxplot,/home/romakrut/PycharmProjects/masters-thesis/task_equivalents/llm_translations/llama/base/python/data_visualization/02_distribution_boxplot.py,8,ok,0.471312730,7.775960786,16.498516359,,7.930000000,16.825346517
script_68,llama,base,python,data_visualization,02_distribution_boxplot,/home/romakrut/PycharmProjects/masters-thesis/task_equivalents/llm_translations/llama/base/python/data_visualization/02_distribution_boxplot.py,9,ok,0.478129200,7.853732958,16.425963857,,8.010000000,16.752794015
script_68,llama,base,python,data_visualization,02_distribution_boxplot,/home/romakrut/PycharmProjects/masters-thesis/task_equivalents/llm_translations/llama/base/python/data_visualization/02_distribution_boxplot.py,10,ok,0.470529746,7.806216689,16.590272464,,7.960000000,16.917102622
script_68,llama,base,python,data_visualization,02_distribution_boxplot,/home/romakrut/PycharmProjects/masters-thesis/task_equivalents/llm_translations/llama/base/python/data_visualization/02_distribution_boxplot.py,11,ok,0.473426546,7.795269927,16.465637580,,7.950000000,16.792467738
script_68,llama,base,python,data_visualization,02_distribution_boxplot,/home/romakrut/PycharmProjects/masters-thesis/task_equivalents/llm_translations/llama/base/python/data_visualization/02_distribution_boxplot.py,12,ok,0.472558282,7.785553702,16.475330131,,7.940000000,16.802160289
script_68,llama,base,python,data_visualization,02_distribution_boxplot,/home/romakrut/PycharmProjects/masters-thesis/task_equivalents/llm_translations/llama/base/python/data_visualization/02_distribution_boxplot.py,13,ok,0.473953845,7.635097590,16.109369447,,7.790000000,16.436199605
script_68,llama,base,python,data_visualization,02_distribution_boxplot,/home/romakrut/PycharmProjects/masters-thesis/task_equivalents/llm_translations/llama/base/python/data_visualization/02_distribution_boxplot.py,14,ok,0.473400037,7.765278591,16.403206557,,7.920000000,16.730036715
script_68,llama,base,python,data_visualization,02_distribution_boxplot,/home/romakrut/PycharmProjects/masters-thesis/task_equivalents/llm_translations/llama/base/python/data_visualization/02_distribution_boxplot.py,15,ok,0.476566765,7.604243609,15.956302804,,7.760000000,16.283132962
script_68,llama,base,python,data_visualization,02_distribution_boxplot,/home/romakrut/PycharmProjects/masters-thesis/task_equivalents/llm_translations/llama/base/python/data_visualization/02_distribution_boxplot.py,16,ok,0.477682675,7.833878896,16.399755122,,7.990000000,16.726585280
script_68,llama,base,python,data_visualization,02_distribution_boxplot,/home/romakrut/PycharmProjects/masters-thesis/task_equivalents/llm_translations/llama/base/python/data_visualization/02_distribution_boxplot.py,17,ok,0.472705883,7.525505462,15.920058819,,7.680000000,16.246888977
script_68,llama,base,python,data_visualization,02_distribution_boxplot,/home/romakrut/PycharmProjects/masters-thesis/task_equivalents/llm_translations/llama/base/python/data_visualization/02_distribution_boxplot.py,18,ok,0.472472853,7.715581623,16.330211511,,7.870000000,16.657041669
script_68,llama,base,python,data_visualization,02_distribution_boxplot,/home/romakrut/PycharmProjects/masters-thesis/task_equivalents/llm_translations/llama/base/python/data_visualization/02_distribution_boxplot.py,19,ok,0.473581410,7.745219313,16.354567872,,7.900000000,16.681398030
script_68,llama,base,python,data_visualization,02_distribution_boxplot,/home/romakrut/PycharmProjects/masters-thesis/task_equivalents/llm_translations/llama/base/python/data_visualization/02_distribution_boxplot.py,20,ok,0.475444305,7.874610463,16.562634950,,8.030000000,16.889465108
script_68,llama,base,python,data_visualization,02_distribution_boxplot,/home/romakrut/PycharmProjects/masters-thesis/task_equivalents/llm_translations/llama/base/python/data_visualization/02_distribution_boxplot.py,21,ok,0.475379884,7.694631517,16.186279177,,7.850000000,16.513109335
script_68,llama,base,python,data_visualization,02_distribution_boxplot,/home/romakrut/PycharmProjects/masters-thesis/task_equivalents/llm_translations/llama/base/python/data_visualization/02_distribution_boxplot.py,22,ok,0.470728429,7.726151753,16.413182798,,7.880000000,16.740012956
script_68,llama,base,python,data_visualization,02_distribution_boxplot,/home/romakrut/PycharmProjects/masters-thesis/task_equivalents/llm_translations/llama/base/python/data_visualization/02_distribution_boxplot.py,23,ok,0.474351395,7.544967659,15.905861642,,7.700000000,16.232691800
script_68,llama,base,python,data_visualization,02_distribution_boxplot,/home/romakrut/PycharmProjects/masters-thesis/task_equivalents/llm_translations/llama/base/python/data_visualization/02_distribution_boxplot.py,24,ok,0.472379216,7.685612226,16.270005042,,7.840000000,16.596835200
script_68,llama,base,python,data_visualization,02_distribution_boxplot,/home/romakrut/PycharmProjects/masters-thesis/task_equivalents/llm_translations/llama/base/python/data_visualization/02_distribution_boxplot.py,25,ok,0.474580913,7.564892645,15.940153592,,7.720000000,16.266983750
script_68,llama,base,python,data_visualization,02_distribution_boxplot,/home/romakrut/PycharmProjects/masters-thesis/task_equivalents/llm_translations/llama/base/python/data_visualization/02_distribution_boxplot.py,26,ok,0.474588606,7.834890131,16.508803692,,7.990000000,16.835633850
script_68,llama,base,python,data_visualization,02_distribution_boxplot,/home/romakrut/PycharmProjects/masters-thesis/task_equivalents/llm_translations/llama/base/python/data_visualization/02_distribution_boxplot.py,27,ok,0.471308706,7.625962101,16.180397273,,7.780000000,16.507227431
script_68,llama,base,python,data_visualization,02_distribution_boxplot,/home/romakrut/PycharmProjects/masters-thesis/task_equivalents/llm_translations/llama/base/python/data_visualization/02_distribution_boxplot.py,28,ok,0.475032233,7.684745140,16.177313046,,7.840000000,16.504143204
script_68,llama,base,python,data_visualization,02_distribution_boxplot,/home/romakrut/PycharmProjects/masters-thesis/task_equivalents/llm_translations/llama/base/python/data_visualization/02_distribution_boxplot.py,29,ok,0.474327271,7.704975543,16.244007069,,7.860000000,16.570837227
script_68,llama,base,python,data_visualization,02_distribution_boxplot,/home/romakrut/PycharmProjects/masters-thesis/task_equivalents/llm_translations/llama/base/python/data_visualization/02_distribution_boxplot.py,30,ok,0.475754328,7.714509138,16.215320984,,7.870000000,16.542151142
script_21,gemini,optimized,python,machine_learning_workflows,01_pipeline_cv_gridsearch_classification,/home/romakrut/PycharmProjects/masters-thesis/task_equivalents/llm_translations/gemini/optimized/python/machine_learning_workflows/01_pipeline_cv_gridsearch_classification.py,1,ok,2.571670309,41.389500587,16.094403875,,42.230000000,16.421234033
script_21,gemini,optimized,python,machine_learning_workflows,01_pipeline_cv_gridsearch_classification,/home/romakrut/PycharmProjects/masters-thesis/task_equivalents/llm_translations/gemini/optimized/python/machine_learning_workflows/01_pipeline_cv_gridsearch_classification.py,2,ok,2.568220842,41.310627976,16.085309838,,42.150000000,16.412139996
script_21,gemini,optimized,python,machine_learning_workflows,01_pipeline_cv_gridsearch_classification,/home/romakrut/PycharmProjects/masters-thesis/task_equivalents/llm_translations/gemini/optimized/python/machine_learning_workflows/01_pipeline_cv_gridsearch_classification.py,3,ok,2.597714864,41.640988441,16.029853398,,42.490000000,16.356683556
script_21,gemini,optimized,python,machine_learning_workflows,01_pipeline_cv_gridsearch_classification,/home/romakrut/PycharmProjects/masters-thesis/task_equivalents/llm_translations/gemini/optimized/python/machine_learning_workflows/01_pipeline_cv_gridsearch_classification.py,4,ok,2.575349593,42.058298086,16.331102465,,42.900000000,16.657932623
script_21,gemini,optimized,python,machine_learning_workflows,01_pipeline_cv_gridsearch_classification,/home/romakrut/PycharmProjects/masters-thesis/task_equivalents/llm_translations/gemini/optimized/python/machine_learning_workflows/01_pipeline_cv_gridsearch_classification.py,5,ok,2.572589184,42.179200271,16.395622174,,43.020000000,16.722452332
script_21,gemini,optimized,python,machine_learning_workflows,01_pipeline_cv_gridsearch_classification,/home/romakrut/PycharmProjects/masters-thesis/task_equivalents/llm_translations/gemini/optimized/python/machine_learning_workflows/01_pipeline_cv_gridsearch_classification.py,6,ok,2.574646734,41.858527801,16.257969394,,42.700000000,16.584799552
script_21,gemini,optimized,python,machine_learning_workflows,01_pipeline_cv_gridsearch_classification,/home/romakrut/PycharmProjects/masters-thesis/task_equivalents/llm_translations/gemini/optimized/python/machine_learning_workflows/01_pipeline_cv_gridsearch_classification.py,7,ok,2.567970482,42.020709802,16.363392841,,42.860000000,16.690222999
script_21,gemini,optimized,python,machine_learning_workflows,01_pipeline_cv_gridsearch_classification,/home/romakrut/PycharmProjects/masters-thesis/task_equivalents/llm_translations/gemini/optimized/python/machine_learning_workflows/01_pipeline_cv_gridsearch_classification.py,8,ok,2.574561198,42.108555757,16.355624325,,42.950000000,16.682454483
script_21,gemini,optimized,python,machine_learning_workflows,01_pipeline_cv_gridsearch_classification,/home/romakrut/PycharmProjects/masters-thesis/task_equivalents/llm_translations/gemini/optimized/python/machine_learning_workflows/01_pipeline_cv_gridsearch_classification.py,9,ok,2.571127778,42.209677902,16.416795098,,43.050000000,16.743625256
script_21,gemini,optimized,python,machine_learning_workflows,01_pipeline_cv_gridsearch_classification,/home/romakrut/PycharmProjects/masters-thesis/task_equivalents/llm_translations/gemini/optimized/python/machine_learning_workflows/01_pipeline_cv_gridsearch_classification.py,10,ok,2.579409684,42.336971125,16.413434201,,43.180000000,16.740264359
script_21,gemini,optimized,python,machine_learning_workflows,01_pipeline_cv_gridsearch_classification,/home/romakrut/PycharmProjects/masters-thesis/task_equivalents/llm_translations/gemini/optimized/python/machine_learning_workflows/01_pipeline_cv_gridsearch_classification.py,11,ok,2.572720343,42.669157404,16.585229529,,43.510000000,16.912059687
script_21,gemini,optimized,python,machine_learning_workflows,01_pipeline_cv_gridsearch_classification,/home/romakrut/PycharmProjects/masters-thesis/task_equivalents/llm_translations/gemini/optimized/python/machine_learning_workflows/01_pipeline_cv_gridsearch_classification.py,12,ok,2.584840860,42.235196053,16.339573050,,43.080000000,16.666403208
script_21,gemini,optimized,python,machine_learning_workflows,01_pipeline_cv_gridsearch_classification,/home/romakrut/PycharmProjects/masters-thesis/task_equivalents/llm_translations/gemini/optimized/python/machine_learning_workflows/01_pipeline_cv_gridsearch_classification.py,13,ok,2.574441076,42.478595016,16.500123235,,43.320000000,16.826953393
script_21,gemini,optimized,python,machine_learning_workflows,01_pipeline_cv_gridsearch_classification,/home/romakrut/PycharmProjects/masters-thesis/task_equivalents/llm_translations/gemini/optimized/python/machine_learning_workflows/01_pipeline_cv_gridsearch_classification.py,14,ok,2.599930983,42.960264146,16.523617137,,43.810000000,16.850447295
script_21,gemini,optimized,python,machine_learning_workflows,01_pipeline_cv_gridsearch_classification,/home/romakrut/PycharmProjects/masters-thesis/task_equivalents/llm_translations/gemini/optimized/python/machine_learning_workflows/01_pipeline_cv_gridsearch_classification.py,15,ok,2.568704880,42.440469778,16.522127594,,43.280000000,16.848957752
script_21,gemini,optimized,python,machine_learning_workflows,01_pipeline_cv_gridsearch_classification,/home/romakrut/PycharmProjects/masters-thesis/task_equivalents/llm_translations/gemini/optimized/python/machine_learning_workflows/01_pipeline_cv_gridsearch_classification.py,16,ok,2.569765437,42.230123156,16.433454411,,43.070000000,16.760284569
script_21,gemini,optimized,python,machine_learning_workflows,01_pipeline_cv_gridsearch_classification,/home/romakrut/PycharmProjects/masters-thesis/task_equivalents/llm_translations/gemini/optimized/python/machine_learning_workflows/01_pipeline_cv_gridsearch_classification.py,17,ok,2.564021499,41.712000448,16.268194500,,42.550000000,16.595024658
script_21,gemini,optimized,python,machine_learning_workflows,01_pipeline_cv_gridsearch_classification,/home/romakrut/PycharmProjects/masters-thesis/task_equivalents/llm_translations/gemini/optimized/python/machine_learning_workflows/01_pipeline_cv_gridsearch_classification.py,18,ok,2.582480224,42.885967580,16.606503772,,43.730000000,16.933333930
script_21,gemini,optimized,python,machine_learning_workflows,01_pipeline_cv_gridsearch_classification,/home/romakrut/PycharmProjects/masters-thesis/task_equivalents/llm_translations/gemini/optimized/python/machine_learning_workflows/01_pipeline_cv_gridsearch_classification.py,19,ok,2.569512606,42.170205789,16.411752832,,43.010000000,16.738582990
script_21,gemini,optimized,python,machine_learning_workflows,01_pipeline_cv_gridsearch_classification,/home/romakrut/PycharmProjects/masters-thesis/task_equivalents/llm_translations/gemini/optimized/python/machine_learning_workflows/01_pipeline_cv_gridsearch_classification.py,20,ok,2.579152438,42.727055201,16.566316349,,43.570000000,16.893146507
script_21,gemini,optimized,python,machine_learning_workflows,01_pipeline_cv_gridsearch_classification,/home/romakrut/PycharmProjects/masters-thesis/task_equivalents/llm_translations/gemini/optimized/python/machine_learning_workflows/01_pipeline_cv_gridsearch_classification.py,21,ok,2.587168251,42.854435392,16.564224370,,43.700000000,16.891054528
script_21,gemini,optimized,python,machine_learning_workflows,01_pipeline_cv_gridsearch_classification,/home/romakrut/PycharmProjects/masters-thesis/task_equivalents/llm_translations/gemini/optimized/python/machine_learning_workflows/01_pipeline_cv_gridsearch_classification.py,22,ok,2.566590387,42.721160858,16.645102808,,43.560000000,16.971932966
script_21,gemini,optimized,python,machine_learning_workflows,01_pipeline_cv_gridsearch_classification,/home/romakrut/PycharmProjects/masters-thesis/task_equivalents/llm_translations/gemini/optimized/python/machine_learning_workflows/01_pipeline_cv_gridsearch_classification.py,23,ok,2.577744502,41.887515357,16.249676927,,42.730000000,16.576507085
script_21,gemini,optimized,python,machine_learning_workflows,01_pipeline_cv_gridsearch_classification,/home/romakrut/PycharmProjects/masters-thesis/task_equivalents/llm_translations/gemini/optimized/python/machine_learning_workflows/01_pipeline_cv_gridsearch_classification.py,24,ok,2.568151475,42.150650648,16.412836648,,42.990000000,16.739666806
script_21,gemini,optimized,python,machine_learning_workflows,01_pipeline_cv_gridsearch_classification,/home/romakrut/PycharmProjects/masters-thesis/task_equivalents/llm_translations/gemini/optimized/python/machine_learning_workflows/01_pipeline_cv_gridsearch_classification.py,25,ok,2.569003150,42.630372295,16.594130021,,43.470000000,16.920960179
script_21,gemini,optimized,python,machine_learning_workflows,01_pipeline_cv_gridsearch_classification,/home/romakrut/PycharmProjects/masters-thesis/task_equivalents/llm_translations/gemini/optimized/python/machine_learning_workflows/01_pipeline_cv_gridsearch_classification.py,26,ok,2.598321713,42.670790104,16.422442953,,43.520000000,16.749273111
script_21,gemini,optimized,python,machine_learning_workflows,01_pipeline_cv_gridsearch_classification,/home/romakrut/PycharmProjects/masters-thesis/task_equivalents/llm_translations/gemini/optimized/python/machine_learning_workflows/01_pipeline_cv_gridsearch_classification.py,27,ok,2.579837521,42.286831295,16.391276951,,43.130000000,16.718107109
script_21,gemini,optimized,python,machine_learning_workflows,01_pipeline_cv_gridsearch_classification,/home/romakrut/PycharmProjects/masters-thesis/task_equivalents/llm_translations/gemini/optimized/python/machine_learning_workflows/01_pipeline_cv_gridsearch_classification.py,28,ok,2.584440828,42.165326796,16.315067592,,43.010000000,16.641897750
script_21,gemini,optimized,python,machine_learning_workflows,01_pipeline_cv_gridsearch_classification,/home/romakrut/PycharmProjects/masters-thesis/task_equivalents/llm_translations/gemini/optimized/python/machine_learning_workflows/01_pipeline_cv_gridsearch_classification.py,29,ok,2.572860205,41.879111693,16.277258909,,42.720000000,16.604089067
script_21,gemini,optimized,python,machine_learning_workflows,01_pipeline_cv_gridsearch_classification,/home/romakrut/PycharmProjects/masters-thesis/task_equivalents/llm_translations/gemini/optimized/python/machine_learning_workflows/01_pipeline_cv_gridsearch_classification.py,30,ok,2.565522432,42.381509898,16.519641134,,43.220000000,16.846471292
script_81,llama,optimized,python,data_manipulation_preprocessing,01_impute_encode_scale,/home/romakrut/PycharmProjects/masters-thesis/task_equivalents/llm_translations/llama/optimized/python/data_manipulation_preprocessing/01_impute_encode_scale.py,1,ok,0.583414569,9.309322524,15.956616476,,9.500000000,16.283446634
script_81,llama,optimized,python,data_manipulation_preprocessing,01_impute_encode_scale,/home/romakrut/PycharmProjects/masters-thesis/task_equivalents/llm_translations/llama/optimized/python/data_manipulation_preprocessing/01_impute_encode_scale.py,2,ok,0.585459374,9.488654220,16.207194968,,9.680000000,16.534025126
script_81,llama,optimized,python,data_manipulation_preprocessing,01_impute_encode_scale,/home/romakrut/PycharmProjects/masters-thesis/task_equivalents/llm_translations/llama/optimized/python/data_manipulation_preprocessing/01_impute_encode_scale.py,3,ok,0.585987358,9.358481659,15.970449757,,9.550000000,16.297279915
script_81,llama,optimized,python,data_manipulation_preprocessing,01_impute_encode_scale,/home/romakrut/PycharmProjects/masters-thesis/task_equivalents/llm_translations/llama/optimized/python/data_manipulation_preprocessing/01_impute_encode_scale.py,4,ok,0.583945163,9.509149110,16.284318653,,9.700000000,16.611148811
script_81,llama,optimized,python,data_manipulation_preprocessing,01_impute_encode_scale,/home/romakrut/PycharmProjects/masters-thesis/task_equivalents/llm_translations/llama/optimized/python/data_manipulation_preprocessing/01_impute_encode_scale.py,5,ok,0.588780953,9.317568628,15.825186906,,9.510000000,16.152017064
script_81,llama,optimized,python,data_manipulation_preprocessing,01_impute_encode_scale,/home/romakrut/PycharmProjects/masters-thesis/task_equivalents/llm_translations/llama/optimized/python/data_manipulation_preprocessing/01_impute_encode_scale.py,6,ok,0.587791804,9.547891912,16.243662887,,9.740000000,16.570493045
script_81,llama,optimized,python,data_manipulation_preprocessing,01_impute_encode_scale,/home/romakrut/PycharmProjects/masters-thesis/task_equivalents/llm_translations/llama/optimized/python/data_manipulation_preprocessing/01_impute_encode_scale.py,7,ok,0.585646550,9.398593046,16.048234290,,9.590000000,16.375064448
script_81,llama,optimized,python,data_manipulation_preprocessing,01_impute_encode_scale,/home/romakrut/PycharmProjects/masters-thesis/task_equivalents/llm_translations/llama/optimized/python/data_manipulation_preprocessing/01_impute_encode_scale.py,8,ok,0.588220410,9.447751830,16.061584518,,9.640000000,16.388414676
script_81,llama,optimized,python,data_manipulation_preprocessing,01_impute_encode_scale,/home/romakrut/PycharmProjects/masters-thesis/task_equivalents/llm_translations/llama/optimized/python/data_manipulation_preprocessing/01_impute_encode_scale.py,9,ok,0.588119123,9.437784934,16.047403604,,9.630000000,16.374233762
script_81,llama,optimized,python,data_manipulation_preprocessing,01_impute_encode_scale,/home/romakrut/PycharmProjects/masters-thesis/task_equivalents/llm_translations/llama/optimized/python/data_manipulation_preprocessing/01_impute_encode_scale.py,10,ok,0.585987493,9.518481615,16.243489373,,9.710000000,16.570319531
script_81,llama,optimized,python,data_manipulation_preprocessing,01_impute_encode_scale,/home/romakrut/PycharmProjects/masters-thesis/task_equivalents/llm_translations/llama/optimized/python/data_manipulation_preprocessing/01_impute_encode_scale.py,11,ok,0.587731043,9.547911770,16.245375983,,9.740000000,16.572206141
script_81,llama,optimized,python,data_manipulation_preprocessing,01_impute_encode_scale,/home/romakrut/PycharmProjects/masters-thesis/task_equivalents/llm_translations/llama/optimized/python/data_manipulation_preprocessing/01_impute_encode_scale.py,12,ok,0.586680198,9.398255218,16.019383729,,9.590000000,16.346213887
script_81,llama,optimized,python,data_manipulation_preprocessing,01_impute_encode_scale,/home/romakrut/PycharmProjects/masters-thesis/task_equivalents/llm_translations/llama/optimized/python/data_manipulation_preprocessing/01_impute_encode_scale.py,13,ok,0.587031924,9.318140264,15.873310944,,9.510000000,16.200141102
script_81,llama,optimized,python,data_manipulation_preprocessing,01_impute_encode_scale,/home/romakrut/PycharmProjects/masters-thesis/task_equivalents/llm_translations/llama/optimized/python/data_manipulation_preprocessing/01_impute_encode_scale.py,14,ok,0.587239766,9.388072334,15.986778958,,9.580000000,16.313609116
script_81,llama,optimized,python,data_manipulation_preprocessing,01_impute_encode_scale,/home/romakrut/PycharmProjects/masters-thesis/task_equivalents/llm_translations/llama/optimized/python/data_manipulation_preprocessing/01_impute_encode_scale.py,15,ok,0.588877423,9.377537099,15.924429656,,9.570000000,16.251259814
script_81,llama,optimized,python,data_manipulation_preprocessing,01_impute_encode_scale,/home/romakrut/PycharmProjects/masters-thesis/task_equivalents/llm_translations/llama/optimized/python/data_manipulation_preprocessing/01_impute_encode_scale.py,16,ok,0.587161204,9.368098011,15.954899518,,9.560000000,16.281729676
script_81,llama,optimized,python,data_manipulation_preprocessing,01_impute_encode_scale,/home/romakrut/PycharmProjects/masters-thesis/task_equivalents/llm_translations/llama/optimized/python/data_manipulation_preprocessing/01_impute_encode_scale.py,17,ok,0.586050160,9.388461134,16.019893474,,9.580000000,16.346723632
script_81,llama,optimized,python,data_manipulation_preprocessing,01_impute_encode_scale,/home/romakrut/PycharmProjects/masters-thesis/task_equivalents/llm_translations/llama/optimized/python/data_manipulation_preprocessing/01_impute_encode_scale.py,18,ok,0.588980896,9.407503281,15.972510050,,9.600000000,16.299340208
script_81,llama,optimized,python,data_manipulation_preprocessing,01_impute_encode_scale,/home/romakrut/PycharmProjects/masters-thesis/task_equivalents/llm_translations/llama/optimized/python/data_manipulation_preprocessing/01_impute_encode_scale.py,19,ok,0.587015283,9.328145702,15.890805525,,9.520000000,16.217635683
script_81,llama,optimized,python,data_manipulation_preprocessing,01_impute_encode_scale,/home/romakrut/PycharmProjects/masters-thesis/task_equivalents/llm_translations/llama/optimized/python/data_manipulation_preprocessing/01_impute_encode_scale.py,20,ok,0.584857769,9.618850843,16.446478704,,9.810000000,16.773308862
script_81,llama,optimized,python,data_manipulation_preprocessing,01_impute_encode_scale,/home/romakrut/PycharmProjects/masters-thesis/task_equivalents/llm_translations/llama/optimized/python/data_manipulation_preprocessing/01_impute_encode_scale.py,21,ok,0.585783438,9.508548306,16.232190413,,9.700000000,16.559020571
script_81,llama,optimized,python,data_manipulation_preprocessing,01_impute_encode_scale,/home/romakrut/PycharmProjects/masters-thesis/task_equivalents/llm_translations/llama/optimized/python/data_manipulation_preprocessing/01_impute_encode_scale.py,22,ok,0.584641503,9.718921525,16.623728345,,9.910000000,16.950558503
script_81,llama,optimized,python,data_manipulation_preprocessing,01_impute_encode_scale,/home/romakrut/PycharmProjects/masters-thesis/task_equivalents/llm_translations/llama/optimized/python/data_manipulation_preprocessing/01_impute_encode_scale.py,23,ok,0.588074416,9.467799546,16.099662369,,9.660000000,16.426492527
script_81,llama,optimized,python,data_manipulation_preprocessing,01_impute_encode_scale,/home/romakrut/PycharmProjects/masters-thesis/task_equivalents/llm_translations/llama/optimized/python/data_manipulation_preprocessing/01_impute_encode_scale.py,24,ok,0.586358230,9.458360447,16.130685924,,9.650000000,16.457516082
script_81,llama,optimized,python,data_manipulation_preprocessing,01_impute_encode_scale,/home/romakrut/PycharmProjects/masters-thesis/task_equivalents/llm_translations/llama/optimized/python/data_manipulation_preprocessing/01_impute_encode_scale.py,25,ok,0.587922389,9.447849233,16.069891893,,9.640000000,16.396722051
script_81,llama,optimized,python,data_manipulation_preprocessing,01_impute_encode_scale,/home/romakrut/PycharmProjects/masters-thesis/task_equivalents/llm_translations/llama/optimized/python/data_manipulation_preprocessing/01_impute_encode_scale.py,26,ok,0.583165182,9.389404031,16.100762393,,9.580000000,16.427592551
script_81,llama,optimized,python,data_manipulation_preprocessing,01_impute_encode_scale,/home/romakrut/PycharmProjects/masters-thesis/task_equivalents/llm_translations/llama/optimized/python/data_manipulation_preprocessing/01_impute_encode_scale.py,27,ok,0.586186696,9.568416510,16.323155361,,9.760000000,16.649985519
script_81,llama,optimized,python,data_manipulation_preprocessing,01_impute_encode_scale,/home/romakrut/PycharmProjects/masters-thesis/task_equivalents/llm_translations/llama/optimized/python/data_manipulation_preprocessing/01_impute_encode_scale.py,28,ok,0.589078926,9.437471242,16.020724601,,9.630000000,16.347554759
script_81,llama,optimized,python,data_manipulation_preprocessing,01_impute_encode_scale,/home/romakrut/PycharmProjects/masters-thesis/task_equivalents/llm_translations/llama/optimized/python/data_manipulation_preprocessing/01_impute_encode_scale.py,29,ok,0.586641000,9.538268029,16.259122750,,9.730000000,16.585952908
script_81,llama,optimized,python,data_manipulation_preprocessing,01_impute_encode_scale,/home/romakrut/PycharmProjects/masters-thesis/task_equivalents/llm_translations/llama/optimized/python/data_manipulation_preprocessing/01_impute_encode_scale.py,30,ok,0.588140052,9.517778094,16.182842950,,9.710000000,16.509673108
script_37,gpt,base,python,machine_learning_workflows,01_pipeline_cv_gridsearch_classification,/home/romakrut/PycharmProjects/masters-thesis/task_equivalents/llm_translations/gpt/base/python/machine_learning_workflows/01_pipeline_cv_gridsearch_classification.py,1,ok,2.406951917,37.883335525,15.739132659,,38.670000000,16.065962817
script_37,gpt,base,python,machine_learning_workflows,01_pipeline_cv_gridsearch_classification,/home/romakrut/PycharmProjects/masters-thesis/task_equivalents/llm_translations/gpt/base/python/machine_learning_workflows/01_pipeline_cv_gridsearch_classification.py,2,ok,2.414573419,38.650844588,16.007318015,,39.440000000,16.334148173
script_37,gpt,base,python,machine_learning_workflows,01_pipeline_cv_gridsearch_classification,/home/romakrut/PycharmProjects/masters-thesis/task_equivalents/llm_translations/gpt/base/python/machine_learning_workflows/01_pipeline_cv_gridsearch_classification.py,3,ok,2.426807078,38.966846259,16.056837238,,39.760000000,16.383667396
script_37,gpt,base,python,machine_learning_workflows,01_pipeline_cv_gridsearch_classification,/home/romakrut/PycharmProjects/masters-thesis/task_equivalents/llm_translations/gpt/base/python/machine_learning_workflows/01_pipeline_cv_gridsearch_classification.py,4,ok,2.418610599,39.669525116,16.401782549,,40.460000000,16.728612707
script_37,gpt,base,python,machine_learning_workflows,01_pipeline_cv_gridsearch_classification,/home/romakrut/PycharmProjects/masters-thesis/task_equivalents/llm_translations/gpt/base/python/machine_learning_workflows/01_pipeline_cv_gridsearch_classification.py,5,ok,2.414435875,39.890889541,16.521826052,,40.680000000,16.848656210
script_37,gpt,base,python,machine_learning_workflows,01_pipeline_cv_gridsearch_classification,/home/romakrut/PycharmProjects/masters-thesis/task_equivalents/llm_translations/gpt/base/python/machine_learning_workflows/01_pipeline_cv_gridsearch_classification.py,6,ok,2.412054366,39.331667890,16.306294106,,40.120000000,16.633124264
script_37,gpt,base,python,machine_learning_workflows,01_pipeline_cv_gridsearch_classification,/home/romakrut/PycharmProjects/masters-thesis/task_equivalents/llm_translations/gpt/base/python/machine_learning_workflows/01_pipeline_cv_gridsearch_classification.py,7,ok,2.408552001,38.672812569,16.056457387,,39.460000000,16.383287545
script_37,gpt,base,python,machine_learning_workflows,01_pipeline_cv_gridsearch_classification,/home/romakrut/PycharmProjects/masters-thesis/task_equivalents/llm_translations/gpt/base/python/machine_learning_workflows/01_pipeline_cv_gridsearch_classification.py,8,ok,2.417396372,39.959921962,16.530148893,,40.750000000,16.856979051
script_37,gpt,base,python,machine_learning_workflows,01_pipeline_cv_gridsearch_classification,/home/romakrut/PycharmProjects/masters-thesis/task_equivalents/llm_translations/gpt/base/python/machine_learning_workflows/01_pipeline_cv_gridsearch_classification.py,9,ok,2.418474464,39.849569609,16.477151279,,40.640000000,16.803981437
script_37,gpt,base,python,machine_learning_workflows,01_pipeline_cv_gridsearch_classification,/home/romakrut/PycharmProjects/masters-thesis/task_equivalents/llm_translations/gpt/base/python/machine_learning_workflows/01_pipeline_cv_gridsearch_classification.py,10,ok,2.422618297,39.958215279,16.493813874,,40.750000000,16.820644032
script_37,gpt,base,python,machine_learning_workflows,01_pipeline_cv_gridsearch_classification,/home/romakrut/PycharmProjects/masters-thesis/task_equivalents/llm_translations/gpt/base/python/machine_learning_workflows/01_pipeline_cv_gridsearch_classification.py,11,ok,2.414657913,39.610816973,16.404318293,,40.400000000,16.731148451
script_37,gpt,base,python,machine_learning_workflows,01_pipeline_cv_gridsearch_classification,/home/romakrut/PycharmProjects/masters-thesis/task_equivalents/llm_translations/gpt/base/python/machine_learning_workflows/01_pipeline_cv_gridsearch_classification.py,12,ok,2.412667931,39.251467359,16.268905826,,40.040000000,16.595735984
script_37,gpt,base,python,machine_learning_workflows,01_pipeline_cv_gridsearch_classification,/home/romakrut/PycharmProjects/masters-thesis/task_equivalents/llm_translations/gpt/base/python/machine_learning_workflows/01_pipeline_cv_gridsearch_classification.py,13,ok,2.411405963,39.291879808,16.294178753,,40.080000000,16.621008911
script_37,gpt,base,python,machine_learning_workflows,01_pipeline_cv_gridsearch_classification,/home/romakrut/PycharmProjects/masters-thesis/task_equivalents/llm_translations/gpt/base/python/machine_learning_workflows/01_pipeline_cv_gridsearch_classification.py,14,ok,2.415172410,39.270648820,16.259977407,,40.060000000,16.586807565
script_37,gpt,base,python,machine_learning_workflows,01_pipeline_cv_gridsearch_classification,/home/romakrut/PycharmProjects/masters-thesis/task_equivalents/llm_translations/gpt/base/python/machine_learning_workflows/01_pipeline_cv_gridsearch_classification.py,15,ok,2.421530924,39.428570666,16.282497273,,40.220000000,16.609327431
script_37,gpt,base,python,machine_learning_workflows,01_pipeline_cv_gridsearch_classification,/home/romakrut/PycharmProjects/masters-thesis/task_equivalents/llm_translations/gpt/base/python/machine_learning_workflows/01_pipeline_cv_gridsearch_classification.py,16,ok,2.417222108,39.899978917,16.506542276,,40.690000000,16.833372434
script_37,gpt,base,python,machine_learning_workflows,01_pipeline_cv_gridsearch_classification,/home/romakrut/PycharmProjects/masters-thesis/task_equivalents/llm_translations/gpt/base/python/machine_learning_workflows/01_pipeline_cv_gridsearch_classification.py,17,ok,2.419179758,39.829339097,16.463984938,,40.620000000,16.790815096
script_37,gpt,base,python,machine_learning_workflows,01_pipeline_cv_gridsearch_classification,/home/romakrut/PycharmProjects/masters-thesis/task_equivalents/llm_translations/gpt/base/python/machine_learning_workflows/01_pipeline_cv_gridsearch_classification.py,18,ok,2.427020080,39.386776644,16.228451082,,40.180000000,16.555281240
script_37,gpt,base,python,machine_learning_workflows,01_pipeline_cv_gridsearch_classification,/home/romakrut/PycharmProjects/masters-thesis/task_equivalents/llm_translations/gpt/base/python/machine_learning_workflows/01_pipeline_cv_gridsearch_classification.py,19,ok,2.436616422,40.243640270,16.516198408,,41.040000000,16.843028566
script_37,gpt,base,python,machine_learning_workflows,01_pipeline_cv_gridsearch_classification,/home/romakrut/PycharmProjects/masters-thesis/task_equivalents/llm_translations/gpt/base/python/machine_learning_workflows/01_pipeline_cv_gridsearch_classification.py,20,ok,2.410931230,39.582034965,16.417737044,,40.370000000,16.744567202
script_37,gpt,base,python,machine_learning_workflows,01_pipeline_cv_gridsearch_classification,/home/romakrut/PycharmProjects/masters-thesis/task_equivalents/llm_translations/gpt/base/python/machine_learning_workflows/01_pipeline_cv_gridsearch_classification.py,21,ok,2.416740643,39.970136274,16.538860465,,40.760000000,16.865690623
script_37,gpt,base,python,machine_learning_workflows,01_pipeline_cv_gridsearch_classification,/home/romakrut/PycharmProjects/masters-thesis/task_equivalents/llm_translations/gpt/base/python/machine_learning_workflows/01_pipeline_cv_gridsearch_classification.py,22,ok,2.413333320,40.131249890,16.628971041,,40.920000000,16.955801199
script_37,gpt,base,python,machine_learning_workflows,01_pipeline_cv_gridsearch_classification,/home/romakrut/PycharmProjects/masters-thesis/task_equivalents/llm_translations/gpt/base/python/machine_learning_workflows/01_pipeline_cv_gridsearch_classification.py,23,ok,2.413469513,39.451205378,16.346262161,,40.240000000,16.673092319
script_37,gpt,base,python,machine_learning_workflows,01_pipeline_cv_gridsearch_classification,/home/romakrut/PycharmProjects/masters-thesis/task_equivalents/llm_translations/gpt/base/python/machine_learning_workflows/01_pipeline_cv_gridsearch_classification.py,24,ok,2.417109044,39.620015869,16.391488819,,40.410000000,16.718318977
script_37,gpt,base,python,machine_learning_workflows,01_pipeline_cv_gridsearch_classification,/home/romakrut/PycharmProjects/masters-thesis/task_equivalents/llm_translations/gpt/base/python/machine_learning_workflows/01_pipeline_cv_gridsearch_classification.py,25,ok,2.415903585,39.190409850,16.221843493,,39.980000000,16.548673651
script_37,gpt,base,python,machine_learning_workflows,01_pipeline_cv_gridsearch_classification,/home/romakrut/PycharmProjects/masters-thesis/task_equivalents/llm_translations/gpt/base/python/machine_learning_workflows/01_pipeline_cv_gridsearch_classification.py,26,ok,2.438191511,40.043125483,16.423289681,,40.840000000,16.750119839
script_37,gpt,base,python,machine_learning_workflows,01_pipeline_cv_gridsearch_classification,/home/romakrut/PycharmProjects/masters-thesis/task_equivalents/llm_translations/gpt/base/python/machine_learning_workflows/01_pipeline_cv_gridsearch_classification.py,27,ok,2.415580397,39.770515477,16.464165518,,40.560000000,16.790995676
script_37,gpt,base,python,machine_learning_workflows,01_pipeline_cv_gridsearch_classification,/home/romakrut/PycharmProjects/masters-thesis/task_equivalents/llm_translations/gpt/base/python/machine_learning_workflows/01_pipeline_cv_gridsearch_classification.py,28,ok,2.417016163,39.870046226,16.495564587,,40.660000000,16.822394745
script_37,gpt,base,python,machine_learning_workflows,01_pipeline_cv_gridsearch_classification,/home/romakrut/PycharmProjects/masters-thesis/task_equivalents/llm_translations/gpt/base/python/machine_learning_workflows/01_pipeline_cv_gridsearch_classification.py,29,ok,2.413436129,39.581216289,16.400357902,,40.370000000,16.727188060
script_37,gpt,base,python,machine_learning_workflows,01_pipeline_cv_gridsearch_classification,/home/romakrut/PycharmProjects/masters-thesis/task_equivalents/llm_translations/gpt/base/python/machine_learning_workflows/01_pipeline_cv_gridsearch_classification.py,30,ok,2.416356191,40.240261924,16.653282357,,41.030000000,16.980112515
script_54,gpt,optimized,python,machine_learning_workflows,02_regression_workflow_feature_importance,/home/romakrut/PycharmProjects/masters-thesis/task_equivalents/llm_translations/gpt/optimized/python/machine_learning_workflows/02_regression_workflow_feature_importance.py,1,ok,12.195822428,184.704037429,15.144861162,,188.690000000,15.471691320
script_54,gpt,optimized,python,machine_learning_workflows,02_regression_workflow_feature_importance,/home/romakrut/PycharmProjects/masters-thesis/task_equivalents/llm_translations/gpt/optimized/python/machine_learning_workflows/02_regression_workflow_feature_importance.py,2,ok,12.259482047,186.713231546,15.230107669,,190.720000000,15.556937827
script_54,gpt,optimized,python,machine_learning_workflows,02_regression_workflow_feature_importance,/home/romakrut/PycharmProjects/masters-thesis/task_equivalents/llm_translations/gpt/optimized/python/machine_learning_workflows/02_regression_workflow_feature_importance.py,3,ok,12.305373104,190.428232964,15.475210004,,194.450000000,15.802040162
script_54,gpt,optimized,python,machine_learning_workflows,02_regression_workflow_feature_importance,/home/romakrut/PycharmProjects/masters-thesis/task_equivalents/llm_translations/gpt/optimized/python/machine_learning_workflows/02_regression_workflow_feature_importance.py,4,ok,12.269784181,191.969864497,15.645740925,,195.980000000,15.972571083
script_54,gpt,optimized,python,machine_learning_workflows,02_regression_workflow_feature_importance,/home/romakrut/PycharmProjects/masters-thesis/task_equivalents/llm_translations/gpt/optimized/python/machine_learning_workflows/02_regression_workflow_feature_importance.py,5,ok,12.268756243,187.680200459,15.297410491,,191.690000000,15.624240649
script_54,gpt,optimized,python,machine_learning_workflows,02_regression_workflow_feature_importance,/home/romakrut/PycharmProjects/masters-thesis/task_equivalents/llm_translations/gpt/optimized/python/machine_learning_workflows/02_regression_workflow_feature_importance.py,6,ok,12.170004960,189.332475356,15.557304699,,193.310000000,15.884134857
script_54,gpt,optimized,python,machine_learning_workflows,02_regression_workflow_feature_importance,/home/romakrut/PycharmProjects/masters-thesis/task_equivalents/llm_translations/gpt/optimized/python/machine_learning_workflows/02_regression_workflow_feature_importance.py,7,ok,12.236223126,188.090833262,15.371641341,,192.090000000,15.698471499
script_54,gpt,optimized,python,machine_learning_workflows,02_regression_workflow_feature_importance,/home/romakrut/PycharmProjects/masters-thesis/task_equivalents/llm_translations/gpt/optimized/python/machine_learning_workflows/02_regression_workflow_feature_importance.py,8,ok,12.240676924,189.979377627,15.520332642,,193.980000000,15.847162800
script_54,gpt,optimized,python,machine_learning_workflows,02_regression_workflow_feature_importance,/home/romakrut/PycharmProjects/masters-thesis/task_equivalents/llm_translations/gpt/optimized/python/machine_learning_workflows/02_regression_workflow_feature_importance.py,9,ok,12.247272738,188.217221916,15.368092631,,192.220000000,15.694922789
script_54,gpt,optimized,python,machine_learning_workflows,02_regression_workflow_feature_importance,/home/romakrut/PycharmProjects/masters-thesis/task_equivalents/llm_translations/gpt/optimized/python/machine_learning_workflows/02_regression_workflow_feature_importance.py,10,ok,12.235534673,191.841058270,15.679009001,,195.840000000,16.005839159
script_54,gpt,optimized,python,machine_learning_workflows,02_regression_workflow_feature_importance,/home/romakrut/PycharmProjects/masters-thesis/task_equivalents/llm_translations/gpt/optimized/python/machine_learning_workflows/02_regression_workflow_feature_importance.py,11,ok,12.228260175,187.813435795,15.358966289,,191.810000000,15.685796447
script_54,gpt,optimized,python,machine_learning_workflows,02_regression_workflow_feature_importance,/home/romakrut/PycharmProjects/masters-thesis/task_equivalents/llm_translations/gpt/optimized/python/machine_learning_workflows/02_regression_workflow_feature_importance.py,12,ok,12.232539209,192.162037278,15.709088195,,196.160000000,16.035918353
script_54,gpt,optimized,python,machine_learning_workflows,02_regression_workflow_feature_importance,/home/romakrut/PycharmProjects/masters-thesis/task_equivalents/llm_translations/gpt/optimized/python/machine_learning_workflows/02_regression_workflow_feature_importance.py,13,ok,12.219243319,188.156382775,15.398366156,,192.150000000,15.725196314
script_54,gpt,optimized,python,machine_learning_workflows,02_regression_workflow_feature_importance,/home/romakrut/PycharmProjects/masters-thesis/task_equivalents/llm_translations/gpt/optimized/python/machine_learning_workflows/02_regression_workflow_feature_importance.py,14,ok,12.213189542,191.808361332,15.705017979,,195.800000000,16.031848137
script_54,gpt,optimized,python,machine_learning_workflows,02_regression_workflow_feature_importance,/home/romakrut/PycharmProjects/masters-thesis/task_equivalents/llm_translations/gpt/optimized/python/machine_learning_workflows/02_regression_workflow_feature_importance.py,15,ok,12.208358319,192.519940322,15.769519152,,196.510000000,16.096349310
script_54,gpt,optimized,python,machine_learning_workflows,02_regression_workflow_feature_importance,/home/romakrut/PycharmProjects/masters-thesis/task_equivalents/llm_translations/gpt/optimized/python/machine_learning_workflows/02_regression_workflow_feature_importance.py,16,ok,12.225415628,194.324365479,15.895113213,,198.320000000,16.221943371
script_54,gpt,optimized,python,machine_learning_workflows,02_regression_workflow_feature_importance,/home/romakrut/PycharmProjects/masters-thesis/task_equivalents/llm_translations/gpt/optimized/python/machine_learning_workflows/02_regression_workflow_feature_importance.py,17,ok,12.262367848,194.892288379,15.893528134,,198.900000000,16.220358292
script_54,gpt,optimized,python,machine_learning_workflows,02_regression_workflow_feature_importance,/home/romakrut/PycharmProjects/masters-thesis/task_equivalents/llm_translations/gpt/optimized/python/machine_learning_workflows/02_regression_workflow_feature_importance.py,18,ok,12.232543583,189.422035848,15.485089799,,193.420000000,15.811919957
script_54,gpt,optimized,python,machine_learning_workflows,02_regression_workflow_feature_importance,/home/romakrut/PycharmProjects/masters-thesis/task_equivalents/llm_translations/gpt/optimized/python/machine_learning_workflows/02_regression_workflow_feature_importance.py,19,ok,12.225103541,190.774467478,15.605141244,,194.770000000,15.931971402
script_54,gpt,optimized,python,machine_learning_workflows,02_regression_workflow_feature_importance,/home/romakrut/PycharmProjects/masters-thesis/task_equivalents/llm_translations/gpt/optimized/python/machine_learning_workflows/02_regression_workflow_feature_importance.py,20,ok,12.328195664,194.050773863,15.740403474,,198.080000000,16.067233632
script_54,gpt,optimized,python,machine_learning_workflows,02_regression_workflow_feature_importance,/home/romakrut/PycharmProjects/masters-thesis/task_equivalents/llm_translations/gpt/optimized/python/machine_learning_workflows/02_regression_workflow_feature_importance.py,21,ok,12.253304594,193.205250524,15.767603673,,197.210000000,16.094433831
script_54,gpt,optimized,python,machine_learning_workflows,02_regression_workflow_feature_importance,/home/romakrut/PycharmProjects/masters-thesis/task_equivalents/llm_translations/gpt/optimized/python/machine_learning_workflows/02_regression_workflow_feature_importance.py,22,ok,12.253916312,195.055050596,15.917772378,,199.060000000,16.244602536
script_54,gpt,optimized,python,machine_learning_workflows,02_regression_workflow_feature_importance,/home/romakrut/PycharmProjects/masters-thesis/task_equivalents/llm_translations/gpt/optimized/python/machine_learning_workflows/02_regression_workflow_feature_importance.py,23,ok,12.232955952,190.631901073,15.583469917,,194.630000000,15.910300075
script_54,gpt,optimized,python,machine_learning_workflows,02_regression_workflow_feature_importance,/home/romakrut/PycharmProjects/masters-thesis/task_equivalents/llm_translations/gpt/optimized/python/machine_learning_workflows/02_regression_workflow_feature_importance.py,24,ok,12.293572823,194.602089652,15.829579607,,198.620000000,16.156409765
script_54,gpt,optimized,python,machine_learning_workflows,02_regression_workflow_feature_importance,/home/romakrut/PycharmProjects/masters-thesis/task_equivalents/llm_translations/gpt/optimized/python/machine_learning_workflows/02_regression_workflow_feature_importance.py,25,ok,12.297731737,191.540730393,15.575289370,,195.560000000,15.902119528
script_54,gpt,optimized,python,machine_learning_workflows,02_regression_workflow_feature_importance,/home/romakrut/PycharmProjects/masters-thesis/task_equivalents/llm_translations/gpt/optimized/python/machine_learning_workflows/02_regression_workflow_feature_importance.py,26,ok,12.244719148,193.888056506,15.834422510,,197.890000000,16.161252668
script_54,gpt,optimized,python,machine_learning_workflows,02_regression_workflow_feature_importance,/home/romakrut/PycharmProjects/masters-thesis/task_equivalents/llm_translations/gpt/optimized/python/machine_learning_workflows/02_regression_workflow_feature_importance.py,27,ok,12.269815862,190.889854143,15.557678802,,194.900000000,15.884508960
script_54,gpt,optimized,python,machine_learning_workflows,02_regression_workflow_feature_importance,/home/romakrut/PycharmProjects/masters-thesis/task_equivalents/llm_translations/gpt/optimized/python/machine_learning_workflows/02_regression_workflow_feature_importance.py,28,ok,12.232390196,196.622085980,16.073889308,,200.620000000,16.400719466
script_54,gpt,optimized,python,machine_learning_workflows,02_regression_workflow_feature_importance,/home/romakrut/PycharmProjects/masters-thesis/task_equivalents/llm_translations/gpt/optimized/python/machine_learning_workflows/02_regression_workflow_feature_importance.py,29,ok,12.266645029,194.660890467,15.869122324,,198.670000000,16.195952482
script_54,gpt,optimized,python,machine_learning_workflows,02_regression_workflow_feature_importance,/home/romakrut/PycharmProjects/masters-thesis/task_equivalents/llm_translations/gpt/optimized/python/machine_learning_workflows/02_regression_workflow_feature_importance.py,30,ok,12.226456415,194.014025318,15.868377454,,198.010000000,16.195207612
script_60,gpt,optimized,r,data_visualization,02_distribution_boxplot,/home/romakrut/PycharmProjects/masters-thesis/task_equivalents/llm_translations/gpt/optimized/r/data_visualization/02_distribution_boxplot.R,1,ok,0.370132235,6.379029623,17.234461146,,6.500000000,17.561291304
script_60,gpt,optimized,r,data_visualization,02_distribution_boxplot,/home/romakrut/PycharmProjects/masters-thesis/task_equivalents/llm_translations/gpt/optimized/r/data_visualization/02_distribution_boxplot.R,2,ok,0.374884279,6.247476512,16.665080031,,6.370000000,16.991910189
script_60,gpt,optimized,r,data_visualization,02_distribution_boxplot,/home/romakrut/PycharmProjects/masters-thesis/task_equivalents/llm_translations/gpt/optimized/r/data_visualization/02_distribution_boxplot.R,3,ok,0.377635018,6.326577487,16.753153669,,6.450000000,17.079983827
script_60,gpt,optimized,r,data_visualization,02_distribution_boxplot,/home/romakrut/PycharmProjects/masters-thesis/task_equivalents/llm_translations/gpt/optimized/r/data_visualization/02_distribution_boxplot.R,4,ok,0.361535601,6.171839262,17.071179838,,6.290000000,17.398009996
script_60,gpt,optimized,r,data_visualization,02_distribution_boxplot,/home/romakrut/PycharmProjects/masters-thesis/task_equivalents/llm_translations/gpt/optimized/r/data_visualization/02_distribution_boxplot.R,5,ok,0.370162375,6.159019772,16.638697470,,6.280000000,16.965527628
script_60,gpt,optimized,r,data_visualization,02_distribution_boxplot,/home/romakrut/PycharmProjects/masters-thesis/task_equivalents/llm_translations/gpt/optimized/r/data_visualization/02_distribution_boxplot.R,6,ok,0.369090738,6.199370016,16.796330489,,6.320000000,17.123160647
script_60,gpt,optimized,r,data_visualization,02_distribution_boxplot,/home/romakrut/PycharmProjects/masters-thesis/task_equivalents/llm_translations/gpt/optimized/r/data_visualization/02_distribution_boxplot.R,7,ok,0.360424512,6.132202400,17.013832843,,6.250000000,17.340663001
script_60,gpt,optimized,r,data_visualization,02_distribution_boxplot,/home/romakrut/PycharmProjects/masters-thesis/task_equivalents/llm_translations/gpt/optimized/r/data_visualization/02_distribution_boxplot.R,8,ok,0.361990951,6.261690440,17.297919804,,6.380000000,17.624749962
script_60,gpt,optimized,r,data_visualization,02_distribution_boxplot,/home/romakrut/PycharmProjects/masters-thesis/task_equivalents/llm_translations/gpt/optimized/r/data_visualization/02_distribution_boxplot.R,9,ok,0.368701218,6.289497323,17.058520600,,6.410000000,17.385350758
script_60,gpt,optimized,r,data_visualization,02_distribution_boxplot,/home/romakrut/PycharmProjects/masters-thesis/task_equivalents/llm_translations/gpt/optimized/r/data_visualization/02_distribution_boxplot.R,10,ok,0.361045177,6.171999548,17.094812342,,6.290000000,17.421642500
script_60,gpt,optimized,r,data_visualization,02_distribution_boxplot,/home/romakrut/PycharmProjects/masters-thesis/task_equivalents/llm_translations/gpt/optimized/r/data_visualization/02_distribution_boxplot.R,11,ok,0.373915124,6.327793261,16.923073860,,6.450000000,17.249904018
script_60,gpt,optimized,r,data_visualization,02_distribution_boxplot,/home/romakrut/PycharmProjects/masters-thesis/task_equivalents/llm_translations/gpt/optimized/r/data_visualization/02_distribution_boxplot.R,12,ok,0.370134530,6.279028873,16.964180221,,6.400000000,17.291010379
script_60,gpt,optimized,r,data_visualization,02_distribution_boxplot,/home/romakrut/PycharmProjects/masters-thesis/task_equivalents/llm_translations/gpt/optimized/r/data_visualization/02_distribution_boxplot.R,13,ok,0.368388665,6.239599474,16.937544684,,6.360000000,17.264374842
script_60,gpt,optimized,r,data_visualization,02_distribution_boxplot,/home/romakrut/PycharmProjects/masters-thesis/task_equivalents/llm_translations/gpt/optimized/r/data_visualization/02_distribution_boxplot.R,14,ok,0.371228502,6.318671330,17.020975749,,6.440000000,17.347805907
script_60,gpt,optimized,r,data_visualization,02_distribution_boxplot,/home/romakrut/PycharmProjects/masters-thesis/task_equivalents/llm_translations/gpt/optimized/r/data_visualization/02_distribution_boxplot.R,15,ok,0.371950285,6.208435430,16.691573256,,6.330000000,17.018403414
script_60,gpt,optimized,r,data_visualization,02_distribution_boxplot,/home/romakrut/PycharmProjects/masters-thesis/task_equivalents/llm_translations/gpt/optimized/r/data_visualization/02_distribution_boxplot.R,16,ok,0.359947655,6.262358251,17.397969299,,6.380000000,17.724799457
script_60,gpt,optimized,r,data_visualization,02_distribution_boxplot,/home/romakrut/PycharmProjects/masters-thesis/task_equivalents/llm_translations/gpt/optimized/r/data_visualization/02_distribution_boxplot.R,17,ok,0.368516536,6.279557682,17.040097442,,6.400000000,17.366927600
script_60,gpt,optimized,r,data_visualization,02_distribution_boxplot,/home/romakrut/PycharmProjects/masters-thesis/task_equivalents/llm_translations/gpt/optimized/r/data_visualization/02_distribution_boxplot.R,18,ok,0.368303492,6.219627312,16.887234160,,6.340000000,17.214064318
script_60,gpt,optimized,r,data_visualization,02_distribution_boxplot,/home/romakrut/PycharmProjects/masters-thesis/task_equivalents/llm_translations/gpt/optimized/r/data_visualization/02_distribution_boxplot.R,19,ok,0.369512156,6.369232284,17.236868071,,6.490000000,17.563698229
script_60,gpt,optimized,r,data_visualization,02_distribution_boxplot,/home/romakrut/PycharmProjects/masters-thesis/task_equivalents/llm_translations/gpt/optimized/r/data_visualization/02_distribution_boxplot.R,20,ok,0.359908684,6.122370988,17.010900987,,6.240000000,17.337731145
script_60,gpt,optimized,r,data_visualization,02_distribution_boxplot,/home/romakrut/PycharmProjects/masters-thesis/task_equivalents/llm_translations/gpt/optimized/r/data_visualization/02_distribution_boxplot.R,21,ok,0.366345052,6.190267389,16.897368628,,6.310000000,17.224198786
script_60,gpt,optimized,r,data_visualization,02_distribution_boxplot,/home/romakrut/PycharmProjects/masters-thesis/task_equivalents/llm_translations/gpt/optimized/r/data_visualization/02_distribution_boxplot.R,22,ok,0.372116349,6.308381155,16.952711623,,6.430000000,17.279541781
script_60,gpt,optimized,r,data_visualization,02_distribution_boxplot,/home/romakrut/PycharmProjects/masters-thesis/task_equivalents/llm_translations/gpt/optimized/r/data_visualization/02_distribution_boxplot.R,23,ok,0.361823667,6.401745114,17.692997163,,6.520000000,18.019827321
script_60,gpt,optimized,r,data_visualization,02_distribution_boxplot,/home/romakrut/PycharmProjects/masters-thesis/task_equivalents/llm_translations/gpt/optimized/r/data_visualization/02_distribution_boxplot.R,24,ok,0.368538782,6.219550412,16.876244009,,6.340000000,17.203074167
script_60,gpt,optimized,r,data_visualization,02_distribution_boxplot,/home/romakrut/PycharmProjects/masters-thesis/task_equivalents/llm_translations/gpt/optimized/r/data_visualization/02_distribution_boxplot.R,25,ok,0.362103086,6.311653791,17.430544050,,6.430000000,17.757374208
script_60,gpt,optimized,r,data_visualization,02_distribution_boxplot,/home/romakrut/PycharmProjects/masters-thesis/task_equivalents/llm_translations/gpt/optimized/r/data_visualization/02_distribution_boxplot.R,26,ok,0.368295171,6.269630031,17.023383755,,6.390000000,17.350213913
script_60,gpt,optimized,r,data_visualization,02_distribution_boxplot,/home/romakrut/PycharmProjects/masters-thesis/task_equivalents/llm_translations/gpt/optimized/r/data_visualization/02_distribution_boxplot.R,27,ok,0.370754915,6.298826113,16.989191128,,6.420000000,17.316021286
script_60,gpt,optimized,r,data_visualization,02_distribution_boxplot,/home/romakrut/PycharmProjects/masters-thesis/task_equivalents/llm_translations/gpt/optimized/r/data_visualization/02_distribution_boxplot.R,28,ok,0.361504444,6.211849445,17.183328030,,6.330000000,17.510158188
script_60,gpt,optimized,r,data_visualization,02_distribution_boxplot,/home/romakrut/PycharmProjects/masters-thesis/task_equivalents/llm_translations/gpt/optimized/r/data_visualization/02_distribution_boxplot.R,29,ok,0.370232733,6.348996777,17.148664101,,6.470000000,17.475494259
script_60,gpt,optimized,r,data_visualization,02_distribution_boxplot,/home/romakrut/PycharmProjects/masters-thesis/task_equivalents/llm_translations/gpt/optimized/r/data_visualization/02_distribution_boxplot.R,30,ok,0.370736393,6.298832166,16.990056237,,6.420000000,17.316886395
script_38,gpt,base,python,machine_learning_workflows,02_regression_workflow_feature_importance,/home/romakrut/PycharmProjects/masters-thesis/task_equivalents/llm_translations/gpt/base/python/machine_learning_workflows/02_regression_workflow_feature_importance.py,1,ok,12.260021591,188.883055206,15.406421090,,192.890000000,15.733251248
script_38,gpt,base,python,machine_learning_workflows,02_regression_workflow_feature_importance,/home/romakrut/PycharmProjects/masters-thesis/task_equivalents/llm_translations/gpt/base/python/machine_learning_workflows/02_regression_workflow_feature_importance.py,2,ok,12.175712112,189.340610087,15.550680596,,193.320000000,15.877510754
script_38,gpt,base,python,machine_learning_workflows,02_regression_workflow_feature_importance,/home/romakrut/PycharmProjects/masters-thesis/task_equivalents/llm_translations/gpt/base/python/machine_learning_workflows/02_regression_workflow_feature_importance.py,3,ok,12.294350067,187.811835625,15.276271995,,191.830000000,15.603102153
script_38,gpt,base,python,machine_learning_workflows,02_regression_workflow_feature_importance,/home/romakrut/PycharmProjects/masters-thesis/task_equivalents/llm_translations/gpt/base/python/machine_learning_workflows/02_regression_workflow_feature_importance.py,4,ok,12.227641048,188.133638144,15.385930729,,192.130000000,15.712760887
script_38,gpt,base,python,machine_learning_workflows,02_regression_workflow_feature_importance,/home/romakrut/PycharmProjects/masters-thesis/task_equivalents/llm_translations/gpt/base/python/machine_learning_workflows/02_regression_workflow_feature_importance.py,5,ok,12.208316142,193.349954106,15.837561205,,197.340000000,16.164391363
script_38,gpt,base,python,machine_learning_workflows,02_regression_workflow_feature_importance,/home/romakrut/PycharmProjects/masters-thesis/task_equivalents/llm_translations/gpt/base/python/machine_learning_workflows/02_regression_workflow_feature_importance.py,6,ok,12.193605793,191.334761892,15.691401308,,195.320000000,16.018231466
script_38,gpt,base,python,machine_learning_workflows,02_regression_workflow_feature_importance,/home/romakrut/PycharmProjects/masters-thesis/task_equivalents/llm_translations/gpt/base/python/machine_learning_workflows/02_regression_workflow_feature_importance.py,7,ok,12.235557069,189.471050950,15.485281944,,193.470000000,15.812112102
script_38,gpt,base,python,machine_learning_workflows,02_regression_workflow_feature_importance,/home/romakrut/PycharmProjects/masters-thesis/task_equivalents/llm_translations/gpt/base/python/machine_learning_workflows/02_regression_workflow_feature_importance.py,8,ok,12.219694322,193.176235374,15.808598013,,197.170000000,16.135428171
script_38,gpt,base,python,machine_learning_workflows,02_regression_workflow_feature_importance,/home/romakrut/PycharmProjects/masters-thesis/task_equivalents/llm_translations/gpt/base/python/machine_learning_workflows/02_regression_workflow_feature_importance.py,9,ok,12.202935903,189.401712531,15.520995442,,193.390000000,15.847825600
script_38,gpt,base,python,machine_learning_workflows,02_regression_workflow_feature_importance,/home/romakrut/PycharmProjects/masters-thesis/task_equivalents/llm_translations/gpt/base/python/machine_learning_workflows/02_regression_workflow_feature_importance.py,10,ok,12.227673882,192.523627413,15.744910215,,196.520000000,16.071740373
script_38,gpt,base,python,machine_learning_workflows,02_regression_workflow_feature_importance,/home/romakrut/PycharmProjects/masters-thesis/task_equivalents/llm_translations/gpt/base/python/machine_learning_workflows/02_regression_workflow_feature_importance.py,11,ok,12.272006845,193.099138064,15.734927506,,197.110000000,16.061757664
script_38,gpt,base,python,machine_learning_workflows,02_regression_workflow_feature_importance,/home/romakrut/PycharmProjects/masters-thesis/task_equivalents/llm_translations/gpt/base/python/machine_learning_workflows/02_regression_workflow_feature_importance.py,12,ok,12.215619205,194.687567245,15.937593009,,198.680000000,16.264423167
script_38,gpt,base,python,machine_learning_workflows,02_regression_workflow_feature_importance,/home/romakrut/PycharmProjects/masters-thesis/task_equivalents/llm_translations/gpt/base/python/machine_learning_workflows/02_regression_workflow_feature_importance.py,13,ok,12.242232846,189.778869105,15.501981664,,193.780000000,15.828811822
script_38,gpt,base,python,machine_learning_workflows,02_regression_workflow_feature_importance,/home/romakrut/PycharmProjects/masters-thesis/task_equivalents/llm_translations/gpt/base/python/machine_learning_workflows/02_regression_workflow_feature_importance.py,14,ok,12.224509605,190.704661594,15.600189108,,194.700000000,15.927019266
script_38,gpt,base,python,machine_learning_workflows,02_regression_workflow_feature_importance,/home/romakrut/PycharmProjects/masters-thesis/task_equivalents/llm_translations/gpt/base/python/machine_learning_workflows/02_regression_workflow_feature_importance.py,15,ok,12.241497921,189.869109300,15.510283997,,193.870000000,15.837114155
script_38,gpt,base,python,machine_learning_workflows,02_regression_workflow_feature_importance,/home/romakrut/PycharmProjects/masters-thesis/task_equivalents/llm_translations/gpt/base/python/machine_learning_workflows/02_regression_workflow_feature_importance.py,16,ok,12.297267529,196.080882111,15.945077364,,200.100000000,16.271907522
script_38,gpt,base,python,machine_learning_workflows,02_regression_workflow_feature_importance,/home/romakrut/PycharmProjects/masters-thesis/task_equivalents/llm_translations/gpt/base/python/machine_learning_workflows/02_regression_workflow_feature_importance.py,17,ok,12.212854593,194.018470804,15.886414542,,198.010000000,16.213244700
script_38,gpt,base,python,machine_learning_workflows,02_regression_workflow_feature_importance,/home/romakrut/PycharmProjects/masters-thesis/task_equivalents/llm_translations/gpt/base/python/machine_learning_workflows/02_regression_workflow_feature_importance.py,18,ok,12.221404160,194.055676547,15.878345402,,198.050000000,16.205175560
script_38,gpt,base,python,machine_learning_workflows,02_regression_workflow_feature_importance,/home/romakrut/PycharmProjects/masters-thesis/task_equivalents/llm_translations/gpt/base/python/machine_learning_workflows/02_regression_workflow_feature_importance.py,19,ok,12.240127013,194.659557354,15.903393580,,198.660000000,16.230223738
script_38,gpt,base,python,machine_learning_workflows,02_regression_workflow_feature_importance,/home/romakrut/PycharmProjects/masters-thesis/task_equivalents/llm_translations/gpt/base/python/machine_learning_workflows/02_regression_workflow_feature_importance.py,20,ok,12.209865495,194.859447731,15.959180534,,198.850000000,16.286010692
script_38,gpt,base,python,machine_learning_workflows,02_regression_workflow_feature_importance,/home/romakrut/PycharmProjects/masters-thesis/task_equivalents/llm_translations/gpt/base/python/machine_learning_workflows/02_regression_workflow_feature_importance.py,21,ok,12.224586085,190.994636598,15.623812150,,194.990000000,15.950642308
script_38,gpt,base,python,machine_learning_workflows,02_regression_workflow_feature_importance,/home/romakrut/PycharmProjects/masters-thesis/task_equivalents/llm_translations/gpt/base/python/machine_learning_workflows/02_regression_workflow_feature_importance.py,22,ok,12.220467756,196.465982592,16.076797265,,200.460000000,16.403627423
script_38,gpt,base,python,machine_learning_workflows,02_regression_workflow_feature_importance,/home/romakrut/PycharmProjects/masters-thesis/task_equivalents/llm_translations/gpt/base/python/machine_learning_workflows/02_regression_workflow_feature_importance.py,23,ok,12.269562734,190.639936873,15.537630884,,194.650000000,15.864461042
script_38,gpt,base,python,machine_learning_workflows,02_regression_workflow_feature_importance,/home/romakrut/PycharmProjects/masters-thesis/task_equivalents/llm_translations/gpt/base/python/machine_learning_workflows/02_regression_workflow_feature_importance.py,24,ok,12.226552645,195.563993867,15.995023254,,199.560000000,16.321853412
script_38,gpt,base,python,machine_learning_workflows,02_regression_workflow_feature_importance,/home/romakrut/PycharmProjects/masters-thesis/task_equivalents/llm_translations/gpt/base/python/machine_learning_workflows/02_regression_workflow_feature_importance.py,25,ok,12.292334028,194.162494527,15.795413148,,198.180000000,16.122243306
script_38,gpt,base,python,machine_learning_workflows,02_regression_workflow_feature_importance,/home/romakrut/PycharmProjects/masters-thesis/task_equivalents/llm_translations/gpt/base/python/machine_learning_workflows/02_regression_workflow_feature_importance.py,26,ok,12.204882167,195.521076433,16.019906932,,199.510000000,16.346737090
script_38,gpt,base,python,machine_learning_workflows,02_regression_workflow_feature_importance,/home/romakrut/PycharmProjects/masters-thesis/task_equivalents/llm_translations/gpt/base/python/machine_learning_workflows/02_regression_workflow_feature_importance.py,27,ok,12.237761429,192.890330499,15.761896620,,196.890000000,16.088726778
script_38,gpt,base,python,machine_learning_workflows,02_regression_workflow_feature_importance,/home/romakrut/PycharmProjects/masters-thesis/task_equivalents/llm_translations/gpt/base/python/machine_learning_workflows/02_regression_workflow_feature_importance.py,28,ok,12.241264927,191.629185450,15.654361424,,195.630000000,15.981191582
script_38,gpt,base,python,machine_learning_workflows,02_regression_workflow_feature_importance,/home/romakrut/PycharmProjects/masters-thesis/task_equivalents/llm_translations/gpt/base/python/machine_learning_workflows/02_regression_workflow_feature_importance.py,29,ok,12.247007707,191.097308536,15.603591760,,195.100000000,15.930421918
script_38,gpt,base,python,machine_learning_workflows,02_regression_workflow_feature_importance,/home/romakrut/PycharmProjects/masters-thesis/task_equivalents/llm_translations/gpt/base/python/machine_learning_workflows/02_regression_workflow_feature_importance.py,30,ok,12.196943941,190.133670885,15.588632022,,194.120000000,15.915462180
