script_id,model,prompt_type,language,category,snippet,script_path,run_id,status,elapsed_seconds,energy_joules,avg_power_watts,error_message
script_44,gpt,base,r,data_visualization,02_distribution_boxplot,/home/romakrut/PycharmProjects/masters-thesis/task_equivalents/llm_translations/gpt/base/r/data_visualization/02_distribution_boxplot.R,1,ok,0.583807036,10.450000000,17.899750013,
script_44,gpt,base,r,data_visualization,02_distribution_boxplot,/home/romakrut/PycharmProjects/masters-thesis/task_equivalents/llm_translations/gpt/base/r/data_visualization/02_distribution_boxplot.R,2,ok,0.586014066,10.520000000,17.951787526,
script_44,gpt,base,r,data_visualization,02_distribution_boxplot,/home/romakrut/PycharmProjects/masters-thesis/task_equivalents/llm_translations/gpt/base/r/data_visualization/02_distribution_boxplot.R,3,ok,0.585657005,10.660000000,18.201780067,
script_44,gpt,base,r,data_visualization,02_distribution_boxplot,/home/romakrut/PycharmProjects/masters-thesis/task_equivalents/llm_translations/gpt/base/r/data_visualization/02_distribution_boxplot.R,4,ok,0.585166811,10.540000000,18.011957961,
script_44,gpt,base,r,data_visualization,02_distribution_boxplot,/home/romakrut/PycharmProjects/masters-thesis/task_equivalents/llm_translations/gpt/base/r/data_visualization/02_distribution_boxplot.R,5,ok,0.583491748,10.350000000,17.738040059,
script_44,gpt,base,r,data_visualization,02_distribution_boxplot,/home/romakrut/PycharmProjects/masters-thesis/task_equivalents/llm_translations/gpt/base/r/data_visualization/02_distribution_boxplot.R,6,ok,0.584488661,10.290000000,17.605131950,
script_44,gpt,base,r,data_visualization,02_distribution_boxplot,/home/romakrut/PycharmProjects/masters-thesis/task_equivalents/llm_translations/gpt/base/r/data_visualization/02_distribution_boxplot.R,7,ok,0.585810203,10.490000000,17.906823654,
script_44,gpt,base,r,data_visualization,02_distribution_boxplot,/home/romakrut/PycharmProjects/masters-thesis/task_equivalents/llm_translations/gpt/base/r/data_visualization/02_distribution_boxplot.R,8,ok,0.583643592,10.490000000,17.973297649,
script_44,gpt,base,r,data_visualization,02_distribution_boxplot,/home/romakrut/PycharmProjects/masters-thesis/task_equivalents/llm_translations/gpt/base/r/data_visualization/02_distribution_boxplot.R,9,ok,0.583568315,10.370000000,17.769984650,
script_44,gpt,base,r,data_visualization,02_distribution_boxplot,/home/romakrut/PycharmProjects/masters-thesis/task_equivalents/llm_translations/gpt/base/r/data_visualization/02_distribution_boxplot.R,10,ok,0.583845735,10.380000000,17.778668881,
script_44,gpt,base,r,data_visualization,02_distribution_boxplot,/home/romakrut/PycharmProjects/masters-thesis/task_equivalents/llm_translations/gpt/base/r/data_visualization/02_distribution_boxplot.R,11,ok,0.584851563,10.590000000,18.107158585,
script_44,gpt,base,r,data_visualization,02_distribution_boxplot,/home/romakrut/PycharmProjects/masters-thesis/task_equivalents/llm_translations/gpt/base/r/data_visualization/02_distribution_boxplot.R,12,ok,0.585366629,10.720000000,18.313309077,
script_44,gpt,base,r,data_visualization,02_distribution_boxplot,/home/romakrut/PycharmProjects/masters-thesis/task_equivalents/llm_translations/gpt/base/r/data_visualization/02_distribution_boxplot.R,13,ok,0.583129267,10.580000000,18.143489958,
script_44,gpt,base,r,data_visualization,02_distribution_boxplot,/home/romakrut/PycharmProjects/masters-thesis/task_equivalents/llm_translations/gpt/base/r/data_visualization/02_distribution_boxplot.R,14,ok,0.583265703,10.450000000,17.916362896,
script_44,gpt,base,r,data_visualization,02_distribution_boxplot,/home/romakrut/PycharmProjects/masters-thesis/task_equivalents/llm_translations/gpt/base/r/data_visualization/02_distribution_boxplot.R,15,ok,0.591247621,10.440000000,17.657576334,
script_44,gpt,base,r,data_visualization,02_distribution_boxplot,/home/romakrut/PycharmProjects/masters-thesis/task_equivalents/llm_translations/gpt/base/r/data_visualization/02_distribution_boxplot.R,16,ok,0.585540434,10.620000000,18.137090768,
script_44,gpt,base,r,data_visualization,02_distribution_boxplot,/home/romakrut/PycharmProjects/masters-thesis/task_equivalents/llm_translations/gpt/base/r/data_visualization/02_distribution_boxplot.R,17,ok,0.583589202,10.530000000,18.043514109,
script_44,gpt,base,r,data_visualization,02_distribution_boxplot,/home/romakrut/PycharmProjects/masters-thesis/task_equivalents/llm_translations/gpt/base/r/data_visualization/02_distribution_boxplot.R,18,ok,0.582925444,10.610000000,18.201298484,
script_44,gpt,base,r,data_visualization,02_distribution_boxplot,/home/romakrut/PycharmProjects/masters-thesis/task_equivalents/llm_translations/gpt/base/r/data_visualization/02_distribution_boxplot.R,19,ok,0.584603942,10.560000000,18.063511450,
script_44,gpt,base,r,data_visualization,02_distribution_boxplot,/home/romakrut/PycharmProjects/masters-thesis/task_equivalents/llm_translations/gpt/base/r/data_visualization/02_distribution_boxplot.R,20,ok,0.582727691,10.550000000,18.104511186,
script_44,gpt,base,r,data_visualization,02_distribution_boxplot,/home/romakrut/PycharmProjects/masters-thesis/task_equivalents/llm_translations/gpt/base/r/data_visualization/02_distribution_boxplot.R,21,ok,0.583557423,10.520000000,18.027360437,
script_44,gpt,base,r,data_visualization,02_distribution_boxplot,/home/romakrut/PycharmProjects/masters-thesis/task_equivalents/llm_translations/gpt/base/r/data_visualization/02_distribution_boxplot.R,22,ok,0.591553051,10.680000000,18.054171104,
script_44,gpt,base,r,data_visualization,02_distribution_boxplot,/home/romakrut/PycharmProjects/masters-thesis/task_equivalents/llm_translations/gpt/base/r/data_visualization/02_distribution_boxplot.R,23,ok,0.582363301,10.620000000,18.236039225,
script_44,gpt,base,r,data_visualization,02_distribution_boxplot,/home/romakrut/PycharmProjects/masters-thesis/task_equivalents/llm_translations/gpt/base/r/data_visualization/02_distribution_boxplot.R,24,ok,0.582470110,10.510000000,18.043844344,
script_44,gpt,base,r,data_visualization,02_distribution_boxplot,/home/romakrut/PycharmProjects/masters-thesis/task_equivalents/llm_translations/gpt/base/r/data_visualization/02_distribution_boxplot.R,25,ok,0.583242883,10.440000000,17.899918378,
script_44,gpt,base,r,data_visualization,02_distribution_boxplot,/home/romakrut/PycharmProjects/masters-thesis/task_equivalents/llm_translations/gpt/base/r/data_visualization/02_distribution_boxplot.R,26,ok,0.583061024,10.670000000,18.299971291,
script_44,gpt,base,r,data_visualization,02_distribution_boxplot,/home/romakrut/PycharmProjects/masters-thesis/task_equivalents/llm_translations/gpt/base/r/data_visualization/02_distribution_boxplot.R,27,ok,0.581358653,10.450000000,17.975134534,
script_44,gpt,base,r,data_visualization,02_distribution_boxplot,/home/romakrut/PycharmProjects/masters-thesis/task_equivalents/llm_translations/gpt/base/r/data_visualization/02_distribution_boxplot.R,28,ok,0.582050628,10.560000000,18.142751665,
script_44,gpt,base,r,data_visualization,02_distribution_boxplot,/home/romakrut/PycharmProjects/masters-thesis/task_equivalents/llm_translations/gpt/base/r/data_visualization/02_distribution_boxplot.R,29,ok,0.583361283,10.550000000,18.084847773,
script_44,gpt,base,r,data_visualization,02_distribution_boxplot,/home/romakrut/PycharmProjects/masters-thesis/task_equivalents/llm_translations/gpt/base/r/data_visualization/02_distribution_boxplot.R,30,ok,0.582689478,10.420000000,17.882595093,
script_13,gemini,base,r,machine_learning_workflows,01_pipeline_cv_gridsearch_classification,/home/romakrut/PycharmProjects/masters-thesis/task_equivalents/llm_translations/gemini/base/r/machine_learning_workflows/01_pipeline_cv_gridsearch_classification.R,1,ok,1.867870949,33.450000000,17.908089431,
script_13,gemini,base,r,machine_learning_workflows,01_pipeline_cv_gridsearch_classification,/home/romakrut/PycharmProjects/masters-thesis/task_equivalents/llm_translations/gemini/base/r/machine_learning_workflows/01_pipeline_cv_gridsearch_classification.R,2,ok,1.897781513,34.260000000,18.052657677,
script_13,gemini,base,r,machine_learning_workflows,01_pipeline_cv_gridsearch_classification,/home/romakrut/PycharmProjects/masters-thesis/task_equivalents/llm_translations/gemini/base/r/machine_learning_workflows/01_pipeline_cv_gridsearch_classification.R,3,ok,1.888336146,34.180000000,18.100590868,
script_13,gemini,base,r,machine_learning_workflows,01_pipeline_cv_gridsearch_classification,/home/romakrut/PycharmProjects/masters-thesis/task_equivalents/llm_translations/gemini/base/r/machine_learning_workflows/01_pipeline_cv_gridsearch_classification.R,4,ok,1.714036338,30.790000000,17.963446467,
script_13,gemini,base,r,machine_learning_workflows,01_pipeline_cv_gridsearch_classification,/home/romakrut/PycharmProjects/masters-thesis/task_equivalents/llm_translations/gemini/base/r/machine_learning_workflows/01_pipeline_cv_gridsearch_classification.R,5,ok,2.017114285,35.890000000,17.792744946,
script_13,gemini,base,r,machine_learning_workflows,01_pipeline_cv_gridsearch_classification,/home/romakrut/PycharmProjects/masters-thesis/task_equivalents/llm_translations/gemini/base/r/machine_learning_workflows/01_pipeline_cv_gridsearch_classification.R,6,ok,1.649579294,30.280000000,18.356195492,
script_13,gemini,base,r,machine_learning_workflows,01_pipeline_cv_gridsearch_classification,/home/romakrut/PycharmProjects/masters-thesis/task_equivalents/llm_translations/gemini/base/r/machine_learning_workflows/01_pipeline_cv_gridsearch_classification.R,7,ok,1.649344786,30.090000000,18.243608162,
script_13,gemini,base,r,machine_learning_workflows,01_pipeline_cv_gridsearch_classification,/home/romakrut/PycharmProjects/masters-thesis/task_equivalents/llm_translations/gemini/base/r/machine_learning_workflows/01_pipeline_cv_gridsearch_classification.R,8,ok,1.741725494,32.390000000,18.596501063,
script_13,gemini,base,r,machine_learning_workflows,01_pipeline_cv_gridsearch_classification,/home/romakrut/PycharmProjects/masters-thesis/task_equivalents/llm_translations/gemini/base/r/machine_learning_workflows/01_pipeline_cv_gridsearch_classification.R,9,ok,1.775088787,32.140000000,18.106136569,
script_13,gemini,base,r,machine_learning_workflows,01_pipeline_cv_gridsearch_classification,/home/romakrut/PycharmProjects/masters-thesis/task_equivalents/llm_translations/gemini/base/r/machine_learning_workflows/01_pipeline_cv_gridsearch_classification.R,10,ok,1.887986212,34.280000000,18.156912260,
script_13,gemini,base,r,machine_learning_workflows,01_pipeline_cv_gridsearch_classification,/home/romakrut/PycharmProjects/masters-thesis/task_equivalents/llm_translations/gemini/base/r/machine_learning_workflows/01_pipeline_cv_gridsearch_classification.R,11,ok,1.735660382,31.330000000,18.050766339,
script_13,gemini,base,r,machine_learning_workflows,01_pipeline_cv_gridsearch_classification,/home/romakrut/PycharmProjects/masters-thesis/task_equivalents/llm_translations/gemini/base/r/machine_learning_workflows/01_pipeline_cv_gridsearch_classification.R,12,ok,1.726803939,31.060000000,17.986986999,
script_13,gemini,base,r,machine_learning_workflows,01_pipeline_cv_gridsearch_classification,/home/romakrut/PycharmProjects/masters-thesis/task_equivalents/llm_translations/gemini/base/r/machine_learning_workflows/01_pipeline_cv_gridsearch_classification.R,13,ok,1.918245964,34.950000000,18.219769861,
script_13,gemini,base,r,machine_learning_workflows,01_pipeline_cv_gridsearch_classification,/home/romakrut/PycharmProjects/masters-thesis/task_equivalents/llm_translations/gemini/base/r/machine_learning_workflows/01_pipeline_cv_gridsearch_classification.R,14,ok,1.937037465,35.740000000,18.450856344,
script_13,gemini,base,r,machine_learning_workflows,01_pipeline_cv_gridsearch_classification,/home/romakrut/PycharmProjects/masters-thesis/task_equivalents/llm_translations/gemini/base/r/machine_learning_workflows/01_pipeline_cv_gridsearch_classification.R,15,ok,1.672638273,30.370000000,18.156944326,
script_13,gemini,base,r,machine_learning_workflows,01_pipeline_cv_gridsearch_classification,/home/romakrut/PycharmProjects/masters-thesis/task_equivalents/llm_translations/gemini/base/r/machine_learning_workflows/01_pipeline_cv_gridsearch_classification.R,16,ok,1.857470634,33.590000000,18.083731385,
script_13,gemini,base,r,machine_learning_workflows,01_pipeline_cv_gridsearch_classification,/home/romakrut/PycharmProjects/masters-thesis/task_equivalents/llm_translations/gemini/base/r/machine_learning_workflows/01_pipeline_cv_gridsearch_classification.R,17,ok,1.775510403,32.900000000,18.529882981,
script_13,gemini,base,r,machine_learning_workflows,01_pipeline_cv_gridsearch_classification,/home/romakrut/PycharmProjects/masters-thesis/task_equivalents/llm_translations/gemini/base/r/machine_learning_workflows/01_pipeline_cv_gridsearch_classification.R,18,ok,1.755920895,32.520000000,18.520196492,
script_13,gemini,base,r,machine_learning_workflows,01_pipeline_cv_gridsearch_classification,/home/romakrut/PycharmProjects/masters-thesis/task_equivalents/llm_translations/gemini/base/r/machine_learning_workflows/01_pipeline_cv_gridsearch_classification.R,19,ok,1.838056528,32.570000000,17.719803229,
script_13,gemini,base,r,machine_learning_workflows,01_pipeline_cv_gridsearch_classification,/home/romakrut/PycharmProjects/masters-thesis/task_equivalents/llm_translations/gemini/base/r/machine_learning_workflows/01_pipeline_cv_gridsearch_classification.R,20,ok,1.647706860,30.790000000,18.686576325,
script_13,gemini,base,r,machine_learning_workflows,01_pipeline_cv_gridsearch_classification,/home/romakrut/PycharmProjects/masters-thesis/task_equivalents/llm_translations/gemini/base/r/machine_learning_workflows/01_pipeline_cv_gridsearch_classification.R,21,ok,1.736877690,32.130000000,18.498711904,
script_13,gemini,base,r,machine_learning_workflows,01_pipeline_cv_gridsearch_classification,/home/romakrut/PycharmProjects/masters-thesis/task_equivalents/llm_translations/gemini/base/r/machine_learning_workflows/01_pipeline_cv_gridsearch_classification.R,22,ok,1.690452456,30.010000000,17.752643615,
script_13,gemini,base,r,machine_learning_workflows,01_pipeline_cv_gridsearch_classification,/home/romakrut/PycharmProjects/masters-thesis/task_equivalents/llm_translations/gemini/base/r/machine_learning_workflows/01_pipeline_cv_gridsearch_classification.R,23,ok,1.868194759,33.580000000,17.974571355,
script_13,gemini,base,r,machine_learning_workflows,01_pipeline_cv_gridsearch_classification,/home/romakrut/PycharmProjects/masters-thesis/task_equivalents/llm_translations/gemini/base/r/machine_learning_workflows/01_pipeline_cv_gridsearch_classification.R,24,ok,1.672493036,30.260000000,18.092750970,
script_13,gemini,base,r,machine_learning_workflows,01_pipeline_cv_gridsearch_classification,/home/romakrut/PycharmProjects/masters-thesis/task_equivalents/llm_translations/gemini/base/r/machine_learning_workflows/01_pipeline_cv_gridsearch_classification.R,25,ok,1.780158374,32.950000000,18.509589080,
script_13,gemini,base,r,machine_learning_workflows,01_pipeline_cv_gridsearch_classification,/home/romakrut/PycharmProjects/masters-thesis/task_equivalents/llm_translations/gemini/base/r/machine_learning_workflows/01_pipeline_cv_gridsearch_classification.R,26,ok,1.757774670,32.880000000,18.705469228,
script_13,gemini,base,r,machine_learning_workflows,01_pipeline_cv_gridsearch_classification,/home/romakrut/PycharmProjects/masters-thesis/task_equivalents/llm_translations/gemini/base/r/machine_learning_workflows/01_pipeline_cv_gridsearch_classification.R,27,ok,1.659088132,30.860000000,18.600579080,
script_13,gemini,base,r,machine_learning_workflows,01_pipeline_cv_gridsearch_classification,/home/romakrut/PycharmProjects/masters-thesis/task_equivalents/llm_translations/gemini/base/r/machine_learning_workflows/01_pipeline_cv_gridsearch_classification.R,28,ok,2.015546162,36.970000000,18.342422861,
script_13,gemini,base,r,machine_learning_workflows,01_pipeline_cv_gridsearch_classification,/home/romakrut/PycharmProjects/masters-thesis/task_equivalents/llm_translations/gemini/base/r/machine_learning_workflows/01_pipeline_cv_gridsearch_classification.R,29,ok,1.587979159,29.530000000,18.595961939,
script_13,gemini,base,r,machine_learning_workflows,01_pipeline_cv_gridsearch_classification,/home/romakrut/PycharmProjects/masters-thesis/task_equivalents/llm_translations/gemini/base/r/machine_learning_workflows/01_pipeline_cv_gridsearch_classification.R,30,ok,1.521442302,27.830000000,18.291853699,
script_103,starcoder,base,python,statistical_modelling_analysis,01_linear_regression_inference,/home/romakrut/PycharmProjects/masters-thesis/task_equivalents/llm_translations/starcoder/base/python/statistical_modelling_analysis/01_linear_regression_inference.py,1,ok,0.626564204,10.460000000,16.694218938,
script_103,starcoder,base,python,statistical_modelling_analysis,01_linear_regression_inference,/home/romakrut/PycharmProjects/masters-thesis/task_equivalents/llm_translations/starcoder/base/python/statistical_modelling_analysis/01_linear_regression_inference.py,2,ok,0.626820964,10.400000000,16.591659497,
script_103,starcoder,base,python,statistical_modelling_analysis,01_linear_regression_inference,/home/romakrut/PycharmProjects/masters-thesis/task_equivalents/llm_translations/starcoder/base/python/statistical_modelling_analysis/01_linear_regression_inference.py,3,ok,0.628255684,10.380000000,16.521935677,
script_103,starcoder,base,python,statistical_modelling_analysis,01_linear_regression_inference,/home/romakrut/PycharmProjects/masters-thesis/task_equivalents/llm_translations/starcoder/base/python/statistical_modelling_analysis/01_linear_regression_inference.py,4,ok,0.628177040,10.280000000,16.364813334,
script_103,starcoder,base,python,statistical_modelling_analysis,01_linear_regression_inference,/home/romakrut/PycharmProjects/masters-thesis/task_equivalents/llm_translations/starcoder/base/python/statistical_modelling_analysis/01_linear_regression_inference.py,5,ok,0.628413641,10.350000000,16.470043495,
script_103,starcoder,base,python,statistical_modelling_analysis,01_linear_regression_inference,/home/romakrut/PycharmProjects/masters-thesis/task_equivalents/llm_translations/starcoder/base/python/statistical_modelling_analysis/01_linear_regression_inference.py,6,ok,0.627968644,10.300000000,16.402092841,
script_103,starcoder,base,python,statistical_modelling_analysis,01_linear_regression_inference,/home/romakrut/PycharmProjects/masters-thesis/task_equivalents/llm_translations/starcoder/base/python/statistical_modelling_analysis/01_linear_regression_inference.py,7,ok,0.627784394,10.150000000,16.167971197,
script_103,starcoder,base,python,statistical_modelling_analysis,01_linear_regression_inference,/home/romakrut/PycharmProjects/masters-thesis/task_equivalents/llm_translations/starcoder/base/python/statistical_modelling_analysis/01_linear_regression_inference.py,8,ok,0.629422092,10.420000000,16.554868557,
script_103,starcoder,base,python,statistical_modelling_analysis,01_linear_regression_inference,/home/romakrut/PycharmProjects/masters-thesis/task_equivalents/llm_translations/starcoder/base/python/statistical_modelling_analysis/01_linear_regression_inference.py,9,ok,0.629994251,10.350000000,16.428721347,
script_103,starcoder,base,python,statistical_modelling_analysis,01_linear_regression_inference,/home/romakrut/PycharmProjects/masters-thesis/task_equivalents/llm_translations/starcoder/base/python/statistical_modelling_analysis/01_linear_regression_inference.py,10,ok,0.626406451,10.250000000,16.363177588,
script_103,starcoder,base,python,statistical_modelling_analysis,01_linear_regression_inference,/home/romakrut/PycharmProjects/masters-thesis/task_equivalents/llm_translations/starcoder/base/python/statistical_modelling_analysis/01_linear_regression_inference.py,11,ok,0.629754223,10.280000000,16.323828606,
script_103,starcoder,base,python,statistical_modelling_analysis,01_linear_regression_inference,/home/romakrut/PycharmProjects/masters-thesis/task_equivalents/llm_translations/starcoder/base/python/statistical_modelling_analysis/01_linear_regression_inference.py,12,ok,0.629920284,10.410000000,16.525900601,
script_103,starcoder,base,python,statistical_modelling_analysis,01_linear_regression_inference,/home/romakrut/PycharmProjects/masters-thesis/task_equivalents/llm_translations/starcoder/base/python/statistical_modelling_analysis/01_linear_regression_inference.py,13,ok,0.628543711,10.700000000,17.023477942,
script_103,starcoder,base,python,statistical_modelling_analysis,01_linear_regression_inference,/home/romakrut/PycharmProjects/masters-thesis/task_equivalents/llm_translations/starcoder/base/python/statistical_modelling_analysis/01_linear_regression_inference.py,14,ok,0.629439839,10.400000000,16.522627510,
script_103,starcoder,base,python,statistical_modelling_analysis,01_linear_regression_inference,/home/romakrut/PycharmProjects/masters-thesis/task_equivalents/llm_translations/starcoder/base/python/statistical_modelling_analysis/01_linear_regression_inference.py,15,ok,0.628115395,10.550000000,16.796276741,
script_103,starcoder,base,python,statistical_modelling_analysis,01_linear_regression_inference,/home/romakrut/PycharmProjects/masters-thesis/task_equivalents/llm_translations/starcoder/base/python/statistical_modelling_analysis/01_linear_regression_inference.py,16,ok,0.628485845,10.570000000,16.818198984,
script_103,starcoder,base,python,statistical_modelling_analysis,01_linear_regression_inference,/home/romakrut/PycharmProjects/masters-thesis/task_equivalents/llm_translations/starcoder/base/python/statistical_modelling_analysis/01_linear_regression_inference.py,17,ok,0.628899010,10.400000000,16.536836336,
script_103,starcoder,base,python,statistical_modelling_analysis,01_linear_regression_inference,/home/romakrut/PycharmProjects/masters-thesis/task_equivalents/llm_translations/starcoder/base/python/statistical_modelling_analysis/01_linear_regression_inference.py,18,ok,0.627607478,10.430000000,16.618667504,
script_103,starcoder,base,python,statistical_modelling_analysis,01_linear_regression_inference,/home/romakrut/PycharmProjects/masters-thesis/task_equivalents/llm_translations/starcoder/base/python/statistical_modelling_analysis/01_linear_regression_inference.py,19,ok,0.628989146,10.500000000,16.693451814,
script_103,starcoder,base,python,statistical_modelling_analysis,01_linear_regression_inference,/home/romakrut/PycharmProjects/masters-thesis/task_equivalents/llm_translations/starcoder/base/python/statistical_modelling_analysis/01_linear_regression_inference.py,20,ok,0.629120086,10.500000000,16.689977373,
script_103,starcoder,base,python,statistical_modelling_analysis,01_linear_regression_inference,/home/romakrut/PycharmProjects/masters-thesis/task_equivalents/llm_translations/starcoder/base/python/statistical_modelling_analysis/01_linear_regression_inference.py,21,ok,0.627210122,10.570000000,16.852406601,
script_103,starcoder,base,python,statistical_modelling_analysis,01_linear_regression_inference,/home/romakrut/PycharmProjects/masters-thesis/task_equivalents/llm_translations/starcoder/base/python/statistical_modelling_analysis/01_linear_regression_inference.py,22,ok,0.628440127,10.410000000,16.564823844,
script_103,starcoder,base,python,statistical_modelling_analysis,01_linear_regression_inference,/home/romakrut/PycharmProjects/masters-thesis/task_equivalents/llm_translations/starcoder/base/python/statistical_modelling_analysis/01_linear_regression_inference.py,23,ok,0.627469396,10.400000000,16.574513540,
script_103,starcoder,base,python,statistical_modelling_analysis,01_linear_regression_inference,/home/romakrut/PycharmProjects/masters-thesis/task_equivalents/llm_translations/starcoder/base/python/statistical_modelling_analysis/01_linear_regression_inference.py,24,ok,0.629518229,10.360000000,16.457029396,
script_103,starcoder,base,python,statistical_modelling_analysis,01_linear_regression_inference,/home/romakrut/PycharmProjects/masters-thesis/task_equivalents/llm_translations/starcoder/base/python/statistical_modelling_analysis/01_linear_regression_inference.py,25,ok,0.629065361,10.380000000,16.500670111,
script_103,starcoder,base,python,statistical_modelling_analysis,01_linear_regression_inference,/home/romakrut/PycharmProjects/masters-thesis/task_equivalents/llm_translations/starcoder/base/python/statistical_modelling_analysis/01_linear_regression_inference.py,26,ok,0.628260234,10.650000000,16.951574242,
script_103,starcoder,base,python,statistical_modelling_analysis,01_linear_regression_inference,/home/romakrut/PycharmProjects/masters-thesis/task_equivalents/llm_translations/starcoder/base/python/statistical_modelling_analysis/01_linear_regression_inference.py,27,ok,0.628971846,10.550000000,16.773405785,
script_103,starcoder,base,python,statistical_modelling_analysis,01_linear_regression_inference,/home/romakrut/PycharmProjects/masters-thesis/task_equivalents/llm_translations/starcoder/base/python/statistical_modelling_analysis/01_linear_regression_inference.py,28,ok,0.630637340,10.360000000,16.427825222,
script_103,starcoder,base,python,statistical_modelling_analysis,01_linear_regression_inference,/home/romakrut/PycharmProjects/masters-thesis/task_equivalents/llm_translations/starcoder/base/python/statistical_modelling_analysis/01_linear_regression_inference.py,29,ok,0.626484283,10.410000000,16.616538168,
script_103,starcoder,base,python,statistical_modelling_analysis,01_linear_regression_inference,/home/romakrut/PycharmProjects/masters-thesis/task_equivalents/llm_translations/starcoder/base/python/statistical_modelling_analysis/01_linear_regression_inference.py,30,ok,0.627863658,10.410000000,16.580032731,
script_125,starcoder,optimized,r,machine_learning_workflows,01_pipeline_cv_gridsearch_classification,/home/romakrut/PycharmProjects/masters-thesis/task_equivalents/llm_translations/starcoder/optimized/r/machine_learning_workflows/01_pipeline_cv_gridsearch_classification.R,1,ok,2.390615979,41.920000000,17.535229568,
script_125,starcoder,optimized,r,machine_learning_workflows,01_pipeline_cv_gridsearch_classification,/home/romakrut/PycharmProjects/masters-thesis/task_equivalents/llm_translations/starcoder/optimized/r/machine_learning_workflows/01_pipeline_cv_gridsearch_classification.R,2,ok,2.381613137,42.100000000,17.677094296,
script_125,starcoder,optimized,r,machine_learning_workflows,01_pipeline_cv_gridsearch_classification,/home/romakrut/PycharmProjects/masters-thesis/task_equivalents/llm_translations/starcoder/optimized/r/machine_learning_workflows/01_pipeline_cv_gridsearch_classification.R,3,ok,2.420281869,42.630000000,17.613650933,
script_125,starcoder,optimized,r,machine_learning_workflows,01_pipeline_cv_gridsearch_classification,/home/romakrut/PycharmProjects/masters-thesis/task_equivalents/llm_translations/starcoder/optimized/r/machine_learning_workflows/01_pipeline_cv_gridsearch_classification.R,4,ok,2.380460244,41.700000000,17.517620849,
script_125,starcoder,optimized,r,machine_learning_workflows,01_pipeline_cv_gridsearch_classification,/home/romakrut/PycharmProjects/masters-thesis/task_equivalents/llm_translations/starcoder/optimized/r/machine_learning_workflows/01_pipeline_cv_gridsearch_classification.R,5,ok,2.402066945,42.200000000,17.568203121,
script_125,starcoder,optimized,r,machine_learning_workflows,01_pipeline_cv_gridsearch_classification,/home/romakrut/PycharmProjects/masters-thesis/task_equivalents/llm_translations/starcoder/optimized/r/machine_learning_workflows/01_pipeline_cv_gridsearch_classification.R,6,ok,2.424223804,42.020000000,17.333383135,
script_125,starcoder,optimized,r,machine_learning_workflows,01_pipeline_cv_gridsearch_classification,/home/romakrut/PycharmProjects/masters-thesis/task_equivalents/llm_translations/starcoder/optimized/r/machine_learning_workflows/01_pipeline_cv_gridsearch_classification.R,7,ok,2.404541762,42.890000000,17.837078431,
script_125,starcoder,optimized,r,machine_learning_workflows,01_pipeline_cv_gridsearch_classification,/home/romakrut/PycharmProjects/masters-thesis/task_equivalents/llm_translations/starcoder/optimized/r/machine_learning_workflows/01_pipeline_cv_gridsearch_classification.R,8,ok,2.401023401,42.550000000,17.721609869,
script_125,starcoder,optimized,r,machine_learning_workflows,01_pipeline_cv_gridsearch_classification,/home/romakrut/PycharmProjects/masters-thesis/task_equivalents/llm_translations/starcoder/optimized/r/machine_learning_workflows/01_pipeline_cv_gridsearch_classification.R,9,ok,2.366939864,42.590000000,17.993697537,
script_125,starcoder,optimized,r,machine_learning_workflows,01_pipeline_cv_gridsearch_classification,/home/romakrut/PycharmProjects/masters-thesis/task_equivalents/llm_translations/starcoder/optimized/r/machine_learning_workflows/01_pipeline_cv_gridsearch_classification.R,10,ok,2.447787474,43.390000000,17.726212125,
script_125,starcoder,optimized,r,machine_learning_workflows,01_pipeline_cv_gridsearch_classification,/home/romakrut/PycharmProjects/masters-thesis/task_equivalents/llm_translations/starcoder/optimized/r/machine_learning_workflows/01_pipeline_cv_gridsearch_classification.R,11,ok,2.388747134,42.370000000,17.737331590,
script_125,starcoder,optimized,r,machine_learning_workflows,01_pipeline_cv_gridsearch_classification,/home/romakrut/PycharmProjects/masters-thesis/task_equivalents/llm_translations/starcoder/optimized/r/machine_learning_workflows/01_pipeline_cv_gridsearch_classification.R,12,ok,2.412039469,43.010000000,17.831383173,
script_125,starcoder,optimized,r,machine_learning_workflows,01_pipeline_cv_gridsearch_classification,/home/romakrut/PycharmProjects/masters-thesis/task_equivalents/llm_translations/starcoder/optimized/r/machine_learning_workflows/01_pipeline_cv_gridsearch_classification.R,13,ok,2.403530919,42.390000000,17.636552817,
script_125,starcoder,optimized,r,machine_learning_workflows,01_pipeline_cv_gridsearch_classification,/home/romakrut/PycharmProjects/masters-thesis/task_equivalents/llm_translations/starcoder/optimized/r/machine_learning_workflows/01_pipeline_cv_gridsearch_classification.R,14,ok,2.417717044,42.780000000,17.694378300,
script_125,starcoder,optimized,r,machine_learning_workflows,01_pipeline_cv_gridsearch_classification,/home/romakrut/PycharmProjects/masters-thesis/task_equivalents/llm_translations/starcoder/optimized/r/machine_learning_workflows/01_pipeline_cv_gridsearch_classification.R,15,ok,2.372043350,42.960000000,18.110967491,
script_125,starcoder,optimized,r,machine_learning_workflows,01_pipeline_cv_gridsearch_classification,/home/romakrut/PycharmProjects/masters-thesis/task_equivalents/llm_translations/starcoder/optimized/r/machine_learning_workflows/01_pipeline_cv_gridsearch_classification.R,16,ok,2.368812577,42.850000000,18.089231886,
script_125,starcoder,optimized,r,machine_learning_workflows,01_pipeline_cv_gridsearch_classification,/home/romakrut/PycharmProjects/masters-thesis/task_equivalents/llm_translations/starcoder/optimized/r/machine_learning_workflows/01_pipeline_cv_gridsearch_classification.R,17,ok,2.379295234,42.970000000,18.059969770,
script_125,starcoder,optimized,r,machine_learning_workflows,01_pipeline_cv_gridsearch_classification,/home/romakrut/PycharmProjects/masters-thesis/task_equivalents/llm_translations/starcoder/optimized/r/machine_learning_workflows/01_pipeline_cv_gridsearch_classification.R,18,ok,2.452969917,44.160000000,18.002666765,
script_125,starcoder,optimized,r,machine_learning_workflows,01_pipeline_cv_gridsearch_classification,/home/romakrut/PycharmProjects/masters-thesis/task_equivalents/llm_translations/starcoder/optimized/r/machine_learning_workflows/01_pipeline_cv_gridsearch_classification.R,19,ok,2.456396599,43.240000000,17.603020627,
script_125,starcoder,optimized,r,machine_learning_workflows,01_pipeline_cv_gridsearch_classification,/home/romakrut/PycharmProjects/masters-thesis/task_equivalents/llm_translations/starcoder/optimized/r/machine_learning_workflows/01_pipeline_cv_gridsearch_classification.R,20,ok,2.449743259,43.620000000,17.805947558,
script_125,starcoder,optimized,r,machine_learning_workflows,01_pipeline_cv_gridsearch_classification,/home/romakrut/PycharmProjects/masters-thesis/task_equivalents/llm_translations/starcoder/optimized/r/machine_learning_workflows/01_pipeline_cv_gridsearch_classification.R,21,ok,2.397785948,42.360000000,17.666297542,
script_125,starcoder,optimized,r,machine_learning_workflows,01_pipeline_cv_gridsearch_classification,/home/romakrut/PycharmProjects/masters-thesis/task_equivalents/llm_translations/starcoder/optimized/r/machine_learning_workflows/01_pipeline_cv_gridsearch_classification.R,22,ok,2.453958525,43.530000000,17.738686109,
script_125,starcoder,optimized,r,machine_learning_workflows,01_pipeline_cv_gridsearch_classification,/home/romakrut/PycharmProjects/masters-thesis/task_equivalents/llm_translations/starcoder/optimized/r/machine_learning_workflows/01_pipeline_cv_gridsearch_classification.R,23,ok,2.380523002,42.900000000,18.021249937,
script_125,starcoder,optimized,r,machine_learning_workflows,01_pipeline_cv_gridsearch_classification,/home/romakrut/PycharmProjects/masters-thesis/task_equivalents/llm_translations/starcoder/optimized/r/machine_learning_workflows/01_pipeline_cv_gridsearch_classification.R,24,ok,2.409350578,42.410000000,17.602253648,
script_125,starcoder,optimized,r,machine_learning_workflows,01_pipeline_cv_gridsearch_classification,/home/romakrut/PycharmProjects/masters-thesis/task_equivalents/llm_translations/starcoder/optimized/r/machine_learning_workflows/01_pipeline_cv_gridsearch_classification.R,25,ok,2.387362349,42.710000000,17.890036683,
script_125,starcoder,optimized,r,machine_learning_workflows,01_pipeline_cv_gridsearch_classification,/home/romakrut/PycharmProjects/masters-thesis/task_equivalents/llm_translations/starcoder/optimized/r/machine_learning_workflows/01_pipeline_cv_gridsearch_classification.R,26,ok,2.415182300,42.880000000,17.754353367,
script_125,starcoder,optimized,r,machine_learning_workflows,01_pipeline_cv_gridsearch_classification,/home/romakrut/PycharmProjects/masters-thesis/task_equivalents/llm_translations/starcoder/optimized/r/machine_learning_workflows/01_pipeline_cv_gridsearch_classification.R,27,ok,2.410952281,43.170000000,17.905787825,
script_125,starcoder,optimized,r,machine_learning_workflows,01_pipeline_cv_gridsearch_classification,/home/romakrut/PycharmProjects/masters-thesis/task_equivalents/llm_translations/starcoder/optimized/r/machine_learning_workflows/01_pipeline_cv_gridsearch_classification.R,28,ok,2.431108775,43.030000000,17.699742785,
script_125,starcoder,optimized,r,machine_learning_workflows,01_pipeline_cv_gridsearch_classification,/home/romakrut/PycharmProjects/masters-thesis/task_equivalents/llm_translations/starcoder/optimized/r/machine_learning_workflows/01_pipeline_cv_gridsearch_classification.R,29,ok,2.438060701,42.990000000,17.632866968,
script_125,starcoder,optimized,r,machine_learning_workflows,01_pipeline_cv_gridsearch_classification,/home/romakrut/PycharmProjects/masters-thesis/task_equivalents/llm_translations/starcoder/optimized/r/machine_learning_workflows/01_pipeline_cv_gridsearch_classification.R,30,ok,2.372789229,42.940000000,18.096845466,
script_72,llama,base,python,statistical_modelling_analysis,02_logistic_regression_odds_ratios,/home/romakrut/PycharmProjects/masters-thesis/task_equivalents/llm_translations/llama/base/python/statistical_modelling_analysis/02_logistic_regression_odds_ratios.py,1,ok,0.626656786,10.220000000,16.308767779,
script_72,llama,base,python,statistical_modelling_analysis,02_logistic_regression_odds_ratios,/home/romakrut/PycharmProjects/masters-thesis/task_equivalents/llm_translations/llama/base/python/statistical_modelling_analysis/02_logistic_regression_odds_ratios.py,2,ok,0.634482470,10.310000000,16.249463913,
script_72,llama,base,python,statistical_modelling_analysis,02_logistic_regression_odds_ratios,/home/romakrut/PycharmProjects/masters-thesis/task_equivalents/llm_translations/llama/base/python/statistical_modelling_analysis/02_logistic_regression_odds_ratios.py,3,ok,0.635652833,10.280000000,16.172349852,
script_72,llama,base,python,statistical_modelling_analysis,02_logistic_regression_odds_ratios,/home/romakrut/PycharmProjects/masters-thesis/task_equivalents/llm_translations/llama/base/python/statistical_modelling_analysis/02_logistic_regression_odds_ratios.py,4,ok,0.631984617,10.280000000,16.266218708,
script_72,llama,base,python,statistical_modelling_analysis,02_logistic_regression_odds_ratios,/home/romakrut/PycharmProjects/masters-thesis/task_equivalents/llm_translations/llama/base/python/statistical_modelling_analysis/02_logistic_regression_odds_ratios.py,5,ok,0.630417788,10.450000000,16.576308916,
script_72,llama,base,python,statistical_modelling_analysis,02_logistic_regression_odds_ratios,/home/romakrut/PycharmProjects/masters-thesis/task_equivalents/llm_translations/llama/base/python/statistical_modelling_analysis/02_logistic_regression_odds_ratios.py,6,ok,0.631460678,10.310000000,16.327224100,
script_72,llama,base,python,statistical_modelling_analysis,02_logistic_regression_odds_ratios,/home/romakrut/PycharmProjects/masters-thesis/task_equivalents/llm_translations/llama/base/python/statistical_modelling_analysis/02_logistic_regression_odds_ratios.py,7,ok,0.634557195,10.340000000,16.294827451,
script_72,llama,base,python,statistical_modelling_analysis,02_logistic_regression_odds_ratios,/home/romakrut/PycharmProjects/masters-thesis/task_equivalents/llm_translations/llama/base/python/statistical_modelling_analysis/02_logistic_regression_odds_ratios.py,8,ok,0.629853257,10.510000000,16.686426375,
script_72,llama,base,python,statistical_modelling_analysis,02_logistic_regression_odds_ratios,/home/romakrut/PycharmProjects/masters-thesis/task_equivalents/llm_translations/llama/base/python/statistical_modelling_analysis/02_logistic_regression_odds_ratios.py,9,ok,0.635202577,10.640000000,16.750561766,
script_72,llama,base,python,statistical_modelling_analysis,02_logistic_regression_odds_ratios,/home/romakrut/PycharmProjects/masters-thesis/task_equivalents/llm_translations/llama/base/python/statistical_modelling_analysis/02_logistic_regression_odds_ratios.py,10,ok,0.634330638,10.510000000,16.568646334,
script_72,llama,base,python,statistical_modelling_analysis,02_logistic_regression_odds_ratios,/home/romakrut/PycharmProjects/masters-thesis/task_equivalents/llm_translations/llama/base/python/statistical_modelling_analysis/02_logistic_regression_odds_ratios.py,11,ok,0.631650876,10.550000000,16.702264496,
script_72,llama,base,python,statistical_modelling_analysis,02_logistic_regression_odds_ratios,/home/romakrut/PycharmProjects/masters-thesis/task_equivalents/llm_translations/llama/base/python/statistical_modelling_analysis/02_logistic_regression_odds_ratios.py,12,ok,0.630801100,10.320000000,16.360149023,
script_72,llama,base,python,statistical_modelling_analysis,02_logistic_regression_odds_ratios,/home/romakrut/PycharmProjects/masters-thesis/task_equivalents/llm_translations/llama/base/python/statistical_modelling_analysis/02_logistic_regression_odds_ratios.py,13,ok,0.635736524,10.430000000,16.406167659,
script_72,llama,base,python,statistical_modelling_analysis,02_logistic_regression_odds_ratios,/home/romakrut/PycharmProjects/masters-thesis/task_equivalents/llm_translations/llama/base/python/statistical_modelling_analysis/02_logistic_regression_odds_ratios.py,14,ok,0.636318353,10.650000000,16.736905277,
script_72,llama,base,python,statistical_modelling_analysis,02_logistic_regression_odds_ratios,/home/romakrut/PycharmProjects/masters-thesis/task_equivalents/llm_translations/llama/base/python/statistical_modelling_analysis/02_logistic_regression_odds_ratios.py,15,ok,0.634871790,10.340000000,16.286752952,
script_72,llama,base,python,statistical_modelling_analysis,02_logistic_regression_odds_ratios,/home/romakrut/PycharmProjects/masters-thesis/task_equivalents/llm_translations/llama/base/python/statistical_modelling_analysis/02_logistic_regression_odds_ratios.py,16,ok,0.634970876,10.560000000,16.630684019,
script_72,llama,base,python,statistical_modelling_analysis,02_logistic_regression_odds_ratios,/home/romakrut/PycharmProjects/masters-thesis/task_equivalents/llm_translations/llama/base/python/statistical_modelling_analysis/02_logistic_regression_odds_ratios.py,17,ok,0.634838021,10.320000000,16.256115196,
script_72,llama,base,python,statistical_modelling_analysis,02_logistic_regression_odds_ratios,/home/romakrut/PycharmProjects/masters-thesis/task_equivalents/llm_translations/llama/base/python/statistical_modelling_analysis/02_logistic_regression_odds_ratios.py,18,ok,0.630224500,10.530000000,16.708331714,
script_72,llama,base,python,statistical_modelling_analysis,02_logistic_regression_odds_ratios,/home/romakrut/PycharmProjects/masters-thesis/task_equivalents/llm_translations/llama/base/python/statistical_modelling_analysis/02_logistic_regression_odds_ratios.py,19,ok,0.635113587,10.550000000,16.611201864,
script_72,llama,base,python,statistical_modelling_analysis,02_logistic_regression_odds_ratios,/home/romakrut/PycharmProjects/masters-thesis/task_equivalents/llm_translations/llama/base/python/statistical_modelling_analysis/02_logistic_regression_odds_ratios.py,20,ok,0.633655874,10.540000000,16.633634173,
script_72,llama,base,python,statistical_modelling_analysis,02_logistic_regression_odds_ratios,/home/romakrut/PycharmProjects/masters-thesis/task_equivalents/llm_translations/llama/base/python/statistical_modelling_analysis/02_logistic_regression_odds_ratios.py,21,ok,0.632183412,10.640000000,16.830558661,
script_72,llama,base,python,statistical_modelling_analysis,02_logistic_regression_odds_ratios,/home/romakrut/PycharmProjects/masters-thesis/task_equivalents/llm_translations/llama/base/python/statistical_modelling_analysis/02_logistic_regression_odds_ratios.py,22,ok,0.635546804,10.510000000,16.536940999,
script_72,llama,base,python,statistical_modelling_analysis,02_logistic_regression_odds_ratios,/home/romakrut/PycharmProjects/masters-thesis/task_equivalents/llm_translations/llama/base/python/statistical_modelling_analysis/02_logistic_regression_odds_ratios.py,23,ok,0.630392128,10.410000000,16.513531083,
script_72,llama,base,python,statistical_modelling_analysis,02_logistic_regression_odds_ratios,/home/romakrut/PycharmProjects/masters-thesis/task_equivalents/llm_translations/llama/base/python/statistical_modelling_analysis/02_logistic_regression_odds_ratios.py,24,ok,0.630523528,10.470000000,16.605248710,
script_72,llama,base,python,statistical_modelling_analysis,02_logistic_regression_odds_ratios,/home/romakrut/PycharmProjects/masters-thesis/task_equivalents/llm_translations/llama/base/python/statistical_modelling_analysis/02_logistic_regression_odds_ratios.py,25,ok,0.631422832,10.660000000,16.882506396,
script_72,llama,base,python,statistical_modelling_analysis,02_logistic_regression_odds_ratios,/home/romakrut/PycharmProjects/masters-thesis/task_equivalents/llm_translations/llama/base/python/statistical_modelling_analysis/02_logistic_regression_odds_ratios.py,26,ok,0.634059237,10.740000000,16.938480466,
script_72,llama,base,python,statistical_modelling_analysis,02_logistic_regression_odds_ratios,/home/romakrut/PycharmProjects/masters-thesis/task_equivalents/llm_translations/llama/base/python/statistical_modelling_analysis/02_logistic_regression_odds_ratios.py,27,ok,0.629351828,10.650000000,16.922172188,
script_72,llama,base,python,statistical_modelling_analysis,02_logistic_regression_odds_ratios,/home/romakrut/PycharmProjects/masters-thesis/task_equivalents/llm_translations/llama/base/python/statistical_modelling_analysis/02_logistic_regression_odds_ratios.py,28,ok,0.630348634,10.490000000,16.641584409,
script_72,llama,base,python,statistical_modelling_analysis,02_logistic_regression_odds_ratios,/home/romakrut/PycharmProjects/masters-thesis/task_equivalents/llm_translations/llama/base/python/statistical_modelling_analysis/02_logistic_regression_odds_ratios.py,29,ok,0.635170796,10.770000000,16.956069246,
script_72,llama,base,python,statistical_modelling_analysis,02_logistic_regression_odds_ratios,/home/romakrut/PycharmProjects/masters-thesis/task_equivalents/llm_translations/llama/base/python/statistical_modelling_analysis/02_logistic_regression_odds_ratios.py,30,ok,0.629271846,10.610000000,16.860757505,
script_52,gpt,optimized,python,data_visualization,02_distribution_boxplot,/home/romakrut/PycharmProjects/masters-thesis/task_equivalents/llm_translations/gpt/optimized/python/data_visualization/02_distribution_boxplot.py,1,ok,0.458547400,7.710000000,16.813965143,
script_52,gpt,optimized,python,data_visualization,02_distribution_boxplot,/home/romakrut/PycharmProjects/masters-thesis/task_equivalents/llm_translations/gpt/optimized/python/data_visualization/02_distribution_boxplot.py,2,ok,0.461869261,7.700000000,16.671384416,
script_52,gpt,optimized,python,data_visualization,02_distribution_boxplot,/home/romakrut/PycharmProjects/masters-thesis/task_equivalents/llm_translations/gpt/optimized/python/data_visualization/02_distribution_boxplot.py,3,ok,0.456647042,7.570000000,16.577354726,
script_52,gpt,optimized,python,data_visualization,02_distribution_boxplot,/home/romakrut/PycharmProjects/masters-thesis/task_equivalents/llm_translations/gpt/optimized/python/data_visualization/02_distribution_boxplot.py,4,ok,0.461724787,7.640000000,16.546653364,
script_52,gpt,optimized,python,data_visualization,02_distribution_boxplot,/home/romakrut/PycharmProjects/masters-thesis/task_equivalents/llm_translations/gpt/optimized/python/data_visualization/02_distribution_boxplot.py,5,ok,0.459821890,7.580000000,16.484643652,
script_52,gpt,optimized,python,data_visualization,02_distribution_boxplot,/home/romakrut/PycharmProjects/masters-thesis/task_equivalents/llm_translations/gpt/optimized/python/data_visualization/02_distribution_boxplot.py,6,ok,0.458827032,7.530000000,16.411413179,
script_52,gpt,optimized,python,data_visualization,02_distribution_boxplot,/home/romakrut/PycharmProjects/masters-thesis/task_equivalents/llm_translations/gpt/optimized/python/data_visualization/02_distribution_boxplot.py,7,ok,0.458567849,7.620000000,16.616952140,
script_52,gpt,optimized,python,data_visualization,02_distribution_boxplot,/home/romakrut/PycharmProjects/masters-thesis/task_equivalents/llm_translations/gpt/optimized/python/data_visualization/02_distribution_boxplot.py,8,ok,0.459096651,7.530000000,16.401775059,
script_52,gpt,optimized,python,data_visualization,02_distribution_boxplot,/home/romakrut/PycharmProjects/masters-thesis/task_equivalents/llm_translations/gpt/optimized/python/data_visualization/02_distribution_boxplot.py,9,ok,0.461917252,7.720000000,16.712950137,
script_52,gpt,optimized,python,data_visualization,02_distribution_boxplot,/home/romakrut/PycharmProjects/masters-thesis/task_equivalents/llm_translations/gpt/optimized/python/data_visualization/02_distribution_boxplot.py,10,ok,0.458917992,7.640000000,16.647854591,
script_52,gpt,optimized,python,data_visualization,02_distribution_boxplot,/home/romakrut/PycharmProjects/masters-thesis/task_equivalents/llm_translations/gpt/optimized/python/data_visualization/02_distribution_boxplot.py,11,ok,0.461330443,7.680000000,16.647503143,
script_52,gpt,optimized,python,data_visualization,02_distribution_boxplot,/home/romakrut/PycharmProjects/masters-thesis/task_equivalents/llm_translations/gpt/optimized/python/data_visualization/02_distribution_boxplot.py,12,ok,0.458728446,7.670000000,16.720131631,
script_52,gpt,optimized,python,data_visualization,02_distribution_boxplot,/home/romakrut/PycharmProjects/masters-thesis/task_equivalents/llm_translations/gpt/optimized/python/data_visualization/02_distribution_boxplot.py,13,ok,0.458222417,7.600000000,16.585831941,
script_52,gpt,optimized,python,data_visualization,02_distribution_boxplot,/home/romakrut/PycharmProjects/masters-thesis/task_equivalents/llm_translations/gpt/optimized/python/data_visualization/02_distribution_boxplot.py,14,ok,0.463046252,7.840000000,16.931353976,
script_52,gpt,optimized,python,data_visualization,02_distribution_boxplot,/home/romakrut/PycharmProjects/masters-thesis/task_equivalents/llm_translations/gpt/optimized/python/data_visualization/02_distribution_boxplot.py,15,ok,0.459747060,7.650000000,16.639584384,
script_52,gpt,optimized,python,data_visualization,02_distribution_boxplot,/home/romakrut/PycharmProjects/masters-thesis/task_equivalents/llm_translations/gpt/optimized/python/data_visualization/02_distribution_boxplot.py,16,ok,0.459777968,7.570000000,16.464468780,
script_52,gpt,optimized,python,data_visualization,02_distribution_boxplot,/home/romakrut/PycharmProjects/masters-thesis/task_equivalents/llm_translations/gpt/optimized/python/data_visualization/02_distribution_boxplot.py,17,ok,0.460365845,7.750000000,16.834437403,
script_52,gpt,optimized,python,data_visualization,02_distribution_boxplot,/home/romakrut/PycharmProjects/masters-thesis/task_equivalents/llm_translations/gpt/optimized/python/data_visualization/02_distribution_boxplot.py,18,ok,0.457543262,7.760000000,16.960144853,
script_52,gpt,optimized,python,data_visualization,02_distribution_boxplot,/home/romakrut/PycharmProjects/masters-thesis/task_equivalents/llm_translations/gpt/optimized/python/data_visualization/02_distribution_boxplot.py,19,ok,0.461421290,7.640000000,16.557536823,
script_52,gpt,optimized,python,data_visualization,02_distribution_boxplot,/home/romakrut/PycharmProjects/masters-thesis/task_equivalents/llm_translations/gpt/optimized/python/data_visualization/02_distribution_boxplot.py,20,ok,0.461214393,7.700000000,16.695055742,
script_52,gpt,optimized,python,data_visualization,02_distribution_boxplot,/home/romakrut/PycharmProjects/masters-thesis/task_equivalents/llm_translations/gpt/optimized/python/data_visualization/02_distribution_boxplot.py,21,ok,0.461226468,7.720000000,16.737981308,
script_52,gpt,optimized,python,data_visualization,02_distribution_boxplot,/home/romakrut/PycharmProjects/masters-thesis/task_equivalents/llm_translations/gpt/optimized/python/data_visualization/02_distribution_boxplot.py,22,ok,0.460213342,7.700000000,16.731370643,
script_52,gpt,optimized,python,data_visualization,02_distribution_boxplot,/home/romakrut/PycharmProjects/masters-thesis/task_equivalents/llm_translations/gpt/optimized/python/data_visualization/02_distribution_boxplot.py,23,ok,0.458182993,7.610000000,16.609084397,
script_52,gpt,optimized,python,data_visualization,02_distribution_boxplot,/home/romakrut/PycharmProjects/masters-thesis/task_equivalents/llm_translations/gpt/optimized/python/data_visualization/02_distribution_boxplot.py,24,ok,0.459038204,7.700000000,16.774202959,
script_52,gpt,optimized,python,data_visualization,02_distribution_boxplot,/home/romakrut/PycharmProjects/masters-thesis/task_equivalents/llm_translations/gpt/optimized/python/data_visualization/02_distribution_boxplot.py,25,ok,0.459740393,7.860000000,17.096605214,
script_52,gpt,optimized,python,data_visualization,02_distribution_boxplot,/home/romakrut/PycharmProjects/masters-thesis/task_equivalents/llm_translations/gpt/optimized/python/data_visualization/02_distribution_boxplot.py,26,ok,0.462387508,7.650000000,16.544564608,
script_52,gpt,optimized,python,data_visualization,02_distribution_boxplot,/home/romakrut/PycharmProjects/masters-thesis/task_equivalents/llm_translations/gpt/optimized/python/data_visualization/02_distribution_boxplot.py,27,ok,0.460550152,7.750000000,16.827700450,
script_52,gpt,optimized,python,data_visualization,02_distribution_boxplot,/home/romakrut/PycharmProjects/masters-thesis/task_equivalents/llm_translations/gpt/optimized/python/data_visualization/02_distribution_boxplot.py,28,ok,0.456416836,7.600000000,16.651445347,
script_52,gpt,optimized,python,data_visualization,02_distribution_boxplot,/home/romakrut/PycharmProjects/masters-thesis/task_equivalents/llm_translations/gpt/optimized/python/data_visualization/02_distribution_boxplot.py,29,ok,0.460043811,7.540000000,16.389743367,
script_52,gpt,optimized,python,data_visualization,02_distribution_boxplot,/home/romakrut/PycharmProjects/masters-thesis/task_equivalents/llm_translations/gpt/optimized/python/data_visualization/02_distribution_boxplot.py,30,ok,0.459851125,7.750000000,16.853280505,
script_121,starcoder,optimized,r,data_manipulation_preprocessing,01_impute_encode_scale,/home/romakrut/PycharmProjects/masters-thesis/task_equivalents/llm_translations/starcoder/optimized/r/data_manipulation_preprocessing/01_impute_encode_scale.R,1,ok,1.230356834,21.250000000,17.271412173,
script_121,starcoder,optimized,r,data_manipulation_preprocessing,01_impute_encode_scale,/home/romakrut/PycharmProjects/masters-thesis/task_equivalents/llm_translations/starcoder/optimized/r/data_manipulation_preprocessing/01_impute_encode_scale.R,2,ok,1.231316419,21.310000000,17.306680615,
script_121,starcoder,optimized,r,data_manipulation_preprocessing,01_impute_encode_scale,/home/romakrut/PycharmProjects/masters-thesis/task_equivalents/llm_translations/starcoder/optimized/r/data_manipulation_preprocessing/01_impute_encode_scale.R,3,ok,1.237887959,21.110000000,17.053239630,
script_121,starcoder,optimized,r,data_manipulation_preprocessing,01_impute_encode_scale,/home/romakrut/PycharmProjects/masters-thesis/task_equivalents/llm_translations/starcoder/optimized/r/data_manipulation_preprocessing/01_impute_encode_scale.R,4,ok,1.229931488,21.250000000,17.277385129,
script_121,starcoder,optimized,r,data_manipulation_preprocessing,01_impute_encode_scale,/home/romakrut/PycharmProjects/masters-thesis/task_equivalents/llm_translations/starcoder/optimized/r/data_manipulation_preprocessing/01_impute_encode_scale.R,5,ok,1.238682594,21.490000000,17.349077241,
script_121,starcoder,optimized,r,data_manipulation_preprocessing,01_impute_encode_scale,/home/romakrut/PycharmProjects/masters-thesis/task_equivalents/llm_translations/starcoder/optimized/r/data_manipulation_preprocessing/01_impute_encode_scale.R,6,ok,1.231661542,21.210000000,17.220639987,
script_121,starcoder,optimized,r,data_manipulation_preprocessing,01_impute_encode_scale,/home/romakrut/PycharmProjects/masters-thesis/task_equivalents/llm_translations/starcoder/optimized/r/data_manipulation_preprocessing/01_impute_encode_scale.R,7,ok,1.240253291,21.380000000,17.238414246,
script_121,starcoder,optimized,r,data_manipulation_preprocessing,01_impute_encode_scale,/home/romakrut/PycharmProjects/masters-thesis/task_equivalents/llm_translations/starcoder/optimized/r/data_manipulation_preprocessing/01_impute_encode_scale.R,8,ok,1.229738562,21.410000000,17.410204625,
script_121,starcoder,optimized,r,data_manipulation_preprocessing,01_impute_encode_scale,/home/romakrut/PycharmProjects/masters-thesis/task_equivalents/llm_translations/starcoder/optimized/r/data_manipulation_preprocessing/01_impute_encode_scale.R,9,ok,1.230663053,21.610000000,17.559639860,
script_121,starcoder,optimized,r,data_manipulation_preprocessing,01_impute_encode_scale,/home/romakrut/PycharmProjects/masters-thesis/task_equivalents/llm_translations/starcoder/optimized/r/data_manipulation_preprocessing/01_impute_encode_scale.R,10,ok,1.234220115,21.580000000,17.484725567,
script_121,starcoder,optimized,r,data_manipulation_preprocessing,01_impute_encode_scale,/home/romakrut/PycharmProjects/masters-thesis/task_equivalents/llm_translations/starcoder/optimized/r/data_manipulation_preprocessing/01_impute_encode_scale.R,11,ok,1.234788616,21.690000000,17.565759612,
script_121,starcoder,optimized,r,data_manipulation_preprocessing,01_impute_encode_scale,/home/romakrut/PycharmProjects/masters-thesis/task_equivalents/llm_translations/starcoder/optimized/r/data_manipulation_preprocessing/01_impute_encode_scale.R,12,ok,1.235867151,21.490000000,17.388600371,
script_121,starcoder,optimized,r,data_manipulation_preprocessing,01_impute_encode_scale,/home/romakrut/PycharmProjects/masters-thesis/task_equivalents/llm_translations/starcoder/optimized/r/data_manipulation_preprocessing/01_impute_encode_scale.R,13,ok,1.230822236,21.700000000,17.630490712,
script_121,starcoder,optimized,r,data_manipulation_preprocessing,01_impute_encode_scale,/home/romakrut/PycharmProjects/masters-thesis/task_equivalents/llm_translations/starcoder/optimized/r/data_manipulation_preprocessing/01_impute_encode_scale.R,14,ok,1.236842291,21.500000000,17.382976113,
script_121,starcoder,optimized,r,data_manipulation_preprocessing,01_impute_encode_scale,/home/romakrut/PycharmProjects/masters-thesis/task_equivalents/llm_translations/starcoder/optimized/r/data_manipulation_preprocessing/01_impute_encode_scale.R,15,ok,1.232582356,21.830000000,17.710784106,
script_121,starcoder,optimized,r,data_manipulation_preprocessing,01_impute_encode_scale,/home/romakrut/PycharmProjects/masters-thesis/task_equivalents/llm_translations/starcoder/optimized/r/data_manipulation_preprocessing/01_impute_encode_scale.R,16,ok,1.227648160,21.740000000,17.708656852,
script_121,starcoder,optimized,r,data_manipulation_preprocessing,01_impute_encode_scale,/home/romakrut/PycharmProjects/masters-thesis/task_equivalents/llm_translations/starcoder/optimized/r/data_manipulation_preprocessing/01_impute_encode_scale.R,17,ok,1.228653294,21.880000000,17.808115688,
script_121,starcoder,optimized,r,data_manipulation_preprocessing,01_impute_encode_scale,/home/romakrut/PycharmProjects/masters-thesis/task_equivalents/llm_translations/starcoder/optimized/r/data_manipulation_preprocessing/01_impute_encode_scale.R,18,ok,1.231630927,21.770000000,17.675749709,
script_121,starcoder,optimized,r,data_manipulation_preprocessing,01_impute_encode_scale,/home/romakrut/PycharmProjects/masters-thesis/task_equivalents/llm_translations/starcoder/optimized/r/data_manipulation_preprocessing/01_impute_encode_scale.R,19,ok,1.232335721,21.710000000,17.616952613,
script_121,starcoder,optimized,r,data_manipulation_preprocessing,01_impute_encode_scale,/home/romakrut/PycharmProjects/masters-thesis/task_equivalents/llm_translations/starcoder/optimized/r/data_manipulation_preprocessing/01_impute_encode_scale.R,20,ok,1.245094467,22.040000000,17.701468109,
script_121,starcoder,optimized,r,data_manipulation_preprocessing,01_impute_encode_scale,/home/romakrut/PycharmProjects/masters-thesis/task_equivalents/llm_translations/starcoder/optimized/r/data_manipulation_preprocessing/01_impute_encode_scale.R,21,ok,1.231714284,21.980000000,17.845047578,
script_121,starcoder,optimized,r,data_manipulation_preprocessing,01_impute_encode_scale,/home/romakrut/PycharmProjects/masters-thesis/task_equivalents/llm_translations/starcoder/optimized/r/data_manipulation_preprocessing/01_impute_encode_scale.R,22,ok,1.231728156,22.030000000,17.885439975,
script_121,starcoder,optimized,r,data_manipulation_preprocessing,01_impute_encode_scale,/home/romakrut/PycharmProjects/masters-thesis/task_equivalents/llm_translations/starcoder/optimized/r/data_manipulation_preprocessing/01_impute_encode_scale.R,23,ok,1.229049689,21.690000000,17.647781204,
script_121,starcoder,optimized,r,data_manipulation_preprocessing,01_impute_encode_scale,/home/romakrut/PycharmProjects/masters-thesis/task_equivalents/llm_translations/starcoder/optimized/r/data_manipulation_preprocessing/01_impute_encode_scale.R,24,ok,1.230244184,21.900000000,17.801344062,
script_121,starcoder,optimized,r,data_manipulation_preprocessing,01_impute_encode_scale,/home/romakrut/PycharmProjects/masters-thesis/task_equivalents/llm_translations/starcoder/optimized/r/data_manipulation_preprocessing/01_impute_encode_scale.R,25,ok,1.228919266,21.960000000,17.869359369,
script_121,starcoder,optimized,r,data_manipulation_preprocessing,01_impute_encode_scale,/home/romakrut/PycharmProjects/masters-thesis/task_equivalents/llm_translations/starcoder/optimized/r/data_manipulation_preprocessing/01_impute_encode_scale.R,26,ok,1.231713281,21.850000000,17.739518066,
script_121,starcoder,optimized,r,data_manipulation_preprocessing,01_impute_encode_scale,/home/romakrut/PycharmProjects/masters-thesis/task_equivalents/llm_translations/starcoder/optimized/r/data_manipulation_preprocessing/01_impute_encode_scale.R,27,ok,1.226918302,21.690000000,17.678438707,
script_121,starcoder,optimized,r,data_manipulation_preprocessing,01_impute_encode_scale,/home/romakrut/PycharmProjects/masters-thesis/task_equivalents/llm_translations/starcoder/optimized/r/data_manipulation_preprocessing/01_impute_encode_scale.R,28,ok,1.230072518,21.560000000,17.527421908,
script_121,starcoder,optimized,r,data_manipulation_preprocessing,01_impute_encode_scale,/home/romakrut/PycharmProjects/masters-thesis/task_equivalents/llm_translations/starcoder/optimized/r/data_manipulation_preprocessing/01_impute_encode_scale.R,29,ok,1.226805911,21.720000000,17.704512022,
script_121,starcoder,optimized,r,data_manipulation_preprocessing,01_impute_encode_scale,/home/romakrut/PycharmProjects/masters-thesis/task_equivalents/llm_translations/starcoder/optimized/r/data_manipulation_preprocessing/01_impute_encode_scale.R,30,ok,1.229103366,22.050000000,17.939906935,
script_17,gemini,optimized,python,data_manipulation_preprocessing,01_impute_encode_scale,/home/romakrut/PycharmProjects/masters-thesis/task_equivalents/llm_translations/gemini/optimized/python/data_manipulation_preprocessing/01_impute_encode_scale.py,1,ok,0.171585357,2.870000000,16.726369022,
script_17,gemini,optimized,python,data_manipulation_preprocessing,01_impute_encode_scale,/home/romakrut/PycharmProjects/masters-thesis/task_equivalents/llm_translations/gemini/optimized/python/data_manipulation_preprocessing/01_impute_encode_scale.py,2,ok,0.172195663,2.800000000,16.260572138,
script_17,gemini,optimized,python,data_manipulation_preprocessing,01_impute_encode_scale,/home/romakrut/PycharmProjects/masters-thesis/task_equivalents/llm_translations/gemini/optimized/python/data_manipulation_preprocessing/01_impute_encode_scale.py,3,ok,0.173490490,2.860000000,16.485053446,
script_17,gemini,optimized,python,data_manipulation_preprocessing,01_impute_encode_scale,/home/romakrut/PycharmProjects/masters-thesis/task_equivalents/llm_translations/gemini/optimized/python/data_manipulation_preprocessing/01_impute_encode_scale.py,4,ok,0.172222373,2.780000000,16.141921352,
script_17,gemini,optimized,python,data_manipulation_preprocessing,01_impute_encode_scale,/home/romakrut/PycharmProjects/masters-thesis/task_equivalents/llm_translations/gemini/optimized/python/data_manipulation_preprocessing/01_impute_encode_scale.py,5,ok,0.171701321,2.840000000,16.540350321,
script_17,gemini,optimized,python,data_manipulation_preprocessing,01_impute_encode_scale,/home/romakrut/PycharmProjects/masters-thesis/task_equivalents/llm_translations/gemini/optimized/python/data_manipulation_preprocessing/01_impute_encode_scale.py,6,ok,0.172212503,2.800000000,16.258982079,
script_17,gemini,optimized,python,data_manipulation_preprocessing,01_impute_encode_scale,/home/romakrut/PycharmProjects/masters-thesis/task_equivalents/llm_translations/gemini/optimized/python/data_manipulation_preprocessing/01_impute_encode_scale.py,7,ok,0.171930182,2.790000000,16.227517284,
script_17,gemini,optimized,python,data_manipulation_preprocessing,01_impute_encode_scale,/home/romakrut/PycharmProjects/masters-thesis/task_equivalents/llm_translations/gemini/optimized/python/data_manipulation_preprocessing/01_impute_encode_scale.py,8,ok,0.171825871,2.780000000,16.179170132,
script_17,gemini,optimized,python,data_manipulation_preprocessing,01_impute_encode_scale,/home/romakrut/PycharmProjects/masters-thesis/task_equivalents/llm_translations/gemini/optimized/python/data_manipulation_preprocessing/01_impute_encode_scale.py,9,ok,0.172348020,2.830000000,16.420264068,
script_17,gemini,optimized,python,data_manipulation_preprocessing,01_impute_encode_scale,/home/romakrut/PycharmProjects/masters-thesis/task_equivalents/llm_translations/gemini/optimized/python/data_manipulation_preprocessing/01_impute_encode_scale.py,10,ok,0.172007306,2.840000000,16.510926577,
script_17,gemini,optimized,python,data_manipulation_preprocessing,01_impute_encode_scale,/home/romakrut/PycharmProjects/masters-thesis/task_equivalents/llm_translations/gemini/optimized/python/data_manipulation_preprocessing/01_impute_encode_scale.py,11,ok,0.172001643,2.790000000,16.220775286,
script_17,gemini,optimized,python,data_manipulation_preprocessing,01_impute_encode_scale,/home/romakrut/PycharmProjects/masters-thesis/task_equivalents/llm_translations/gemini/optimized/python/data_manipulation_preprocessing/01_impute_encode_scale.py,12,ok,0.171996710,2.840000000,16.511943746,
script_17,gemini,optimized,python,data_manipulation_preprocessing,01_impute_encode_scale,/home/romakrut/PycharmProjects/masters-thesis/task_equivalents/llm_translations/gemini/optimized/python/data_manipulation_preprocessing/01_impute_encode_scale.py,13,ok,0.172311201,2.810000000,16.307703641,
script_17,gemini,optimized,python,data_manipulation_preprocessing,01_impute_encode_scale,/home/romakrut/PycharmProjects/masters-thesis/task_equivalents/llm_translations/gemini/optimized/python/data_manipulation_preprocessing/01_impute_encode_scale.py,14,ok,0.172395740,2.870000000,16.647743152,
script_17,gemini,optimized,python,data_manipulation_preprocessing,01_impute_encode_scale,/home/romakrut/PycharmProjects/masters-thesis/task_equivalents/llm_translations/gemini/optimized/python/data_manipulation_preprocessing/01_impute_encode_scale.py,15,ok,0.172692893,2.860000000,16.561191085,
script_17,gemini,optimized,python,data_manipulation_preprocessing,01_impute_encode_scale,/home/romakrut/PycharmProjects/masters-thesis/task_equivalents/llm_translations/gemini/optimized/python/data_manipulation_preprocessing/01_impute_encode_scale.py,16,ok,0.173086752,2.950000000,17.043476557,
script_17,gemini,optimized,python,data_manipulation_preprocessing,01_impute_encode_scale,/home/romakrut/PycharmProjects/masters-thesis/task_equivalents/llm_translations/gemini/optimized/python/data_manipulation_preprocessing/01_impute_encode_scale.py,17,ok,0.172811143,2.830000000,16.376258793,
script_17,gemini,optimized,python,data_manipulation_preprocessing,01_impute_encode_scale,/home/romakrut/PycharmProjects/masters-thesis/task_equivalents/llm_translations/gemini/optimized/python/data_manipulation_preprocessing/01_impute_encode_scale.py,18,ok,0.172791862,2.840000000,16.435959235,
script_17,gemini,optimized,python,data_manipulation_preprocessing,01_impute_encode_scale,/home/romakrut/PycharmProjects/masters-thesis/task_equivalents/llm_translations/gemini/optimized/python/data_manipulation_preprocessing/01_impute_encode_scale.py,19,ok,0.172012472,2.840000000,16.510430709,
script_17,gemini,optimized,python,data_manipulation_preprocessing,01_impute_encode_scale,/home/romakrut/PycharmProjects/masters-thesis/task_equivalents/llm_translations/gemini/optimized/python/data_manipulation_preprocessing/01_impute_encode_scale.py,20,ok,0.173015801,2.920000000,16.877071245,
script_17,gemini,optimized,python,data_manipulation_preprocessing,01_impute_encode_scale,/home/romakrut/PycharmProjects/masters-thesis/task_equivalents/llm_translations/gemini/optimized/python/data_manipulation_preprocessing/01_impute_encode_scale.py,21,ok,0.171661474,2.820000000,16.427681379,
script_17,gemini,optimized,python,data_manipulation_preprocessing,01_impute_encode_scale,/home/romakrut/PycharmProjects/masters-thesis/task_equivalents/llm_translations/gemini/optimized/python/data_manipulation_preprocessing/01_impute_encode_scale.py,22,ok,0.172148209,2.780000000,16.148875531,
script_17,gemini,optimized,python,data_manipulation_preprocessing,01_impute_encode_scale,/home/romakrut/PycharmProjects/masters-thesis/task_equivalents/llm_translations/gemini/optimized/python/data_manipulation_preprocessing/01_impute_encode_scale.py,23,ok,0.172194304,2.790000000,16.202626540,
script_17,gemini,optimized,python,data_manipulation_preprocessing,01_impute_encode_scale,/home/romakrut/PycharmProjects/masters-thesis/task_equivalents/llm_translations/gemini/optimized/python/data_manipulation_preprocessing/01_impute_encode_scale.py,24,ok,0.172317849,2.870000000,16.655268254,
script_17,gemini,optimized,python,data_manipulation_preprocessing,01_impute_encode_scale,/home/romakrut/PycharmProjects/masters-thesis/task_equivalents/llm_translations/gemini/optimized/python/data_manipulation_preprocessing/01_impute_encode_scale.py,25,ok,0.172450324,2.870000000,16.642473806,
script_17,gemini,optimized,python,data_manipulation_preprocessing,01_impute_encode_scale,/home/romakrut/PycharmProjects/masters-thesis/task_equivalents/llm_translations/gemini/optimized/python/data_manipulation_preprocessing/01_impute_encode_scale.py,26,ok,0.172945250,2.860000000,16.537025446,
script_17,gemini,optimized,python,data_manipulation_preprocessing,01_impute_encode_scale,/home/romakrut/PycharmProjects/masters-thesis/task_equivalents/llm_translations/gemini/optimized/python/data_manipulation_preprocessing/01_impute_encode_scale.py,27,ok,0.171763913,2.860000000,16.650761793,
script_17,gemini,optimized,python,data_manipulation_preprocessing,01_impute_encode_scale,/home/romakrut/PycharmProjects/masters-thesis/task_equivalents/llm_translations/gemini/optimized/python/data_manipulation_preprocessing/01_impute_encode_scale.py,28,ok,0.172307282,2.870000000,16.656289663,
script_17,gemini,optimized,python,data_manipulation_preprocessing,01_impute_encode_scale,/home/romakrut/PycharmProjects/masters-thesis/task_equivalents/llm_translations/gemini/optimized/python/data_manipulation_preprocessing/01_impute_encode_scale.py,29,ok,0.171878584,2.830000000,16.465111209,
script_17,gemini,optimized,python,data_manipulation_preprocessing,01_impute_encode_scale,/home/romakrut/PycharmProjects/masters-thesis/task_equivalents/llm_translations/gemini/optimized/python/data_manipulation_preprocessing/01_impute_encode_scale.py,30,ok,0.172587702,2.850000000,16.513343459,
script_16,gemini,base,r,statistical_modelling_analysis,02_logistic_regression_odds_ratios,/home/romakrut/PycharmProjects/masters-thesis/task_equivalents/llm_translations/gemini/base/r/statistical_modelling_analysis/02_logistic_regression_odds_ratios.R,1,ok,0.088719117,1.550000000,17.470868201,
script_16,gemini,base,r,statistical_modelling_analysis,02_logistic_regression_odds_ratios,/home/romakrut/PycharmProjects/masters-thesis/task_equivalents/llm_translations/gemini/base/r/statistical_modelling_analysis/02_logistic_regression_odds_ratios.R,2,ok,0.098048288,1.560000000,15.910527678,
script_16,gemini,base,r,statistical_modelling_analysis,02_logistic_regression_odds_ratios,/home/romakrut/PycharmProjects/masters-thesis/task_equivalents/llm_translations/gemini/base/r/statistical_modelling_analysis/02_logistic_regression_odds_ratios.R,3,ok,0.090873545,1.490000000,16.396411079,
script_16,gemini,base,r,statistical_modelling_analysis,02_logistic_regression_odds_ratios,/home/romakrut/PycharmProjects/masters-thesis/task_equivalents/llm_translations/gemini/base/r/statistical_modelling_analysis/02_logistic_regression_odds_ratios.R,4,ok,0.090540801,1.520000000,16.788011407,
script_16,gemini,base,r,statistical_modelling_analysis,02_logistic_regression_odds_ratios,/home/romakrut/PycharmProjects/masters-thesis/task_equivalents/llm_translations/gemini/base/r/statistical_modelling_analysis/02_logistic_regression_odds_ratios.R,5,ok,0.089914062,1.450000000,16.126509778,
script_16,gemini,base,r,statistical_modelling_analysis,02_logistic_regression_odds_ratios,/home/romakrut/PycharmProjects/masters-thesis/task_equivalents/llm_translations/gemini/base/r/statistical_modelling_analysis/02_logistic_regression_odds_ratios.R,6,ok,0.091012482,1.550000000,17.030631029,
script_16,gemini,base,r,statistical_modelling_analysis,02_logistic_regression_odds_ratios,/home/romakrut/PycharmProjects/masters-thesis/task_equivalents/llm_translations/gemini/base/r/statistical_modelling_analysis/02_logistic_regression_odds_ratios.R,7,ok,0.096430453,1.580000000,16.384865474,
script_16,gemini,base,r,statistical_modelling_analysis,02_logistic_regression_odds_ratios,/home/romakrut/PycharmProjects/masters-thesis/task_equivalents/llm_translations/gemini/base/r/statistical_modelling_analysis/02_logistic_regression_odds_ratios.R,8,ok,0.095134369,1.980000000,20.812667607,
script_16,gemini,base,r,statistical_modelling_analysis,02_logistic_regression_odds_ratios,/home/romakrut/PycharmProjects/masters-thesis/task_equivalents/llm_translations/gemini/base/r/statistical_modelling_analysis/02_logistic_regression_odds_ratios.R,9,ok,0.094177046,1.820000000,19.325303535,
script_16,gemini,base,r,statistical_modelling_analysis,02_logistic_regression_odds_ratios,/home/romakrut/PycharmProjects/masters-thesis/task_equivalents/llm_translations/gemini/base/r/statistical_modelling_analysis/02_logistic_regression_odds_ratios.R,10,ok,0.090518412,1.510000000,16.681689025,
script_16,gemini,base,r,statistical_modelling_analysis,02_logistic_regression_odds_ratios,/home/romakrut/PycharmProjects/masters-thesis/task_equivalents/llm_translations/gemini/base/r/statistical_modelling_analysis/02_logistic_regression_odds_ratios.R,11,ok,0.089800102,1.490000000,16.592408770,
script_16,gemini,base,r,statistical_modelling_analysis,02_logistic_regression_odds_ratios,/home/romakrut/PycharmProjects/masters-thesis/task_equivalents/llm_translations/gemini/base/r/statistical_modelling_analysis/02_logistic_regression_odds_ratios.R,12,ok,0.090660930,1.480000000,16.324562300,
script_16,gemini,base,r,statistical_modelling_analysis,02_logistic_regression_odds_ratios,/home/romakrut/PycharmProjects/masters-thesis/task_equivalents/llm_translations/gemini/base/r/statistical_modelling_analysis/02_logistic_regression_odds_ratios.R,13,ok,0.090251954,1.500000000,16.620138773,
script_16,gemini,base,r,statistical_modelling_analysis,02_logistic_regression_odds_ratios,/home/romakrut/PycharmProjects/masters-thesis/task_equivalents/llm_translations/gemini/base/r/statistical_modelling_analysis/02_logistic_regression_odds_ratios.R,14,ok,0.090237734,1.560000000,17.287668150,
script_16,gemini,base,r,statistical_modelling_analysis,02_logistic_regression_odds_ratios,/home/romakrut/PycharmProjects/masters-thesis/task_equivalents/llm_translations/gemini/base/r/statistical_modelling_analysis/02_logistic_regression_odds_ratios.R,15,ok,0.090424035,1.500000000,16.588509902,
script_16,gemini,base,r,statistical_modelling_analysis,02_logistic_regression_odds_ratios,/home/romakrut/PycharmProjects/masters-thesis/task_equivalents/llm_translations/gemini/base/r/statistical_modelling_analysis/02_logistic_regression_odds_ratios.R,16,ok,0.089970122,1.450000000,16.116461418,
script_16,gemini,base,r,statistical_modelling_analysis,02_logistic_regression_odds_ratios,/home/romakrut/PycharmProjects/masters-thesis/task_equivalents/llm_translations/gemini/base/r/statistical_modelling_analysis/02_logistic_regression_odds_ratios.R,17,ok,0.090487125,1.520000000,16.797969877,
script_16,gemini,base,r,statistical_modelling_analysis,02_logistic_regression_odds_ratios,/home/romakrut/PycharmProjects/masters-thesis/task_equivalents/llm_translations/gemini/base/r/statistical_modelling_analysis/02_logistic_regression_odds_ratios.R,18,ok,0.090600044,1.460000000,16.114782461,
script_16,gemini,base,r,statistical_modelling_analysis,02_logistic_regression_odds_ratios,/home/romakrut/PycharmProjects/masters-thesis/task_equivalents/llm_translations/gemini/base/r/statistical_modelling_analysis/02_logistic_regression_odds_ratios.R,19,ok,0.090771215,1.590000000,17.516566237,
script_16,gemini,base,r,statistical_modelling_analysis,02_logistic_regression_odds_ratios,/home/romakrut/PycharmProjects/masters-thesis/task_equivalents/llm_translations/gemini/base/r/statistical_modelling_analysis/02_logistic_regression_odds_ratios.R,20,ok,0.090641248,1.510000000,16.659082187,
script_16,gemini,base,r,statistical_modelling_analysis,02_logistic_regression_odds_ratios,/home/romakrut/PycharmProjects/masters-thesis/task_equivalents/llm_translations/gemini/base/r/statistical_modelling_analysis/02_logistic_regression_odds_ratios.R,21,ok,0.090368900,1.500000000,16.598630724,
script_16,gemini,base,r,statistical_modelling_analysis,02_logistic_regression_odds_ratios,/home/romakrut/PycharmProjects/masters-thesis/task_equivalents/llm_translations/gemini/base/r/statistical_modelling_analysis/02_logistic_regression_odds_ratios.R,22,ok,0.090656796,1.470000000,16.215000583,
script_16,gemini,base,r,statistical_modelling_analysis,02_logistic_regression_odds_ratios,/home/romakrut/PycharmProjects/masters-thesis/task_equivalents/llm_translations/gemini/base/r/statistical_modelling_analysis/02_logistic_regression_odds_ratios.R,23,ok,0.090350449,1.520000000,16.823380701,
script_16,gemini,base,r,statistical_modelling_analysis,02_logistic_regression_odds_ratios,/home/romakrut/PycharmProjects/masters-thesis/task_equivalents/llm_translations/gemini/base/r/statistical_modelling_analysis/02_logistic_regression_odds_ratios.R,24,ok,0.090368481,1.570000000,17.373314043,
script_16,gemini,base,r,statistical_modelling_analysis,02_logistic_regression_odds_ratios,/home/romakrut/PycharmProjects/masters-thesis/task_equivalents/llm_translations/gemini/base/r/statistical_modelling_analysis/02_logistic_regression_odds_ratios.R,25,ok,0.090415287,1.520000000,16.811316431,
script_16,gemini,base,r,statistical_modelling_analysis,02_logistic_regression_odds_ratios,/home/romakrut/PycharmProjects/masters-thesis/task_equivalents/llm_translations/gemini/base/r/statistical_modelling_analysis/02_logistic_regression_odds_ratios.R,26,ok,0.089621795,1.430000000,15.955940182,
script_16,gemini,base,r,statistical_modelling_analysis,02_logistic_regression_odds_ratios,/home/romakrut/PycharmProjects/masters-thesis/task_equivalents/llm_translations/gemini/base/r/statistical_modelling_analysis/02_logistic_regression_odds_ratios.R,27,ok,0.090822421,1.510000000,16.625850571,
script_16,gemini,base,r,statistical_modelling_analysis,02_logistic_regression_odds_ratios,/home/romakrut/PycharmProjects/masters-thesis/task_equivalents/llm_translations/gemini/base/r/statistical_modelling_analysis/02_logistic_regression_odds_ratios.R,28,ok,0.090434258,1.480000000,16.365479551,
script_16,gemini,base,r,statistical_modelling_analysis,02_logistic_regression_odds_ratios,/home/romakrut/PycharmProjects/masters-thesis/task_equivalents/llm_translations/gemini/base/r/statistical_modelling_analysis/02_logistic_regression_odds_ratios.R,29,ok,0.090720966,1.580000000,17.416040301,
script_16,gemini,base,r,statistical_modelling_analysis,02_logistic_regression_odds_ratios,/home/romakrut/PycharmProjects/masters-thesis/task_equivalents/llm_translations/gemini/base/r/statistical_modelling_analysis/02_logistic_regression_odds_ratios.R,30,ok,0.089418996,1.480000000,16.551292971,
script_24,gemini,optimized,python,statistical_modelling_analysis,02_logistic_regression_odds_ratios,/home/romakrut/PycharmProjects/masters-thesis/task_equivalents/llm_translations/gemini/optimized/python/statistical_modelling_analysis/02_logistic_regression_odds_ratios.py,1,ok,0.727350792,11.850000000,16.292001233,
script_24,gemini,optimized,python,statistical_modelling_analysis,02_logistic_regression_odds_ratios,/home/romakrut/PycharmProjects/masters-thesis/task_equivalents/llm_translations/gemini/optimized/python/statistical_modelling_analysis/02_logistic_regression_odds_ratios.py,2,ok,0.733103935,11.710000000,15.973178483,
script_24,gemini,optimized,python,statistical_modelling_analysis,02_logistic_regression_odds_ratios,/home/romakrut/PycharmProjects/masters-thesis/task_equivalents/llm_translations/gemini/optimized/python/statistical_modelling_analysis/02_logistic_regression_odds_ratios.py,3,ok,0.728474735,11.840000000,16.253137454,
script_24,gemini,optimized,python,statistical_modelling_analysis,02_logistic_regression_odds_ratios,/home/romakrut/PycharmProjects/masters-thesis/task_equivalents/llm_translations/gemini/optimized/python/statistical_modelling_analysis/02_logistic_regression_odds_ratios.py,4,ok,0.732793699,11.670000000,15.925355275,
script_24,gemini,optimized,python,statistical_modelling_analysis,02_logistic_regression_odds_ratios,/home/romakrut/PycharmProjects/masters-thesis/task_equivalents/llm_translations/gemini/optimized/python/statistical_modelling_analysis/02_logistic_regression_odds_ratios.py,5,ok,0.735144393,11.920000000,16.214501686,
script_24,gemini,optimized,python,statistical_modelling_analysis,02_logistic_regression_odds_ratios,/home/romakrut/PycharmProjects/masters-thesis/task_equivalents/llm_translations/gemini/optimized/python/statistical_modelling_analysis/02_logistic_regression_odds_ratios.py,6,ok,0.725779079,11.860000000,16.341060721,
script_24,gemini,optimized,python,statistical_modelling_analysis,02_logistic_regression_odds_ratios,/home/romakrut/PycharmProjects/masters-thesis/task_equivalents/llm_translations/gemini/optimized/python/statistical_modelling_analysis/02_logistic_regression_odds_ratios.py,7,ok,0.734444363,11.730000000,15.971257444,
script_24,gemini,optimized,python,statistical_modelling_analysis,02_logistic_regression_odds_ratios,/home/romakrut/PycharmProjects/masters-thesis/task_equivalents/llm_translations/gemini/optimized/python/statistical_modelling_analysis/02_logistic_regression_odds_ratios.py,8,ok,0.729799872,11.760000000,16.114006663,
script_24,gemini,optimized,python,statistical_modelling_analysis,02_logistic_regression_odds_ratios,/home/romakrut/PycharmProjects/masters-thesis/task_equivalents/llm_translations/gemini/optimized/python/statistical_modelling_analysis/02_logistic_regression_odds_ratios.py,9,ok,0.731691484,11.970000000,16.359353992,
script_24,gemini,optimized,python,statistical_modelling_analysis,02_logistic_regression_odds_ratios,/home/romakrut/PycharmProjects/masters-thesis/task_equivalents/llm_translations/gemini/optimized/python/statistical_modelling_analysis/02_logistic_regression_odds_ratios.py,10,ok,0.729387463,11.830000000,16.219088756,
script_24,gemini,optimized,python,statistical_modelling_analysis,02_logistic_regression_odds_ratios,/home/romakrut/PycharmProjects/masters-thesis/task_equivalents/llm_translations/gemini/optimized/python/statistical_modelling_analysis/02_logistic_regression_odds_ratios.py,11,ok,0.732039695,12.000000000,16.392553685,
script_24,gemini,optimized,python,statistical_modelling_analysis,02_logistic_regression_odds_ratios,/home/romakrut/PycharmProjects/masters-thesis/task_equivalents/llm_translations/gemini/optimized/python/statistical_modelling_analysis/02_logistic_regression_odds_ratios.py,12,ok,0.733563926,12.200000000,16.631134067,
script_24,gemini,optimized,python,statistical_modelling_analysis,02_logistic_regression_odds_ratios,/home/romakrut/PycharmProjects/masters-thesis/task_equivalents/llm_translations/gemini/optimized/python/statistical_modelling_analysis/02_logistic_regression_odds_ratios.py,13,ok,0.733326411,11.780000000,16.063787998,
script_24,gemini,optimized,python,statistical_modelling_analysis,02_logistic_regression_odds_ratios,/home/romakrut/PycharmProjects/masters-thesis/task_equivalents/llm_translations/gemini/optimized/python/statistical_modelling_analysis/02_logistic_regression_odds_ratios.py,14,ok,0.730907066,11.910000000,16.294821263,
script_24,gemini,optimized,python,statistical_modelling_analysis,02_logistic_regression_odds_ratios,/home/romakrut/PycharmProjects/masters-thesis/task_equivalents/llm_translations/gemini/optimized/python/statistical_modelling_analysis/02_logistic_regression_odds_ratios.py,15,ok,0.730655767,11.890000000,16.273052971,
script_24,gemini,optimized,python,statistical_modelling_analysis,02_logistic_regression_odds_ratios,/home/romakrut/PycharmProjects/masters-thesis/task_equivalents/llm_translations/gemini/optimized/python/statistical_modelling_analysis/02_logistic_regression_odds_ratios.py,16,ok,0.734390612,11.990000000,16.326461428,
script_24,gemini,optimized,python,statistical_modelling_analysis,02_logistic_regression_odds_ratios,/home/romakrut/PycharmProjects/masters-thesis/task_equivalents/llm_translations/gemini/optimized/python/statistical_modelling_analysis/02_logistic_regression_odds_ratios.py,17,ok,0.727857413,12.150000000,16.692829918,
script_24,gemini,optimized,python,statistical_modelling_analysis,02_logistic_regression_odds_ratios,/home/romakrut/PycharmProjects/masters-thesis/task_equivalents/llm_translations/gemini/optimized/python/statistical_modelling_analysis/02_logistic_regression_odds_ratios.py,18,ok,0.725483718,12.070000000,16.637175584,
script_24,gemini,optimized,python,statistical_modelling_analysis,02_logistic_regression_odds_ratios,/home/romakrut/PycharmProjects/masters-thesis/task_equivalents/llm_translations/gemini/optimized/python/statistical_modelling_analysis/02_logistic_regression_odds_ratios.py,19,ok,0.727255340,12.090000000,16.624147442,
script_24,gemini,optimized,python,statistical_modelling_analysis,02_logistic_regression_odds_ratios,/home/romakrut/PycharmProjects/masters-thesis/task_equivalents/llm_translations/gemini/optimized/python/statistical_modelling_analysis/02_logistic_regression_odds_ratios.py,20,ok,0.727343242,12.070000000,16.594641021,
script_24,gemini,optimized,python,statistical_modelling_analysis,02_logistic_regression_odds_ratios,/home/romakrut/PycharmProjects/masters-thesis/task_equivalents/llm_translations/gemini/optimized/python/statistical_modelling_analysis/02_logistic_regression_odds_ratios.py,21,ok,0.733932500,11.930000000,16.254900825,
script_24,gemini,optimized,python,statistical_modelling_analysis,02_logistic_regression_odds_ratios,/home/romakrut/PycharmProjects/masters-thesis/task_equivalents/llm_translations/gemini/optimized/python/statistical_modelling_analysis/02_logistic_regression_odds_ratios.py,22,ok,0.724370100,11.730000000,16.193379600,
script_24,gemini,optimized,python,statistical_modelling_analysis,02_logistic_regression_odds_ratios,/home/romakrut/PycharmProjects/masters-thesis/task_equivalents/llm_translations/gemini/optimized/python/statistical_modelling_analysis/02_logistic_regression_odds_ratios.py,23,ok,0.730211866,11.850000000,16.228166854,
script_24,gemini,optimized,python,statistical_modelling_analysis,02_logistic_regression_odds_ratios,/home/romakrut/PycharmProjects/masters-thesis/task_equivalents/llm_translations/gemini/optimized/python/statistical_modelling_analysis/02_logistic_regression_odds_ratios.py,24,ok,0.727498064,12.000000000,16.494889257,
script_24,gemini,optimized,python,statistical_modelling_analysis,02_logistic_regression_odds_ratios,/home/romakrut/PycharmProjects/masters-thesis/task_equivalents/llm_translations/gemini/optimized/python/statistical_modelling_analysis/02_logistic_regression_odds_ratios.py,25,ok,0.728568697,11.990000000,16.456924446,
script_24,gemini,optimized,python,statistical_modelling_analysis,02_logistic_regression_odds_ratios,/home/romakrut/PycharmProjects/masters-thesis/task_equivalents/llm_translations/gemini/optimized/python/statistical_modelling_analysis/02_logistic_regression_odds_ratios.py,26,ok,0.729930108,12.010000000,16.453630106,
script_24,gemini,optimized,python,statistical_modelling_analysis,02_logistic_regression_odds_ratios,/home/romakrut/PycharmProjects/masters-thesis/task_equivalents/llm_translations/gemini/optimized/python/statistical_modelling_analysis/02_logistic_regression_odds_ratios.py,27,ok,0.727616292,11.860000000,16.299799950,
script_24,gemini,optimized,python,statistical_modelling_analysis,02_logistic_regression_odds_ratios,/home/romakrut/PycharmProjects/masters-thesis/task_equivalents/llm_translations/gemini/optimized/python/statistical_modelling_analysis/02_logistic_regression_odds_ratios.py,28,ok,0.733903671,11.920000000,16.241913579,
script_24,gemini,optimized,python,statistical_modelling_analysis,02_logistic_regression_odds_ratios,/home/romakrut/PycharmProjects/masters-thesis/task_equivalents/llm_translations/gemini/optimized/python/statistical_modelling_analysis/02_logistic_regression_odds_ratios.py,29,ok,0.725086497,12.060000000,16.632498398,
script_24,gemini,optimized,python,statistical_modelling_analysis,02_logistic_regression_odds_ratios,/home/romakrut/PycharmProjects/masters-thesis/task_equivalents/llm_translations/gemini/optimized/python/statistical_modelling_analysis/02_logistic_regression_odds_ratios.py,30,ok,0.731447563,11.990000000,16.392152502,
script_97,starcoder,base,python,data_manipulation_preprocessing,01_impute_encode_scale,/home/romakrut/PycharmProjects/masters-thesis/task_equivalents/llm_translations/starcoder/base/python/data_manipulation_preprocessing/01_impute_encode_scale.py,1,ok,0.585836655,9.790000000,16.711142801,
script_97,starcoder,base,python,data_manipulation_preprocessing,01_impute_encode_scale,/home/romakrut/PycharmProjects/masters-thesis/task_equivalents/llm_translations/starcoder/base/python/data_manipulation_preprocessing/01_impute_encode_scale.py,2,ok,0.583869385,9.380000000,16.065236919,
script_97,starcoder,base,python,data_manipulation_preprocessing,01_impute_encode_scale,/home/romakrut/PycharmProjects/masters-thesis/task_equivalents/llm_translations/starcoder/base/python/data_manipulation_preprocessing/01_impute_encode_scale.py,3,ok,0.584548822,9.620000000,16.457136920,
script_97,starcoder,base,python,data_manipulation_preprocessing,01_impute_encode_scale,/home/romakrut/PycharmProjects/masters-thesis/task_equivalents/llm_translations/starcoder/base/python/data_manipulation_preprocessing/01_impute_encode_scale.py,4,ok,0.585210093,9.680000000,16.541068098,
script_97,starcoder,base,python,data_manipulation_preprocessing,01_impute_encode_scale,/home/romakrut/PycharmProjects/masters-thesis/task_equivalents/llm_translations/starcoder/base/python/data_manipulation_preprocessing/01_impute_encode_scale.py,5,ok,0.589106199,9.650000000,16.380747676,
script_97,starcoder,base,python,data_manipulation_preprocessing,01_impute_encode_scale,/home/romakrut/PycharmProjects/masters-thesis/task_equivalents/llm_translations/starcoder/base/python/data_manipulation_preprocessing/01_impute_encode_scale.py,6,ok,0.585586938,9.450000000,16.137655038,
script_97,starcoder,base,python,data_manipulation_preprocessing,01_impute_encode_scale,/home/romakrut/PycharmProjects/masters-thesis/task_equivalents/llm_translations/starcoder/base/python/data_manipulation_preprocessing/01_impute_encode_scale.py,7,ok,0.586301452,9.500000000,16.203268758,
script_97,starcoder,base,python,data_manipulation_preprocessing,01_impute_encode_scale,/home/romakrut/PycharmProjects/masters-thesis/task_equivalents/llm_translations/starcoder/base/python/data_manipulation_preprocessing/01_impute_encode_scale.py,8,ok,0.583365442,9.620000000,16.490520877,
script_97,starcoder,base,python,data_manipulation_preprocessing,01_impute_encode_scale,/home/romakrut/PycharmProjects/masters-thesis/task_equivalents/llm_translations/starcoder/base/python/data_manipulation_preprocessing/01_impute_encode_scale.py,9,ok,0.601271610,10.400000000,17.296675624,
script_97,starcoder,base,python,data_manipulation_preprocessing,01_impute_encode_scale,/home/romakrut/PycharmProjects/masters-thesis/task_equivalents/llm_translations/starcoder/base/python/data_manipulation_preprocessing/01_impute_encode_scale.py,10,ok,0.618212351,11.060000000,17.890292845,
script_97,starcoder,base,python,data_manipulation_preprocessing,01_impute_encode_scale,/home/romakrut/PycharmProjects/masters-thesis/task_equivalents/llm_translations/starcoder/base/python/data_manipulation_preprocessing/01_impute_encode_scale.py,11,ok,0.584756240,9.490000000,16.228984577,
script_97,starcoder,base,python,data_manipulation_preprocessing,01_impute_encode_scale,/home/romakrut/PycharmProjects/masters-thesis/task_equivalents/llm_translations/starcoder/base/python/data_manipulation_preprocessing/01_impute_encode_scale.py,12,ok,0.583751023,9.740000000,16.685195599,
script_97,starcoder,base,python,data_manipulation_preprocessing,01_impute_encode_scale,/home/romakrut/PycharmProjects/masters-thesis/task_equivalents/llm_translations/starcoder/base/python/data_manipulation_preprocessing/01_impute_encode_scale.py,13,ok,0.582581893,9.700000000,16.650019708,
script_97,starcoder,base,python,data_manipulation_preprocessing,01_impute_encode_scale,/home/romakrut/PycharmProjects/masters-thesis/task_equivalents/llm_translations/starcoder/base/python/data_manipulation_preprocessing/01_impute_encode_scale.py,14,ok,0.587132533,9.590000000,16.333620539,
script_97,starcoder,base,python,data_manipulation_preprocessing,01_impute_encode_scale,/home/romakrut/PycharmProjects/masters-thesis/task_equivalents/llm_translations/starcoder/base/python/data_manipulation_preprocessing/01_impute_encode_scale.py,15,ok,0.585306540,9.550000000,16.316236617,
script_97,starcoder,base,python,data_manipulation_preprocessing,01_impute_encode_scale,/home/romakrut/PycharmProjects/masters-thesis/task_equivalents/llm_translations/starcoder/base/python/data_manipulation_preprocessing/01_impute_encode_scale.py,16,ok,0.585464840,9.610000000,16.414307647,
script_97,starcoder,base,python,data_manipulation_preprocessing,01_impute_encode_scale,/home/romakrut/PycharmProjects/masters-thesis/task_equivalents/llm_translations/starcoder/base/python/data_manipulation_preprocessing/01_impute_encode_scale.py,17,ok,0.584599126,9.640000000,16.489932282,
script_97,starcoder,base,python,data_manipulation_preprocessing,01_impute_encode_scale,/home/romakrut/PycharmProjects/masters-thesis/task_equivalents/llm_translations/starcoder/base/python/data_manipulation_preprocessing/01_impute_encode_scale.py,18,ok,0.584822204,9.650000000,16.500741480,
script_97,starcoder,base,python,data_manipulation_preprocessing,01_impute_encode_scale,/home/romakrut/PycharmProjects/masters-thesis/task_equivalents/llm_translations/starcoder/base/python/data_manipulation_preprocessing/01_impute_encode_scale.py,19,ok,0.585178282,9.530000000,16.285635153,
script_97,starcoder,base,python,data_manipulation_preprocessing,01_impute_encode_scale,/home/romakrut/PycharmProjects/masters-thesis/task_equivalents/llm_translations/starcoder/base/python/data_manipulation_preprocessing/01_impute_encode_scale.py,20,ok,0.582758886,9.640000000,16.542004303,
script_97,starcoder,base,python,data_manipulation_preprocessing,01_impute_encode_scale,/home/romakrut/PycharmProjects/masters-thesis/task_equivalents/llm_translations/starcoder/base/python/data_manipulation_preprocessing/01_impute_encode_scale.py,21,ok,0.584235908,9.600000000,16.431718538,
script_97,starcoder,base,python,data_manipulation_preprocessing,01_impute_encode_scale,/home/romakrut/PycharmProjects/masters-thesis/task_equivalents/llm_translations/starcoder/base/python/data_manipulation_preprocessing/01_impute_encode_scale.py,22,ok,0.584420968,9.680000000,16.563402975,
script_97,starcoder,base,python,data_manipulation_preprocessing,01_impute_encode_scale,/home/romakrut/PycharmProjects/masters-thesis/task_equivalents/llm_translations/starcoder/base/python/data_manipulation_preprocessing/01_impute_encode_scale.py,23,ok,0.585113873,9.670000000,16.526697531,
script_97,starcoder,base,python,data_manipulation_preprocessing,01_impute_encode_scale,/home/romakrut/PycharmProjects/masters-thesis/task_equivalents/llm_translations/starcoder/base/python/data_manipulation_preprocessing/01_impute_encode_scale.py,24,ok,0.586522635,9.540000000,16.265356920,
script_97,starcoder,base,python,data_manipulation_preprocessing,01_impute_encode_scale,/home/romakrut/PycharmProjects/masters-thesis/task_equivalents/llm_translations/starcoder/base/python/data_manipulation_preprocessing/01_impute_encode_scale.py,25,ok,0.584558603,9.640000000,16.491075404,
script_97,starcoder,base,python,data_manipulation_preprocessing,01_impute_encode_scale,/home/romakrut/PycharmProjects/masters-thesis/task_equivalents/llm_translations/starcoder/base/python/data_manipulation_preprocessing/01_impute_encode_scale.py,26,ok,0.585165495,9.720000000,16.610685495,
script_97,starcoder,base,python,data_manipulation_preprocessing,01_impute_encode_scale,/home/romakrut/PycharmProjects/masters-thesis/task_equivalents/llm_translations/starcoder/base/python/data_manipulation_preprocessing/01_impute_encode_scale.py,27,ok,0.585251608,9.520000000,16.266508062,
script_97,starcoder,base,python,data_manipulation_preprocessing,01_impute_encode_scale,/home/romakrut/PycharmProjects/masters-thesis/task_equivalents/llm_translations/starcoder/base/python/data_manipulation_preprocessing/01_impute_encode_scale.py,28,ok,0.585083828,9.520000000,16.271172684,
script_97,starcoder,base,python,data_manipulation_preprocessing,01_impute_encode_scale,/home/romakrut/PycharmProjects/masters-thesis/task_equivalents/llm_translations/starcoder/base/python/data_manipulation_preprocessing/01_impute_encode_scale.py,29,ok,0.585778812,9.950000000,16.985933592,
script_97,starcoder,base,python,data_manipulation_preprocessing,01_impute_encode_scale,/home/romakrut/PycharmProjects/masters-thesis/task_equivalents/llm_translations/starcoder/base/python/data_manipulation_preprocessing/01_impute_encode_scale.py,30,ok,0.586894283,9.820000000,16.732144586,
script_3,gemini,base,python,data_visualization,01_scatter_trend_grouped,/home/romakrut/PycharmProjects/masters-thesis/task_equivalents/llm_translations/gemini/base/python/data_visualization/01_scatter_trend_grouped.py,1,ok,0.901418190,14.650000000,16.252168153,
script_3,gemini,base,python,data_visualization,01_scatter_trend_grouped,/home/romakrut/PycharmProjects/masters-thesis/task_equivalents/llm_translations/gemini/base/python/data_visualization/01_scatter_trend_grouped.py,2,ok,0.912023057,14.780000000,16.205730641,
script_3,gemini,base,python,data_visualization,01_scatter_trend_grouped,/home/romakrut/PycharmProjects/masters-thesis/task_equivalents/llm_translations/gemini/base/python/data_visualization/01_scatter_trend_grouped.py,3,ok,0.914625435,14.720000000,16.094019953,
script_3,gemini,base,python,data_visualization,01_scatter_trend_grouped,/home/romakrut/PycharmProjects/masters-thesis/task_equivalents/llm_translations/gemini/base/python/data_visualization/01_scatter_trend_grouped.py,4,ok,0.913425406,14.870000000,16.279380782,
script_3,gemini,base,python,data_visualization,01_scatter_trend_grouped,/home/romakrut/PycharmProjects/masters-thesis/task_equivalents/llm_translations/gemini/base/python/data_visualization/01_scatter_trend_grouped.py,5,ok,0.913873978,14.770000000,16.161965824,
script_3,gemini,base,python,data_visualization,01_scatter_trend_grouped,/home/romakrut/PycharmProjects/masters-thesis/task_equivalents/llm_translations/gemini/base/python/data_visualization/01_scatter_trend_grouped.py,6,ok,0.912958565,14.880000000,16.298658636,
script_3,gemini,base,python,data_visualization,01_scatter_trend_grouped,/home/romakrut/PycharmProjects/masters-thesis/task_equivalents/llm_translations/gemini/base/python/data_visualization/01_scatter_trend_grouped.py,7,ok,0.908486041,14.900000000,16.400912427,
script_3,gemini,base,python,data_visualization,01_scatter_trend_grouped,/home/romakrut/PycharmProjects/masters-thesis/task_equivalents/llm_translations/gemini/base/python/data_visualization/01_scatter_trend_grouped.py,8,ok,0.912120026,14.860000000,16.291715538,
script_3,gemini,base,python,data_visualization,01_scatter_trend_grouped,/home/romakrut/PycharmProjects/masters-thesis/task_equivalents/llm_translations/gemini/base/python/data_visualization/01_scatter_trend_grouped.py,9,ok,0.907255610,14.900000000,16.423155543,
script_3,gemini,base,python,data_visualization,01_scatter_trend_grouped,/home/romakrut/PycharmProjects/masters-thesis/task_equivalents/llm_translations/gemini/base/python/data_visualization/01_scatter_trend_grouped.py,10,ok,0.914844048,15.170000000,16.582061208,
script_3,gemini,base,python,data_visualization,01_scatter_trend_grouped,/home/romakrut/PycharmProjects/masters-thesis/task_equivalents/llm_translations/gemini/base/python/data_visualization/01_scatter_trend_grouped.py,11,ok,0.911586386,15.180000000,16.652289057,
script_3,gemini,base,python,data_visualization,01_scatter_trend_grouped,/home/romakrut/PycharmProjects/masters-thesis/task_equivalents/llm_translations/gemini/base/python/data_visualization/01_scatter_trend_grouped.py,12,ok,0.913113935,15.050000000,16.482061464,
script_3,gemini,base,python,data_visualization,01_scatter_trend_grouped,/home/romakrut/PycharmProjects/masters-thesis/task_equivalents/llm_translations/gemini/base/python/data_visualization/01_scatter_trend_grouped.py,13,ok,0.908038852,15.020000000,16.541142449,
script_3,gemini,base,python,data_visualization,01_scatter_trend_grouped,/home/romakrut/PycharmProjects/masters-thesis/task_equivalents/llm_translations/gemini/base/python/data_visualization/01_scatter_trend_grouped.py,14,ok,0.913373140,14.900000000,16.313157621,
script_3,gemini,base,python,data_visualization,01_scatter_trend_grouped,/home/romakrut/PycharmProjects/masters-thesis/task_equivalents/llm_translations/gemini/base/python/data_visualization/01_scatter_trend_grouped.py,15,ok,0.906049375,15.150000000,16.720943050,
script_3,gemini,base,python,data_visualization,01_scatter_trend_grouped,/home/romakrut/PycharmProjects/masters-thesis/task_equivalents/llm_translations/gemini/base/python/data_visualization/01_scatter_trend_grouped.py,16,ok,0.912776650,15.100000000,16.542929752,
script_3,gemini,base,python,data_visualization,01_scatter_trend_grouped,/home/romakrut/PycharmProjects/masters-thesis/task_equivalents/llm_translations/gemini/base/python/data_visualization/01_scatter_trend_grouped.py,17,ok,0.912179769,15.290000000,16.762046824,
script_3,gemini,base,python,data_visualization,01_scatter_trend_grouped,/home/romakrut/PycharmProjects/masters-thesis/task_equivalents/llm_translations/gemini/base/python/data_visualization/01_scatter_trend_grouped.py,18,ok,0.916443851,14.920000000,16.280320921,
script_3,gemini,base,python,data_visualization,01_scatter_trend_grouped,/home/romakrut/PycharmProjects/masters-thesis/task_equivalents/llm_translations/gemini/base/python/data_visualization/01_scatter_trend_grouped.py,19,ok,0.906703170,15.070000000,16.620654365,
script_3,gemini,base,python,data_visualization,01_scatter_trend_grouped,/home/romakrut/PycharmProjects/masters-thesis/task_equivalents/llm_translations/gemini/base/python/data_visualization/01_scatter_trend_grouped.py,20,ok,0.914814767,15.230000000,16.648179008,
script_3,gemini,base,python,data_visualization,01_scatter_trend_grouped,/home/romakrut/PycharmProjects/masters-thesis/task_equivalents/llm_translations/gemini/base/python/data_visualization/01_scatter_trend_grouped.py,21,ok,0.917444344,15.030000000,16.382465158,
script_3,gemini,base,python,data_visualization,01_scatter_trend_grouped,/home/romakrut/PycharmProjects/masters-thesis/task_equivalents/llm_translations/gemini/base/python/data_visualization/01_scatter_trend_grouped.py,22,ok,0.910671448,15.390000000,16.899618445,
script_3,gemini,base,python,data_visualization,01_scatter_trend_grouped,/home/romakrut/PycharmProjects/masters-thesis/task_equivalents/llm_translations/gemini/base/python/data_visualization/01_scatter_trend_grouped.py,23,ok,0.908186970,15.450000000,17.011915509,
script_3,gemini,base,python,data_visualization,01_scatter_trend_grouped,/home/romakrut/PycharmProjects/masters-thesis/task_equivalents/llm_translations/gemini/base/python/data_visualization/01_scatter_trend_grouped.py,24,ok,0.915926883,15.260000000,16.660718539,
script_3,gemini,base,python,data_visualization,01_scatter_trend_grouped,/home/romakrut/PycharmProjects/masters-thesis/task_equivalents/llm_translations/gemini/base/python/data_visualization/01_scatter_trend_grouped.py,25,ok,0.913886787,15.160000000,16.588488001,
script_3,gemini,base,python,data_visualization,01_scatter_trend_grouped,/home/romakrut/PycharmProjects/masters-thesis/task_equivalents/llm_translations/gemini/base/python/data_visualization/01_scatter_trend_grouped.py,26,ok,0.915318997,15.440000000,16.868436087,
script_3,gemini,base,python,data_visualization,01_scatter_trend_grouped,/home/romakrut/PycharmProjects/masters-thesis/task_equivalents/llm_translations/gemini/base/python/data_visualization/01_scatter_trend_grouped.py,27,ok,0.915196360,15.090000000,16.488264879,
script_3,gemini,base,python,data_visualization,01_scatter_trend_grouped,/home/romakrut/PycharmProjects/masters-thesis/task_equivalents/llm_translations/gemini/base/python/data_visualization/01_scatter_trend_grouped.py,28,ok,0.916470051,15.390000000,16.792692771,
script_3,gemini,base,python,data_visualization,01_scatter_trend_grouped,/home/romakrut/PycharmProjects/masters-thesis/task_equivalents/llm_translations/gemini/base/python/data_visualization/01_scatter_trend_grouped.py,29,ok,0.907995334,15.220000000,16.762200674,
script_3,gemini,base,python,data_visualization,01_scatter_trend_grouped,/home/romakrut/PycharmProjects/masters-thesis/task_equivalents/llm_translations/gemini/base/python/data_visualization/01_scatter_trend_grouped.py,30,ok,0.915368683,15.110000000,16.507009996,
script_8,gemini,base,python,statistical_modelling_analysis,02_logistic_regression_odds_ratios,/home/romakrut/PycharmProjects/masters-thesis/task_equivalents/llm_translations/gemini/base/python/statistical_modelling_analysis/02_logistic_regression_odds_ratios.py,1,ok,0.728016725,11.790000000,16.194682890,
script_8,gemini,base,python,statistical_modelling_analysis,02_logistic_regression_odds_ratios,/home/romakrut/PycharmProjects/masters-thesis/task_equivalents/llm_translations/gemini/base/python/statistical_modelling_analysis/02_logistic_regression_odds_ratios.py,2,ok,0.727275342,11.810000000,16.238691618,
script_8,gemini,base,python,statistical_modelling_analysis,02_logistic_regression_odds_ratios,/home/romakrut/PycharmProjects/masters-thesis/task_equivalents/llm_translations/gemini/base/python/statistical_modelling_analysis/02_logistic_regression_odds_ratios.py,3,ok,0.730490550,11.960000000,16.372559508,
script_8,gemini,base,python,statistical_modelling_analysis,02_logistic_regression_odds_ratios,/home/romakrut/PycharmProjects/masters-thesis/task_equivalents/llm_translations/gemini/base/python/statistical_modelling_analysis/02_logistic_regression_odds_ratios.py,4,ok,0.728277348,11.850000000,16.271273619,
script_8,gemini,base,python,statistical_modelling_analysis,02_logistic_regression_odds_ratios,/home/romakrut/PycharmProjects/masters-thesis/task_equivalents/llm_translations/gemini/base/python/statistical_modelling_analysis/02_logistic_regression_odds_ratios.py,5,ok,0.732594947,12.040000000,16.434729791,
script_8,gemini,base,python,statistical_modelling_analysis,02_logistic_regression_odds_ratios,/home/romakrut/PycharmProjects/masters-thesis/task_equivalents/llm_translations/gemini/base/python/statistical_modelling_analysis/02_logistic_regression_odds_ratios.py,6,ok,0.730302808,11.940000000,16.349382570,
script_8,gemini,base,python,statistical_modelling_analysis,02_logistic_regression_odds_ratios,/home/romakrut/PycharmProjects/masters-thesis/task_equivalents/llm_translations/gemini/base/python/statistical_modelling_analysis/02_logistic_regression_odds_ratios.py,7,ok,0.734807398,11.780000000,16.031411812,
script_8,gemini,base,python,statistical_modelling_analysis,02_logistic_regression_odds_ratios,/home/romakrut/PycharmProjects/masters-thesis/task_equivalents/llm_translations/gemini/base/python/statistical_modelling_analysis/02_logistic_regression_odds_ratios.py,8,ok,0.734715041,11.800000000,16.060648471,
script_8,gemini,base,python,statistical_modelling_analysis,02_logistic_regression_odds_ratios,/home/romakrut/PycharmProjects/masters-thesis/task_equivalents/llm_translations/gemini/base/python/statistical_modelling_analysis/02_logistic_regression_odds_ratios.py,9,ok,0.728945023,12.050000000,16.530739109,
script_8,gemini,base,python,statistical_modelling_analysis,02_logistic_regression_odds_ratios,/home/romakrut/PycharmProjects/masters-thesis/task_equivalents/llm_translations/gemini/base/python/statistical_modelling_analysis/02_logistic_regression_odds_ratios.py,10,ok,0.728514204,11.990000000,16.458155427,
script_8,gemini,base,python,statistical_modelling_analysis,02_logistic_regression_odds_ratios,/home/romakrut/PycharmProjects/masters-thesis/task_equivalents/llm_translations/gemini/base/python/statistical_modelling_analysis/02_logistic_regression_odds_ratios.py,11,ok,0.731575486,11.770000000,16.088565330,
script_8,gemini,base,python,statistical_modelling_analysis,02_logistic_regression_odds_ratios,/home/romakrut/PycharmProjects/masters-thesis/task_equivalents/llm_translations/gemini/base/python/statistical_modelling_analysis/02_logistic_regression_odds_ratios.py,12,ok,0.732890468,11.910000000,16.250723021,
script_8,gemini,base,python,statistical_modelling_analysis,02_logistic_regression_odds_ratios,/home/romakrut/PycharmProjects/masters-thesis/task_equivalents/llm_translations/gemini/base/python/statistical_modelling_analysis/02_logistic_regression_odds_ratios.py,13,ok,0.727480791,12.010000000,16.509026972,
script_8,gemini,base,python,statistical_modelling_analysis,02_logistic_regression_odds_ratios,/home/romakrut/PycharmProjects/masters-thesis/task_equivalents/llm_translations/gemini/base/python/statistical_modelling_analysis/02_logistic_regression_odds_ratios.py,14,ok,0.728655580,12.040000000,16.523581690,
script_8,gemini,base,python,statistical_modelling_analysis,02_logistic_regression_odds_ratios,/home/romakrut/PycharmProjects/masters-thesis/task_equivalents/llm_translations/gemini/base/python/statistical_modelling_analysis/02_logistic_regression_odds_ratios.py,15,ok,0.729116839,11.840000000,16.238823967,
script_8,gemini,base,python,statistical_modelling_analysis,02_logistic_regression_odds_ratios,/home/romakrut/PycharmProjects/masters-thesis/task_equivalents/llm_translations/gemini/base/python/statistical_modelling_analysis/02_logistic_regression_odds_ratios.py,16,ok,0.732240283,12.200000000,16.661197538,
script_8,gemini,base,python,statistical_modelling_analysis,02_logistic_regression_odds_ratios,/home/romakrut/PycharmProjects/masters-thesis/task_equivalents/llm_translations/gemini/base/python/statistical_modelling_analysis/02_logistic_regression_odds_ratios.py,17,ok,0.734253180,12.170000000,16.574664341,
script_8,gemini,base,python,statistical_modelling_analysis,02_logistic_regression_odds_ratios,/home/romakrut/PycharmProjects/masters-thesis/task_equivalents/llm_translations/gemini/base/python/statistical_modelling_analysis/02_logistic_regression_odds_ratios.py,18,ok,0.725975556,11.980000000,16.501933021,
script_8,gemini,base,python,statistical_modelling_analysis,02_logistic_regression_odds_ratios,/home/romakrut/PycharmProjects/masters-thesis/task_equivalents/llm_translations/gemini/base/python/statistical_modelling_analysis/02_logistic_regression_odds_ratios.py,19,ok,0.732794463,11.860000000,16.184620107,
script_8,gemini,base,python,statistical_modelling_analysis,02_logistic_regression_odds_ratios,/home/romakrut/PycharmProjects/masters-thesis/task_equivalents/llm_translations/gemini/base/python/statistical_modelling_analysis/02_logistic_regression_odds_ratios.py,20,ok,0.729267552,11.950000000,16.386304268,
script_8,gemini,base,python,statistical_modelling_analysis,02_logistic_regression_odds_ratios,/home/romakrut/PycharmProjects/masters-thesis/task_equivalents/llm_translations/gemini/base/python/statistical_modelling_analysis/02_logistic_regression_odds_ratios.py,21,ok,0.734218165,11.860000000,16.153236961,
script_8,gemini,base,python,statistical_modelling_analysis,02_logistic_regression_odds_ratios,/home/romakrut/PycharmProjects/masters-thesis/task_equivalents/llm_translations/gemini/base/python/statistical_modelling_analysis/02_logistic_regression_odds_ratios.py,22,ok,0.728946601,12.170000000,16.695324436,
script_8,gemini,base,python,statistical_modelling_analysis,02_logistic_regression_odds_ratios,/home/romakrut/PycharmProjects/masters-thesis/task_equivalents/llm_translations/gemini/base/python/statistical_modelling_analysis/02_logistic_regression_odds_ratios.py,23,ok,0.734756174,12.300000000,16.740247221,
script_8,gemini,base,python,statistical_modelling_analysis,02_logistic_regression_odds_ratios,/home/romakrut/PycharmProjects/masters-thesis/task_equivalents/llm_translations/gemini/base/python/statistical_modelling_analysis/02_logistic_regression_odds_ratios.py,24,ok,0.727150312,11.830000000,16.268988412,
script_8,gemini,base,python,statistical_modelling_analysis,02_logistic_regression_odds_ratios,/home/romakrut/PycharmProjects/masters-thesis/task_equivalents/llm_translations/gemini/base/python/statistical_modelling_analysis/02_logistic_regression_odds_ratios.py,25,ok,0.728260613,12.190000000,16.738513360,
script_8,gemini,base,python,statistical_modelling_analysis,02_logistic_regression_odds_ratios,/home/romakrut/PycharmProjects/masters-thesis/task_equivalents/llm_translations/gemini/base/python/statistical_modelling_analysis/02_logistic_regression_odds_ratios.py,26,ok,0.732350914,11.920000000,16.276350274,
script_8,gemini,base,python,statistical_modelling_analysis,02_logistic_regression_odds_ratios,/home/romakrut/PycharmProjects/masters-thesis/task_equivalents/llm_translations/gemini/base/python/statistical_modelling_analysis/02_logistic_regression_odds_ratios.py,27,ok,0.734062577,11.940000000,16.265643249,
script_8,gemini,base,python,statistical_modelling_analysis,02_logistic_regression_odds_ratios,/home/romakrut/PycharmProjects/masters-thesis/task_equivalents/llm_translations/gemini/base/python/statistical_modelling_analysis/02_logistic_regression_odds_ratios.py,28,ok,0.732152958,11.920000000,16.280750996,
script_8,gemini,base,python,statistical_modelling_analysis,02_logistic_regression_odds_ratios,/home/romakrut/PycharmProjects/masters-thesis/task_equivalents/llm_translations/gemini/base/python/statistical_modelling_analysis/02_logistic_regression_odds_ratios.py,29,ok,0.727861946,12.190000000,16.747681435,
script_8,gemini,base,python,statistical_modelling_analysis,02_logistic_regression_odds_ratios,/home/romakrut/PycharmProjects/masters-thesis/task_equivalents/llm_translations/gemini/base/python/statistical_modelling_analysis/02_logistic_regression_odds_ratios.py,30,ok,0.731045634,12.150000000,16.620029496,
script_98,starcoder,base,python,data_manipulation_preprocessing,02_merge_aggregate_reshape,/home/romakrut/PycharmProjects/masters-thesis/task_equivalents/llm_translations/starcoder/base/python/data_manipulation_preprocessing/02_merge_aggregate_reshape.py,1,ok,0.612784036,10.060000000,16.416876761,
script_98,starcoder,base,python,data_manipulation_preprocessing,02_merge_aggregate_reshape,/home/romakrut/PycharmProjects/masters-thesis/task_equivalents/llm_translations/starcoder/base/python/data_manipulation_preprocessing/02_merge_aggregate_reshape.py,2,ok,0.614112375,9.850000000,16.039409725,
script_98,starcoder,base,python,data_manipulation_preprocessing,02_merge_aggregate_reshape,/home/romakrut/PycharmProjects/masters-thesis/task_equivalents/llm_translations/starcoder/base/python/data_manipulation_preprocessing/02_merge_aggregate_reshape.py,3,ok,0.614726315,10.000000000,16.267401860,
script_98,starcoder,base,python,data_manipulation_preprocessing,02_merge_aggregate_reshape,/home/romakrut/PycharmProjects/masters-thesis/task_equivalents/llm_translations/starcoder/base/python/data_manipulation_preprocessing/02_merge_aggregate_reshape.py,4,ok,0.612909502,9.840000000,16.054572442,
script_98,starcoder,base,python,data_manipulation_preprocessing,02_merge_aggregate_reshape,/home/romakrut/PycharmProjects/masters-thesis/task_equivalents/llm_translations/starcoder/base/python/data_manipulation_preprocessing/02_merge_aggregate_reshape.py,5,ok,0.617149267,10.090000000,16.349367227,
script_98,starcoder,base,python,data_manipulation_preprocessing,02_merge_aggregate_reshape,/home/romakrut/PycharmProjects/masters-thesis/task_equivalents/llm_translations/starcoder/base/python/data_manipulation_preprocessing/02_merge_aggregate_reshape.py,6,ok,0.616415747,9.910000000,16.076811873,
script_98,starcoder,base,python,data_manipulation_preprocessing,02_merge_aggregate_reshape,/home/romakrut/PycharmProjects/masters-thesis/task_equivalents/llm_translations/starcoder/base/python/data_manipulation_preprocessing/02_merge_aggregate_reshape.py,7,ok,0.614108371,10.120000000,16.479176116,
script_98,starcoder,base,python,data_manipulation_preprocessing,02_merge_aggregate_reshape,/home/romakrut/PycharmProjects/masters-thesis/task_equivalents/llm_translations/starcoder/base/python/data_manipulation_preprocessing/02_merge_aggregate_reshape.py,8,ok,0.616016413,10.220000000,16.590467047,
script_98,starcoder,base,python,data_manipulation_preprocessing,02_merge_aggregate_reshape,/home/romakrut/PycharmProjects/masters-thesis/task_equivalents/llm_translations/starcoder/base/python/data_manipulation_preprocessing/02_merge_aggregate_reshape.py,9,ok,0.616339253,10.020000000,16.257280307,
script_98,starcoder,base,python,data_manipulation_preprocessing,02_merge_aggregate_reshape,/home/romakrut/PycharmProjects/masters-thesis/task_equivalents/llm_translations/starcoder/base/python/data_manipulation_preprocessing/02_merge_aggregate_reshape.py,10,ok,0.616610809,9.970000000,16.169032159,
script_98,starcoder,base,python,data_manipulation_preprocessing,02_merge_aggregate_reshape,/home/romakrut/PycharmProjects/masters-thesis/task_equivalents/llm_translations/starcoder/base/python/data_manipulation_preprocessing/02_merge_aggregate_reshape.py,11,ok,0.615210762,9.910000000,16.108300784,
script_98,starcoder,base,python,data_manipulation_preprocessing,02_merge_aggregate_reshape,/home/romakrut/PycharmProjects/masters-thesis/task_equivalents/llm_translations/starcoder/base/python/data_manipulation_preprocessing/02_merge_aggregate_reshape.py,12,ok,0.614232574,9.980000000,16.247917194,
script_98,starcoder,base,python,data_manipulation_preprocessing,02_merge_aggregate_reshape,/home/romakrut/PycharmProjects/masters-thesis/task_equivalents/llm_translations/starcoder/base/python/data_manipulation_preprocessing/02_merge_aggregate_reshape.py,13,ok,0.614520170,9.970000000,16.224040295,
script_98,starcoder,base,python,data_manipulation_preprocessing,02_merge_aggregate_reshape,/home/romakrut/PycharmProjects/masters-thesis/task_equivalents/llm_translations/starcoder/base/python/data_manipulation_preprocessing/02_merge_aggregate_reshape.py,14,ok,0.617537393,10.020000000,16.225738091,
script_98,starcoder,base,python,data_manipulation_preprocessing,02_merge_aggregate_reshape,/home/romakrut/PycharmProjects/masters-thesis/task_equivalents/llm_translations/starcoder/base/python/data_manipulation_preprocessing/02_merge_aggregate_reshape.py,15,ok,0.615068150,9.990000000,16.242102603,
script_98,starcoder,base,python,data_manipulation_preprocessing,02_merge_aggregate_reshape,/home/romakrut/PycharmProjects/masters-thesis/task_equivalents/llm_translations/starcoder/base/python/data_manipulation_preprocessing/02_merge_aggregate_reshape.py,16,ok,0.616203887,10.060000000,16.325765241,
script_98,starcoder,base,python,data_manipulation_preprocessing,02_merge_aggregate_reshape,/home/romakrut/PycharmProjects/masters-thesis/task_equivalents/llm_translations/starcoder/base/python/data_manipulation_preprocessing/02_merge_aggregate_reshape.py,17,ok,0.615317673,10.150000000,16.495544408,
script_98,starcoder,base,python,data_manipulation_preprocessing,02_merge_aggregate_reshape,/home/romakrut/PycharmProjects/masters-thesis/task_equivalents/llm_translations/starcoder/base/python/data_manipulation_preprocessing/02_merge_aggregate_reshape.py,18,ok,0.612683707,9.920000000,16.191062185,
script_98,starcoder,base,python,data_manipulation_preprocessing,02_merge_aggregate_reshape,/home/romakrut/PycharmProjects/masters-thesis/task_equivalents/llm_translations/starcoder/base/python/data_manipulation_preprocessing/02_merge_aggregate_reshape.py,19,ok,0.616697552,10.050000000,16.296481099,
script_98,starcoder,base,python,data_manipulation_preprocessing,02_merge_aggregate_reshape,/home/romakrut/PycharmProjects/masters-thesis/task_equivalents/llm_translations/starcoder/base/python/data_manipulation_preprocessing/02_merge_aggregate_reshape.py,20,ok,0.617431125,10.230000000,16.568649661,
script_98,starcoder,base,python,data_manipulation_preprocessing,02_merge_aggregate_reshape,/home/romakrut/PycharmProjects/masters-thesis/task_equivalents/llm_translations/starcoder/base/python/data_manipulation_preprocessing/02_merge_aggregate_reshape.py,21,ok,0.617400654,10.040000000,16.261725567,
script_98,starcoder,base,python,data_manipulation_preprocessing,02_merge_aggregate_reshape,/home/romakrut/PycharmProjects/masters-thesis/task_equivalents/llm_translations/starcoder/base/python/data_manipulation_preprocessing/02_merge_aggregate_reshape.py,22,ok,0.615250078,10.210000000,16.594878026,
script_98,starcoder,base,python,data_manipulation_preprocessing,02_merge_aggregate_reshape,/home/romakrut/PycharmProjects/masters-thesis/task_equivalents/llm_translations/starcoder/base/python/data_manipulation_preprocessing/02_merge_aggregate_reshape.py,23,ok,0.615167887,10.270000000,16.694629575,
script_98,starcoder,base,python,data_manipulation_preprocessing,02_merge_aggregate_reshape,/home/romakrut/PycharmProjects/masters-thesis/task_equivalents/llm_translations/starcoder/base/python/data_manipulation_preprocessing/02_merge_aggregate_reshape.py,24,ok,0.616039516,10.180000000,16.524913963,
script_98,starcoder,base,python,data_manipulation_preprocessing,02_merge_aggregate_reshape,/home/romakrut/PycharmProjects/masters-thesis/task_equivalents/llm_translations/starcoder/base/python/data_manipulation_preprocessing/02_merge_aggregate_reshape.py,25,ok,0.614760625,10.000000000,16.266493971,
script_98,starcoder,base,python,data_manipulation_preprocessing,02_merge_aggregate_reshape,/home/romakrut/PycharmProjects/masters-thesis/task_equivalents/llm_translations/starcoder/base/python/data_manipulation_preprocessing/02_merge_aggregate_reshape.py,26,ok,0.616671988,10.310000000,16.718774649,
script_98,starcoder,base,python,data_manipulation_preprocessing,02_merge_aggregate_reshape,/home/romakrut/PycharmProjects/masters-thesis/task_equivalents/llm_translations/starcoder/base/python/data_manipulation_preprocessing/02_merge_aggregate_reshape.py,27,ok,0.617578270,10.400000000,16.839970746,
script_98,starcoder,base,python,data_manipulation_preprocessing,02_merge_aggregate_reshape,/home/romakrut/PycharmProjects/masters-thesis/task_equivalents/llm_translations/starcoder/base/python/data_manipulation_preprocessing/02_merge_aggregate_reshape.py,28,ok,0.618358842,10.150000000,16.414417181,
script_98,starcoder,base,python,data_manipulation_preprocessing,02_merge_aggregate_reshape,/home/romakrut/PycharmProjects/masters-thesis/task_equivalents/llm_translations/starcoder/base/python/data_manipulation_preprocessing/02_merge_aggregate_reshape.py,29,ok,0.616298994,10.240000000,16.615311885,
script_98,starcoder,base,python,data_manipulation_preprocessing,02_merge_aggregate_reshape,/home/romakrut/PycharmProjects/masters-thesis/task_equivalents/llm_translations/starcoder/base/python/data_manipulation_preprocessing/02_merge_aggregate_reshape.py,30,ok,0.616126474,10.270000000,16.668655598,
script_41,gpt,base,r,data_manipulation_preprocessing,01_impute_encode_scale,/home/romakrut/PycharmProjects/masters-thesis/task_equivalents/llm_translations/gpt/base/r/data_manipulation_preprocessing/01_impute_encode_scale.R,1,ok,0.423708728,7.270000000,17.158013323,
script_41,gpt,base,r,data_manipulation_preprocessing,01_impute_encode_scale,/home/romakrut/PycharmProjects/masters-thesis/task_equivalents/llm_translations/gpt/base/r/data_manipulation_preprocessing/01_impute_encode_scale.R,2,ok,0.434010511,7.250000000,16.704664556,
script_41,gpt,base,r,data_manipulation_preprocessing,01_impute_encode_scale,/home/romakrut/PycharmProjects/masters-thesis/task_equivalents/llm_translations/gpt/base/r/data_manipulation_preprocessing/01_impute_encode_scale.R,3,ok,0.423189045,7.130000000,16.848262223,
script_41,gpt,base,r,data_manipulation_preprocessing,01_impute_encode_scale,/home/romakrut/PycharmProjects/masters-thesis/task_equivalents/llm_translations/gpt/base/r/data_manipulation_preprocessing/01_impute_encode_scale.R,4,ok,0.412823776,6.980000000,16.907940884,
script_41,gpt,base,r,data_manipulation_preprocessing,01_impute_encode_scale,/home/romakrut/PycharmProjects/masters-thesis/task_equivalents/llm_translations/gpt/base/r/data_manipulation_preprocessing/01_impute_encode_scale.R,5,ok,0.423726980,7.120000000,16.803272711,
script_41,gpt,base,r,data_manipulation_preprocessing,01_impute_encode_scale,/home/romakrut/PycharmProjects/masters-thesis/task_equivalents/llm_translations/gpt/base/r/data_manipulation_preprocessing/01_impute_encode_scale.R,6,ok,0.414768304,7.160000000,17.262649848,
script_41,gpt,base,r,data_manipulation_preprocessing,01_impute_encode_scale,/home/romakrut/PycharmProjects/masters-thesis/task_equivalents/llm_translations/gpt/base/r/data_manipulation_preprocessing/01_impute_encode_scale.R,7,ok,0.412422430,7.050000000,17.094123615,
script_41,gpt,base,r,data_manipulation_preprocessing,01_impute_encode_scale,/home/romakrut/PycharmProjects/masters-thesis/task_equivalents/llm_translations/gpt/base/r/data_manipulation_preprocessing/01_impute_encode_scale.R,8,ok,0.419944682,7.420000000,17.668993841,
script_41,gpt,base,r,data_manipulation_preprocessing,01_impute_encode_scale,/home/romakrut/PycharmProjects/masters-thesis/task_equivalents/llm_translations/gpt/base/r/data_manipulation_preprocessing/01_impute_encode_scale.R,9,ok,0.424268776,7.190000000,16.946804495,
script_41,gpt,base,r,data_manipulation_preprocessing,01_impute_encode_scale,/home/romakrut/PycharmProjects/masters-thesis/task_equivalents/llm_translations/gpt/base/r/data_manipulation_preprocessing/01_impute_encode_scale.R,10,ok,0.423524330,7.190000000,16.976592584,
script_41,gpt,base,r,data_manipulation_preprocessing,01_impute_encode_scale,/home/romakrut/PycharmProjects/masters-thesis/task_equivalents/llm_translations/gpt/base/r/data_manipulation_preprocessing/01_impute_encode_scale.R,11,ok,0.415323446,7.100000000,17.095110012,
script_41,gpt,base,r,data_manipulation_preprocessing,01_impute_encode_scale,/home/romakrut/PycharmProjects/masters-thesis/task_equivalents/llm_translations/gpt/base/r/data_manipulation_preprocessing/01_impute_encode_scale.R,12,ok,0.413917185,7.280000000,17.588059312,
script_41,gpt,base,r,data_manipulation_preprocessing,01_impute_encode_scale,/home/romakrut/PycharmProjects/masters-thesis/task_equivalents/llm_translations/gpt/base/r/data_manipulation_preprocessing/01_impute_encode_scale.R,13,ok,0.415556283,7.190000000,17.302108749,
script_41,gpt,base,r,data_manipulation_preprocessing,01_impute_encode_scale,/home/romakrut/PycharmProjects/masters-thesis/task_equivalents/llm_translations/gpt/base/r/data_manipulation_preprocessing/01_impute_encode_scale.R,14,ok,0.421488050,7.190000000,17.058609372,
script_41,gpt,base,r,data_manipulation_preprocessing,01_impute_encode_scale,/home/romakrut/PycharmProjects/masters-thesis/task_equivalents/llm_translations/gpt/base/r/data_manipulation_preprocessing/01_impute_encode_scale.R,15,ok,0.425088433,7.150000000,16.820029540,
script_41,gpt,base,r,data_manipulation_preprocessing,01_impute_encode_scale,/home/romakrut/PycharmProjects/masters-thesis/task_equivalents/llm_translations/gpt/base/r/data_manipulation_preprocessing/01_impute_encode_scale.R,16,ok,0.424454780,7.360000000,17.339891896,
script_41,gpt,base,r,data_manipulation_preprocessing,01_impute_encode_scale,/home/romakrut/PycharmProjects/masters-thesis/task_equivalents/llm_translations/gpt/base/r/data_manipulation_preprocessing/01_impute_encode_scale.R,17,ok,0.425086388,7.230000000,17.008307497,
script_41,gpt,base,r,data_manipulation_preprocessing,01_impute_encode_scale,/home/romakrut/PycharmProjects/masters-thesis/task_equivalents/llm_translations/gpt/base/r/data_manipulation_preprocessing/01_impute_encode_scale.R,18,ok,0.413329967,7.170000000,17.346915473,
script_41,gpt,base,r,data_manipulation_preprocessing,01_impute_encode_scale,/home/romakrut/PycharmProjects/masters-thesis/task_equivalents/llm_translations/gpt/base/r/data_manipulation_preprocessing/01_impute_encode_scale.R,19,ok,0.423689665,7.100000000,16.757548240,
script_41,gpt,base,r,data_manipulation_preprocessing,01_impute_encode_scale,/home/romakrut/PycharmProjects/masters-thesis/task_equivalents/llm_translations/gpt/base/r/data_manipulation_preprocessing/01_impute_encode_scale.R,20,ok,0.424762396,7.260000000,17.091908484,
script_41,gpt,base,r,data_manipulation_preprocessing,01_impute_encode_scale,/home/romakrut/PycharmProjects/masters-thesis/task_equivalents/llm_translations/gpt/base/r/data_manipulation_preprocessing/01_impute_encode_scale.R,21,ok,0.413811234,7.180000000,17.350906428,
script_41,gpt,base,r,data_manipulation_preprocessing,01_impute_encode_scale,/home/romakrut/PycharmProjects/masters-thesis/task_equivalents/llm_translations/gpt/base/r/data_manipulation_preprocessing/01_impute_encode_scale.R,22,ok,0.423948749,7.180000000,16.936009404,
script_41,gpt,base,r,data_manipulation_preprocessing,01_impute_encode_scale,/home/romakrut/PycharmProjects/masters-thesis/task_equivalents/llm_translations/gpt/base/r/data_manipulation_preprocessing/01_impute_encode_scale.R,23,ok,0.415197788,7.120000000,17.148453594,
script_41,gpt,base,r,data_manipulation_preprocessing,01_impute_encode_scale,/home/romakrut/PycharmProjects/masters-thesis/task_equivalents/llm_translations/gpt/base/r/data_manipulation_preprocessing/01_impute_encode_scale.R,24,ok,0.415770425,7.350000000,17.678025078,
script_41,gpt,base,r,data_manipulation_preprocessing,01_impute_encode_scale,/home/romakrut/PycharmProjects/masters-thesis/task_equivalents/llm_translations/gpt/base/r/data_manipulation_preprocessing/01_impute_encode_scale.R,25,ok,0.412936985,7.140000000,17.290773797,
script_41,gpt,base,r,data_manipulation_preprocessing,01_impute_encode_scale,/home/romakrut/PycharmProjects/masters-thesis/task_equivalents/llm_translations/gpt/base/r/data_manipulation_preprocessing/01_impute_encode_scale.R,26,ok,0.412553229,7.120000000,17.258379039,
script_41,gpt,base,r,data_manipulation_preprocessing,01_impute_encode_scale,/home/romakrut/PycharmProjects/masters-thesis/task_equivalents/llm_translations/gpt/base/r/data_manipulation_preprocessing/01_impute_encode_scale.R,27,ok,0.411798433,7.140000000,17.338579819,
script_41,gpt,base,r,data_manipulation_preprocessing,01_impute_encode_scale,/home/romakrut/PycharmProjects/masters-thesis/task_equivalents/llm_translations/gpt/base/r/data_manipulation_preprocessing/01_impute_encode_scale.R,28,ok,0.426810512,7.470000000,17.501911949,
script_41,gpt,base,r,data_manipulation_preprocessing,01_impute_encode_scale,/home/romakrut/PycharmProjects/masters-thesis/task_equivalents/llm_translations/gpt/base/r/data_manipulation_preprocessing/01_impute_encode_scale.R,29,ok,0.423092592,7.190000000,16.993916074,
script_41,gpt,base,r,data_manipulation_preprocessing,01_impute_encode_scale,/home/romakrut/PycharmProjects/masters-thesis/task_equivalents/llm_translations/gpt/base/r/data_manipulation_preprocessing/01_impute_encode_scale.R,30,ok,0.423320041,7.140000000,16.866671332,
script_32,gemini,optimized,r,statistical_modelling_analysis,02_logistic_regression_odds_ratios,/home/romakrut/PycharmProjects/masters-thesis/task_equivalents/llm_translations/gemini/optimized/r/statistical_modelling_analysis/02_logistic_regression_odds_ratios.R,1,ok,0.088528927,1.550000000,17.508401519,
script_32,gemini,optimized,r,statistical_modelling_analysis,02_logistic_regression_odds_ratios,/home/romakrut/PycharmProjects/masters-thesis/task_equivalents/llm_translations/gemini/optimized/r/statistical_modelling_analysis/02_logistic_regression_odds_ratios.R,2,ok,0.089950102,1.480000000,16.453566667,
script_32,gemini,optimized,r,statistical_modelling_analysis,02_logistic_regression_odds_ratios,/home/romakrut/PycharmProjects/masters-thesis/task_equivalents/llm_translations/gemini/optimized/r/statistical_modelling_analysis/02_logistic_regression_odds_ratios.R,3,ok,0.090316745,1.520000000,16.829658775,
script_32,gemini,optimized,r,statistical_modelling_analysis,02_logistic_regression_odds_ratios,/home/romakrut/PycharmProjects/masters-thesis/task_equivalents/llm_translations/gemini/optimized/r/statistical_modelling_analysis/02_logistic_regression_odds_ratios.R,4,ok,0.090213025,1.470000000,16.294764531,
script_32,gemini,optimized,r,statistical_modelling_analysis,02_logistic_regression_odds_ratios,/home/romakrut/PycharmProjects/masters-thesis/task_equivalents/llm_translations/gemini/optimized/r/statistical_modelling_analysis/02_logistic_regression_odds_ratios.R,5,ok,0.089260878,1.460000000,16.356549843,
script_32,gemini,optimized,r,statistical_modelling_analysis,02_logistic_regression_odds_ratios,/home/romakrut/PycharmProjects/masters-thesis/task_equivalents/llm_translations/gemini/optimized/r/statistical_modelling_analysis/02_logistic_regression_odds_ratios.R,6,ok,0.088921336,1.450000000,16.306547621,
script_32,gemini,optimized,r,statistical_modelling_analysis,02_logistic_regression_odds_ratios,/home/romakrut/PycharmProjects/masters-thesis/task_equivalents/llm_translations/gemini/optimized/r/statistical_modelling_analysis/02_logistic_regression_odds_ratios.R,7,ok,0.089788714,1.420000000,15.814905201,
script_32,gemini,optimized,r,statistical_modelling_analysis,02_logistic_regression_odds_ratios,/home/romakrut/PycharmProjects/masters-thesis/task_equivalents/llm_translations/gemini/optimized/r/statistical_modelling_analysis/02_logistic_regression_odds_ratios.R,8,ok,0.089319514,1.440000000,16.121896946,
script_32,gemini,optimized,r,statistical_modelling_analysis,02_logistic_regression_odds_ratios,/home/romakrut/PycharmProjects/masters-thesis/task_equivalents/llm_translations/gemini/optimized/r/statistical_modelling_analysis/02_logistic_regression_odds_ratios.R,9,ok,0.089968280,1.460000000,16.227941670,
script_32,gemini,optimized,r,statistical_modelling_analysis,02_logistic_regression_odds_ratios,/home/romakrut/PycharmProjects/masters-thesis/task_equivalents/llm_translations/gemini/optimized/r/statistical_modelling_analysis/02_logistic_regression_odds_ratios.R,10,ok,0.090287360,1.460000000,16.170591321,
script_32,gemini,optimized,r,statistical_modelling_analysis,02_logistic_regression_odds_ratios,/home/romakrut/PycharmProjects/masters-thesis/task_equivalents/llm_translations/gemini/optimized/r/statistical_modelling_analysis/02_logistic_regression_odds_ratios.R,11,ok,0.095061285,1.580000000,16.620856745,
script_32,gemini,optimized,r,statistical_modelling_analysis,02_logistic_regression_odds_ratios,/home/romakrut/PycharmProjects/masters-thesis/task_equivalents/llm_translations/gemini/optimized/r/statistical_modelling_analysis/02_logistic_regression_odds_ratios.R,12,ok,0.090686521,1.450000000,15.989145730,
script_32,gemini,optimized,r,statistical_modelling_analysis,02_logistic_regression_odds_ratios,/home/romakrut/PycharmProjects/masters-thesis/task_equivalents/llm_translations/gemini/optimized/r/statistical_modelling_analysis/02_logistic_regression_odds_ratios.R,13,ok,0.090870442,1.520000000,16.727111331,
script_32,gemini,optimized,r,statistical_modelling_analysis,02_logistic_regression_odds_ratios,/home/romakrut/PycharmProjects/masters-thesis/task_equivalents/llm_translations/gemini/optimized/r/statistical_modelling_analysis/02_logistic_regression_odds_ratios.R,14,ok,0.090457993,1.480000000,16.361185462,
script_32,gemini,optimized,r,statistical_modelling_analysis,02_logistic_regression_odds_ratios,/home/romakrut/PycharmProjects/masters-thesis/task_equivalents/llm_translations/gemini/optimized/r/statistical_modelling_analysis/02_logistic_regression_odds_ratios.R,15,ok,0.090600022,1.490000000,16.445912121,
script_32,gemini,optimized,r,statistical_modelling_analysis,02_logistic_regression_odds_ratios,/home/romakrut/PycharmProjects/masters-thesis/task_equivalents/llm_translations/gemini/optimized/r/statistical_modelling_analysis/02_logistic_regression_odds_ratios.R,16,ok,0.089689359,1.500000000,16.724392021,
script_32,gemini,optimized,r,statistical_modelling_analysis,02_logistic_regression_odds_ratios,/home/romakrut/PycharmProjects/masters-thesis/task_equivalents/llm_translations/gemini/optimized/r/statistical_modelling_analysis/02_logistic_regression_odds_ratios.R,17,ok,0.090227206,1.460000000,16.181372168,
script_32,gemini,optimized,r,statistical_modelling_analysis,02_logistic_regression_odds_ratios,/home/romakrut/PycharmProjects/masters-thesis/task_equivalents/llm_translations/gemini/optimized/r/statistical_modelling_analysis/02_logistic_regression_odds_ratios.R,18,ok,0.090256240,1.480000000,16.397758205,
script_32,gemini,optimized,r,statistical_modelling_analysis,02_logistic_regression_odds_ratios,/home/romakrut/PycharmProjects/masters-thesis/task_equivalents/llm_translations/gemini/optimized/r/statistical_modelling_analysis/02_logistic_regression_odds_ratios.R,19,ok,0.090212086,1.500000000,16.627483816,
script_32,gemini,optimized,r,statistical_modelling_analysis,02_logistic_regression_odds_ratios,/home/romakrut/PycharmProjects/masters-thesis/task_equivalents/llm_translations/gemini/optimized/r/statistical_modelling_analysis/02_logistic_regression_odds_ratios.R,20,ok,0.090539166,1.470000000,16.236067383,
script_32,gemini,optimized,r,statistical_modelling_analysis,02_logistic_regression_odds_ratios,/home/romakrut/PycharmProjects/masters-thesis/task_equivalents/llm_translations/gemini/optimized/r/statistical_modelling_analysis/02_logistic_regression_odds_ratios.R,21,ok,0.090447993,1.530000000,16.915798231,
script_32,gemini,optimized,r,statistical_modelling_analysis,02_logistic_regression_odds_ratios,/home/romakrut/PycharmProjects/masters-thesis/task_equivalents/llm_translations/gemini/optimized/r/statistical_modelling_analysis/02_logistic_regression_odds_ratios.R,22,ok,0.089895101,1.490000000,16.574874308,
script_32,gemini,optimized,r,statistical_modelling_analysis,02_logistic_regression_odds_ratios,/home/romakrut/PycharmProjects/masters-thesis/task_equivalents/llm_translations/gemini/optimized/r/statistical_modelling_analysis/02_logistic_regression_odds_ratios.R,23,ok,0.090119956,1.490000000,16.533518947,
script_32,gemini,optimized,r,statistical_modelling_analysis,02_logistic_regression_odds_ratios,/home/romakrut/PycharmProjects/masters-thesis/task_equivalents/llm_translations/gemini/optimized/r/statistical_modelling_analysis/02_logistic_regression_odds_ratios.R,24,ok,0.090074489,1.520000000,16.874922266,
script_32,gemini,optimized,r,statistical_modelling_analysis,02_logistic_regression_odds_ratios,/home/romakrut/PycharmProjects/masters-thesis/task_equivalents/llm_translations/gemini/optimized/r/statistical_modelling_analysis/02_logistic_regression_odds_ratios.R,25,ok,0.090244711,1.480000000,16.399853062,
script_32,gemini,optimized,r,statistical_modelling_analysis,02_logistic_regression_odds_ratios,/home/romakrut/PycharmProjects/masters-thesis/task_equivalents/llm_translations/gemini/optimized/r/statistical_modelling_analysis/02_logistic_regression_odds_ratios.R,26,ok,0.089187151,1.530000000,17.154937486,
script_32,gemini,optimized,r,statistical_modelling_analysis,02_logistic_regression_odds_ratios,/home/romakrut/PycharmProjects/masters-thesis/task_equivalents/llm_translations/gemini/optimized/r/statistical_modelling_analysis/02_logistic_regression_odds_ratios.R,27,ok,0.089321672,1.480000000,16.569327095,
script_32,gemini,optimized,r,statistical_modelling_analysis,02_logistic_regression_odds_ratios,/home/romakrut/PycharmProjects/masters-thesis/task_equivalents/llm_translations/gemini/optimized/r/statistical_modelling_analysis/02_logistic_regression_odds_ratios.R,28,ok,0.090170861,1.490000000,16.524185125,
script_32,gemini,optimized,r,statistical_modelling_analysis,02_logistic_regression_odds_ratios,/home/romakrut/PycharmProjects/masters-thesis/task_equivalents/llm_translations/gemini/optimized/r/statistical_modelling_analysis/02_logistic_regression_odds_ratios.R,29,ok,0.090269268,1.450000000,16.063052599,
script_32,gemini,optimized,r,statistical_modelling_analysis,02_logistic_regression_odds_ratios,/home/romakrut/PycharmProjects/masters-thesis/task_equivalents/llm_translations/gemini/optimized/r/statistical_modelling_analysis/02_logistic_regression_odds_ratios.R,30,ok,0.090361061,1.470000000,16.268069274,
script_26,gemini,optimized,r,data_manipulation_preprocessing,02_merge_aggregate_reshape,/home/romakrut/PycharmProjects/masters-thesis/task_equivalents/llm_translations/gemini/optimized/r/data_manipulation_preprocessing/02_merge_aggregate_reshape.R,1,ok,0.079985729,1.420000000,17.753166943,
script_26,gemini,optimized,r,data_manipulation_preprocessing,02_merge_aggregate_reshape,/home/romakrut/PycharmProjects/masters-thesis/task_equivalents/llm_translations/gemini/optimized/r/data_manipulation_preprocessing/02_merge_aggregate_reshape.R,2,ok,0.080637971,1.290000000,15.997426324,
script_26,gemini,optimized,r,data_manipulation_preprocessing,02_merge_aggregate_reshape,/home/romakrut/PycharmProjects/masters-thesis/task_equivalents/llm_translations/gemini/optimized/r/data_manipulation_preprocessing/02_merge_aggregate_reshape.R,3,ok,0.081502787,1.320000000,16.195765183,
script_26,gemini,optimized,r,data_manipulation_preprocessing,02_merge_aggregate_reshape,/home/romakrut/PycharmProjects/masters-thesis/task_equivalents/llm_translations/gemini/optimized/r/data_manipulation_preprocessing/02_merge_aggregate_reshape.R,4,ok,0.081180481,1.310000000,16.136883939,
script_26,gemini,optimized,r,data_manipulation_preprocessing,02_merge_aggregate_reshape,/home/romakrut/PycharmProjects/masters-thesis/task_equivalents/llm_translations/gemini/optimized/r/data_manipulation_preprocessing/02_merge_aggregate_reshape.R,5,ok,0.080857211,1.330000000,16.448749389,
script_26,gemini,optimized,r,data_manipulation_preprocessing,02_merge_aggregate_reshape,/home/romakrut/PycharmProjects/masters-thesis/task_equivalents/llm_translations/gemini/optimized/r/data_manipulation_preprocessing/02_merge_aggregate_reshape.R,6,ok,0.081091814,1.410000000,17.387698344,
script_26,gemini,optimized,r,data_manipulation_preprocessing,02_merge_aggregate_reshape,/home/romakrut/PycharmProjects/masters-thesis/task_equivalents/llm_translations/gemini/optimized/r/data_manipulation_preprocessing/02_merge_aggregate_reshape.R,7,ok,0.080620894,1.310000000,16.248889525,
script_26,gemini,optimized,r,data_manipulation_preprocessing,02_merge_aggregate_reshape,/home/romakrut/PycharmProjects/masters-thesis/task_equivalents/llm_translations/gemini/optimized/r/data_manipulation_preprocessing/02_merge_aggregate_reshape.R,8,ok,0.081559798,1.360000000,16.674881907,
script_26,gemini,optimized,r,data_manipulation_preprocessing,02_merge_aggregate_reshape,/home/romakrut/PycharmProjects/masters-thesis/task_equivalents/llm_translations/gemini/optimized/r/data_manipulation_preprocessing/02_merge_aggregate_reshape.R,9,ok,0.081304577,1.330000000,16.358242661,
script_26,gemini,optimized,r,data_manipulation_preprocessing,02_merge_aggregate_reshape,/home/romakrut/PycharmProjects/masters-thesis/task_equivalents/llm_translations/gemini/optimized/r/data_manipulation_preprocessing/02_merge_aggregate_reshape.R,10,ok,0.081477528,1.310000000,16.078052834,
script_26,gemini,optimized,r,data_manipulation_preprocessing,02_merge_aggregate_reshape,/home/romakrut/PycharmProjects/masters-thesis/task_equivalents/llm_translations/gemini/optimized/r/data_manipulation_preprocessing/02_merge_aggregate_reshape.R,11,ok,0.080281874,1.370000000,17.064873199,
script_26,gemini,optimized,r,data_manipulation_preprocessing,02_merge_aggregate_reshape,/home/romakrut/PycharmProjects/masters-thesis/task_equivalents/llm_translations/gemini/optimized/r/data_manipulation_preprocessing/02_merge_aggregate_reshape.R,12,ok,0.081358099,1.350000000,16.593308061,
script_26,gemini,optimized,r,data_manipulation_preprocessing,02_merge_aggregate_reshape,/home/romakrut/PycharmProjects/masters-thesis/task_equivalents/llm_translations/gemini/optimized/r/data_manipulation_preprocessing/02_merge_aggregate_reshape.R,13,ok,0.081344427,1.360000000,16.719031041,
script_26,gemini,optimized,r,data_manipulation_preprocessing,02_merge_aggregate_reshape,/home/romakrut/PycharmProjects/masters-thesis/task_equivalents/llm_translations/gemini/optimized/r/data_manipulation_preprocessing/02_merge_aggregate_reshape.R,14,ok,0.081552289,1.340000000,16.431175831,
script_26,gemini,optimized,r,data_manipulation_preprocessing,02_merge_aggregate_reshape,/home/romakrut/PycharmProjects/masters-thesis/task_equivalents/llm_translations/gemini/optimized/r/data_manipulation_preprocessing/02_merge_aggregate_reshape.R,15,ok,0.080715472,1.310000000,16.229849960,
script_26,gemini,optimized,r,data_manipulation_preprocessing,02_merge_aggregate_reshape,/home/romakrut/PycharmProjects/masters-thesis/task_equivalents/llm_translations/gemini/optimized/r/data_manipulation_preprocessing/02_merge_aggregate_reshape.R,16,ok,0.080916073,1.380000000,17.054708031,
script_26,gemini,optimized,r,data_manipulation_preprocessing,02_merge_aggregate_reshape,/home/romakrut/PycharmProjects/masters-thesis/task_equivalents/llm_translations/gemini/optimized/r/data_manipulation_preprocessing/02_merge_aggregate_reshape.R,17,ok,0.082821795,1.380000000,16.662280744,
script_26,gemini,optimized,r,data_manipulation_preprocessing,02_merge_aggregate_reshape,/home/romakrut/PycharmProjects/masters-thesis/task_equivalents/llm_translations/gemini/optimized/r/data_manipulation_preprocessing/02_merge_aggregate_reshape.R,18,ok,0.081446758,1.300000000,15.961347412,
script_26,gemini,optimized,r,data_manipulation_preprocessing,02_merge_aggregate_reshape,/home/romakrut/PycharmProjects/masters-thesis/task_equivalents/llm_translations/gemini/optimized/r/data_manipulation_preprocessing/02_merge_aggregate_reshape.R,19,ok,0.081361581,1.330000000,16.346781659,
script_26,gemini,optimized,r,data_manipulation_preprocessing,02_merge_aggregate_reshape,/home/romakrut/PycharmProjects/masters-thesis/task_equivalents/llm_translations/gemini/optimized/r/data_manipulation_preprocessing/02_merge_aggregate_reshape.R,20,ok,0.081220062,1.330000000,16.375264525,
script_26,gemini,optimized,r,data_manipulation_preprocessing,02_merge_aggregate_reshape,/home/romakrut/PycharmProjects/masters-thesis/task_equivalents/llm_translations/gemini/optimized/r/data_manipulation_preprocessing/02_merge_aggregate_reshape.R,21,ok,0.080696748,1.380000000,17.101060875,
script_26,gemini,optimized,r,data_manipulation_preprocessing,02_merge_aggregate_reshape,/home/romakrut/PycharmProjects/masters-thesis/task_equivalents/llm_translations/gemini/optimized/r/data_manipulation_preprocessing/02_merge_aggregate_reshape.R,22,ok,0.081051681,1.300000000,16.039149145,
script_26,gemini,optimized,r,data_manipulation_preprocessing,02_merge_aggregate_reshape,/home/romakrut/PycharmProjects/masters-thesis/task_equivalents/llm_translations/gemini/optimized/r/data_manipulation_preprocessing/02_merge_aggregate_reshape.R,23,ok,0.080332499,1.310000000,16.307223307,
script_26,gemini,optimized,r,data_manipulation_preprocessing,02_merge_aggregate_reshape,/home/romakrut/PycharmProjects/masters-thesis/task_equivalents/llm_translations/gemini/optimized/r/data_manipulation_preprocessing/02_merge_aggregate_reshape.R,24,ok,0.081446231,1.310000000,16.084231080,
script_26,gemini,optimized,r,data_manipulation_preprocessing,02_merge_aggregate_reshape,/home/romakrut/PycharmProjects/masters-thesis/task_equivalents/llm_translations/gemini/optimized/r/data_manipulation_preprocessing/02_merge_aggregate_reshape.R,25,ok,0.080483512,1.340000000,16.649372855,
script_26,gemini,optimized,r,data_manipulation_preprocessing,02_merge_aggregate_reshape,/home/romakrut/PycharmProjects/masters-thesis/task_equivalents/llm_translations/gemini/optimized/r/data_manipulation_preprocessing/02_merge_aggregate_reshape.R,26,ok,0.080646274,1.390000000,17.235762188,
script_26,gemini,optimized,r,data_manipulation_preprocessing,02_merge_aggregate_reshape,/home/romakrut/PycharmProjects/masters-thesis/task_equivalents/llm_translations/gemini/optimized/r/data_manipulation_preprocessing/02_merge_aggregate_reshape.R,27,ok,0.081523461,1.360000000,16.682314309,
script_26,gemini,optimized,r,data_manipulation_preprocessing,02_merge_aggregate_reshape,/home/romakrut/PycharmProjects/masters-thesis/task_equivalents/llm_translations/gemini/optimized/r/data_manipulation_preprocessing/02_merge_aggregate_reshape.R,28,ok,0.081222153,1.340000000,16.497962077,
script_26,gemini,optimized,r,data_manipulation_preprocessing,02_merge_aggregate_reshape,/home/romakrut/PycharmProjects/masters-thesis/task_equivalents/llm_translations/gemini/optimized/r/data_manipulation_preprocessing/02_merge_aggregate_reshape.R,29,ok,0.081202974,1.300000000,16.009265868,
script_26,gemini,optimized,r,data_manipulation_preprocessing,02_merge_aggregate_reshape,/home/romakrut/PycharmProjects/masters-thesis/task_equivalents/llm_translations/gemini/optimized/r/data_manipulation_preprocessing/02_merge_aggregate_reshape.R,30,ok,0.081467622,1.340000000,16.448252288,
script_18,gemini,optimized,python,data_manipulation_preprocessing,02_merge_aggregate_reshape,/home/romakrut/PycharmProjects/masters-thesis/task_equivalents/llm_translations/gemini/optimized/python/data_manipulation_preprocessing/02_merge_aggregate_reshape.py,1,ok,0.618690894,10.050000000,16.243975946,
script_18,gemini,optimized,python,data_manipulation_preprocessing,02_merge_aggregate_reshape,/home/romakrut/PycharmProjects/masters-thesis/task_equivalents/llm_translations/gemini/optimized/python/data_manipulation_preprocessing/02_merge_aggregate_reshape.py,2,ok,0.618847012,10.010000000,16.175241709,
script_18,gemini,optimized,python,data_manipulation_preprocessing,02_merge_aggregate_reshape,/home/romakrut/PycharmProjects/masters-thesis/task_equivalents/llm_translations/gemini/optimized/python/data_manipulation_preprocessing/02_merge_aggregate_reshape.py,3,ok,0.619314026,9.760000000,15.759371805,
script_18,gemini,optimized,python,data_manipulation_preprocessing,02_merge_aggregate_reshape,/home/romakrut/PycharmProjects/masters-thesis/task_equivalents/llm_translations/gemini/optimized/python/data_manipulation_preprocessing/02_merge_aggregate_reshape.py,4,ok,0.616755022,10.050000000,16.294962573,
script_18,gemini,optimized,python,data_manipulation_preprocessing,02_merge_aggregate_reshape,/home/romakrut/PycharmProjects/masters-thesis/task_equivalents/llm_translations/gemini/optimized/python/data_manipulation_preprocessing/02_merge_aggregate_reshape.py,5,ok,0.619132957,9.960000000,16.087013116,
script_18,gemini,optimized,python,data_manipulation_preprocessing,02_merge_aggregate_reshape,/home/romakrut/PycharmProjects/masters-thesis/task_equivalents/llm_translations/gemini/optimized/python/data_manipulation_preprocessing/02_merge_aggregate_reshape.py,6,ok,0.618797081,10.120000000,16.354311148,
script_18,gemini,optimized,python,data_manipulation_preprocessing,02_merge_aggregate_reshape,/home/romakrut/PycharmProjects/masters-thesis/task_equivalents/llm_translations/gemini/optimized/python/data_manipulation_preprocessing/02_merge_aggregate_reshape.py,7,ok,0.614086460,9.780000000,15.926096140,
script_18,gemini,optimized,python,data_manipulation_preprocessing,02_merge_aggregate_reshape,/home/romakrut/PycharmProjects/masters-thesis/task_equivalents/llm_translations/gemini/optimized/python/data_manipulation_preprocessing/02_merge_aggregate_reshape.py,8,ok,0.613682823,10.000000000,16.295062572,
script_18,gemini,optimized,python,data_manipulation_preprocessing,02_merge_aggregate_reshape,/home/romakrut/PycharmProjects/masters-thesis/task_equivalents/llm_translations/gemini/optimized/python/data_manipulation_preprocessing/02_merge_aggregate_reshape.py,9,ok,0.617781735,10.160000000,16.445937820,
script_18,gemini,optimized,python,data_manipulation_preprocessing,02_merge_aggregate_reshape,/home/romakrut/PycharmProjects/masters-thesis/task_equivalents/llm_translations/gemini/optimized/python/data_manipulation_preprocessing/02_merge_aggregate_reshape.py,10,ok,0.614777394,9.860000000,16.038325573,
script_18,gemini,optimized,python,data_manipulation_preprocessing,02_merge_aggregate_reshape,/home/romakrut/PycharmProjects/masters-thesis/task_equivalents/llm_translations/gemini/optimized/python/data_manipulation_preprocessing/02_merge_aggregate_reshape.py,11,ok,0.613541163,9.890000000,16.119537851,
script_18,gemini,optimized,python,data_manipulation_preprocessing,02_merge_aggregate_reshape,/home/romakrut/PycharmProjects/masters-thesis/task_equivalents/llm_translations/gemini/optimized/python/data_manipulation_preprocessing/02_merge_aggregate_reshape.py,12,ok,0.615410446,9.870000000,16.038076806,
script_18,gemini,optimized,python,data_manipulation_preprocessing,02_merge_aggregate_reshape,/home/romakrut/PycharmProjects/masters-thesis/task_equivalents/llm_translations/gemini/optimized/python/data_manipulation_preprocessing/02_merge_aggregate_reshape.py,13,ok,0.616194199,9.830000000,15.952762970,
script_18,gemini,optimized,python,data_manipulation_preprocessing,02_merge_aggregate_reshape,/home/romakrut/PycharmProjects/masters-thesis/task_equivalents/llm_translations/gemini/optimized/python/data_manipulation_preprocessing/02_merge_aggregate_reshape.py,14,ok,0.615363757,9.960000000,16.185548607,
script_18,gemini,optimized,python,data_manipulation_preprocessing,02_merge_aggregate_reshape,/home/romakrut/PycharmProjects/masters-thesis/task_equivalents/llm_translations/gemini/optimized/python/data_manipulation_preprocessing/02_merge_aggregate_reshape.py,15,ok,0.615126420,10.060000000,16.354361759,
script_18,gemini,optimized,python,data_manipulation_preprocessing,02_merge_aggregate_reshape,/home/romakrut/PycharmProjects/masters-thesis/task_equivalents/llm_translations/gemini/optimized/python/data_manipulation_preprocessing/02_merge_aggregate_reshape.py,16,ok,0.620114676,9.930000000,16.013167216,
script_18,gemini,optimized,python,data_manipulation_preprocessing,02_merge_aggregate_reshape,/home/romakrut/PycharmProjects/masters-thesis/task_equivalents/llm_translations/gemini/optimized/python/data_manipulation_preprocessing/02_merge_aggregate_reshape.py,17,ok,0.619500843,10.150000000,16.384158496,
script_18,gemini,optimized,python,data_manipulation_preprocessing,02_merge_aggregate_reshape,/home/romakrut/PycharmProjects/masters-thesis/task_equivalents/llm_translations/gemini/optimized/python/data_manipulation_preprocessing/02_merge_aggregate_reshape.py,18,ok,0.619748709,9.880000000,15.941945270,
script_18,gemini,optimized,python,data_manipulation_preprocessing,02_merge_aggregate_reshape,/home/romakrut/PycharmProjects/masters-thesis/task_equivalents/llm_translations/gemini/optimized/python/data_manipulation_preprocessing/02_merge_aggregate_reshape.py,19,ok,0.615220632,10.170000000,16.530654973,
script_18,gemini,optimized,python,data_manipulation_preprocessing,02_merge_aggregate_reshape,/home/romakrut/PycharmProjects/masters-thesis/task_equivalents/llm_translations/gemini/optimized/python/data_manipulation_preprocessing/02_merge_aggregate_reshape.py,20,ok,0.617894028,10.010000000,16.200188942,
script_18,gemini,optimized,python,data_manipulation_preprocessing,02_merge_aggregate_reshape,/home/romakrut/PycharmProjects/masters-thesis/task_equivalents/llm_translations/gemini/optimized/python/data_manipulation_preprocessing/02_merge_aggregate_reshape.py,21,ok,0.616020138,9.890000000,16.054669953,
script_18,gemini,optimized,python,data_manipulation_preprocessing,02_merge_aggregate_reshape,/home/romakrut/PycharmProjects/masters-thesis/task_equivalents/llm_translations/gemini/optimized/python/data_manipulation_preprocessing/02_merge_aggregate_reshape.py,22,ok,0.619244390,9.990000000,16.132564398,
script_18,gemini,optimized,python,data_manipulation_preprocessing,02_merge_aggregate_reshape,/home/romakrut/PycharmProjects/masters-thesis/task_equivalents/llm_translations/gemini/optimized/python/data_manipulation_preprocessing/02_merge_aggregate_reshape.py,23,ok,0.619880414,9.900000000,15.970822398,
script_18,gemini,optimized,python,data_manipulation_preprocessing,02_merge_aggregate_reshape,/home/romakrut/PycharmProjects/masters-thesis/task_equivalents/llm_translations/gemini/optimized/python/data_manipulation_preprocessing/02_merge_aggregate_reshape.py,24,ok,0.618601358,9.880000000,15.971513596,
script_18,gemini,optimized,python,data_manipulation_preprocessing,02_merge_aggregate_reshape,/home/romakrut/PycharmProjects/masters-thesis/task_equivalents/llm_translations/gemini/optimized/python/data_manipulation_preprocessing/02_merge_aggregate_reshape.py,25,ok,0.617881087,10.150000000,16.427109056,
script_18,gemini,optimized,python,data_manipulation_preprocessing,02_merge_aggregate_reshape,/home/romakrut/PycharmProjects/masters-thesis/task_equivalents/llm_translations/gemini/optimized/python/data_manipulation_preprocessing/02_merge_aggregate_reshape.py,26,ok,0.617078420,9.940000000,16.108163368,
script_18,gemini,optimized,python,data_manipulation_preprocessing,02_merge_aggregate_reshape,/home/romakrut/PycharmProjects/masters-thesis/task_equivalents/llm_translations/gemini/optimized/python/data_manipulation_preprocessing/02_merge_aggregate_reshape.py,27,ok,0.619670399,10.160000000,16.395813026,
script_18,gemini,optimized,python,data_manipulation_preprocessing,02_merge_aggregate_reshape,/home/romakrut/PycharmProjects/masters-thesis/task_equivalents/llm_translations/gemini/optimized/python/data_manipulation_preprocessing/02_merge_aggregate_reshape.py,28,ok,0.620019076,9.930000000,16.015636267,
script_18,gemini,optimized,python,data_manipulation_preprocessing,02_merge_aggregate_reshape,/home/romakrut/PycharmProjects/masters-thesis/task_equivalents/llm_translations/gemini/optimized/python/data_manipulation_preprocessing/02_merge_aggregate_reshape.py,29,ok,0.622054003,10.090000000,16.220456667,
script_18,gemini,optimized,python,data_manipulation_preprocessing,02_merge_aggregate_reshape,/home/romakrut/PycharmProjects/masters-thesis/task_equivalents/llm_translations/gemini/optimized/python/data_manipulation_preprocessing/02_merge_aggregate_reshape.py,30,ok,0.615379468,10.150000000,16.493887963,
script_12,gemini,base,r,data_visualization,02_distribution_boxplot,/home/romakrut/PycharmProjects/masters-thesis/task_equivalents/llm_translations/gemini/base/r/data_visualization/02_distribution_boxplot.R,1,ok,0.104054109,1.800000000,17.298692164,
script_12,gemini,base,r,data_visualization,02_distribution_boxplot,/home/romakrut/PycharmProjects/masters-thesis/task_equivalents/llm_translations/gemini/base/r/data_visualization/02_distribution_boxplot.R,2,ok,0.103834740,1.700000000,16.372169854,
script_12,gemini,base,r,data_visualization,02_distribution_boxplot,/home/romakrut/PycharmProjects/masters-thesis/task_equivalents/llm_translations/gemini/base/r/data_visualization/02_distribution_boxplot.R,3,ok,0.104174052,1.700000000,16.318843007,
script_12,gemini,base,r,data_visualization,02_distribution_boxplot,/home/romakrut/PycharmProjects/masters-thesis/task_equivalents/llm_translations/gemini/base/r/data_visualization/02_distribution_boxplot.R,4,ok,0.105131533,1.750000000,16.645814534,
script_12,gemini,base,r,data_visualization,02_distribution_boxplot,/home/romakrut/PycharmProjects/masters-thesis/task_equivalents/llm_translations/gemini/base/r/data_visualization/02_distribution_boxplot.R,5,ok,0.103896858,1.700000000,16.362381238,
script_12,gemini,base,r,data_visualization,02_distribution_boxplot,/home/romakrut/PycharmProjects/masters-thesis/task_equivalents/llm_translations/gemini/base/r/data_visualization/02_distribution_boxplot.R,6,ok,0.105231152,1.830000000,17.390287621,
script_12,gemini,base,r,data_visualization,02_distribution_boxplot,/home/romakrut/PycharmProjects/masters-thesis/task_equivalents/llm_translations/gemini/base/r/data_visualization/02_distribution_boxplot.R,7,ok,0.103834400,1.700000000,16.372223464,
script_12,gemini,base,r,data_visualization,02_distribution_boxplot,/home/romakrut/PycharmProjects/masters-thesis/task_equivalents/llm_translations/gemini/base/r/data_visualization/02_distribution_boxplot.R,8,ok,0.104768931,1.690000000,16.130736315,
script_12,gemini,base,r,data_visualization,02_distribution_boxplot,/home/romakrut/PycharmProjects/masters-thesis/task_equivalents/llm_translations/gemini/base/r/data_visualization/02_distribution_boxplot.R,9,ok,0.103012321,1.710000000,16.599956038,
script_12,gemini,base,r,data_visualization,02_distribution_boxplot,/home/romakrut/PycharmProjects/masters-thesis/task_equivalents/llm_translations/gemini/base/r/data_visualization/02_distribution_boxplot.R,10,ok,0.104427839,1.720000000,16.470703756,
script_12,gemini,base,r,data_visualization,02_distribution_boxplot,/home/romakrut/PycharmProjects/masters-thesis/task_equivalents/llm_translations/gemini/base/r/data_visualization/02_distribution_boxplot.R,11,ok,0.105424707,1.800000000,17.073796563,
script_12,gemini,base,r,data_visualization,02_distribution_boxplot,/home/romakrut/PycharmProjects/masters-thesis/task_equivalents/llm_translations/gemini/base/r/data_visualization/02_distribution_boxplot.R,12,ok,0.104419377,1.730000000,16.567806184,
script_12,gemini,base,r,data_visualization,02_distribution_boxplot,/home/romakrut/PycharmProjects/masters-thesis/task_equivalents/llm_translations/gemini/base/r/data_visualization/02_distribution_boxplot.R,13,ok,0.104176183,1.680000000,16.126526732,
script_12,gemini,base,r,data_visualization,02_distribution_boxplot,/home/romakrut/PycharmProjects/masters-thesis/task_equivalents/llm_translations/gemini/base/r/data_visualization/02_distribution_boxplot.R,14,ok,0.105482602,1.710000000,16.211204195,
script_12,gemini,base,r,data_visualization,02_distribution_boxplot,/home/romakrut/PycharmProjects/masters-thesis/task_equivalents/llm_translations/gemini/base/r/data_visualization/02_distribution_boxplot.R,15,ok,0.104387996,1.670000000,15.998008047,
script_12,gemini,base,r,data_visualization,02_distribution_boxplot,/home/romakrut/PycharmProjects/masters-thesis/task_equivalents/llm_translations/gemini/base/r/data_visualization/02_distribution_boxplot.R,16,ok,0.103929812,1.780000000,17.126943326,
script_12,gemini,base,r,data_visualization,02_distribution_boxplot,/home/romakrut/PycharmProjects/masters-thesis/task_equivalents/llm_translations/gemini/base/r/data_visualization/02_distribution_boxplot.R,17,ok,0.103995430,1.720000000,16.539188309,
script_12,gemini,base,r,data_visualization,02_distribution_boxplot,/home/romakrut/PycharmProjects/masters-thesis/task_equivalents/llm_translations/gemini/base/r/data_visualization/02_distribution_boxplot.R,18,ok,0.103746241,1.690000000,16.289746826,
script_12,gemini,base,r,data_visualization,02_distribution_boxplot,/home/romakrut/PycharmProjects/masters-thesis/task_equivalents/llm_translations/gemini/base/r/data_visualization/02_distribution_boxplot.R,19,ok,0.105817995,1.740000000,16.443327999,
script_12,gemini,base,r,data_visualization,02_distribution_boxplot,/home/romakrut/PycharmProjects/masters-thesis/task_equivalents/llm_translations/gemini/base/r/data_visualization/02_distribution_boxplot.R,20,ok,0.104635275,1.710000000,16.342481061,
script_12,gemini,base,r,data_visualization,02_distribution_boxplot,/home/romakrut/PycharmProjects/masters-thesis/task_equivalents/llm_translations/gemini/base/r/data_visualization/02_distribution_boxplot.R,21,ok,0.105118243,1.810000000,17.218704845,
script_12,gemini,base,r,data_visualization,02_distribution_boxplot,/home/romakrut/PycharmProjects/masters-thesis/task_equivalents/llm_translations/gemini/base/r/data_visualization/02_distribution_boxplot.R,22,ok,0.104487277,1.710000000,16.365628899,
script_12,gemini,base,r,data_visualization,02_distribution_boxplot,/home/romakrut/PycharmProjects/masters-thesis/task_equivalents/llm_translations/gemini/base/r/data_visualization/02_distribution_boxplot.R,23,ok,0.103580188,1.700000000,16.412405044,
script_12,gemini,base,r,data_visualization,02_distribution_boxplot,/home/romakrut/PycharmProjects/masters-thesis/task_equivalents/llm_translations/gemini/base/r/data_visualization/02_distribution_boxplot.R,24,ok,0.105938416,1.780000000,16.802214600,
script_12,gemini,base,r,data_visualization,02_distribution_boxplot,/home/romakrut/PycharmProjects/masters-thesis/task_equivalents/llm_translations/gemini/base/r/data_visualization/02_distribution_boxplot.R,25,ok,0.103217120,1.700000000,16.470135962,
script_12,gemini,base,r,data_visualization,02_distribution_boxplot,/home/romakrut/PycharmProjects/masters-thesis/task_equivalents/llm_translations/gemini/base/r/data_visualization/02_distribution_boxplot.R,26,ok,0.103277909,1.770000000,17.138224594,
script_12,gemini,base,r,data_visualization,02_distribution_boxplot,/home/romakrut/PycharmProjects/masters-thesis/task_equivalents/llm_translations/gemini/base/r/data_visualization/02_distribution_boxplot.R,27,ok,0.105120853,1.720000000,16.362119893,
script_12,gemini,base,r,data_visualization,02_distribution_boxplot,/home/romakrut/PycharmProjects/masters-thesis/task_equivalents/llm_translations/gemini/base/r/data_visualization/02_distribution_boxplot.R,28,ok,0.104793549,1.770000000,16.890352669,
script_12,gemini,base,r,data_visualization,02_distribution_boxplot,/home/romakrut/PycharmProjects/masters-thesis/task_equivalents/llm_translations/gemini/base/r/data_visualization/02_distribution_boxplot.R,29,ok,0.103200689,1.720000000,16.666555395,
script_12,gemini,base,r,data_visualization,02_distribution_boxplot,/home/romakrut/PycharmProjects/masters-thesis/task_equivalents/llm_translations/gemini/base/r/data_visualization/02_distribution_boxplot.R,30,ok,0.105396465,1.710000000,16.224453069,
script_66,llama,base,python,data_manipulation_preprocessing,02_merge_aggregate_reshape,/home/romakrut/PycharmProjects/masters-thesis/task_equivalents/llm_translations/llama/base/python/data_manipulation_preprocessing/02_merge_aggregate_reshape.py,1,ok,0.619203789,9.940000000,16.052873346,
script_66,llama,base,python,data_manipulation_preprocessing,02_merge_aggregate_reshape,/home/romakrut/PycharmProjects/masters-thesis/task_equivalents/llm_translations/llama/base/python/data_manipulation_preprocessing/02_merge_aggregate_reshape.py,2,ok,0.620200973,9.830000000,15.849701029,
script_66,llama,base,python,data_manipulation_preprocessing,02_merge_aggregate_reshape,/home/romakrut/PycharmProjects/masters-thesis/task_equivalents/llm_translations/llama/base/python/data_manipulation_preprocessing/02_merge_aggregate_reshape.py,3,ok,0.614838798,9.810000000,15.955401695,
script_66,llama,base,python,data_manipulation_preprocessing,02_merge_aggregate_reshape,/home/romakrut/PycharmProjects/masters-thesis/task_equivalents/llm_translations/llama/base/python/data_manipulation_preprocessing/02_merge_aggregate_reshape.py,4,ok,0.619353380,9.880000000,15.952120904,
script_66,llama,base,python,data_manipulation_preprocessing,02_merge_aggregate_reshape,/home/romakrut/PycharmProjects/masters-thesis/task_equivalents/llm_translations/llama/base/python/data_manipulation_preprocessing/02_merge_aggregate_reshape.py,5,ok,0.619045623,9.850000000,15.911589767,
script_66,llama,base,python,data_manipulation_preprocessing,02_merge_aggregate_reshape,/home/romakrut/PycharmProjects/masters-thesis/task_equivalents/llm_translations/llama/base/python/data_manipulation_preprocessing/02_merge_aggregate_reshape.py,6,ok,0.617393233,10.000000000,16.197132501,
script_66,llama,base,python,data_manipulation_preprocessing,02_merge_aggregate_reshape,/home/romakrut/PycharmProjects/masters-thesis/task_equivalents/llm_translations/llama/base/python/data_manipulation_preprocessing/02_merge_aggregate_reshape.py,7,ok,0.620367409,9.890000000,15.942165653,
script_66,llama,base,python,data_manipulation_preprocessing,02_merge_aggregate_reshape,/home/romakrut/PycharmProjects/masters-thesis/task_equivalents/llm_translations/llama/base/python/data_manipulation_preprocessing/02_merge_aggregate_reshape.py,8,ok,0.615778038,9.880000000,16.044742408,
script_66,llama,base,python,data_manipulation_preprocessing,02_merge_aggregate_reshape,/home/romakrut/PycharmProjects/masters-thesis/task_equivalents/llm_translations/llama/base/python/data_manipulation_preprocessing/02_merge_aggregate_reshape.py,9,ok,0.618950733,9.890000000,15.978654637,
script_66,llama,base,python,data_manipulation_preprocessing,02_merge_aggregate_reshape,/home/romakrut/PycharmProjects/masters-thesis/task_equivalents/llm_translations/llama/base/python/data_manipulation_preprocessing/02_merge_aggregate_reshape.py,10,ok,0.619475532,9.910000000,15.997403429,
script_66,llama,base,python,data_manipulation_preprocessing,02_merge_aggregate_reshape,/home/romakrut/PycharmProjects/masters-thesis/task_equivalents/llm_translations/llama/base/python/data_manipulation_preprocessing/02_merge_aggregate_reshape.py,11,ok,0.616712439,9.900000000,16.052862524,
script_66,llama,base,python,data_manipulation_preprocessing,02_merge_aggregate_reshape,/home/romakrut/PycharmProjects/masters-thesis/task_equivalents/llm_translations/llama/base/python/data_manipulation_preprocessing/02_merge_aggregate_reshape.py,12,ok,0.622009866,9.870000000,15.867915510,
script_66,llama,base,python,data_manipulation_preprocessing,02_merge_aggregate_reshape,/home/romakrut/PycharmProjects/masters-thesis/task_equivalents/llm_translations/llama/base/python/data_manipulation_preprocessing/02_merge_aggregate_reshape.py,13,ok,0.615510172,10.090000000,16.392905364,
script_66,llama,base,python,data_manipulation_preprocessing,02_merge_aggregate_reshape,/home/romakrut/PycharmProjects/masters-thesis/task_equivalents/llm_translations/llama/base/python/data_manipulation_preprocessing/02_merge_aggregate_reshape.py,14,ok,0.621025776,9.830000000,15.828650565,
script_66,llama,base,python,data_manipulation_preprocessing,02_merge_aggregate_reshape,/home/romakrut/PycharmProjects/masters-thesis/task_equivalents/llm_translations/llama/base/python/data_manipulation_preprocessing/02_merge_aggregate_reshape.py,15,ok,0.619145064,9.850000000,15.909034203,
script_66,llama,base,python,data_manipulation_preprocessing,02_merge_aggregate_reshape,/home/romakrut/PycharmProjects/masters-thesis/task_equivalents/llm_translations/llama/base/python/data_manipulation_preprocessing/02_merge_aggregate_reshape.py,16,ok,0.616447640,10.260000000,16.643749338,
script_66,llama,base,python,data_manipulation_preprocessing,02_merge_aggregate_reshape,/home/romakrut/PycharmProjects/masters-thesis/task_equivalents/llm_translations/llama/base/python/data_manipulation_preprocessing/02_merge_aggregate_reshape.py,17,ok,0.619843995,9.810000000,15.826562940,
script_66,llama,base,python,data_manipulation_preprocessing,02_merge_aggregate_reshape,/home/romakrut/PycharmProjects/masters-thesis/task_equivalents/llm_translations/llama/base/python/data_manipulation_preprocessing/02_merge_aggregate_reshape.py,18,ok,0.613426104,9.900000000,16.138863240,
script_66,llama,base,python,data_manipulation_preprocessing,02_merge_aggregate_reshape,/home/romakrut/PycharmProjects/masters-thesis/task_equivalents/llm_translations/llama/base/python/data_manipulation_preprocessing/02_merge_aggregate_reshape.py,19,ok,0.615741849,10.000000000,16.240572273,
script_66,llama,base,python,data_manipulation_preprocessing,02_merge_aggregate_reshape,/home/romakrut/PycharmProjects/masters-thesis/task_equivalents/llm_translations/llama/base/python/data_manipulation_preprocessing/02_merge_aggregate_reshape.py,20,ok,0.620605459,9.880000000,15.919937308,
script_66,llama,base,python,data_manipulation_preprocessing,02_merge_aggregate_reshape,/home/romakrut/PycharmProjects/masters-thesis/task_equivalents/llm_translations/llama/base/python/data_manipulation_preprocessing/02_merge_aggregate_reshape.py,21,ok,0.618559753,10.280000000,16.619251334,
script_66,llama,base,python,data_manipulation_preprocessing,02_merge_aggregate_reshape,/home/romakrut/PycharmProjects/masters-thesis/task_equivalents/llm_translations/llama/base/python/data_manipulation_preprocessing/02_merge_aggregate_reshape.py,22,ok,0.619330628,9.900000000,15.984999857,
script_66,llama,base,python,data_manipulation_preprocessing,02_merge_aggregate_reshape,/home/romakrut/PycharmProjects/masters-thesis/task_equivalents/llm_translations/llama/base/python/data_manipulation_preprocessing/02_merge_aggregate_reshape.py,23,ok,0.618713334,9.890000000,15.984785613,
script_66,llama,base,python,data_manipulation_preprocessing,02_merge_aggregate_reshape,/home/romakrut/PycharmProjects/masters-thesis/task_equivalents/llm_translations/llama/base/python/data_manipulation_preprocessing/02_merge_aggregate_reshape.py,24,ok,0.619653931,10.030000000,16.186454242,
script_66,llama,base,python,data_manipulation_preprocessing,02_merge_aggregate_reshape,/home/romakrut/PycharmProjects/masters-thesis/task_equivalents/llm_translations/llama/base/python/data_manipulation_preprocessing/02_merge_aggregate_reshape.py,25,ok,0.616683848,10.040000000,16.280627476,
script_66,llama,base,python,data_manipulation_preprocessing,02_merge_aggregate_reshape,/home/romakrut/PycharmProjects/masters-thesis/task_equivalents/llm_translations/llama/base/python/data_manipulation_preprocessing/02_merge_aggregate_reshape.py,26,ok,0.619665220,9.970000000,16.089332882,
script_66,llama,base,python,data_manipulation_preprocessing,02_merge_aggregate_reshape,/home/romakrut/PycharmProjects/masters-thesis/task_equivalents/llm_translations/llama/base/python/data_manipulation_preprocessing/02_merge_aggregate_reshape.py,27,ok,0.619635607,9.910000000,15.993270703,
script_66,llama,base,python,data_manipulation_preprocessing,02_merge_aggregate_reshape,/home/romakrut/PycharmProjects/masters-thesis/task_equivalents/llm_translations/llama/base/python/data_manipulation_preprocessing/02_merge_aggregate_reshape.py,28,ok,0.618615363,9.930000000,16.051977681,
script_66,llama,base,python,data_manipulation_preprocessing,02_merge_aggregate_reshape,/home/romakrut/PycharmProjects/masters-thesis/task_equivalents/llm_translations/llama/base/python/data_manipulation_preprocessing/02_merge_aggregate_reshape.py,29,ok,0.620238078,10.080000000,16.251823868,
script_66,llama,base,python,data_manipulation_preprocessing,02_merge_aggregate_reshape,/home/romakrut/PycharmProjects/masters-thesis/task_equivalents/llm_translations/llama/base/python/data_manipulation_preprocessing/02_merge_aggregate_reshape.py,30,ok,0.616767522,10.060000000,16.310845888,
script_49,gpt,optimized,python,data_manipulation_preprocessing,01_impute_encode_scale,/home/romakrut/PycharmProjects/masters-thesis/task_equivalents/llm_translations/gpt/optimized/python/data_manipulation_preprocessing/01_impute_encode_scale.py,1,ok,0.171162846,2.840000000,16.592385943,
script_49,gpt,optimized,python,data_manipulation_preprocessing,01_impute_encode_scale,/home/romakrut/PycharmProjects/masters-thesis/task_equivalents/llm_translations/gpt/optimized/python/data_manipulation_preprocessing/01_impute_encode_scale.py,2,ok,0.172788181,2.720000000,15.741817434,
script_49,gpt,optimized,python,data_manipulation_preprocessing,01_impute_encode_scale,/home/romakrut/PycharmProjects/masters-thesis/task_equivalents/llm_translations/gpt/optimized/python/data_manipulation_preprocessing/01_impute_encode_scale.py,3,ok,0.173009438,2.780000000,16.068487547,
script_49,gpt,optimized,python,data_manipulation_preprocessing,01_impute_encode_scale,/home/romakrut/PycharmProjects/masters-thesis/task_equivalents/llm_translations/gpt/optimized/python/data_manipulation_preprocessing/01_impute_encode_scale.py,4,ok,0.173120422,2.750000000,15.884896584,
script_49,gpt,optimized,python,data_manipulation_preprocessing,01_impute_encode_scale,/home/romakrut/PycharmProjects/masters-thesis/task_equivalents/llm_translations/gpt/optimized/python/data_manipulation_preprocessing/01_impute_encode_scale.py,5,ok,0.173607402,2.850000000,16.416350727,
script_49,gpt,optimized,python,data_manipulation_preprocessing,01_impute_encode_scale,/home/romakrut/PycharmProjects/masters-thesis/task_equivalents/llm_translations/gpt/optimized/python/data_manipulation_preprocessing/01_impute_encode_scale.py,6,ok,0.172585269,2.870000000,16.629461000,
script_49,gpt,optimized,python,data_manipulation_preprocessing,01_impute_encode_scale,/home/romakrut/PycharmProjects/masters-thesis/task_equivalents/llm_translations/gpt/optimized/python/data_manipulation_preprocessing/01_impute_encode_scale.py,7,ok,0.172729980,2.840000000,16.441847559,
script_49,gpt,optimized,python,data_manipulation_preprocessing,01_impute_encode_scale,/home/romakrut/PycharmProjects/masters-thesis/task_equivalents/llm_translations/gpt/optimized/python/data_manipulation_preprocessing/01_impute_encode_scale.py,8,ok,0.173216289,2.780000000,16.049298920,
script_49,gpt,optimized,python,data_manipulation_preprocessing,01_impute_encode_scale,/home/romakrut/PycharmProjects/masters-thesis/task_equivalents/llm_translations/gpt/optimized/python/data_manipulation_preprocessing/01_impute_encode_scale.py,9,ok,0.172878726,2.740000000,15.849260712,
script_49,gpt,optimized,python,data_manipulation_preprocessing,01_impute_encode_scale,/home/romakrut/PycharmProjects/masters-thesis/task_equivalents/llm_translations/gpt/optimized/python/data_manipulation_preprocessing/01_impute_encode_scale.py,10,ok,0.173055872,2.790000000,16.121960889,
script_49,gpt,optimized,python,data_manipulation_preprocessing,01_impute_encode_scale,/home/romakrut/PycharmProjects/masters-thesis/task_equivalents/llm_translations/gpt/optimized/python/data_manipulation_preprocessing/01_impute_encode_scale.py,11,ok,0.172866764,2.770000000,16.023901506,
script_49,gpt,optimized,python,data_manipulation_preprocessing,01_impute_encode_scale,/home/romakrut/PycharmProjects/masters-thesis/task_equivalents/llm_translations/gpt/optimized/python/data_manipulation_preprocessing/01_impute_encode_scale.py,12,ok,0.173628415,2.800000000,16.126392676,
script_49,gpt,optimized,python,data_manipulation_preprocessing,01_impute_encode_scale,/home/romakrut/PycharmProjects/masters-thesis/task_equivalents/llm_translations/gpt/optimized/python/data_manipulation_preprocessing/01_impute_encode_scale.py,13,ok,0.172430650,2.760000000,16.006435051,
script_49,gpt,optimized,python,data_manipulation_preprocessing,01_impute_encode_scale,/home/romakrut/PycharmProjects/masters-thesis/task_equivalents/llm_translations/gpt/optimized/python/data_manipulation_preprocessing/01_impute_encode_scale.py,14,ok,0.173847454,2.780000000,15.991030849,
script_49,gpt,optimized,python,data_manipulation_preprocessing,01_impute_encode_scale,/home/romakrut/PycharmProjects/masters-thesis/task_equivalents/llm_translations/gpt/optimized/python/data_manipulation_preprocessing/01_impute_encode_scale.py,15,ok,0.173112139,2.780000000,16.058954710,
script_49,gpt,optimized,python,data_manipulation_preprocessing,01_impute_encode_scale,/home/romakrut/PycharmProjects/masters-thesis/task_equivalents/llm_translations/gpt/optimized/python/data_manipulation_preprocessing/01_impute_encode_scale.py,16,ok,0.173382198,2.800000000,16.149293482,
script_49,gpt,optimized,python,data_manipulation_preprocessing,01_impute_encode_scale,/home/romakrut/PycharmProjects/masters-thesis/task_equivalents/llm_translations/gpt/optimized/python/data_manipulation_preprocessing/01_impute_encode_scale.py,17,ok,0.174072834,2.770000000,15.912879318,
script_49,gpt,optimized,python,data_manipulation_preprocessing,01_impute_encode_scale,/home/romakrut/PycharmProjects/masters-thesis/task_equivalents/llm_translations/gpt/optimized/python/data_manipulation_preprocessing/01_impute_encode_scale.py,18,ok,0.173708159,2.850000000,16.406828651,
script_49,gpt,optimized,python,data_manipulation_preprocessing,01_impute_encode_scale,/home/romakrut/PycharmProjects/masters-thesis/task_equivalents/llm_translations/gpt/optimized/python/data_manipulation_preprocessing/01_impute_encode_scale.py,19,ok,0.173921176,2.790000000,16.041749856,
script_49,gpt,optimized,python,data_manipulation_preprocessing,01_impute_encode_scale,/home/romakrut/PycharmProjects/masters-thesis/task_equivalents/llm_translations/gpt/optimized/python/data_manipulation_preprocessing/01_impute_encode_scale.py,20,ok,0.173082091,2.770000000,16.003966580,
script_49,gpt,optimized,python,data_manipulation_preprocessing,01_impute_encode_scale,/home/romakrut/PycharmProjects/masters-thesis/task_equivalents/llm_translations/gpt/optimized/python/data_manipulation_preprocessing/01_impute_encode_scale.py,21,ok,0.172800980,2.740000000,15.856391555,
script_49,gpt,optimized,python,data_manipulation_preprocessing,01_impute_encode_scale,/home/romakrut/PycharmProjects/masters-thesis/task_equivalents/llm_translations/gpt/optimized/python/data_manipulation_preprocessing/01_impute_encode_scale.py,22,ok,0.172739351,2.770000000,16.035720778,
script_49,gpt,optimized,python,data_manipulation_preprocessing,01_impute_encode_scale,/home/romakrut/PycharmProjects/masters-thesis/task_equivalents/llm_translations/gpt/optimized/python/data_manipulation_preprocessing/01_impute_encode_scale.py,23,ok,0.172256110,2.850000000,16.545131549,
script_49,gpt,optimized,python,data_manipulation_preprocessing,01_impute_encode_scale,/home/romakrut/PycharmProjects/masters-thesis/task_equivalents/llm_translations/gpt/optimized/python/data_manipulation_preprocessing/01_impute_encode_scale.py,24,ok,0.172011674,2.780000000,16.161693770,
script_49,gpt,optimized,python,data_manipulation_preprocessing,01_impute_encode_scale,/home/romakrut/PycharmProjects/masters-thesis/task_equivalents/llm_translations/gpt/optimized/python/data_manipulation_preprocessing/01_impute_encode_scale.py,25,ok,0.173254009,2.810000000,16.218960913,
script_49,gpt,optimized,python,data_manipulation_preprocessing,01_impute_encode_scale,/home/romakrut/PycharmProjects/masters-thesis/task_equivalents/llm_translations/gpt/optimized/python/data_manipulation_preprocessing/01_impute_encode_scale.py,26,ok,0.172857167,2.830000000,16.371898540,
script_49,gpt,optimized,python,data_manipulation_preprocessing,01_impute_encode_scale,/home/romakrut/PycharmProjects/masters-thesis/task_equivalents/llm_translations/gpt/optimized/python/data_manipulation_preprocessing/01_impute_encode_scale.py,27,ok,0.172396231,2.740000000,15.893618927,
script_49,gpt,optimized,python,data_manipulation_preprocessing,01_impute_encode_scale,/home/romakrut/PycharmProjects/masters-thesis/task_equivalents/llm_translations/gpt/optimized/python/data_manipulation_preprocessing/01_impute_encode_scale.py,28,ok,0.173165732,2.820000000,16.284977215,
script_49,gpt,optimized,python,data_manipulation_preprocessing,01_impute_encode_scale,/home/romakrut/PycharmProjects/masters-thesis/task_equivalents/llm_translations/gpt/optimized/python/data_manipulation_preprocessing/01_impute_encode_scale.py,29,ok,0.172080978,2.840000000,16.503857852,
script_49,gpt,optimized,python,data_manipulation_preprocessing,01_impute_encode_scale,/home/romakrut/PycharmProjects/masters-thesis/task_equivalents/llm_translations/gpt/optimized/python/data_manipulation_preprocessing/01_impute_encode_scale.py,30,ok,0.172494211,2.840000000,16.464320649,
script_29,gemini,optimized,r,machine_learning_workflows,01_pipeline_cv_gridsearch_classification,/home/romakrut/PycharmProjects/masters-thesis/task_equivalents/llm_translations/gemini/optimized/r/machine_learning_workflows/01_pipeline_cv_gridsearch_classification.R,1,ok,1.846508663,32.680000000,17.698265194,
script_29,gemini,optimized,r,machine_learning_workflows,01_pipeline_cv_gridsearch_classification,/home/romakrut/PycharmProjects/masters-thesis/task_equivalents/llm_translations/gemini/optimized/r/machine_learning_workflows/01_pipeline_cv_gridsearch_classification.R,2,ok,1.961872070,34.170000000,17.417037799,
script_29,gemini,optimized,r,machine_learning_workflows,01_pipeline_cv_gridsearch_classification,/home/romakrut/PycharmProjects/masters-thesis/task_equivalents/llm_translations/gemini/optimized/r/machine_learning_workflows/01_pipeline_cv_gridsearch_classification.R,3,ok,2.291972474,40.030000000,17.465305737,
script_29,gemini,optimized,r,machine_learning_workflows,01_pipeline_cv_gridsearch_classification,/home/romakrut/PycharmProjects/masters-thesis/task_equivalents/llm_translations/gemini/optimized/r/machine_learning_workflows/01_pipeline_cv_gridsearch_classification.R,4,ok,1.981409725,34.680000000,17.502689909,
script_29,gemini,optimized,r,machine_learning_workflows,01_pipeline_cv_gridsearch_classification,/home/romakrut/PycharmProjects/masters-thesis/task_equivalents/llm_translations/gemini/optimized/r/machine_learning_workflows/01_pipeline_cv_gridsearch_classification.R,5,ok,1.829152550,32.710000000,17.882598146,
script_29,gemini,optimized,r,machine_learning_workflows,01_pipeline_cv_gridsearch_classification,/home/romakrut/PycharmProjects/masters-thesis/task_equivalents/llm_translations/gemini/optimized/r/machine_learning_workflows/01_pipeline_cv_gridsearch_classification.R,6,ok,2.038242643,36.580000000,17.946832839,
script_29,gemini,optimized,r,machine_learning_workflows,01_pipeline_cv_gridsearch_classification,/home/romakrut/PycharmProjects/masters-thesis/task_equivalents/llm_translations/gemini/optimized/r/machine_learning_workflows/01_pipeline_cv_gridsearch_classification.R,7,ok,2.237907902,39.280000000,17.552107468,
script_29,gemini,optimized,r,machine_learning_workflows,01_pipeline_cv_gridsearch_classification,/home/romakrut/PycharmProjects/masters-thesis/task_equivalents/llm_translations/gemini/optimized/r/machine_learning_workflows/01_pipeline_cv_gridsearch_classification.R,8,ok,1.961985773,35.470000000,18.078622428,
script_29,gemini,optimized,r,machine_learning_workflows,01_pipeline_cv_gridsearch_classification,/home/romakrut/PycharmProjects/masters-thesis/task_equivalents/llm_translations/gemini/optimized/r/machine_learning_workflows/01_pipeline_cv_gridsearch_classification.R,9,ok,2.262468476,39.410000000,17.419027234,
script_29,gemini,optimized,r,machine_learning_workflows,01_pipeline_cv_gridsearch_classification,/home/romakrut/PycharmProjects/masters-thesis/task_equivalents/llm_translations/gemini/optimized/r/machine_learning_workflows/01_pipeline_cv_gridsearch_classification.R,10,ok,1.837877118,33.740000000,18.358137043,
script_29,gemini,optimized,r,machine_learning_workflows,01_pipeline_cv_gridsearch_classification,/home/romakrut/PycharmProjects/masters-thesis/task_equivalents/llm_translations/gemini/optimized/r/machine_learning_workflows/01_pipeline_cv_gridsearch_classification.R,11,ok,2.070833137,36.870000000,17.804428247,
script_29,gemini,optimized,r,machine_learning_workflows,01_pipeline_cv_gridsearch_classification,/home/romakrut/PycharmProjects/masters-thesis/task_equivalents/llm_translations/gemini/optimized/r/machine_learning_workflows/01_pipeline_cv_gridsearch_classification.R,12,ok,1.911698795,34.750000000,18.177549775,
script_29,gemini,optimized,r,machine_learning_workflows,01_pipeline_cv_gridsearch_classification,/home/romakrut/PycharmProjects/masters-thesis/task_equivalents/llm_translations/gemini/optimized/r/machine_learning_workflows/01_pipeline_cv_gridsearch_classification.R,13,ok,1.896845228,34.250000000,18.056296578,
script_29,gemini,optimized,r,machine_learning_workflows,01_pipeline_cv_gridsearch_classification,/home/romakrut/PycharmProjects/masters-thesis/task_equivalents/llm_translations/gemini/optimized/r/machine_learning_workflows/01_pipeline_cv_gridsearch_classification.R,14,ok,1.947679868,35.630000000,18.293560757,
script_29,gemini,optimized,r,machine_learning_workflows,01_pipeline_cv_gridsearch_classification,/home/romakrut/PycharmProjects/masters-thesis/task_equivalents/llm_translations/gemini/optimized/r/machine_learning_workflows/01_pipeline_cv_gridsearch_classification.R,15,ok,2.124244372,38.850000000,18.288856269,
script_29,gemini,optimized,r,machine_learning_workflows,01_pipeline_cv_gridsearch_classification,/home/romakrut/PycharmProjects/masters-thesis/task_equivalents/llm_translations/gemini/optimized/r/machine_learning_workflows/01_pipeline_cv_gridsearch_classification.R,16,ok,1.925708786,34.440000000,17.884324073,
script_29,gemini,optimized,r,machine_learning_workflows,01_pipeline_cv_gridsearch_classification,/home/romakrut/PycharmProjects/masters-thesis/task_equivalents/llm_translations/gemini/optimized/r/machine_learning_workflows/01_pipeline_cv_gridsearch_classification.R,17,ok,1.994229905,36.790000000,18.448224003,
script_29,gemini,optimized,r,machine_learning_workflows,01_pipeline_cv_gridsearch_classification,/home/romakrut/PycharmProjects/masters-thesis/task_equivalents/llm_translations/gemini/optimized/r/machine_learning_workflows/01_pipeline_cv_gridsearch_classification.R,18,ok,1.922832430,35.470000000,18.446745253,
script_29,gemini,optimized,r,machine_learning_workflows,01_pipeline_cv_gridsearch_classification,/home/romakrut/PycharmProjects/masters-thesis/task_equivalents/llm_translations/gemini/optimized/r/machine_learning_workflows/01_pipeline_cv_gridsearch_classification.R,19,ok,2.424003096,43.010000000,17.743376678,
script_29,gemini,optimized,r,machine_learning_workflows,01_pipeline_cv_gridsearch_classification,/home/romakrut/PycharmProjects/masters-thesis/task_equivalents/llm_translations/gemini/optimized/r/machine_learning_workflows/01_pipeline_cv_gridsearch_classification.R,20,ok,1.924869973,35.890000000,18.645415277,
script_29,gemini,optimized,r,machine_learning_workflows,01_pipeline_cv_gridsearch_classification,/home/romakrut/PycharmProjects/masters-thesis/task_equivalents/llm_translations/gemini/optimized/r/machine_learning_workflows/01_pipeline_cv_gridsearch_classification.R,21,ok,2.034603616,36.840000000,18.106720990,
script_29,gemini,optimized,r,machine_learning_workflows,01_pipeline_cv_gridsearch_classification,/home/romakrut/PycharmProjects/masters-thesis/task_equivalents/llm_translations/gemini/optimized/r/machine_learning_workflows/01_pipeline_cv_gridsearch_classification.R,22,ok,1.910825283,34.620000000,18.117826003,
script_29,gemini,optimized,r,machine_learning_workflows,01_pipeline_cv_gridsearch_classification,/home/romakrut/PycharmProjects/masters-thesis/task_equivalents/llm_translations/gemini/optimized/r/machine_learning_workflows/01_pipeline_cv_gridsearch_classification.R,23,ok,1.871717381,34.240000000,18.293360070,
script_29,gemini,optimized,r,machine_learning_workflows,01_pipeline_cv_gridsearch_classification,/home/romakrut/PycharmProjects/masters-thesis/task_equivalents/llm_translations/gemini/optimized/r/machine_learning_workflows/01_pipeline_cv_gridsearch_classification.R,24,ok,2.013255832,36.760000000,18.258981008,
script_29,gemini,optimized,r,machine_learning_workflows,01_pipeline_cv_gridsearch_classification,/home/romakrut/PycharmProjects/masters-thesis/task_equivalents/llm_translations/gemini/optimized/r/machine_learning_workflows/01_pipeline_cv_gridsearch_classification.R,25,ok,1.851775201,34.040000000,18.382360873,
script_29,gemini,optimized,r,machine_learning_workflows,01_pipeline_cv_gridsearch_classification,/home/romakrut/PycharmProjects/masters-thesis/task_equivalents/llm_translations/gemini/optimized/r/machine_learning_workflows/01_pipeline_cv_gridsearch_classification.R,26,ok,2.146813459,38.770000000,18.059324082,
script_29,gemini,optimized,r,machine_learning_workflows,01_pipeline_cv_gridsearch_classification,/home/romakrut/PycharmProjects/masters-thesis/task_equivalents/llm_translations/gemini/optimized/r/machine_learning_workflows/01_pipeline_cv_gridsearch_classification.R,27,ok,1.954958031,35.990000000,18.409602370,
script_29,gemini,optimized,r,machine_learning_workflows,01_pipeline_cv_gridsearch_classification,/home/romakrut/PycharmProjects/masters-thesis/task_equivalents/llm_translations/gemini/optimized/r/machine_learning_workflows/01_pipeline_cv_gridsearch_classification.R,28,ok,1.794539294,33.290000000,18.550722245,
script_29,gemini,optimized,r,machine_learning_workflows,01_pipeline_cv_gridsearch_classification,/home/romakrut/PycharmProjects/masters-thesis/task_equivalents/llm_translations/gemini/optimized/r/machine_learning_workflows/01_pipeline_cv_gridsearch_classification.R,29,ok,1.961274014,36.170000000,18.442094140,
script_29,gemini,optimized,r,machine_learning_workflows,01_pipeline_cv_gridsearch_classification,/home/romakrut/PycharmProjects/masters-thesis/task_equivalents/llm_translations/gemini/optimized/r/machine_learning_workflows/01_pipeline_cv_gridsearch_classification.R,30,ok,2.044892010,37.520000000,18.348157172,
script_2,gemini,base,python,data_manipulation_preprocessing,02_merge_aggregate_reshape,/home/romakrut/PycharmProjects/masters-thesis/task_equivalents/llm_translations/gemini/base/python/data_manipulation_preprocessing/02_merge_aggregate_reshape.py,1,ok,0.173136676,2.910000000,16.807530716,
script_2,gemini,base,python,data_manipulation_preprocessing,02_merge_aggregate_reshape,/home/romakrut/PycharmProjects/masters-thesis/task_equivalents/llm_translations/gemini/base/python/data_manipulation_preprocessing/02_merge_aggregate_reshape.py,2,ok,0.172854975,2.780000000,16.082846328,
script_2,gemini,base,python,data_manipulation_preprocessing,02_merge_aggregate_reshape,/home/romakrut/PycharmProjects/masters-thesis/task_equivalents/llm_translations/gemini/base/python/data_manipulation_preprocessing/02_merge_aggregate_reshape.py,3,ok,0.176194861,2.850000000,16.175273126,
script_2,gemini,base,python,data_manipulation_preprocessing,02_merge_aggregate_reshape,/home/romakrut/PycharmProjects/masters-thesis/task_equivalents/llm_translations/gemini/base/python/data_manipulation_preprocessing/02_merge_aggregate_reshape.py,4,ok,0.175112039,2.900000000,16.560825952,
script_2,gemini,base,python,data_manipulation_preprocessing,02_merge_aggregate_reshape,/home/romakrut/PycharmProjects/masters-thesis/task_equivalents/llm_translations/gemini/base/python/data_manipulation_preprocessing/02_merge_aggregate_reshape.py,5,ok,0.173147694,2.860000000,16.517690383,
script_2,gemini,base,python,data_manipulation_preprocessing,02_merge_aggregate_reshape,/home/romakrut/PycharmProjects/masters-thesis/task_equivalents/llm_translations/gemini/base/python/data_manipulation_preprocessing/02_merge_aggregate_reshape.py,6,ok,0.172258551,2.870000000,16.661001636,
script_2,gemini,base,python,data_manipulation_preprocessing,02_merge_aggregate_reshape,/home/romakrut/PycharmProjects/masters-thesis/task_equivalents/llm_translations/gemini/base/python/data_manipulation_preprocessing/02_merge_aggregate_reshape.py,7,ok,0.173760233,2.810000000,16.171709438,
script_2,gemini,base,python,data_manipulation_preprocessing,02_merge_aggregate_reshape,/home/romakrut/PycharmProjects/masters-thesis/task_equivalents/llm_translations/gemini/base/python/data_manipulation_preprocessing/02_merge_aggregate_reshape.py,8,ok,0.173423521,2.750000000,15.857133935,
script_2,gemini,base,python,data_manipulation_preprocessing,02_merge_aggregate_reshape,/home/romakrut/PycharmProjects/masters-thesis/task_equivalents/llm_translations/gemini/base/python/data_manipulation_preprocessing/02_merge_aggregate_reshape.py,9,ok,0.173444871,2.780000000,16.028147641,
script_2,gemini,base,python,data_manipulation_preprocessing,02_merge_aggregate_reshape,/home/romakrut/PycharmProjects/masters-thesis/task_equivalents/llm_translations/gemini/base/python/data_manipulation_preprocessing/02_merge_aggregate_reshape.py,10,ok,0.173379752,2.860000000,16.495582483,
script_2,gemini,base,python,data_manipulation_preprocessing,02_merge_aggregate_reshape,/home/romakrut/PycharmProjects/masters-thesis/task_equivalents/llm_translations/gemini/base/python/data_manipulation_preprocessing/02_merge_aggregate_reshape.py,11,ok,0.174048613,2.790000000,16.030004215,
script_2,gemini,base,python,data_manipulation_preprocessing,02_merge_aggregate_reshape,/home/romakrut/PycharmProjects/masters-thesis/task_equivalents/llm_translations/gemini/base/python/data_manipulation_preprocessing/02_merge_aggregate_reshape.py,12,ok,0.173170062,2.800000000,16.169076616,
script_2,gemini,base,python,data_manipulation_preprocessing,02_merge_aggregate_reshape,/home/romakrut/PycharmProjects/masters-thesis/task_equivalents/llm_translations/gemini/base/python/data_manipulation_preprocessing/02_merge_aggregate_reshape.py,13,ok,0.173107530,2.820000000,16.290452530,
script_2,gemini,base,python,data_manipulation_preprocessing,02_merge_aggregate_reshape,/home/romakrut/PycharmProjects/masters-thesis/task_equivalents/llm_translations/gemini/base/python/data_manipulation_preprocessing/02_merge_aggregate_reshape.py,14,ok,0.173876879,2.790000000,16.045836664,
script_2,gemini,base,python,data_manipulation_preprocessing,02_merge_aggregate_reshape,/home/romakrut/PycharmProjects/masters-thesis/task_equivalents/llm_translations/gemini/base/python/data_manipulation_preprocessing/02_merge_aggregate_reshape.py,15,ok,0.174022012,2.860000000,16.434702525,
script_2,gemini,base,python,data_manipulation_preprocessing,02_merge_aggregate_reshape,/home/romakrut/PycharmProjects/masters-thesis/task_equivalents/llm_translations/gemini/base/python/data_manipulation_preprocessing/02_merge_aggregate_reshape.py,16,ok,0.173304921,2.980000000,17.195126271,
script_2,gemini,base,python,data_manipulation_preprocessing,02_merge_aggregate_reshape,/home/romakrut/PycharmProjects/masters-thesis/task_equivalents/llm_translations/gemini/base/python/data_manipulation_preprocessing/02_merge_aggregate_reshape.py,17,ok,0.174588264,2.860000000,16.381398924,
script_2,gemini,base,python,data_manipulation_preprocessing,02_merge_aggregate_reshape,/home/romakrut/PycharmProjects/masters-thesis/task_equivalents/llm_translations/gemini/base/python/data_manipulation_preprocessing/02_merge_aggregate_reshape.py,18,ok,0.173337692,2.790000000,16.095749100,
script_2,gemini,base,python,data_manipulation_preprocessing,02_merge_aggregate_reshape,/home/romakrut/PycharmProjects/masters-thesis/task_equivalents/llm_translations/gemini/base/python/data_manipulation_preprocessing/02_merge_aggregate_reshape.py,19,ok,0.175181620,2.830000000,16.154662801,
script_2,gemini,base,python,data_manipulation_preprocessing,02_merge_aggregate_reshape,/home/romakrut/PycharmProjects/masters-thesis/task_equivalents/llm_translations/gemini/base/python/data_manipulation_preprocessing/02_merge_aggregate_reshape.py,20,ok,0.173414459,2.850000000,16.434615755,
script_2,gemini,base,python,data_manipulation_preprocessing,02_merge_aggregate_reshape,/home/romakrut/PycharmProjects/masters-thesis/task_equivalents/llm_translations/gemini/base/python/data_manipulation_preprocessing/02_merge_aggregate_reshape.py,21,ok,0.174362890,2.890000000,16.574627778,
script_2,gemini,base,python,data_manipulation_preprocessing,02_merge_aggregate_reshape,/home/romakrut/PycharmProjects/masters-thesis/task_equivalents/llm_translations/gemini/base/python/data_manipulation_preprocessing/02_merge_aggregate_reshape.py,22,ok,0.173606652,2.940000000,16.934834962,
script_2,gemini,base,python,data_manipulation_preprocessing,02_merge_aggregate_reshape,/home/romakrut/PycharmProjects/masters-thesis/task_equivalents/llm_translations/gemini/base/python/data_manipulation_preprocessing/02_merge_aggregate_reshape.py,23,ok,0.173756062,2.860000000,16.459857383,
script_2,gemini,base,python,data_manipulation_preprocessing,02_merge_aggregate_reshape,/home/romakrut/PycharmProjects/masters-thesis/task_equivalents/llm_translations/gemini/base/python/data_manipulation_preprocessing/02_merge_aggregate_reshape.py,24,ok,0.173400003,2.820000000,16.262975497,
script_2,gemini,base,python,data_manipulation_preprocessing,02_merge_aggregate_reshape,/home/romakrut/PycharmProjects/masters-thesis/task_equivalents/llm_translations/gemini/base/python/data_manipulation_preprocessing/02_merge_aggregate_reshape.py,25,ok,0.173277532,2.780000000,16.043626475,
script_2,gemini,base,python,data_manipulation_preprocessing,02_merge_aggregate_reshape,/home/romakrut/PycharmProjects/masters-thesis/task_equivalents/llm_translations/gemini/base/python/data_manipulation_preprocessing/02_merge_aggregate_reshape.py,26,ok,0.172566780,2.810000000,16.283551214,
script_2,gemini,base,python,data_manipulation_preprocessing,02_merge_aggregate_reshape,/home/romakrut/PycharmProjects/masters-thesis/task_equivalents/llm_translations/gemini/base/python/data_manipulation_preprocessing/02_merge_aggregate_reshape.py,27,ok,0.172975420,2.810000000,16.245082683,
script_2,gemini,base,python,data_manipulation_preprocessing,02_merge_aggregate_reshape,/home/romakrut/PycharmProjects/masters-thesis/task_equivalents/llm_translations/gemini/base/python/data_manipulation_preprocessing/02_merge_aggregate_reshape.py,28,ok,0.173425709,2.770000000,15.972257031,
script_2,gemini,base,python,data_manipulation_preprocessing,02_merge_aggregate_reshape,/home/romakrut/PycharmProjects/masters-thesis/task_equivalents/llm_translations/gemini/base/python/data_manipulation_preprocessing/02_merge_aggregate_reshape.py,29,ok,0.173420624,2.820000000,16.261041709,
script_2,gemini,base,python,data_manipulation_preprocessing,02_merge_aggregate_reshape,/home/romakrut/PycharmProjects/masters-thesis/task_equivalents/llm_translations/gemini/base/python/data_manipulation_preprocessing/02_merge_aggregate_reshape.py,30,ok,0.173817791,2.830000000,16.281417361,
script_61,gpt,optimized,r,machine_learning_workflows,01_pipeline_cv_gridsearch_classification,/home/romakrut/PycharmProjects/masters-thesis/task_equivalents/llm_translations/gpt/optimized/r/machine_learning_workflows/01_pipeline_cv_gridsearch_classification.R,1,ok,97.815026046,1743.790000000,17.827424584,
script_61,gpt,optimized,r,machine_learning_workflows,01_pipeline_cv_gridsearch_classification,/home/romakrut/PycharmProjects/masters-thesis/task_equivalents/llm_translations/gpt/optimized/r/machine_learning_workflows/01_pipeline_cv_gridsearch_classification.R,2,ok,97.592876677,1740.390000000,17.833166305,
script_61,gpt,optimized,r,machine_learning_workflows,01_pipeline_cv_gridsearch_classification,/home/romakrut/PycharmProjects/masters-thesis/task_equivalents/llm_translations/gpt/optimized/r/machine_learning_workflows/01_pipeline_cv_gridsearch_classification.R,3,ok,112.017648433,1991.760000000,17.780769619,
script_61,gpt,optimized,r,machine_learning_workflows,01_pipeline_cv_gridsearch_classification,/home/romakrut/PycharmProjects/masters-thesis/task_equivalents/llm_translations/gpt/optimized/r/machine_learning_workflows/01_pipeline_cv_gridsearch_classification.R,4,ok,110.665230186,1959.520000000,17.706735862,
script_61,gpt,optimized,r,machine_learning_workflows,01_pipeline_cv_gridsearch_classification,/home/romakrut/PycharmProjects/masters-thesis/task_equivalents/llm_translations/gpt/optimized/r/machine_learning_workflows/01_pipeline_cv_gridsearch_classification.R,5,ok,109.064595779,1941.530000000,17.801652187,
script_61,gpt,optimized,r,machine_learning_workflows,01_pipeline_cv_gridsearch_classification,/home/romakrut/PycharmProjects/masters-thesis/task_equivalents/llm_translations/gpt/optimized/r/machine_learning_workflows/01_pipeline_cv_gridsearch_classification.R,6,ok,97.808589282,1740.920000000,17.799254777,
script_61,gpt,optimized,r,machine_learning_workflows,01_pipeline_cv_gridsearch_classification,/home/romakrut/PycharmProjects/masters-thesis/task_equivalents/llm_translations/gpt/optimized/r/machine_learning_workflows/01_pipeline_cv_gridsearch_classification.R,7,ok,99.348492470,1769.070000000,17.806712070,
script_61,gpt,optimized,r,machine_learning_workflows,01_pipeline_cv_gridsearch_classification,/home/romakrut/PycharmProjects/masters-thesis/task_equivalents/llm_translations/gpt/optimized/r/machine_learning_workflows/01_pipeline_cv_gridsearch_classification.R,8,ok,106.462166786,1898.650000000,17.834034919,
script_61,gpt,optimized,r,machine_learning_workflows,01_pipeline_cv_gridsearch_classification,/home/romakrut/PycharmProjects/masters-thesis/task_equivalents/llm_translations/gpt/optimized/r/machine_learning_workflows/01_pipeline_cv_gridsearch_classification.R,9,ok,101.154292441,1774.670000000,17.544188755,
script_61,gpt,optimized,r,machine_learning_workflows,01_pipeline_cv_gridsearch_classification,/home/romakrut/PycharmProjects/masters-thesis/task_equivalents/llm_translations/gpt/optimized/r/machine_learning_workflows/01_pipeline_cv_gridsearch_classification.R,10,ok,108.488465172,1898.850000000,17.502782411,
script_61,gpt,optimized,r,machine_learning_workflows,01_pipeline_cv_gridsearch_classification,/home/romakrut/PycharmProjects/masters-thesis/task_equivalents/llm_translations/gpt/optimized/r/machine_learning_workflows/01_pipeline_cv_gridsearch_classification.R,11,ok,98.894941736,1786.110000000,18.060681048,
script_61,gpt,optimized,r,machine_learning_workflows,01_pipeline_cv_gridsearch_classification,/home/romakrut/PycharmProjects/masters-thesis/task_equivalents/llm_translations/gpt/optimized/r/machine_learning_workflows/01_pipeline_cv_gridsearch_classification.R,12,ok,109.718632040,1945.920000000,17.735547407,
script_61,gpt,optimized,r,machine_learning_workflows,01_pipeline_cv_gridsearch_classification,/home/romakrut/PycharmProjects/masters-thesis/task_equivalents/llm_translations/gpt/optimized/r/machine_learning_workflows/01_pipeline_cv_gridsearch_classification.R,13,ok,116.842010434,2043.060000000,17.485662840,
script_61,gpt,optimized,r,machine_learning_workflows,01_pipeline_cv_gridsearch_classification,/home/romakrut/PycharmProjects/masters-thesis/task_equivalents/llm_translations/gpt/optimized/r/machine_learning_workflows/01_pipeline_cv_gridsearch_classification.R,14,ok,96.200337619,1692.070000000,17.589023509,
script_61,gpt,optimized,r,machine_learning_workflows,01_pipeline_cv_gridsearch_classification,/home/romakrut/PycharmProjects/masters-thesis/task_equivalents/llm_translations/gpt/optimized/r/machine_learning_workflows/01_pipeline_cv_gridsearch_classification.R,15,ok,98.008709811,1726.950000000,17.620372754,
script_61,gpt,optimized,r,machine_learning_workflows,01_pipeline_cv_gridsearch_classification,/home/romakrut/PycharmProjects/masters-thesis/task_equivalents/llm_translations/gpt/optimized/r/machine_learning_workflows/01_pipeline_cv_gridsearch_classification.R,16,ok,106.998964493,1923.230000000,17.974286098,
script_61,gpt,optimized,r,machine_learning_workflows,01_pipeline_cv_gridsearch_classification,/home/romakrut/PycharmProjects/masters-thesis/task_equivalents/llm_translations/gpt/optimized/r/machine_learning_workflows/01_pipeline_cv_gridsearch_classification.R,17,ok,107.990297772,1931.400000000,17.884940035,
script_61,gpt,optimized,r,machine_learning_workflows,01_pipeline_cv_gridsearch_classification,/home/romakrut/PycharmProjects/masters-thesis/task_equivalents/llm_translations/gpt/optimized/r/machine_learning_workflows/01_pipeline_cv_gridsearch_classification.R,18,ok,101.670883396,1821.630000000,17.916929008,
script_61,gpt,optimized,r,machine_learning_workflows,01_pipeline_cv_gridsearch_classification,/home/romakrut/PycharmProjects/masters-thesis/task_equivalents/llm_translations/gpt/optimized/r/machine_learning_workflows/01_pipeline_cv_gridsearch_classification.R,19,ok,109.004859720,1927.740000000,17.684899599,
script_61,gpt,optimized,r,machine_learning_workflows,01_pipeline_cv_gridsearch_classification,/home/romakrut/PycharmProjects/masters-thesis/task_equivalents/llm_translations/gpt/optimized/r/machine_learning_workflows/01_pipeline_cv_gridsearch_classification.R,20,ok,116.293277996,2089.420000000,17.966816621,
script_61,gpt,optimized,r,machine_learning_workflows,01_pipeline_cv_gridsearch_classification,/home/romakrut/PycharmProjects/masters-thesis/task_equivalents/llm_translations/gpt/optimized/r/machine_learning_workflows/01_pipeline_cv_gridsearch_classification.R,21,ok,98.425793295,1759.130000000,17.872652494,
script_61,gpt,optimized,r,machine_learning_workflows,01_pipeline_cv_gridsearch_classification,/home/romakrut/PycharmProjects/masters-thesis/task_equivalents/llm_translations/gpt/optimized/r/machine_learning_workflows/01_pipeline_cv_gridsearch_classification.R,22,ok,100.017116045,1780.420000000,17.801153147,
script_61,gpt,optimized,r,machine_learning_workflows,01_pipeline_cv_gridsearch_classification,/home/romakrut/PycharmProjects/masters-thesis/task_equivalents/llm_translations/gpt/optimized/r/machine_learning_workflows/01_pipeline_cv_gridsearch_classification.R,23,ok,101.085894209,1805.440000000,17.860454360,
script_61,gpt,optimized,r,machine_learning_workflows,01_pipeline_cv_gridsearch_classification,/home/romakrut/PycharmProjects/masters-thesis/task_equivalents/llm_translations/gpt/optimized/r/machine_learning_workflows/01_pipeline_cv_gridsearch_classification.R,24,ok,101.930020876,1847.440000000,18.124591598,
script_61,gpt,optimized,r,machine_learning_workflows,01_pipeline_cv_gridsearch_classification,/home/romakrut/PycharmProjects/masters-thesis/task_equivalents/llm_translations/gpt/optimized/r/machine_learning_workflows/01_pipeline_cv_gridsearch_classification.R,25,ok,97.586402445,1775.620000000,18.195362832,
script_61,gpt,optimized,r,machine_learning_workflows,01_pipeline_cv_gridsearch_classification,/home/romakrut/PycharmProjects/masters-thesis/task_equivalents/llm_translations/gpt/optimized/r/machine_learning_workflows/01_pipeline_cv_gridsearch_classification.R,26,ok,102.618715657,1866.540000000,18.189079721,
script_61,gpt,optimized,r,machine_learning_workflows,01_pipeline_cv_gridsearch_classification,/home/romakrut/PycharmProjects/masters-thesis/task_equivalents/llm_translations/gpt/optimized/r/machine_learning_workflows/01_pipeline_cv_gridsearch_classification.R,27,ok,99.078513650,1816.500000000,18.333944799,
script_61,gpt,optimized,r,machine_learning_workflows,01_pipeline_cv_gridsearch_classification,/home/romakrut/PycharmProjects/masters-thesis/task_equivalents/llm_translations/gpt/optimized/r/machine_learning_workflows/01_pipeline_cv_gridsearch_classification.R,28,ok,100.809573550,1840.600000000,18.258186551,
script_61,gpt,optimized,r,machine_learning_workflows,01_pipeline_cv_gridsearch_classification,/home/romakrut/PycharmProjects/masters-thesis/task_equivalents/llm_translations/gpt/optimized/r/machine_learning_workflows/01_pipeline_cv_gridsearch_classification.R,29,ok,111.979747919,2004.360000000,17.899308020,
script_61,gpt,optimized,r,machine_learning_workflows,01_pipeline_cv_gridsearch_classification,/home/romakrut/PycharmProjects/masters-thesis/task_equivalents/llm_translations/gpt/optimized/r/machine_learning_workflows/01_pipeline_cv_gridsearch_classification.R,30,ok,103.199040038,1895.830000000,18.370616619,
script_19,gemini,optimized,python,data_visualization,01_scatter_trend_grouped,/home/romakrut/PycharmProjects/masters-thesis/task_equivalents/llm_translations/gemini/optimized/python/data_visualization/01_scatter_trend_grouped.py,1,ok,0.369528721,6.170000000,16.696943023,
script_19,gemini,optimized,python,data_visualization,01_scatter_trend_grouped,/home/romakrut/PycharmProjects/masters-thesis/task_equivalents/llm_translations/gemini/optimized/python/data_visualization/01_scatter_trend_grouped.py,2,ok,0.374417683,6.140000000,16.398798130,
script_19,gemini,optimized,python,data_visualization,01_scatter_trend_grouped,/home/romakrut/PycharmProjects/masters-thesis/task_equivalents/llm_translations/gemini/optimized/python/data_visualization/01_scatter_trend_grouped.py,3,ok,0.370609213,6.170000000,16.648263949,
script_19,gemini,optimized,python,data_visualization,01_scatter_trend_grouped,/home/romakrut/PycharmProjects/masters-thesis/task_equivalents/llm_translations/gemini/optimized/python/data_visualization/01_scatter_trend_grouped.py,4,ok,0.371282552,6.120000000,16.483403185,
script_19,gemini,optimized,python,data_visualization,01_scatter_trend_grouped,/home/romakrut/PycharmProjects/masters-thesis/task_equivalents/llm_translations/gemini/optimized/python/data_visualization/01_scatter_trend_grouped.py,5,ok,0.371688816,6.200000000,16.680620275,
script_19,gemini,optimized,python,data_visualization,01_scatter_trend_grouped,/home/romakrut/PycharmProjects/masters-thesis/task_equivalents/llm_translations/gemini/optimized/python/data_visualization/01_scatter_trend_grouped.py,6,ok,0.370482920,6.210000000,16.761906325,
script_19,gemini,optimized,python,data_visualization,01_scatter_trend_grouped,/home/romakrut/PycharmProjects/masters-thesis/task_equivalents/llm_translations/gemini/optimized/python/data_visualization/01_scatter_trend_grouped.py,7,ok,0.371524823,6.140000000,16.526486576,
script_19,gemini,optimized,python,data_visualization,01_scatter_trend_grouped,/home/romakrut/PycharmProjects/masters-thesis/task_equivalents/llm_translations/gemini/optimized/python/data_visualization/01_scatter_trend_grouped.py,8,ok,0.372179407,6.070000000,16.309338684,
script_19,gemini,optimized,python,data_visualization,01_scatter_trend_grouped,/home/romakrut/PycharmProjects/masters-thesis/task_equivalents/llm_translations/gemini/optimized/python/data_visualization/01_scatter_trend_grouped.py,9,ok,0.372098647,6.210000000,16.689122764,
script_19,gemini,optimized,python,data_visualization,01_scatter_trend_grouped,/home/romakrut/PycharmProjects/masters-thesis/task_equivalents/llm_translations/gemini/optimized/python/data_visualization/01_scatter_trend_grouped.py,10,ok,0.372396763,6.280000000,16.863734124,
script_19,gemini,optimized,python,data_visualization,01_scatter_trend_grouped,/home/romakrut/PycharmProjects/masters-thesis/task_equivalents/llm_translations/gemini/optimized/python/data_visualization/01_scatter_trend_grouped.py,11,ok,0.372182977,6.220000000,16.712209812,
script_19,gemini,optimized,python,data_visualization,01_scatter_trend_grouped,/home/romakrut/PycharmProjects/masters-thesis/task_equivalents/llm_translations/gemini/optimized/python/data_visualization/01_scatter_trend_grouped.py,12,ok,0.371130440,6.110000000,16.463214389,
script_19,gemini,optimized,python,data_visualization,01_scatter_trend_grouped,/home/romakrut/PycharmProjects/masters-thesis/task_equivalents/llm_translations/gemini/optimized/python/data_visualization/01_scatter_trend_grouped.py,13,ok,0.371848865,6.140000000,16.512084822,
script_19,gemini,optimized,python,data_visualization,01_scatter_trend_grouped,/home/romakrut/PycharmProjects/masters-thesis/task_equivalents/llm_translations/gemini/optimized/python/data_visualization/01_scatter_trend_grouped.py,14,ok,0.372398531,6.320000000,16.971065871,
script_19,gemini,optimized,python,data_visualization,01_scatter_trend_grouped,/home/romakrut/PycharmProjects/masters-thesis/task_equivalents/llm_translations/gemini/optimized/python/data_visualization/01_scatter_trend_grouped.py,15,ok,0.370738920,6.270000000,16.912170969,
script_19,gemini,optimized,python,data_visualization,01_scatter_trend_grouped,/home/romakrut/PycharmProjects/masters-thesis/task_equivalents/llm_translations/gemini/optimized/python/data_visualization/01_scatter_trend_grouped.py,16,ok,0.372186497,6.070000000,16.309027998,
script_19,gemini,optimized,python,data_visualization,01_scatter_trend_grouped,/home/romakrut/PycharmProjects/masters-thesis/task_equivalents/llm_translations/gemini/optimized/python/data_visualization/01_scatter_trend_grouped.py,17,ok,0.373102449,6.280000000,16.831838056,
script_19,gemini,optimized,python,data_visualization,01_scatter_trend_grouped,/home/romakrut/PycharmProjects/masters-thesis/task_equivalents/llm_translations/gemini/optimized/python/data_visualization/01_scatter_trend_grouped.py,18,ok,0.371264913,6.270000000,16.888210495,
script_19,gemini,optimized,python,data_visualization,01_scatter_trend_grouped,/home/romakrut/PycharmProjects/masters-thesis/task_equivalents/llm_translations/gemini/optimized/python/data_visualization/01_scatter_trend_grouped.py,19,ok,0.369663929,6.320000000,17.096609932,
script_19,gemini,optimized,python,data_visualization,01_scatter_trend_grouped,/home/romakrut/PycharmProjects/masters-thesis/task_equivalents/llm_translations/gemini/optimized/python/data_visualization/01_scatter_trend_grouped.py,20,ok,0.372762385,6.220000000,16.686232974,
script_19,gemini,optimized,python,data_visualization,01_scatter_trend_grouped,/home/romakrut/PycharmProjects/masters-thesis/task_equivalents/llm_translations/gemini/optimized/python/data_visualization/01_scatter_trend_grouped.py,21,ok,0.371412706,6.270000000,16.881490317,
script_19,gemini,optimized,python,data_visualization,01_scatter_trend_grouped,/home/romakrut/PycharmProjects/masters-thesis/task_equivalents/llm_translations/gemini/optimized/python/data_visualization/01_scatter_trend_grouped.py,22,ok,0.371224556,6.300000000,16.970860085,
script_19,gemini,optimized,python,data_visualization,01_scatter_trend_grouped,/home/romakrut/PycharmProjects/masters-thesis/task_equivalents/llm_translations/gemini/optimized/python/data_visualization/01_scatter_trend_grouped.py,23,ok,0.373652386,6.290000000,16.833828006,
script_19,gemini,optimized,python,data_visualization,01_scatter_trend_grouped,/home/romakrut/PycharmProjects/masters-thesis/task_equivalents/llm_translations/gemini/optimized/python/data_visualization/01_scatter_trend_grouped.py,24,ok,0.370141888,6.180000000,16.696299988,
script_19,gemini,optimized,python,data_visualization,01_scatter_trend_grouped,/home/romakrut/PycharmProjects/masters-thesis/task_equivalents/llm_translations/gemini/optimized/python/data_visualization/01_scatter_trend_grouped.py,25,ok,0.370819331,6.130000000,16.530961273,
script_19,gemini,optimized,python,data_visualization,01_scatter_trend_grouped,/home/romakrut/PycharmProjects/masters-thesis/task_equivalents/llm_translations/gemini/optimized/python/data_visualization/01_scatter_trend_grouped.py,26,ok,0.372468327,6.120000000,16.430927293,
script_19,gemini,optimized,python,data_visualization,01_scatter_trend_grouped,/home/romakrut/PycharmProjects/masters-thesis/task_equivalents/llm_translations/gemini/optimized/python/data_visualization/01_scatter_trend_grouped.py,27,ok,0.372531752,6.280000000,16.857623454,
script_19,gemini,optimized,python,data_visualization,01_scatter_trend_grouped,/home/romakrut/PycharmProjects/masters-thesis/task_equivalents/llm_translations/gemini/optimized/python/data_visualization/01_scatter_trend_grouped.py,28,ok,0.372272970,6.180000000,16.600721777,
script_19,gemini,optimized,python,data_visualization,01_scatter_trend_grouped,/home/romakrut/PycharmProjects/masters-thesis/task_equivalents/llm_translations/gemini/optimized/python/data_visualization/01_scatter_trend_grouped.py,29,ok,0.371134086,6.160000000,16.597774854,
script_19,gemini,optimized,python,data_visualization,01_scatter_trend_grouped,/home/romakrut/PycharmProjects/masters-thesis/task_equivalents/llm_translations/gemini/optimized/python/data_visualization/01_scatter_trend_grouped.py,30,ok,0.373465141,6.280000000,16.815491757,
script_20,gemini,optimized,python,data_visualization,02_distribution_boxplot,/home/romakrut/PycharmProjects/masters-thesis/task_equivalents/llm_translations/gemini/optimized/python/data_visualization/02_distribution_boxplot.py,1,ok,0.481262017,8.110000000,16.851527263,
script_20,gemini,optimized,python,data_visualization,02_distribution_boxplot,/home/romakrut/PycharmProjects/masters-thesis/task_equivalents/llm_translations/gemini/optimized/python/data_visualization/02_distribution_boxplot.py,2,ok,0.483562966,8.250000000,17.060859867,
script_20,gemini,optimized,python,data_visualization,02_distribution_boxplot,/home/romakrut/PycharmProjects/masters-thesis/task_equivalents/llm_translations/gemini/optimized/python/data_visualization/02_distribution_boxplot.py,3,ok,0.484723164,7.980000000,16.463005263,
script_20,gemini,optimized,python,data_visualization,02_distribution_boxplot,/home/romakrut/PycharmProjects/masters-thesis/task_equivalents/llm_translations/gemini/optimized/python/data_visualization/02_distribution_boxplot.py,4,ok,0.484732118,8.010000000,16.524591011,
script_20,gemini,optimized,python,data_visualization,02_distribution_boxplot,/home/romakrut/PycharmProjects/masters-thesis/task_equivalents/llm_translations/gemini/optimized/python/data_visualization/02_distribution_boxplot.py,5,ok,0.483364809,7.990000000,16.529958018,
script_20,gemini,optimized,python,data_visualization,02_distribution_boxplot,/home/romakrut/PycharmProjects/masters-thesis/task_equivalents/llm_translations/gemini/optimized/python/data_visualization/02_distribution_boxplot.py,6,ok,0.484117734,8.040000000,16.607530432,
script_20,gemini,optimized,python,data_visualization,02_distribution_boxplot,/home/romakrut/PycharmProjects/masters-thesis/task_equivalents/llm_translations/gemini/optimized/python/data_visualization/02_distribution_boxplot.py,7,ok,0.484196829,7.920000000,16.356984444,
script_20,gemini,optimized,python,data_visualization,02_distribution_boxplot,/home/romakrut/PycharmProjects/masters-thesis/task_equivalents/llm_translations/gemini/optimized/python/data_visualization/02_distribution_boxplot.py,8,ok,0.480382656,8.120000000,16.903191442,
script_20,gemini,optimized,python,data_visualization,02_distribution_boxplot,/home/romakrut/PycharmProjects/masters-thesis/task_equivalents/llm_translations/gemini/optimized/python/data_visualization/02_distribution_boxplot.py,9,ok,0.484026729,8.130000000,16.796593066,
script_20,gemini,optimized,python,data_visualization,02_distribution_boxplot,/home/romakrut/PycharmProjects/masters-thesis/task_equivalents/llm_translations/gemini/optimized/python/data_visualization/02_distribution_boxplot.py,10,ok,0.485372988,8.180000000,16.853018611,
script_20,gemini,optimized,python,data_visualization,02_distribution_boxplot,/home/romakrut/PycharmProjects/masters-thesis/task_equivalents/llm_translations/gemini/optimized/python/data_visualization/02_distribution_boxplot.py,11,ok,0.483921023,8.090000000,16.717603938,
script_20,gemini,optimized,python,data_visualization,02_distribution_boxplot,/home/romakrut/PycharmProjects/masters-thesis/task_equivalents/llm_translations/gemini/optimized/python/data_visualization/02_distribution_boxplot.py,12,ok,0.483010628,8.180000000,16.935445155,
script_20,gemini,optimized,python,data_visualization,02_distribution_boxplot,/home/romakrut/PycharmProjects/masters-thesis/task_equivalents/llm_translations/gemini/optimized/python/data_visualization/02_distribution_boxplot.py,13,ok,0.483954426,8.220000000,16.985070408,
script_20,gemini,optimized,python,data_visualization,02_distribution_boxplot,/home/romakrut/PycharmProjects/masters-thesis/task_equivalents/llm_translations/gemini/optimized/python/data_visualization/02_distribution_boxplot.py,14,ok,0.482669790,7.980000000,16.533042186,
script_20,gemini,optimized,python,data_visualization,02_distribution_boxplot,/home/romakrut/PycharmProjects/masters-thesis/task_equivalents/llm_translations/gemini/optimized/python/data_visualization/02_distribution_boxplot.py,15,ok,0.484067535,8.090000000,16.712544046,
script_20,gemini,optimized,python,data_visualization,02_distribution_boxplot,/home/romakrut/PycharmProjects/masters-thesis/task_equivalents/llm_translations/gemini/optimized/python/data_visualization/02_distribution_boxplot.py,16,ok,0.481119926,8.200000000,17.043567636,
script_20,gemini,optimized,python,data_visualization,02_distribution_boxplot,/home/romakrut/PycharmProjects/masters-thesis/task_equivalents/llm_translations/gemini/optimized/python/data_visualization/02_distribution_boxplot.py,17,ok,0.478618469,8.170000000,17.069963926,
script_20,gemini,optimized,python,data_visualization,02_distribution_boxplot,/home/romakrut/PycharmProjects/masters-thesis/task_equivalents/llm_translations/gemini/optimized/python/data_visualization/02_distribution_boxplot.py,18,ok,0.479888140,8.120000000,16.920609874,
script_20,gemini,optimized,python,data_visualization,02_distribution_boxplot,/home/romakrut/PycharmProjects/masters-thesis/task_equivalents/llm_translations/gemini/optimized/python/data_visualization/02_distribution_boxplot.py,19,ok,0.482602625,8.010000000,16.597506074,
script_20,gemini,optimized,python,data_visualization,02_distribution_boxplot,/home/romakrut/PycharmProjects/masters-thesis/task_equivalents/llm_translations/gemini/optimized/python/data_visualization/02_distribution_boxplot.py,20,ok,0.483338244,8.220000000,17.006723763,
script_20,gemini,optimized,python,data_visualization,02_distribution_boxplot,/home/romakrut/PycharmProjects/masters-thesis/task_equivalents/llm_translations/gemini/optimized/python/data_visualization/02_distribution_boxplot.py,21,ok,0.481058867,8.100000000,16.837856145,
script_20,gemini,optimized,python,data_visualization,02_distribution_boxplot,/home/romakrut/PycharmProjects/masters-thesis/task_equivalents/llm_translations/gemini/optimized/python/data_visualization/02_distribution_boxplot.py,22,ok,0.483453407,8.190000000,16.940619057,
script_20,gemini,optimized,python,data_visualization,02_distribution_boxplot,/home/romakrut/PycharmProjects/masters-thesis/task_equivalents/llm_translations/gemini/optimized/python/data_visualization/02_distribution_boxplot.py,23,ok,0.482754697,8.150000000,16.882280070,
script_20,gemini,optimized,python,data_visualization,02_distribution_boxplot,/home/romakrut/PycharmProjects/masters-thesis/task_equivalents/llm_translations/gemini/optimized/python/data_visualization/02_distribution_boxplot.py,24,ok,0.484545065,8.190000000,16.902452613,
script_20,gemini,optimized,python,data_visualization,02_distribution_boxplot,/home/romakrut/PycharmProjects/masters-thesis/task_equivalents/llm_translations/gemini/optimized/python/data_visualization/02_distribution_boxplot.py,25,ok,0.483313059,8.130000000,16.821395260,
script_20,gemini,optimized,python,data_visualization,02_distribution_boxplot,/home/romakrut/PycharmProjects/masters-thesis/task_equivalents/llm_translations/gemini/optimized/python/data_visualization/02_distribution_boxplot.py,26,ok,0.482065172,8.200000000,17.010148163,
script_20,gemini,optimized,python,data_visualization,02_distribution_boxplot,/home/romakrut/PycharmProjects/masters-thesis/task_equivalents/llm_translations/gemini/optimized/python/data_visualization/02_distribution_boxplot.py,27,ok,0.482078449,8.170000000,16.947449148,
script_20,gemini,optimized,python,data_visualization,02_distribution_boxplot,/home/romakrut/PycharmProjects/masters-thesis/task_equivalents/llm_translations/gemini/optimized/python/data_visualization/02_distribution_boxplot.py,28,ok,0.483748553,8.160000000,16.868267511,
script_20,gemini,optimized,python,data_visualization,02_distribution_boxplot,/home/romakrut/PycharmProjects/masters-thesis/task_equivalents/llm_translations/gemini/optimized/python/data_visualization/02_distribution_boxplot.py,29,ok,0.482028737,8.290000000,17.198144765,
script_20,gemini,optimized,python,data_visualization,02_distribution_boxplot,/home/romakrut/PycharmProjects/masters-thesis/task_equivalents/llm_translations/gemini/optimized/python/data_visualization/02_distribution_boxplot.py,30,ok,0.484252091,8.190000000,16.912678649,
script_105,starcoder,base,r,data_manipulation_preprocessing,01_impute_encode_scale,/home/romakrut/PycharmProjects/masters-thesis/task_equivalents/llm_translations/starcoder/base/r/data_manipulation_preprocessing/01_impute_encode_scale.R,1,ok,1.219187510,21.180000000,17.372225213,
script_105,starcoder,base,r,data_manipulation_preprocessing,01_impute_encode_scale,/home/romakrut/PycharmProjects/masters-thesis/task_equivalents/llm_translations/starcoder/base/r/data_manipulation_preprocessing/01_impute_encode_scale.R,2,ok,1.226521351,21.050000000,17.162359206,
script_105,starcoder,base,r,data_manipulation_preprocessing,01_impute_encode_scale,/home/romakrut/PycharmProjects/masters-thesis/task_equivalents/llm_translations/starcoder/base/r/data_manipulation_preprocessing/01_impute_encode_scale.R,3,ok,1.218839778,21.360000000,17.524862895,
script_105,starcoder,base,r,data_manipulation_preprocessing,01_impute_encode_scale,/home/romakrut/PycharmProjects/masters-thesis/task_equivalents/llm_translations/starcoder/base/r/data_manipulation_preprocessing/01_impute_encode_scale.R,4,ok,1.217192106,21.190000000,17.408920002,
script_105,starcoder,base,r,data_manipulation_preprocessing,01_impute_encode_scale,/home/romakrut/PycharmProjects/masters-thesis/task_equivalents/llm_translations/starcoder/base/r/data_manipulation_preprocessing/01_impute_encode_scale.R,5,ok,1.219927108,21.320000000,17.476454011,
script_105,starcoder,base,r,data_manipulation_preprocessing,01_impute_encode_scale,/home/romakrut/PycharmProjects/masters-thesis/task_equivalents/llm_translations/starcoder/base/r/data_manipulation_preprocessing/01_impute_encode_scale.R,6,ok,1.217222677,21.390000000,17.572791244,
script_105,starcoder,base,r,data_manipulation_preprocessing,01_impute_encode_scale,/home/romakrut/PycharmProjects/masters-thesis/task_equivalents/llm_translations/starcoder/base/r/data_manipulation_preprocessing/01_impute_encode_scale.R,7,ok,1.218816648,21.430000000,17.582628228,
script_105,starcoder,base,r,data_manipulation_preprocessing,01_impute_encode_scale,/home/romakrut/PycharmProjects/masters-thesis/task_equivalents/llm_translations/starcoder/base/r/data_manipulation_preprocessing/01_impute_encode_scale.R,8,ok,1.217788894,21.400000000,17.572832291,
script_105,starcoder,base,r,data_manipulation_preprocessing,01_impute_encode_scale,/home/romakrut/PycharmProjects/masters-thesis/task_equivalents/llm_translations/starcoder/base/r/data_manipulation_preprocessing/01_impute_encode_scale.R,9,ok,1.214441558,21.290000000,17.530691255,
script_105,starcoder,base,r,data_manipulation_preprocessing,01_impute_encode_scale,/home/romakrut/PycharmProjects/masters-thesis/task_equivalents/llm_translations/starcoder/base/r/data_manipulation_preprocessing/01_impute_encode_scale.R,10,ok,1.218052052,21.530000000,17.675763498,
script_105,starcoder,base,r,data_manipulation_preprocessing,01_impute_encode_scale,/home/romakrut/PycharmProjects/masters-thesis/task_equivalents/llm_translations/starcoder/base/r/data_manipulation_preprocessing/01_impute_encode_scale.R,11,ok,1.216360521,21.440000000,17.626353067,
script_105,starcoder,base,r,data_manipulation_preprocessing,01_impute_encode_scale,/home/romakrut/PycharmProjects/masters-thesis/task_equivalents/llm_translations/starcoder/base/r/data_manipulation_preprocessing/01_impute_encode_scale.R,12,ok,1.217655687,21.600000000,17.739004737,
script_105,starcoder,base,r,data_manipulation_preprocessing,01_impute_encode_scale,/home/romakrut/PycharmProjects/masters-thesis/task_equivalents/llm_translations/starcoder/base/r/data_manipulation_preprocessing/01_impute_encode_scale.R,13,ok,1.217801925,21.400000000,17.572644254,
script_105,starcoder,base,r,data_manipulation_preprocessing,01_impute_encode_scale,/home/romakrut/PycharmProjects/masters-thesis/task_equivalents/llm_translations/starcoder/base/r/data_manipulation_preprocessing/01_impute_encode_scale.R,14,ok,1.225897309,21.650000000,17.660533098,
script_105,starcoder,base,r,data_manipulation_preprocessing,01_impute_encode_scale,/home/romakrut/PycharmProjects/masters-thesis/task_equivalents/llm_translations/starcoder/base/r/data_manipulation_preprocessing/01_impute_encode_scale.R,15,ok,1.221474827,21.840000000,17.880024637,
script_105,starcoder,base,r,data_manipulation_preprocessing,01_impute_encode_scale,/home/romakrut/PycharmProjects/masters-thesis/task_equivalents/llm_translations/starcoder/base/r/data_manipulation_preprocessing/01_impute_encode_scale.R,16,ok,1.216450481,21.630000000,17.781241685,
script_105,starcoder,base,r,data_manipulation_preprocessing,01_impute_encode_scale,/home/romakrut/PycharmProjects/masters-thesis/task_equivalents/llm_translations/starcoder/base/r/data_manipulation_preprocessing/01_impute_encode_scale.R,17,ok,1.219904222,21.730000000,17.812873837,
script_105,starcoder,base,r,data_manipulation_preprocessing,01_impute_encode_scale,/home/romakrut/PycharmProjects/masters-thesis/task_equivalents/llm_translations/starcoder/base/r/data_manipulation_preprocessing/01_impute_encode_scale.R,18,ok,1.216331722,21.700000000,17.840527882,
script_105,starcoder,base,r,data_manipulation_preprocessing,01_impute_encode_scale,/home/romakrut/PycharmProjects/masters-thesis/task_equivalents/llm_translations/starcoder/base/r/data_manipulation_preprocessing/01_impute_encode_scale.R,19,ok,1.216330821,21.670000000,17.815876755,
script_105,starcoder,base,r,data_manipulation_preprocessing,01_impute_encode_scale,/home/romakrut/PycharmProjects/masters-thesis/task_equivalents/llm_translations/starcoder/base/r/data_manipulation_preprocessing/01_impute_encode_scale.R,20,ok,1.218878176,21.540000000,17.671987590,
script_105,starcoder,base,r,data_manipulation_preprocessing,01_impute_encode_scale,/home/romakrut/PycharmProjects/masters-thesis/task_equivalents/llm_translations/starcoder/base/r/data_manipulation_preprocessing/01_impute_encode_scale.R,21,ok,1.221883293,21.780000000,17.824942959,
script_105,starcoder,base,r,data_manipulation_preprocessing,01_impute_encode_scale,/home/romakrut/PycharmProjects/masters-thesis/task_equivalents/llm_translations/starcoder/base/r/data_manipulation_preprocessing/01_impute_encode_scale.R,22,ok,1.219628337,21.590000000,17.702114115,
script_105,starcoder,base,r,data_manipulation_preprocessing,01_impute_encode_scale,/home/romakrut/PycharmProjects/masters-thesis/task_equivalents/llm_translations/starcoder/base/r/data_manipulation_preprocessing/01_impute_encode_scale.R,23,ok,1.233676895,21.510000000,17.435683595,
script_105,starcoder,base,r,data_manipulation_preprocessing,01_impute_encode_scale,/home/romakrut/PycharmProjects/masters-thesis/task_equivalents/llm_translations/starcoder/base/r/data_manipulation_preprocessing/01_impute_encode_scale.R,24,ok,1.222944160,21.810000000,17.834011326,
script_105,starcoder,base,r,data_manipulation_preprocessing,01_impute_encode_scale,/home/romakrut/PycharmProjects/masters-thesis/task_equivalents/llm_translations/starcoder/base/r/data_manipulation_preprocessing/01_impute_encode_scale.R,25,ok,1.220250311,21.540000000,17.652115968,
script_105,starcoder,base,r,data_manipulation_preprocessing,01_impute_encode_scale,/home/romakrut/PycharmProjects/masters-thesis/task_equivalents/llm_translations/starcoder/base/r/data_manipulation_preprocessing/01_impute_encode_scale.R,26,ok,1.228499766,21.670000000,17.639400999,
script_105,starcoder,base,r,data_manipulation_preprocessing,01_impute_encode_scale,/home/romakrut/PycharmProjects/masters-thesis/task_equivalents/llm_translations/starcoder/base/r/data_manipulation_preprocessing/01_impute_encode_scale.R,27,ok,1.217562672,21.670000000,17.797851805,
script_105,starcoder,base,r,data_manipulation_preprocessing,01_impute_encode_scale,/home/romakrut/PycharmProjects/masters-thesis/task_equivalents/llm_translations/starcoder/base/r/data_manipulation_preprocessing/01_impute_encode_scale.R,28,ok,1.230507396,21.630000000,17.578114581,
script_105,starcoder,base,r,data_manipulation_preprocessing,01_impute_encode_scale,/home/romakrut/PycharmProjects/masters-thesis/task_equivalents/llm_translations/starcoder/base/r/data_manipulation_preprocessing/01_impute_encode_scale.R,29,ok,1.220584632,21.540000000,17.647281012,
script_105,starcoder,base,r,data_manipulation_preprocessing,01_impute_encode_scale,/home/romakrut/PycharmProjects/masters-thesis/task_equivalents/llm_translations/starcoder/base/r/data_manipulation_preprocessing/01_impute_encode_scale.R,30,ok,1.222047018,21.740000000,17.789822879,
script_63,gpt,optimized,r,statistical_modelling_analysis,01_linear_regression_inference,/home/romakrut/PycharmProjects/masters-thesis/task_equivalents/llm_translations/gpt/optimized/r/statistical_modelling_analysis/01_linear_regression_inference.R,1,ok,0.385199410,6.760000000,17.549351906,
script_63,gpt,optimized,r,statistical_modelling_analysis,01_linear_regression_inference,/home/romakrut/PycharmProjects/masters-thesis/task_equivalents/llm_translations/gpt/optimized/r/statistical_modelling_analysis/01_linear_regression_inference.R,2,ok,0.387264332,6.580000000,16.990978658,
script_63,gpt,optimized,r,statistical_modelling_analysis,01_linear_regression_inference,/home/romakrut/PycharmProjects/masters-thesis/task_equivalents/llm_translations/gpt/optimized/r/statistical_modelling_analysis/01_linear_regression_inference.R,3,ok,0.386327447,6.780000000,17.549879131,
script_63,gpt,optimized,r,statistical_modelling_analysis,01_linear_regression_inference,/home/romakrut/PycharmProjects/masters-thesis/task_equivalents/llm_translations/gpt/optimized/r/statistical_modelling_analysis/01_linear_regression_inference.R,4,ok,0.385149704,6.670000000,17.317941389,
script_63,gpt,optimized,r,statistical_modelling_analysis,01_linear_regression_inference,/home/romakrut/PycharmProjects/masters-thesis/task_equivalents/llm_translations/gpt/optimized/r/statistical_modelling_analysis/01_linear_regression_inference.R,5,ok,0.383494651,6.700000000,17.470908610,
script_63,gpt,optimized,r,statistical_modelling_analysis,01_linear_regression_inference,/home/romakrut/PycharmProjects/masters-thesis/task_equivalents/llm_translations/gpt/optimized/r/statistical_modelling_analysis/01_linear_regression_inference.R,6,ok,0.384446950,6.760000000,17.583700430,
script_63,gpt,optimized,r,statistical_modelling_analysis,01_linear_regression_inference,/home/romakrut/PycharmProjects/masters-thesis/task_equivalents/llm_translations/gpt/optimized/r/statistical_modelling_analysis/01_linear_regression_inference.R,7,ok,0.388029755,6.650000000,17.137860987,
script_63,gpt,optimized,r,statistical_modelling_analysis,01_linear_regression_inference,/home/romakrut/PycharmProjects/masters-thesis/task_equivalents/llm_translations/gpt/optimized/r/statistical_modelling_analysis/01_linear_regression_inference.R,8,ok,0.388614175,6.740000000,17.343680271,
script_63,gpt,optimized,r,statistical_modelling_analysis,01_linear_regression_inference,/home/romakrut/PycharmProjects/masters-thesis/task_equivalents/llm_translations/gpt/optimized/r/statistical_modelling_analysis/01_linear_regression_inference.R,9,ok,0.384225487,6.700000000,17.437677163,
script_63,gpt,optimized,r,statistical_modelling_analysis,01_linear_regression_inference,/home/romakrut/PycharmProjects/masters-thesis/task_equivalents/llm_translations/gpt/optimized/r/statistical_modelling_analysis/01_linear_regression_inference.R,10,ok,0.386260718,6.720000000,17.397575489,
script_63,gpt,optimized,r,statistical_modelling_analysis,01_linear_regression_inference,/home/romakrut/PycharmProjects/masters-thesis/task_equivalents/llm_translations/gpt/optimized/r/statistical_modelling_analysis/01_linear_regression_inference.R,11,ok,0.386652808,6.660000000,17.224755290,
script_63,gpt,optimized,r,statistical_modelling_analysis,01_linear_regression_inference,/home/romakrut/PycharmProjects/masters-thesis/task_equivalents/llm_translations/gpt/optimized/r/statistical_modelling_analysis/01_linear_regression_inference.R,12,ok,0.391957954,6.730000000,17.170209027,
script_63,gpt,optimized,r,statistical_modelling_analysis,01_linear_regression_inference,/home/romakrut/PycharmProjects/masters-thesis/task_equivalents/llm_translations/gpt/optimized/r/statistical_modelling_analysis/01_linear_regression_inference.R,13,ok,0.384452161,6.650000000,17.297340670,
script_63,gpt,optimized,r,statistical_modelling_analysis,01_linear_regression_inference,/home/romakrut/PycharmProjects/masters-thesis/task_equivalents/llm_translations/gpt/optimized/r/statistical_modelling_analysis/01_linear_regression_inference.R,14,ok,0.383074354,6.780000000,17.698913877,
script_63,gpt,optimized,r,statistical_modelling_analysis,01_linear_regression_inference,/home/romakrut/PycharmProjects/masters-thesis/task_equivalents/llm_translations/gpt/optimized/r/statistical_modelling_analysis/01_linear_regression_inference.R,15,ok,0.384623710,6.700000000,17.419622935,
script_63,gpt,optimized,r,statistical_modelling_analysis,01_linear_regression_inference,/home/romakrut/PycharmProjects/masters-thesis/task_equivalents/llm_translations/gpt/optimized/r/statistical_modelling_analysis/01_linear_regression_inference.R,16,ok,0.383967110,6.720000000,17.501499022,
script_63,gpt,optimized,r,statistical_modelling_analysis,01_linear_regression_inference,/home/romakrut/PycharmProjects/masters-thesis/task_equivalents/llm_translations/gpt/optimized/r/statistical_modelling_analysis/01_linear_regression_inference.R,17,ok,0.384462884,6.800000000,17.687012929,
script_63,gpt,optimized,r,statistical_modelling_analysis,01_linear_regression_inference,/home/romakrut/PycharmProjects/masters-thesis/task_equivalents/llm_translations/gpt/optimized/r/statistical_modelling_analysis/01_linear_regression_inference.R,18,ok,0.383212120,6.690000000,17.457694188,
script_63,gpt,optimized,r,statistical_modelling_analysis,01_linear_regression_inference,/home/romakrut/PycharmProjects/masters-thesis/task_equivalents/llm_translations/gpt/optimized/r/statistical_modelling_analysis/01_linear_regression_inference.R,19,ok,0.387537406,6.800000000,17.546693286,
script_63,gpt,optimized,r,statistical_modelling_analysis,01_linear_regression_inference,/home/romakrut/PycharmProjects/masters-thesis/task_equivalents/llm_translations/gpt/optimized/r/statistical_modelling_analysis/01_linear_regression_inference.R,20,ok,0.383842605,6.860000000,17.871908722,
script_63,gpt,optimized,r,statistical_modelling_analysis,01_linear_regression_inference,/home/romakrut/PycharmProjects/masters-thesis/task_equivalents/llm_translations/gpt/optimized/r/statistical_modelling_analysis/01_linear_regression_inference.R,21,ok,0.380755300,6.770000000,17.780448493,
script_63,gpt,optimized,r,statistical_modelling_analysis,01_linear_regression_inference,/home/romakrut/PycharmProjects/masters-thesis/task_equivalents/llm_translations/gpt/optimized/r/statistical_modelling_analysis/01_linear_regression_inference.R,22,ok,0.385273891,6.810000000,17.675737077,
script_63,gpt,optimized,r,statistical_modelling_analysis,01_linear_regression_inference,/home/romakrut/PycharmProjects/masters-thesis/task_equivalents/llm_translations/gpt/optimized/r/statistical_modelling_analysis/01_linear_regression_inference.R,23,ok,0.386576305,6.820000000,17.642053876,
script_63,gpt,optimized,r,statistical_modelling_analysis,01_linear_regression_inference,/home/romakrut/PycharmProjects/masters-thesis/task_equivalents/llm_translations/gpt/optimized/r/statistical_modelling_analysis/01_linear_regression_inference.R,24,ok,0.383316846,6.760000000,17.635541121,
script_63,gpt,optimized,r,statistical_modelling_analysis,01_linear_regression_inference,/home/romakrut/PycharmProjects/masters-thesis/task_equivalents/llm_translations/gpt/optimized/r/statistical_modelling_analysis/01_linear_regression_inference.R,25,ok,0.380542585,6.610000000,17.369935089,
script_63,gpt,optimized,r,statistical_modelling_analysis,01_linear_regression_inference,/home/romakrut/PycharmProjects/masters-thesis/task_equivalents/llm_translations/gpt/optimized/r/statistical_modelling_analysis/01_linear_regression_inference.R,26,ok,0.385637959,6.750000000,17.503463657,
script_63,gpt,optimized,r,statistical_modelling_analysis,01_linear_regression_inference,/home/romakrut/PycharmProjects/masters-thesis/task_equivalents/llm_translations/gpt/optimized/r/statistical_modelling_analysis/01_linear_regression_inference.R,27,ok,0.386341671,6.740000000,17.445697697,
script_63,gpt,optimized,r,statistical_modelling_analysis,01_linear_regression_inference,/home/romakrut/PycharmProjects/masters-thesis/task_equivalents/llm_translations/gpt/optimized/r/statistical_modelling_analysis/01_linear_regression_inference.R,28,ok,0.385630371,6.900000000,17.892781583,
script_63,gpt,optimized,r,statistical_modelling_analysis,01_linear_regression_inference,/home/romakrut/PycharmProjects/masters-thesis/task_equivalents/llm_translations/gpt/optimized/r/statistical_modelling_analysis/01_linear_regression_inference.R,29,ok,0.391176476,6.760000000,17.281202768,
script_63,gpt,optimized,r,statistical_modelling_analysis,01_linear_regression_inference,/home/romakrut/PycharmProjects/masters-thesis/task_equivalents/llm_translations/gpt/optimized/r/statistical_modelling_analysis/01_linear_regression_inference.R,30,ok,0.385022434,6.790000000,17.635336023,
script_70,llama,base,python,machine_learning_workflows,02_regression_workflow_feature_importance,/home/romakrut/PycharmProjects/masters-thesis/task_equivalents/llm_translations/llama/base/python/machine_learning_workflows/02_regression_workflow_feature_importance.py,1,ok,12.163181163,191.090000000,15.710528145,
script_70,llama,base,python,machine_learning_workflows,02_regression_workflow_feature_importance,/home/romakrut/PycharmProjects/masters-thesis/task_equivalents/llm_translations/llama/base/python/machine_learning_workflows/02_regression_workflow_feature_importance.py,2,ok,12.246982968,195.750000000,15.983528393,
script_70,llama,base,python,machine_learning_workflows,02_regression_workflow_feature_importance,/home/romakrut/PycharmProjects/masters-thesis/task_equivalents/llm_translations/llama/base/python/machine_learning_workflows/02_regression_workflow_feature_importance.py,3,ok,12.187560198,192.570000000,15.800537341,
script_70,llama,base,python,machine_learning_workflows,02_regression_workflow_feature_importance,/home/romakrut/PycharmProjects/masters-thesis/task_equivalents/llm_translations/llama/base/python/machine_learning_workflows/02_regression_workflow_feature_importance.py,4,ok,12.239545547,194.600000000,15.899283127,
script_70,llama,base,python,machine_learning_workflows,02_regression_workflow_feature_importance,/home/romakrut/PycharmProjects/masters-thesis/task_equivalents/llm_translations/llama/base/python/machine_learning_workflows/02_regression_workflow_feature_importance.py,5,ok,12.215140247,193.660000000,15.854095498,
script_70,llama,base,python,machine_learning_workflows,02_regression_workflow_feature_importance,/home/romakrut/PycharmProjects/masters-thesis/task_equivalents/llm_translations/llama/base/python/machine_learning_workflows/02_regression_workflow_feature_importance.py,6,ok,12.210193102,194.940000000,15.965349472,
script_70,llama,base,python,machine_learning_workflows,02_regression_workflow_feature_importance,/home/romakrut/PycharmProjects/masters-thesis/task_equivalents/llm_translations/llama/base/python/machine_learning_workflows/02_regression_workflow_feature_importance.py,7,ok,12.186246848,195.590000000,16.050060567,
script_70,llama,base,python,machine_learning_workflows,02_regression_workflow_feature_importance,/home/romakrut/PycharmProjects/masters-thesis/task_equivalents/llm_translations/llama/base/python/machine_learning_workflows/02_regression_workflow_feature_importance.py,8,ok,12.225508967,192.070000000,15.710593360,
script_70,llama,base,python,machine_learning_workflows,02_regression_workflow_feature_importance,/home/romakrut/PycharmProjects/masters-thesis/task_equivalents/llm_translations/llama/base/python/machine_learning_workflows/02_regression_workflow_feature_importance.py,9,ok,12.272737475,196.310000000,15.995616333,
script_70,llama,base,python,machine_learning_workflows,02_regression_workflow_feature_importance,/home/romakrut/PycharmProjects/masters-thesis/task_equivalents/llm_translations/llama/base/python/machine_learning_workflows/02_regression_workflow_feature_importance.py,10,ok,12.236131399,196.010000000,16.018951874,
script_70,llama,base,python,machine_learning_workflows,02_regression_workflow_feature_importance,/home/romakrut/PycharmProjects/masters-thesis/task_equivalents/llm_translations/llama/base/python/machine_learning_workflows/02_regression_workflow_feature_importance.py,11,ok,12.223890208,198.260000000,16.219059287,
script_70,llama,base,python,machine_learning_workflows,02_regression_workflow_feature_importance,/home/romakrut/PycharmProjects/masters-thesis/task_equivalents/llm_translations/llama/base/python/machine_learning_workflows/02_regression_workflow_feature_importance.py,12,ok,12.233487978,196.480000000,16.060832393,
script_70,llama,base,python,machine_learning_workflows,02_regression_workflow_feature_importance,/home/romakrut/PycharmProjects/masters-thesis/task_equivalents/llm_translations/llama/base/python/machine_learning_workflows/02_regression_workflow_feature_importance.py,13,ok,12.189869418,194.120000000,15.924698891,
script_70,llama,base,python,machine_learning_workflows,02_regression_workflow_feature_importance,/home/romakrut/PycharmProjects/masters-thesis/task_equivalents/llm_translations/llama/base/python/machine_learning_workflows/02_regression_workflow_feature_importance.py,14,ok,12.199104427,193.400000000,15.853622793,
script_70,llama,base,python,machine_learning_workflows,02_regression_workflow_feature_importance,/home/romakrut/PycharmProjects/masters-thesis/task_equivalents/llm_translations/llama/base/python/machine_learning_workflows/02_regression_workflow_feature_importance.py,15,ok,12.179627157,196.830000000,16.160593215,
script_70,llama,base,python,machine_learning_workflows,02_regression_workflow_feature_importance,/home/romakrut/PycharmProjects/masters-thesis/task_equivalents/llm_translations/llama/base/python/machine_learning_workflows/02_regression_workflow_feature_importance.py,16,ok,12.208280021,194.040000000,15.894130841,
script_70,llama,base,python,machine_learning_workflows,02_regression_workflow_feature_importance,/home/romakrut/PycharmProjects/masters-thesis/task_equivalents/llm_translations/llama/base/python/machine_learning_workflows/02_regression_workflow_feature_importance.py,17,ok,12.221297104,194.920000000,15.949207219,
script_70,llama,base,python,machine_learning_workflows,02_regression_workflow_feature_importance,/home/romakrut/PycharmProjects/masters-thesis/task_equivalents/llm_translations/llama/base/python/machine_learning_workflows/02_regression_workflow_feature_importance.py,18,ok,12.215234176,196.800000000,16.111029651,
script_70,llama,base,python,machine_learning_workflows,02_regression_workflow_feature_importance,/home/romakrut/PycharmProjects/masters-thesis/task_equivalents/llm_translations/llama/base/python/machine_learning_workflows/02_regression_workflow_feature_importance.py,19,ok,12.197277278,197.420000000,16.185579413,
script_70,llama,base,python,machine_learning_workflows,02_regression_workflow_feature_importance,/home/romakrut/PycharmProjects/masters-thesis/task_equivalents/llm_translations/llama/base/python/machine_learning_workflows/02_regression_workflow_feature_importance.py,20,ok,12.212947335,194.140000000,15.896244754,
script_70,llama,base,python,machine_learning_workflows,02_regression_workflow_feature_importance,/home/romakrut/PycharmProjects/masters-thesis/task_equivalents/llm_translations/llama/base/python/machine_learning_workflows/02_regression_workflow_feature_importance.py,21,ok,12.203860599,194.320000000,15.922830192,
script_70,llama,base,python,machine_learning_workflows,02_regression_workflow_feature_importance,/home/romakrut/PycharmProjects/masters-thesis/task_equivalents/llm_translations/llama/base/python/machine_learning_workflows/02_regression_workflow_feature_importance.py,22,ok,12.179620418,194.580000000,15.975867336,
script_70,llama,base,python,machine_learning_workflows,02_regression_workflow_feature_importance,/home/romakrut/PycharmProjects/masters-thesis/task_equivalents/llm_translations/llama/base/python/machine_learning_workflows/02_regression_workflow_feature_importance.py,23,ok,12.219257053,198.940000000,16.280858905,
script_70,llama,base,python,machine_learning_workflows,02_regression_workflow_feature_importance,/home/romakrut/PycharmProjects/masters-thesis/task_equivalents/llm_translations/llama/base/python/machine_learning_workflows/02_regression_workflow_feature_importance.py,24,ok,12.268420608,198.980000000,16.218876607,
script_70,llama,base,python,machine_learning_workflows,02_regression_workflow_feature_importance,/home/romakrut/PycharmProjects/masters-thesis/task_equivalents/llm_translations/llama/base/python/machine_learning_workflows/02_regression_workflow_feature_importance.py,25,ok,12.211999968,196.940000000,16.126760606,
script_70,llama,base,python,machine_learning_workflows,02_regression_workflow_feature_importance,/home/romakrut/PycharmProjects/masters-thesis/task_equivalents/llm_translations/llama/base/python/machine_learning_workflows/02_regression_workflow_feature_importance.py,26,ok,12.151780222,193.160000000,15.895613356,
script_70,llama,base,python,machine_learning_workflows,02_regression_workflow_feature_importance,/home/romakrut/PycharmProjects/masters-thesis/task_equivalents/llm_translations/llama/base/python/machine_learning_workflows/02_regression_workflow_feature_importance.py,27,ok,12.271750880,195.000000000,15.890153077,
script_70,llama,base,python,machine_learning_workflows,02_regression_workflow_feature_importance,/home/romakrut/PycharmProjects/masters-thesis/task_equivalents/llm_translations/llama/base/python/machine_learning_workflows/02_regression_workflow_feature_importance.py,28,ok,12.279010362,197.640000000,16.095759689,
script_70,llama,base,python,machine_learning_workflows,02_regression_workflow_feature_importance,/home/romakrut/PycharmProjects/masters-thesis/task_equivalents/llm_translations/llama/base/python/machine_learning_workflows/02_regression_workflow_feature_importance.py,29,ok,12.192691996,196.890000000,16.148197631,
script_70,llama,base,python,machine_learning_workflows,02_regression_workflow_feature_importance,/home/romakrut/PycharmProjects/masters-thesis/task_equivalents/llm_translations/llama/base/python/machine_learning_workflows/02_regression_workflow_feature_importance.py,30,ok,12.155458687,193.180000000,15.892448403,
script_76,llama,base,r,data_visualization,02_distribution_boxplot,/home/romakrut/PycharmProjects/masters-thesis/task_equivalents/llm_translations/llama/base/r/data_visualization/02_distribution_boxplot.R,1,ok,0.999003302,17.660000000,17.677619248,
script_76,llama,base,r,data_visualization,02_distribution_boxplot,/home/romakrut/PycharmProjects/masters-thesis/task_equivalents/llm_translations/llama/base/r/data_visualization/02_distribution_boxplot.R,2,ok,1.008827134,17.530000000,17.376614297,
script_76,llama,base,r,data_visualization,02_distribution_boxplot,/home/romakrut/PycharmProjects/masters-thesis/task_equivalents/llm_translations/llama/base/r/data_visualization/02_distribution_boxplot.R,3,ok,1.010887366,17.770000000,17.578615183,
script_76,llama,base,r,data_visualization,02_distribution_boxplot,/home/romakrut/PycharmProjects/masters-thesis/task_equivalents/llm_translations/llama/base/r/data_visualization/02_distribution_boxplot.R,4,ok,0.996522959,17.720000000,17.781828146,
script_76,llama,base,r,data_visualization,02_distribution_boxplot,/home/romakrut/PycharmProjects/masters-thesis/task_equivalents/llm_translations/llama/base/r/data_visualization/02_distribution_boxplot.R,5,ok,1.007114231,17.720000000,17.594826341,
script_76,llama,base,r,data_visualization,02_distribution_boxplot,/home/romakrut/PycharmProjects/masters-thesis/task_equivalents/llm_translations/llama/base/r/data_visualization/02_distribution_boxplot.R,6,ok,1.009696059,17.970000000,17.797435020,
script_76,llama,base,r,data_visualization,02_distribution_boxplot,/home/romakrut/PycharmProjects/masters-thesis/task_equivalents/llm_translations/llama/base/r/data_visualization/02_distribution_boxplot.R,7,ok,1.013175813,17.700000000,17.469820907,
script_76,llama,base,r,data_visualization,02_distribution_boxplot,/home/romakrut/PycharmProjects/masters-thesis/task_equivalents/llm_translations/llama/base/r/data_visualization/02_distribution_boxplot.R,8,ok,1.010723545,17.740000000,17.551782669,
script_76,llama,base,r,data_visualization,02_distribution_boxplot,/home/romakrut/PycharmProjects/masters-thesis/task_equivalents/llm_translations/llama/base/r/data_visualization/02_distribution_boxplot.R,9,ok,1.007271073,17.790000000,17.661581353,
script_76,llama,base,r,data_visualization,02_distribution_boxplot,/home/romakrut/PycharmProjects/masters-thesis/task_equivalents/llm_translations/llama/base/r/data_visualization/02_distribution_boxplot.R,10,ok,1.006180436,17.840000000,17.730418285,
script_76,llama,base,r,data_visualization,02_distribution_boxplot,/home/romakrut/PycharmProjects/masters-thesis/task_equivalents/llm_translations/llama/base/r/data_visualization/02_distribution_boxplot.R,11,ok,0.998802633,17.750000000,17.771278743,
script_76,llama,base,r,data_visualization,02_distribution_boxplot,/home/romakrut/PycharmProjects/masters-thesis/task_equivalents/llm_translations/llama/base/r/data_visualization/02_distribution_boxplot.R,12,ok,0.998404711,17.800000000,17.828441517,
script_76,llama,base,r,data_visualization,02_distribution_boxplot,/home/romakrut/PycharmProjects/masters-thesis/task_equivalents/llm_translations/llama/base/r/data_visualization/02_distribution_boxplot.R,13,ok,0.996875126,17.770000000,17.825703076,
script_76,llama,base,r,data_visualization,02_distribution_boxplot,/home/romakrut/PycharmProjects/masters-thesis/task_equivalents/llm_translations/llama/base/r/data_visualization/02_distribution_boxplot.R,14,ok,1.006343295,18.030000000,17.916351298,
script_76,llama,base,r,data_visualization,02_distribution_boxplot,/home/romakrut/PycharmProjects/masters-thesis/task_equivalents/llm_translations/llama/base/r/data_visualization/02_distribution_boxplot.R,15,ok,1.002764846,17.820000000,17.770866291,
script_76,llama,base,r,data_visualization,02_distribution_boxplot,/home/romakrut/PycharmProjects/masters-thesis/task_equivalents/llm_translations/llama/base/r/data_visualization/02_distribution_boxplot.R,16,ok,1.002625468,17.700000000,17.653650904,
script_76,llama,base,r,data_visualization,02_distribution_boxplot,/home/romakrut/PycharmProjects/masters-thesis/task_equivalents/llm_translations/llama/base/r/data_visualization/02_distribution_boxplot.R,17,ok,1.001319603,18.030000000,18.006238913,
script_76,llama,base,r,data_visualization,02_distribution_boxplot,/home/romakrut/PycharmProjects/masters-thesis/task_equivalents/llm_translations/llama/base/r/data_visualization/02_distribution_boxplot.R,18,ok,1.004576381,17.940000000,17.858273735,
script_76,llama,base,r,data_visualization,02_distribution_boxplot,/home/romakrut/PycharmProjects/masters-thesis/task_equivalents/llm_translations/llama/base/r/data_visualization/02_distribution_boxplot.R,19,ok,0.999177724,18.120000000,18.134911903,
script_76,llama,base,r,data_visualization,02_distribution_boxplot,/home/romakrut/PycharmProjects/masters-thesis/task_equivalents/llm_translations/llama/base/r/data_visualization/02_distribution_boxplot.R,20,ok,1.001154859,18.050000000,18.029178841,
script_76,llama,base,r,data_visualization,02_distribution_boxplot,/home/romakrut/PycharmProjects/masters-thesis/task_equivalents/llm_translations/llama/base/r/data_visualization/02_distribution_boxplot.R,21,ok,0.998540445,17.890000000,17.916149606,
script_76,llama,base,r,data_visualization,02_distribution_boxplot,/home/romakrut/PycharmProjects/masters-thesis/task_equivalents/llm_translations/llama/base/r/data_visualization/02_distribution_boxplot.R,22,ok,1.003951322,18.070000000,17.998880627,
script_76,llama,base,r,data_visualization,02_distribution_boxplot,/home/romakrut/PycharmProjects/masters-thesis/task_equivalents/llm_translations/llama/base/r/data_visualization/02_distribution_boxplot.R,23,ok,1.010953519,18.050000000,17.854431149,
script_76,llama,base,r,data_visualization,02_distribution_boxplot,/home/romakrut/PycharmProjects/masters-thesis/task_equivalents/llm_translations/llama/base/r/data_visualization/02_distribution_boxplot.R,24,ok,0.998986247,17.890000000,17.908154445,
script_76,llama,base,r,data_visualization,02_distribution_boxplot,/home/romakrut/PycharmProjects/masters-thesis/task_equivalents/llm_translations/llama/base/r/data_visualization/02_distribution_boxplot.R,25,ok,0.998059798,18.050000000,18.085088725,
script_76,llama,base,r,data_visualization,02_distribution_boxplot,/home/romakrut/PycharmProjects/masters-thesis/task_equivalents/llm_translations/llama/base/r/data_visualization/02_distribution_boxplot.R,26,ok,1.001885768,18.220000000,18.185705978,
script_76,llama,base,r,data_visualization,02_distribution_boxplot,/home/romakrut/PycharmProjects/masters-thesis/task_equivalents/llm_translations/llama/base/r/data_visualization/02_distribution_boxplot.R,27,ok,1.007698514,18.270000000,18.130422687,
script_76,llama,base,r,data_visualization,02_distribution_boxplot,/home/romakrut/PycharmProjects/masters-thesis/task_equivalents/llm_translations/llama/base/r/data_visualization/02_distribution_boxplot.R,28,ok,0.999899173,18.060000000,18.061821119,
script_76,llama,base,r,data_visualization,02_distribution_boxplot,/home/romakrut/PycharmProjects/masters-thesis/task_equivalents/llm_translations/llama/base/r/data_visualization/02_distribution_boxplot.R,29,ok,0.997700915,18.210000000,18.251962814,
script_76,llama,base,r,data_visualization,02_distribution_boxplot,/home/romakrut/PycharmProjects/masters-thesis/task_equivalents/llm_translations/llama/base/r/data_visualization/02_distribution_boxplot.R,30,ok,1.000573290,18.010000000,17.999680963,
script_42,gpt,base,r,data_manipulation_preprocessing,02_merge_aggregate_reshape,/home/romakrut/PycharmProjects/masters-thesis/task_equivalents/llm_translations/gpt/base/r/data_manipulation_preprocessing/02_merge_aggregate_reshape.R,1,ok,0.427494099,7.460000000,17.450533276,
script_42,gpt,base,r,data_manipulation_preprocessing,02_merge_aggregate_reshape,/home/romakrut/PycharmProjects/masters-thesis/task_equivalents/llm_translations/gpt/base/r/data_manipulation_preprocessing/02_merge_aggregate_reshape.R,2,ok,0.430160955,7.310000000,16.993639044,
script_42,gpt,base,r,data_manipulation_preprocessing,02_merge_aggregate_reshape,/home/romakrut/PycharmProjects/masters-thesis/task_equivalents/llm_translations/gpt/base/r/data_manipulation_preprocessing/02_merge_aggregate_reshape.R,3,ok,0.430020710,7.340000000,17.068945354,
script_42,gpt,base,r,data_manipulation_preprocessing,02_merge_aggregate_reshape,/home/romakrut/PycharmProjects/masters-thesis/task_equivalents/llm_translations/gpt/base/r/data_manipulation_preprocessing/02_merge_aggregate_reshape.R,4,ok,0.418543150,7.290000000,17.417558978,
script_42,gpt,base,r,data_manipulation_preprocessing,02_merge_aggregate_reshape,/home/romakrut/PycharmProjects/masters-thesis/task_equivalents/llm_translations/gpt/base/r/data_manipulation_preprocessing/02_merge_aggregate_reshape.R,5,ok,0.430374565,7.390000000,17.171089095,
script_42,gpt,base,r,data_manipulation_preprocessing,02_merge_aggregate_reshape,/home/romakrut/PycharmProjects/masters-thesis/task_equivalents/llm_translations/gpt/base/r/data_manipulation_preprocessing/02_merge_aggregate_reshape.R,6,ok,0.421920952,7.270000000,17.230715767,
script_42,gpt,base,r,data_manipulation_preprocessing,02_merge_aggregate_reshape,/home/romakrut/PycharmProjects/masters-thesis/task_equivalents/llm_translations/gpt/base/r/data_manipulation_preprocessing/02_merge_aggregate_reshape.R,7,ok,0.429000020,7.290000000,16.993006201,
script_42,gpt,base,r,data_manipulation_preprocessing,02_merge_aggregate_reshape,/home/romakrut/PycharmProjects/masters-thesis/task_equivalents/llm_translations/gpt/base/r/data_manipulation_preprocessing/02_merge_aggregate_reshape.R,8,ok,0.430819836,7.510000000,17.431880736,
script_42,gpt,base,r,data_manipulation_preprocessing,02_merge_aggregate_reshape,/home/romakrut/PycharmProjects/masters-thesis/task_equivalents/llm_translations/gpt/base/r/data_manipulation_preprocessing/02_merge_aggregate_reshape.R,9,ok,0.420403772,7.370000000,17.530765637,
script_42,gpt,base,r,data_manipulation_preprocessing,02_merge_aggregate_reshape,/home/romakrut/PycharmProjects/masters-thesis/task_equivalents/llm_translations/gpt/base/r/data_manipulation_preprocessing/02_merge_aggregate_reshape.R,10,ok,0.423955691,7.430000000,17.525416353,
script_42,gpt,base,r,data_manipulation_preprocessing,02_merge_aggregate_reshape,/home/romakrut/PycharmProjects/masters-thesis/task_equivalents/llm_translations/gpt/base/r/data_manipulation_preprocessing/02_merge_aggregate_reshape.R,11,ok,0.421858118,7.390000000,17.517738037,
script_42,gpt,base,r,data_manipulation_preprocessing,02_merge_aggregate_reshape,/home/romakrut/PycharmProjects/masters-thesis/task_equivalents/llm_translations/gpt/base/r/data_manipulation_preprocessing/02_merge_aggregate_reshape.R,12,ok,0.430631215,7.500000000,17.416294358,
script_42,gpt,base,r,data_manipulation_preprocessing,02_merge_aggregate_reshape,/home/romakrut/PycharmProjects/masters-thesis/task_equivalents/llm_translations/gpt/base/r/data_manipulation_preprocessing/02_merge_aggregate_reshape.R,13,ok,0.428562160,7.340000000,17.127037067,
script_42,gpt,base,r,data_manipulation_preprocessing,02_merge_aggregate_reshape,/home/romakrut/PycharmProjects/masters-thesis/task_equivalents/llm_translations/gpt/base/r/data_manipulation_preprocessing/02_merge_aggregate_reshape.R,14,ok,0.430741637,7.380000000,17.133240361,
script_42,gpt,base,r,data_manipulation_preprocessing,02_merge_aggregate_reshape,/home/romakrut/PycharmProjects/masters-thesis/task_equivalents/llm_translations/gpt/base/r/data_manipulation_preprocessing/02_merge_aggregate_reshape.R,15,ok,0.429244560,7.480000000,17.425963418,
script_42,gpt,base,r,data_manipulation_preprocessing,02_merge_aggregate_reshape,/home/romakrut/PycharmProjects/masters-thesis/task_equivalents/llm_translations/gpt/base/r/data_manipulation_preprocessing/02_merge_aggregate_reshape.R,16,ok,0.429737711,7.420000000,17.266345983,
script_42,gpt,base,r,data_manipulation_preprocessing,02_merge_aggregate_reshape,/home/romakrut/PycharmProjects/masters-thesis/task_equivalents/llm_translations/gpt/base/r/data_manipulation_preprocessing/02_merge_aggregate_reshape.R,17,ok,0.419771253,7.390000000,17.604826312,
script_42,gpt,base,r,data_manipulation_preprocessing,02_merge_aggregate_reshape,/home/romakrut/PycharmProjects/masters-thesis/task_equivalents/llm_translations/gpt/base/r/data_manipulation_preprocessing/02_merge_aggregate_reshape.R,18,ok,0.430487303,7.520000000,17.468575606,
script_42,gpt,base,r,data_manipulation_preprocessing,02_merge_aggregate_reshape,/home/romakrut/PycharmProjects/masters-thesis/task_equivalents/llm_translations/gpt/base/r/data_manipulation_preprocessing/02_merge_aggregate_reshape.R,19,ok,0.420058612,7.380000000,17.568976779,
script_42,gpt,base,r,data_manipulation_preprocessing,02_merge_aggregate_reshape,/home/romakrut/PycharmProjects/masters-thesis/task_equivalents/llm_translations/gpt/base/r/data_manipulation_preprocessing/02_merge_aggregate_reshape.R,20,ok,0.421629204,7.610000000,18.049034383,
script_42,gpt,base,r,data_manipulation_preprocessing,02_merge_aggregate_reshape,/home/romakrut/PycharmProjects/masters-thesis/task_equivalents/llm_translations/gpt/base/r/data_manipulation_preprocessing/02_merge_aggregate_reshape.R,21,ok,0.430966072,7.480000000,17.356354678,
script_42,gpt,base,r,data_manipulation_preprocessing,02_merge_aggregate_reshape,/home/romakrut/PycharmProjects/masters-thesis/task_equivalents/llm_translations/gpt/base/r/data_manipulation_preprocessing/02_merge_aggregate_reshape.R,22,ok,0.428437126,7.460000000,17.412123150,
script_42,gpt,base,r,data_manipulation_preprocessing,02_merge_aggregate_reshape,/home/romakrut/PycharmProjects/masters-thesis/task_equivalents/llm_translations/gpt/base/r/data_manipulation_preprocessing/02_merge_aggregate_reshape.R,23,ok,0.419933549,7.390000000,17.598022396,
script_42,gpt,base,r,data_manipulation_preprocessing,02_merge_aggregate_reshape,/home/romakrut/PycharmProjects/masters-thesis/task_equivalents/llm_translations/gpt/base/r/data_manipulation_preprocessing/02_merge_aggregate_reshape.R,24,ok,0.430659556,7.490000000,17.391928022,
script_42,gpt,base,r,data_manipulation_preprocessing,02_merge_aggregate_reshape,/home/romakrut/PycharmProjects/masters-thesis/task_equivalents/llm_translations/gpt/base/r/data_manipulation_preprocessing/02_merge_aggregate_reshape.R,25,ok,0.419638460,7.400000000,17.634227330,
script_42,gpt,base,r,data_manipulation_preprocessing,02_merge_aggregate_reshape,/home/romakrut/PycharmProjects/masters-thesis/task_equivalents/llm_translations/gpt/base/r/data_manipulation_preprocessing/02_merge_aggregate_reshape.R,26,ok,0.429682260,7.320000000,17.035844114,
script_42,gpt,base,r,data_manipulation_preprocessing,02_merge_aggregate_reshape,/home/romakrut/PycharmProjects/masters-thesis/task_equivalents/llm_translations/gpt/base/r/data_manipulation_preprocessing/02_merge_aggregate_reshape.R,27,ok,0.428723167,7.260000000,16.934004408,
script_42,gpt,base,r,data_manipulation_preprocessing,02_merge_aggregate_reshape,/home/romakrut/PycharmProjects/masters-thesis/task_equivalents/llm_translations/gpt/base/r/data_manipulation_preprocessing/02_merge_aggregate_reshape.R,28,ok,0.430921955,7.600000000,17.636604290,
script_42,gpt,base,r,data_manipulation_preprocessing,02_merge_aggregate_reshape,/home/romakrut/PycharmProjects/masters-thesis/task_equivalents/llm_translations/gpt/base/r/data_manipulation_preprocessing/02_merge_aggregate_reshape.R,29,ok,0.429549462,7.550000000,17.576555596,
script_42,gpt,base,r,data_manipulation_preprocessing,02_merge_aggregate_reshape,/home/romakrut/PycharmProjects/masters-thesis/task_equivalents/llm_translations/gpt/base/r/data_manipulation_preprocessing/02_merge_aggregate_reshape.R,30,ok,0.419154083,7.450000000,17.773893425,
script_25,gemini,optimized,r,data_manipulation_preprocessing,01_impute_encode_scale,/home/romakrut/PycharmProjects/masters-thesis/task_equivalents/llm_translations/gemini/optimized/r/data_manipulation_preprocessing/01_impute_encode_scale.R,1,ok,0.079952901,1.430000000,17.885529882,
script_25,gemini,optimized,r,data_manipulation_preprocessing,01_impute_encode_scale,/home/romakrut/PycharmProjects/masters-thesis/task_equivalents/llm_translations/gemini/optimized/r/data_manipulation_preprocessing/01_impute_encode_scale.R,2,ok,0.079661760,1.310000000,16.444527462,
script_25,gemini,optimized,r,data_manipulation_preprocessing,01_impute_encode_scale,/home/romakrut/PycharmProjects/masters-thesis/task_equivalents/llm_translations/gemini/optimized/r/data_manipulation_preprocessing/01_impute_encode_scale.R,3,ok,0.081753362,1.360000000,16.635401490,
script_25,gemini,optimized,r,data_manipulation_preprocessing,01_impute_encode_scale,/home/romakrut/PycharmProjects/masters-thesis/task_equivalents/llm_translations/gemini/optimized/r/data_manipulation_preprocessing/01_impute_encode_scale.R,4,ok,0.082581910,1.390000000,16.831773448,
script_25,gemini,optimized,r,data_manipulation_preprocessing,01_impute_encode_scale,/home/romakrut/PycharmProjects/masters-thesis/task_equivalents/llm_translations/gemini/optimized/r/data_manipulation_preprocessing/01_impute_encode_scale.R,5,ok,0.081317555,1.370000000,16.847530647,
script_25,gemini,optimized,r,data_manipulation_preprocessing,01_impute_encode_scale,/home/romakrut/PycharmProjects/masters-thesis/task_equivalents/llm_translations/gemini/optimized/r/data_manipulation_preprocessing/01_impute_encode_scale.R,6,ok,0.080891579,1.320000000,16.318138628,
script_25,gemini,optimized,r,data_manipulation_preprocessing,01_impute_encode_scale,/home/romakrut/PycharmProjects/masters-thesis/task_equivalents/llm_translations/gemini/optimized/r/data_manipulation_preprocessing/01_impute_encode_scale.R,7,ok,0.080899254,1.310000000,16.192979975,
script_25,gemini,optimized,r,data_manipulation_preprocessing,01_impute_encode_scale,/home/romakrut/PycharmProjects/masters-thesis/task_equivalents/llm_translations/gemini/optimized/r/data_manipulation_preprocessing/01_impute_encode_scale.R,8,ok,0.080837011,1.360000000,16.823976829,
script_25,gemini,optimized,r,data_manipulation_preprocessing,01_impute_encode_scale,/home/romakrut/PycharmProjects/masters-thesis/task_equivalents/llm_translations/gemini/optimized/r/data_manipulation_preprocessing/01_impute_encode_scale.R,9,ok,0.081638458,1.370000000,16.781306673,
script_25,gemini,optimized,r,data_manipulation_preprocessing,01_impute_encode_scale,/home/romakrut/PycharmProjects/masters-thesis/task_equivalents/llm_translations/gemini/optimized/r/data_manipulation_preprocessing/01_impute_encode_scale.R,10,ok,0.081877851,1.410000000,17.220774395,
script_25,gemini,optimized,r,data_manipulation_preprocessing,01_impute_encode_scale,/home/romakrut/PycharmProjects/masters-thesis/task_equivalents/llm_translations/gemini/optimized/r/data_manipulation_preprocessing/01_impute_encode_scale.R,11,ok,0.081393562,1.350000000,16.586078393,
script_25,gemini,optimized,r,data_manipulation_preprocessing,01_impute_encode_scale,/home/romakrut/PycharmProjects/masters-thesis/task_equivalents/llm_translations/gemini/optimized/r/data_manipulation_preprocessing/01_impute_encode_scale.R,12,ok,0.081759088,1.340000000,16.389615305,
script_25,gemini,optimized,r,data_manipulation_preprocessing,01_impute_encode_scale,/home/romakrut/PycharmProjects/masters-thesis/task_equivalents/llm_translations/gemini/optimized/r/data_manipulation_preprocessing/01_impute_encode_scale.R,13,ok,0.080093251,1.330000000,16.605643839,
script_25,gemini,optimized,r,data_manipulation_preprocessing,01_impute_encode_scale,/home/romakrut/PycharmProjects/masters-thesis/task_equivalents/llm_translations/gemini/optimized/r/data_manipulation_preprocessing/01_impute_encode_scale.R,14,ok,0.081422886,1.360000000,16.702920601,
script_25,gemini,optimized,r,data_manipulation_preprocessing,01_impute_encode_scale,/home/romakrut/PycharmProjects/masters-thesis/task_equivalents/llm_translations/gemini/optimized/r/data_manipulation_preprocessing/01_impute_encode_scale.R,15,ok,0.080757457,1.370000000,16.964377667,
script_25,gemini,optimized,r,data_manipulation_preprocessing,01_impute_encode_scale,/home/romakrut/PycharmProjects/masters-thesis/task_equivalents/llm_translations/gemini/optimized/r/data_manipulation_preprocessing/01_impute_encode_scale.R,16,ok,0.080742634,1.310000000,16.224390203,
script_25,gemini,optimized,r,data_manipulation_preprocessing,01_impute_encode_scale,/home/romakrut/PycharmProjects/masters-thesis/task_equivalents/llm_translations/gemini/optimized/r/data_manipulation_preprocessing/01_impute_encode_scale.R,17,ok,0.082091836,1.370000000,16.688626625,
script_25,gemini,optimized,r,data_manipulation_preprocessing,01_impute_encode_scale,/home/romakrut/PycharmProjects/masters-thesis/task_equivalents/llm_translations/gemini/optimized/r/data_manipulation_preprocessing/01_impute_encode_scale.R,18,ok,0.081694108,1.340000000,16.402651707,
script_25,gemini,optimized,r,data_manipulation_preprocessing,01_impute_encode_scale,/home/romakrut/PycharmProjects/masters-thesis/task_equivalents/llm_translations/gemini/optimized/r/data_manipulation_preprocessing/01_impute_encode_scale.R,19,ok,0.081463740,1.330000000,16.326282098,
script_25,gemini,optimized,r,data_manipulation_preprocessing,01_impute_encode_scale,/home/romakrut/PycharmProjects/masters-thesis/task_equivalents/llm_translations/gemini/optimized/r/data_manipulation_preprocessing/01_impute_encode_scale.R,20,ok,0.081211279,1.340000000,16.500171115,
script_25,gemini,optimized,r,data_manipulation_preprocessing,01_impute_encode_scale,/home/romakrut/PycharmProjects/masters-thesis/task_equivalents/llm_translations/gemini/optimized/r/data_manipulation_preprocessing/01_impute_encode_scale.R,21,ok,0.081010106,1.320000000,16.294263335,
script_25,gemini,optimized,r,data_manipulation_preprocessing,01_impute_encode_scale,/home/romakrut/PycharmProjects/masters-thesis/task_equivalents/llm_translations/gemini/optimized/r/data_manipulation_preprocessing/01_impute_encode_scale.R,22,ok,0.081432202,1.420000000,17.437819009,
script_25,gemini,optimized,r,data_manipulation_preprocessing,01_impute_encode_scale,/home/romakrut/PycharmProjects/masters-thesis/task_equivalents/llm_translations/gemini/optimized/r/data_manipulation_preprocessing/01_impute_encode_scale.R,23,ok,0.081673238,1.320000000,16.161964829,
script_25,gemini,optimized,r,data_manipulation_preprocessing,01_impute_encode_scale,/home/romakrut/PycharmProjects/masters-thesis/task_equivalents/llm_translations/gemini/optimized/r/data_manipulation_preprocessing/01_impute_encode_scale.R,24,ok,0.081188586,1.340000000,16.504783074,
script_25,gemini,optimized,r,data_manipulation_preprocessing,01_impute_encode_scale,/home/romakrut/PycharmProjects/masters-thesis/task_equivalents/llm_translations/gemini/optimized/r/data_manipulation_preprocessing/01_impute_encode_scale.R,25,ok,0.081098932,1.320000000,16.276416562,
script_25,gemini,optimized,r,data_manipulation_preprocessing,01_impute_encode_scale,/home/romakrut/PycharmProjects/masters-thesis/task_equivalents/llm_translations/gemini/optimized/r/data_manipulation_preprocessing/01_impute_encode_scale.R,26,ok,0.080905895,1.310000000,16.191650806,
script_25,gemini,optimized,r,data_manipulation_preprocessing,01_impute_encode_scale,/home/romakrut/PycharmProjects/masters-thesis/task_equivalents/llm_translations/gemini/optimized/r/data_manipulation_preprocessing/01_impute_encode_scale.R,27,ok,0.081521519,1.400000000,17.173379706,
script_25,gemini,optimized,r,data_manipulation_preprocessing,01_impute_encode_scale,/home/romakrut/PycharmProjects/masters-thesis/task_equivalents/llm_translations/gemini/optimized/r/data_manipulation_preprocessing/01_impute_encode_scale.R,28,ok,0.081496612,1.320000000,16.196992336,
script_25,gemini,optimized,r,data_manipulation_preprocessing,01_impute_encode_scale,/home/romakrut/PycharmProjects/masters-thesis/task_equivalents/llm_translations/gemini/optimized/r/data_manipulation_preprocessing/01_impute_encode_scale.R,29,ok,0.080867114,1.380000000,17.065033383,
script_25,gemini,optimized,r,data_manipulation_preprocessing,01_impute_encode_scale,/home/romakrut/PycharmProjects/masters-thesis/task_equivalents/llm_translations/gemini/optimized/r/data_manipulation_preprocessing/01_impute_encode_scale.R,30,ok,0.081089371,1.340000000,16.524977114,
script_7,gemini,base,python,statistical_modelling_analysis,01_linear_regression_inference,/home/romakrut/PycharmProjects/masters-thesis/task_equivalents/llm_translations/gemini/base/python/statistical_modelling_analysis/01_linear_regression_inference.py,1,ok,0.576986718,9.610000000,16.655496046,
script_7,gemini,base,python,statistical_modelling_analysis,01_linear_regression_inference,/home/romakrut/PycharmProjects/masters-thesis/task_equivalents/llm_translations/gemini/base/python/statistical_modelling_analysis/01_linear_regression_inference.py,2,ok,0.576915092,9.460000000,16.397560284,
script_7,gemini,base,python,statistical_modelling_analysis,01_linear_regression_inference,/home/romakrut/PycharmProjects/masters-thesis/task_equivalents/llm_translations/gemini/base/python/statistical_modelling_analysis/01_linear_regression_inference.py,3,ok,0.577687984,9.280000000,16.064035010,
script_7,gemini,base,python,statistical_modelling_analysis,01_linear_regression_inference,/home/romakrut/PycharmProjects/masters-thesis/task_equivalents/llm_translations/gemini/base/python/statistical_modelling_analysis/01_linear_regression_inference.py,4,ok,0.578422186,9.450000000,16.337547606,
script_7,gemini,base,python,statistical_modelling_analysis,01_linear_regression_inference,/home/romakrut/PycharmProjects/masters-thesis/task_equivalents/llm_translations/gemini/base/python/statistical_modelling_analysis/01_linear_regression_inference.py,5,ok,0.580029018,9.530000000,16.430212462,
script_7,gemini,base,python,statistical_modelling_analysis,01_linear_regression_inference,/home/romakrut/PycharmProjects/masters-thesis/task_equivalents/llm_translations/gemini/base/python/statistical_modelling_analysis/01_linear_regression_inference.py,6,ok,0.578581307,9.350000000,16.160217910,
script_7,gemini,base,python,statistical_modelling_analysis,01_linear_regression_inference,/home/romakrut/PycharmProjects/masters-thesis/task_equivalents/llm_translations/gemini/base/python/statistical_modelling_analysis/01_linear_regression_inference.py,7,ok,0.581766748,9.450000000,16.243623467,
script_7,gemini,base,python,statistical_modelling_analysis,01_linear_regression_inference,/home/romakrut/PycharmProjects/masters-thesis/task_equivalents/llm_translations/gemini/base/python/statistical_modelling_analysis/01_linear_regression_inference.py,8,ok,0.578941981,9.640000000,16.651064038,
script_7,gemini,base,python,statistical_modelling_analysis,01_linear_regression_inference,/home/romakrut/PycharmProjects/masters-thesis/task_equivalents/llm_translations/gemini/base/python/statistical_modelling_analysis/01_linear_regression_inference.py,9,ok,0.579408384,9.410000000,16.240703897,
script_7,gemini,base,python,statistical_modelling_analysis,01_linear_regression_inference,/home/romakrut/PycharmProjects/masters-thesis/task_equivalents/llm_translations/gemini/base/python/statistical_modelling_analysis/01_linear_regression_inference.py,10,ok,0.580875152,9.470000000,16.302986911,
script_7,gemini,base,python,statistical_modelling_analysis,01_linear_regression_inference,/home/romakrut/PycharmProjects/masters-thesis/task_equivalents/llm_translations/gemini/base/python/statistical_modelling_analysis/01_linear_regression_inference.py,11,ok,0.577955516,9.410000000,16.281529875,
script_7,gemini,base,python,statistical_modelling_analysis,01_linear_regression_inference,/home/romakrut/PycharmProjects/masters-thesis/task_equivalents/llm_translations/gemini/base/python/statistical_modelling_analysis/01_linear_regression_inference.py,12,ok,0.581265620,9.480000000,16.309239139,
script_7,gemini,base,python,statistical_modelling_analysis,01_linear_regression_inference,/home/romakrut/PycharmProjects/masters-thesis/task_equivalents/llm_translations/gemini/base/python/statistical_modelling_analysis/01_linear_regression_inference.py,13,ok,0.579005276,9.630000000,16.631972797,
script_7,gemini,base,python,statistical_modelling_analysis,01_linear_regression_inference,/home/romakrut/PycharmProjects/masters-thesis/task_equivalents/llm_translations/gemini/base/python/statistical_modelling_analysis/01_linear_regression_inference.py,14,ok,0.582190741,9.480000000,16.283323200,
script_7,gemini,base,python,statistical_modelling_analysis,01_linear_regression_inference,/home/romakrut/PycharmProjects/masters-thesis/task_equivalents/llm_translations/gemini/base/python/statistical_modelling_analysis/01_linear_regression_inference.py,15,ok,0.578712207,9.410000000,16.260241077,
script_7,gemini,base,python,statistical_modelling_analysis,01_linear_regression_inference,/home/romakrut/PycharmProjects/masters-thesis/task_equivalents/llm_translations/gemini/base/python/statistical_modelling_analysis/01_linear_regression_inference.py,16,ok,0.579396139,9.510000000,16.413640616,
script_7,gemini,base,python,statistical_modelling_analysis,01_linear_regression_inference,/home/romakrut/PycharmProjects/masters-thesis/task_equivalents/llm_translations/gemini/base/python/statistical_modelling_analysis/01_linear_regression_inference.py,17,ok,0.575955602,9.470000000,16.442239588,
script_7,gemini,base,python,statistical_modelling_analysis,01_linear_regression_inference,/home/romakrut/PycharmProjects/masters-thesis/task_equivalents/llm_translations/gemini/base/python/statistical_modelling_analysis/01_linear_regression_inference.py,18,ok,0.580488907,9.660000000,16.641144875,
script_7,gemini,base,python,statistical_modelling_analysis,01_linear_regression_inference,/home/romakrut/PycharmProjects/masters-thesis/task_equivalents/llm_translations/gemini/base/python/statistical_modelling_analysis/01_linear_regression_inference.py,19,ok,0.580924684,9.540000000,16.422094400,
script_7,gemini,base,python,statistical_modelling_analysis,01_linear_regression_inference,/home/romakrut/PycharmProjects/masters-thesis/task_equivalents/llm_translations/gemini/base/python/statistical_modelling_analysis/01_linear_regression_inference.py,20,ok,0.579937730,9.450000000,16.294852897,
script_7,gemini,base,python,statistical_modelling_analysis,01_linear_regression_inference,/home/romakrut/PycharmProjects/masters-thesis/task_equivalents/llm_translations/gemini/base/python/statistical_modelling_analysis/01_linear_regression_inference.py,21,ok,0.579666760,9.690000000,16.716501046,
script_7,gemini,base,python,statistical_modelling_analysis,01_linear_regression_inference,/home/romakrut/PycharmProjects/masters-thesis/task_equivalents/llm_translations/gemini/base/python/statistical_modelling_analysis/01_linear_regression_inference.py,22,ok,0.579919871,9.490000000,16.364329754,
script_7,gemini,base,python,statistical_modelling_analysis,01_linear_regression_inference,/home/romakrut/PycharmProjects/masters-thesis/task_equivalents/llm_translations/gemini/base/python/statistical_modelling_analysis/01_linear_regression_inference.py,23,ok,0.579670349,9.730000000,16.785402284,
script_7,gemini,base,python,statistical_modelling_analysis,01_linear_regression_inference,/home/romakrut/PycharmProjects/masters-thesis/task_equivalents/llm_translations/gemini/base/python/statistical_modelling_analysis/01_linear_regression_inference.py,24,ok,0.579679827,9.450000000,16.302102574,
script_7,gemini,base,python,statistical_modelling_analysis,01_linear_regression_inference,/home/romakrut/PycharmProjects/masters-thesis/task_equivalents/llm_translations/gemini/base/python/statistical_modelling_analysis/01_linear_regression_inference.py,25,ok,0.579067078,9.560000000,16.509313624,
script_7,gemini,base,python,statistical_modelling_analysis,01_linear_regression_inference,/home/romakrut/PycharmProjects/masters-thesis/task_equivalents/llm_translations/gemini/base/python/statistical_modelling_analysis/01_linear_regression_inference.py,26,ok,0.581358261,9.650000000,16.599058872,
script_7,gemini,base,python,statistical_modelling_analysis,01_linear_regression_inference,/home/romakrut/PycharmProjects/masters-thesis/task_equivalents/llm_translations/gemini/base/python/statistical_modelling_analysis/01_linear_regression_inference.py,27,ok,0.579868019,9.690000000,16.710699129,
script_7,gemini,base,python,statistical_modelling_analysis,01_linear_regression_inference,/home/romakrut/PycharmProjects/masters-thesis/task_equivalents/llm_translations/gemini/base/python/statistical_modelling_analysis/01_linear_regression_inference.py,28,ok,0.579878831,9.600000000,16.555182715,
script_7,gemini,base,python,statistical_modelling_analysis,01_linear_regression_inference,/home/romakrut/PycharmProjects/masters-thesis/task_equivalents/llm_translations/gemini/base/python/statistical_modelling_analysis/01_linear_regression_inference.py,29,ok,0.577142305,9.540000000,16.529718784,
script_7,gemini,base,python,statistical_modelling_analysis,01_linear_regression_inference,/home/romakrut/PycharmProjects/masters-thesis/task_equivalents/llm_translations/gemini/base/python/statistical_modelling_analysis/01_linear_regression_inference.py,30,ok,0.576528449,9.580000000,16.616699517,
script_22,gemini,optimized,python,machine_learning_workflows,02_regression_workflow_feature_importance,/home/romakrut/PycharmProjects/masters-thesis/task_equivalents/llm_translations/gemini/optimized/python/machine_learning_workflows/02_regression_workflow_feature_importance.py,1,ok,12.212694027,190.350000000,15.586241625,
script_22,gemini,optimized,python,machine_learning_workflows,02_regression_workflow_feature_importance,/home/romakrut/PycharmProjects/masters-thesis/task_equivalents/llm_translations/gemini/optimized/python/machine_learning_workflows/02_regression_workflow_feature_importance.py,2,ok,12.208137951,193.110000000,15.818137113,
script_22,gemini,optimized,python,machine_learning_workflows,02_regression_workflow_feature_importance,/home/romakrut/PycharmProjects/masters-thesis/task_equivalents/llm_translations/gemini/optimized/python/machine_learning_workflows/02_regression_workflow_feature_importance.py,3,ok,12.162785736,194.240000000,15.970025635,
script_22,gemini,optimized,python,machine_learning_workflows,02_regression_workflow_feature_importance,/home/romakrut/PycharmProjects/masters-thesis/task_equivalents/llm_translations/gemini/optimized/python/machine_learning_workflows/02_regression_workflow_feature_importance.py,4,ok,12.199805871,193.140000000,15.831399454,
script_22,gemini,optimized,python,machine_learning_workflows,02_regression_workflow_feature_importance,/home/romakrut/PycharmProjects/masters-thesis/task_equivalents/llm_translations/gemini/optimized/python/machine_learning_workflows/02_regression_workflow_feature_importance.py,5,ok,12.186012113,193.020000000,15.839472192,
script_22,gemini,optimized,python,machine_learning_workflows,02_regression_workflow_feature_importance,/home/romakrut/PycharmProjects/masters-thesis/task_equivalents/llm_translations/gemini/optimized/python/machine_learning_workflows/02_regression_workflow_feature_importance.py,6,ok,12.145092625,195.260000000,16.077275491,
script_22,gemini,optimized,python,machine_learning_workflows,02_regression_workflow_feature_importance,/home/romakrut/PycharmProjects/masters-thesis/task_equivalents/llm_translations/gemini/optimized/python/machine_learning_workflows/02_regression_workflow_feature_importance.py,7,ok,12.214775990,195.680000000,16.019941762,
script_22,gemini,optimized,python,machine_learning_workflows,02_regression_workflow_feature_importance,/home/romakrut/PycharmProjects/masters-thesis/task_equivalents/llm_translations/gemini/optimized/python/machine_learning_workflows/02_regression_workflow_feature_importance.py,8,ok,12.196994997,194.290000000,15.929333418,
script_22,gemini,optimized,python,machine_learning_workflows,02_regression_workflow_feature_importance,/home/romakrut/PycharmProjects/masters-thesis/task_equivalents/llm_translations/gemini/optimized/python/machine_learning_workflows/02_regression_workflow_feature_importance.py,9,ok,12.181478273,194.050000000,15.929922104,
script_22,gemini,optimized,python,machine_learning_workflows,02_regression_workflow_feature_importance,/home/romakrut/PycharmProjects/masters-thesis/task_equivalents/llm_translations/gemini/optimized/python/machine_learning_workflows/02_regression_workflow_feature_importance.py,10,ok,12.203429744,192.690000000,15.789823356,
script_22,gemini,optimized,python,machine_learning_workflows,02_regression_workflow_feature_importance,/home/romakrut/PycharmProjects/masters-thesis/task_equivalents/llm_translations/gemini/optimized/python/machine_learning_workflows/02_regression_workflow_feature_importance.py,11,ok,12.286204799,195.650000000,15.924364212,
script_22,gemini,optimized,python,machine_learning_workflows,02_regression_workflow_feature_importance,/home/romakrut/PycharmProjects/masters-thesis/task_equivalents/llm_translations/gemini/optimized/python/machine_learning_workflows/02_regression_workflow_feature_importance.py,12,ok,12.212962164,192.690000000,15.777499137,
script_22,gemini,optimized,python,machine_learning_workflows,02_regression_workflow_feature_importance,/home/romakrut/PycharmProjects/masters-thesis/task_equivalents/llm_translations/gemini/optimized/python/machine_learning_workflows/02_regression_workflow_feature_importance.py,13,ok,12.355527100,194.590000000,15.749226919,
script_22,gemini,optimized,python,machine_learning_workflows,02_regression_workflow_feature_importance,/home/romakrut/PycharmProjects/masters-thesis/task_equivalents/llm_translations/gemini/optimized/python/machine_learning_workflows/02_regression_workflow_feature_importance.py,14,ok,12.196279157,196.670000000,16.125409846,
script_22,gemini,optimized,python,machine_learning_workflows,02_regression_workflow_feature_importance,/home/romakrut/PycharmProjects/masters-thesis/task_equivalents/llm_translations/gemini/optimized/python/machine_learning_workflows/02_regression_workflow_feature_importance.py,15,ok,12.220957436,199.390000000,16.315415633,
script_22,gemini,optimized,python,machine_learning_workflows,02_regression_workflow_feature_importance,/home/romakrut/PycharmProjects/masters-thesis/task_equivalents/llm_translations/gemini/optimized/python/machine_learning_workflows/02_regression_workflow_feature_importance.py,16,ok,12.197079869,193.470000000,15.861993369,
script_22,gemini,optimized,python,machine_learning_workflows,02_regression_workflow_feature_importance,/home/romakrut/PycharmProjects/masters-thesis/task_equivalents/llm_translations/gemini/optimized/python/machine_learning_workflows/02_regression_workflow_feature_importance.py,17,ok,12.170460790,196.540000000,16.148936625,
script_22,gemini,optimized,python,machine_learning_workflows,02_regression_workflow_feature_importance,/home/romakrut/PycharmProjects/masters-thesis/task_equivalents/llm_translations/gemini/optimized/python/machine_learning_workflows/02_regression_workflow_feature_importance.py,18,ok,12.211479527,193.350000000,15.833462241,
script_22,gemini,optimized,python,machine_learning_workflows,02_regression_workflow_feature_importance,/home/romakrut/PycharmProjects/masters-thesis/task_equivalents/llm_translations/gemini/optimized/python/machine_learning_workflows/02_regression_workflow_feature_importance.py,19,ok,12.202968366,198.900000000,16.299312924,
script_22,gemini,optimized,python,machine_learning_workflows,02_regression_workflow_feature_importance,/home/romakrut/PycharmProjects/masters-thesis/task_equivalents/llm_translations/gemini/optimized/python/machine_learning_workflows/02_regression_workflow_feature_importance.py,20,ok,12.174191957,196.460000000,16.137415994,
script_22,gemini,optimized,python,machine_learning_workflows,02_regression_workflow_feature_importance,/home/romakrut/PycharmProjects/masters-thesis/task_equivalents/llm_translations/gemini/optimized/python/machine_learning_workflows/02_regression_workflow_feature_importance.py,21,ok,12.167186081,192.840000000,15.849186387,
script_22,gemini,optimized,python,machine_learning_workflows,02_regression_workflow_feature_importance,/home/romakrut/PycharmProjects/masters-thesis/task_equivalents/llm_translations/gemini/optimized/python/machine_learning_workflows/02_regression_workflow_feature_importance.py,22,ok,12.205876974,197.720000000,16.198754126,
script_22,gemini,optimized,python,machine_learning_workflows,02_regression_workflow_feature_importance,/home/romakrut/PycharmProjects/masters-thesis/task_equivalents/llm_translations/gemini/optimized/python/machine_learning_workflows/02_regression_workflow_feature_importance.py,23,ok,12.184250398,199.130000000,16.343229456,
script_22,gemini,optimized,python,machine_learning_workflows,02_regression_workflow_feature_importance,/home/romakrut/PycharmProjects/masters-thesis/task_equivalents/llm_translations/gemini/optimized/python/machine_learning_workflows/02_regression_workflow_feature_importance.py,24,ok,12.237351154,194.450000000,15.889876621,
script_22,gemini,optimized,python,machine_learning_workflows,02_regression_workflow_feature_importance,/home/romakrut/PycharmProjects/masters-thesis/task_equivalents/llm_translations/gemini/optimized/python/machine_learning_workflows/02_regression_workflow_feature_importance.py,25,ok,12.184683743,198.570000000,16.296688875,
script_22,gemini,optimized,python,machine_learning_workflows,02_regression_workflow_feature_importance,/home/romakrut/PycharmProjects/masters-thesis/task_equivalents/llm_translations/gemini/optimized/python/machine_learning_workflows/02_regression_workflow_feature_importance.py,26,ok,12.274559808,194.690000000,15.861261263,
script_22,gemini,optimized,python,machine_learning_workflows,02_regression_workflow_feature_importance,/home/romakrut/PycharmProjects/masters-thesis/task_equivalents/llm_translations/gemini/optimized/python/machine_learning_workflows/02_regression_workflow_feature_importance.py,27,ok,12.222547993,198.190000000,16.215113257,
script_22,gemini,optimized,python,machine_learning_workflows,02_regression_workflow_feature_importance,/home/romakrut/PycharmProjects/masters-thesis/task_equivalents/llm_translations/gemini/optimized/python/machine_learning_workflows/02_regression_workflow_feature_importance.py,28,ok,12.207692120,195.310000000,15.998929042,
script_22,gemini,optimized,python,machine_learning_workflows,02_regression_workflow_feature_importance,/home/romakrut/PycharmProjects/masters-thesis/task_equivalents/llm_translations/gemini/optimized/python/machine_learning_workflows/02_regression_workflow_feature_importance.py,29,ok,12.261454528,198.090000000,16.155505821,
script_22,gemini,optimized,python,machine_learning_workflows,02_regression_workflow_feature_importance,/home/romakrut/PycharmProjects/masters-thesis/task_equivalents/llm_translations/gemini/optimized/python/machine_learning_workflows/02_regression_workflow_feature_importance.py,30,ok,12.195030464,195.040000000,15.993399982,
script_50,gpt,optimized,python,data_manipulation_preprocessing,02_merge_aggregate_reshape,/home/romakrut/PycharmProjects/masters-thesis/task_equivalents/llm_translations/gpt/optimized/python/data_manipulation_preprocessing/02_merge_aggregate_reshape.py,1,ok,0.172902543,2.910000000,16.830290345,
script_50,gpt,optimized,python,data_manipulation_preprocessing,02_merge_aggregate_reshape,/home/romakrut/PycharmProjects/masters-thesis/task_equivalents/llm_translations/gpt/optimized/python/data_manipulation_preprocessing/02_merge_aggregate_reshape.py,2,ok,0.172007183,2.910000000,16.917898132,
script_50,gpt,optimized,python,data_manipulation_preprocessing,02_merge_aggregate_reshape,/home/romakrut/PycharmProjects/masters-thesis/task_equivalents/llm_translations/gpt/optimized/python/data_manipulation_preprocessing/02_merge_aggregate_reshape.py,3,ok,0.173537336,2.840000000,16.365354370,
script_50,gpt,optimized,python,data_manipulation_preprocessing,02_merge_aggregate_reshape,/home/romakrut/PycharmProjects/masters-thesis/task_equivalents/llm_translations/gpt/optimized/python/data_manipulation_preprocessing/02_merge_aggregate_reshape.py,4,ok,0.173898655,2.890000000,16.618874942,
script_50,gpt,optimized,python,data_manipulation_preprocessing,02_merge_aggregate_reshape,/home/romakrut/PycharmProjects/masters-thesis/task_equivalents/llm_translations/gpt/optimized/python/data_manipulation_preprocessing/02_merge_aggregate_reshape.py,5,ok,0.172713768,2.840000000,16.443390894,
script_50,gpt,optimized,python,data_manipulation_preprocessing,02_merge_aggregate_reshape,/home/romakrut/PycharmProjects/masters-thesis/task_equivalents/llm_translations/gpt/optimized/python/data_manipulation_preprocessing/02_merge_aggregate_reshape.py,6,ok,0.172977122,2.870000000,16.591789520,
script_50,gpt,optimized,python,data_manipulation_preprocessing,02_merge_aggregate_reshape,/home/romakrut/PycharmProjects/masters-thesis/task_equivalents/llm_translations/gpt/optimized/python/data_manipulation_preprocessing/02_merge_aggregate_reshape.py,7,ok,0.173124577,2.800000000,16.173324715,
script_50,gpt,optimized,python,data_manipulation_preprocessing,02_merge_aggregate_reshape,/home/romakrut/PycharmProjects/masters-thesis/task_equivalents/llm_translations/gpt/optimized/python/data_manipulation_preprocessing/02_merge_aggregate_reshape.py,8,ok,0.173617748,2.810000000,16.184981273,
script_50,gpt,optimized,python,data_manipulation_preprocessing,02_merge_aggregate_reshape,/home/romakrut/PycharmProjects/masters-thesis/task_equivalents/llm_translations/gpt/optimized/python/data_manipulation_preprocessing/02_merge_aggregate_reshape.py,9,ok,0.173858248,2.900000000,16.680255515,
script_50,gpt,optimized,python,data_manipulation_preprocessing,02_merge_aggregate_reshape,/home/romakrut/PycharmProjects/masters-thesis/task_equivalents/llm_translations/gpt/optimized/python/data_manipulation_preprocessing/02_merge_aggregate_reshape.py,10,ok,0.173960524,2.830000000,16.268058609,
script_50,gpt,optimized,python,data_manipulation_preprocessing,02_merge_aggregate_reshape,/home/romakrut/PycharmProjects/masters-thesis/task_equivalents/llm_translations/gpt/optimized/python/data_manipulation_preprocessing/02_merge_aggregate_reshape.py,11,ok,0.172925233,2.830000000,16.365454312,
script_50,gpt,optimized,python,data_manipulation_preprocessing,02_merge_aggregate_reshape,/home/romakrut/PycharmProjects/masters-thesis/task_equivalents/llm_translations/gpt/optimized/python/data_manipulation_preprocessing/02_merge_aggregate_reshape.py,12,ok,0.173460193,2.830000000,16.314982424,
script_50,gpt,optimized,python,data_manipulation_preprocessing,02_merge_aggregate_reshape,/home/romakrut/PycharmProjects/masters-thesis/task_equivalents/llm_translations/gpt/optimized/python/data_manipulation_preprocessing/02_merge_aggregate_reshape.py,13,ok,0.174358532,2.840000000,16.288276618,
script_50,gpt,optimized,python,data_manipulation_preprocessing,02_merge_aggregate_reshape,/home/romakrut/PycharmProjects/masters-thesis/task_equivalents/llm_translations/gpt/optimized/python/data_manipulation_preprocessing/02_merge_aggregate_reshape.py,14,ok,0.173851267,2.870000000,16.508364014,
script_50,gpt,optimized,python,data_manipulation_preprocessing,02_merge_aggregate_reshape,/home/romakrut/PycharmProjects/masters-thesis/task_equivalents/llm_translations/gpt/optimized/python/data_manipulation_preprocessing/02_merge_aggregate_reshape.py,15,ok,0.174692563,2.860000000,16.371618522,
script_50,gpt,optimized,python,data_manipulation_preprocessing,02_merge_aggregate_reshape,/home/romakrut/PycharmProjects/masters-thesis/task_equivalents/llm_translations/gpt/optimized/python/data_manipulation_preprocessing/02_merge_aggregate_reshape.py,16,ok,0.173077890,2.930000000,16.928794313,
script_50,gpt,optimized,python,data_manipulation_preprocessing,02_merge_aggregate_reshape,/home/romakrut/PycharmProjects/masters-thesis/task_equivalents/llm_translations/gpt/optimized/python/data_manipulation_preprocessing/02_merge_aggregate_reshape.py,17,ok,0.173842573,2.910000000,16.739282845,
script_50,gpt,optimized,python,data_manipulation_preprocessing,02_merge_aggregate_reshape,/home/romakrut/PycharmProjects/masters-thesis/task_equivalents/llm_translations/gpt/optimized/python/data_manipulation_preprocessing/02_merge_aggregate_reshape.py,18,ok,0.174354684,2.920000000,16.747470920,
script_50,gpt,optimized,python,data_manipulation_preprocessing,02_merge_aggregate_reshape,/home/romakrut/PycharmProjects/masters-thesis/task_equivalents/llm_translations/gpt/optimized/python/data_manipulation_preprocessing/02_merge_aggregate_reshape.py,19,ok,0.173855048,2.900000000,16.680562534,
script_50,gpt,optimized,python,data_manipulation_preprocessing,02_merge_aggregate_reshape,/home/romakrut/PycharmProjects/masters-thesis/task_equivalents/llm_translations/gpt/optimized/python/data_manipulation_preprocessing/02_merge_aggregate_reshape.py,20,ok,0.173602424,2.840000000,16.359218579,
script_50,gpt,optimized,python,data_manipulation_preprocessing,02_merge_aggregate_reshape,/home/romakrut/PycharmProjects/masters-thesis/task_equivalents/llm_translations/gpt/optimized/python/data_manipulation_preprocessing/02_merge_aggregate_reshape.py,21,ok,0.173630352,2.900000000,16.702148942,
script_50,gpt,optimized,python,data_manipulation_preprocessing,02_merge_aggregate_reshape,/home/romakrut/PycharmProjects/masters-thesis/task_equivalents/llm_translations/gpt/optimized/python/data_manipulation_preprocessing/02_merge_aggregate_reshape.py,22,ok,0.171926392,2.890000000,16.809519274,
script_50,gpt,optimized,python,data_manipulation_preprocessing,02_merge_aggregate_reshape,/home/romakrut/PycharmProjects/masters-thesis/task_equivalents/llm_translations/gpt/optimized/python/data_manipulation_preprocessing/02_merge_aggregate_reshape.py,23,ok,0.172993026,2.830000000,16.359040971,
script_50,gpt,optimized,python,data_manipulation_preprocessing,02_merge_aggregate_reshape,/home/romakrut/PycharmProjects/masters-thesis/task_equivalents/llm_translations/gpt/optimized/python/data_manipulation_preprocessing/02_merge_aggregate_reshape.py,24,ok,0.173649185,2.830000000,16.297225927,
script_50,gpt,optimized,python,data_manipulation_preprocessing,02_merge_aggregate_reshape,/home/romakrut/PycharmProjects/masters-thesis/task_equivalents/llm_translations/gpt/optimized/python/data_manipulation_preprocessing/02_merge_aggregate_reshape.py,25,ok,0.173227847,2.880000000,16.625502481,
script_50,gpt,optimized,python,data_manipulation_preprocessing,02_merge_aggregate_reshape,/home/romakrut/PycharmProjects/masters-thesis/task_equivalents/llm_translations/gpt/optimized/python/data_manipulation_preprocessing/02_merge_aggregate_reshape.py,26,ok,0.172823148,2.830000000,16.375121231,
script_50,gpt,optimized,python,data_manipulation_preprocessing,02_merge_aggregate_reshape,/home/romakrut/PycharmProjects/masters-thesis/task_equivalents/llm_translations/gpt/optimized/python/data_manipulation_preprocessing/02_merge_aggregate_reshape.py,27,ok,0.172456694,2.890000000,16.757830230,
script_50,gpt,optimized,python,data_manipulation_preprocessing,02_merge_aggregate_reshape,/home/romakrut/PycharmProjects/masters-thesis/task_equivalents/llm_translations/gpt/optimized/python/data_manipulation_preprocessing/02_merge_aggregate_reshape.py,28,ok,0.172698073,2.920000000,16.908121494,
script_50,gpt,optimized,python,data_manipulation_preprocessing,02_merge_aggregate_reshape,/home/romakrut/PycharmProjects/masters-thesis/task_equivalents/llm_translations/gpt/optimized/python/data_manipulation_preprocessing/02_merge_aggregate_reshape.py,29,ok,0.173552523,2.830000000,16.306302848,
script_50,gpt,optimized,python,data_manipulation_preprocessing,02_merge_aggregate_reshape,/home/romakrut/PycharmProjects/masters-thesis/task_equivalents/llm_translations/gpt/optimized/python/data_manipulation_preprocessing/02_merge_aggregate_reshape.py,30,ok,0.174113043,2.850000000,16.368676068,
script_10,gemini,base,r,data_manipulation_preprocessing,02_merge_aggregate_reshape,/home/romakrut/PycharmProjects/masters-thesis/task_equivalents/llm_translations/gemini/base/r/data_manipulation_preprocessing/02_merge_aggregate_reshape.R,1,ok,0.079676292,1.420000000,17.822114513,
script_10,gemini,base,r,data_manipulation_preprocessing,02_merge_aggregate_reshape,/home/romakrut/PycharmProjects/masters-thesis/task_equivalents/llm_translations/gemini/base/r/data_manipulation_preprocessing/02_merge_aggregate_reshape.R,2,ok,0.089030173,1.410000000,15.837327419,
script_10,gemini,base,r,data_manipulation_preprocessing,02_merge_aggregate_reshape,/home/romakrut/PycharmProjects/masters-thesis/task_equivalents/llm_translations/gemini/base/r/data_manipulation_preprocessing/02_merge_aggregate_reshape.R,3,ok,0.081818741,1.330000000,16.255444459,
script_10,gemini,base,r,data_manipulation_preprocessing,02_merge_aggregate_reshape,/home/romakrut/PycharmProjects/masters-thesis/task_equivalents/llm_translations/gemini/base/r/data_manipulation_preprocessing/02_merge_aggregate_reshape.R,4,ok,0.081339155,1.350000000,16.597172665,
script_10,gemini,base,r,data_manipulation_preprocessing,02_merge_aggregate_reshape,/home/romakrut/PycharmProjects/masters-thesis/task_equivalents/llm_translations/gemini/base/r/data_manipulation_preprocessing/02_merge_aggregate_reshape.R,5,ok,0.081024072,1.360000000,16.785135163,
script_10,gemini,base,r,data_manipulation_preprocessing,02_merge_aggregate_reshape,/home/romakrut/PycharmProjects/masters-thesis/task_equivalents/llm_translations/gemini/base/r/data_manipulation_preprocessing/02_merge_aggregate_reshape.R,6,ok,0.080656140,1.350000000,16.737721394,
script_10,gemini,base,r,data_manipulation_preprocessing,02_merge_aggregate_reshape,/home/romakrut/PycharmProjects/masters-thesis/task_equivalents/llm_translations/gemini/base/r/data_manipulation_preprocessing/02_merge_aggregate_reshape.R,7,ok,0.080797077,1.340000000,16.584758382,
script_10,gemini,base,r,data_manipulation_preprocessing,02_merge_aggregate_reshape,/home/romakrut/PycharmProjects/masters-thesis/task_equivalents/llm_translations/gemini/base/r/data_manipulation_preprocessing/02_merge_aggregate_reshape.R,8,ok,0.081372877,1.360000000,16.713185648,
script_10,gemini,base,r,data_manipulation_preprocessing,02_merge_aggregate_reshape,/home/romakrut/PycharmProjects/masters-thesis/task_equivalents/llm_translations/gemini/base/r/data_manipulation_preprocessing/02_merge_aggregate_reshape.R,9,ok,0.081609257,1.360000000,16.664776154,
script_10,gemini,base,r,data_manipulation_preprocessing,02_merge_aggregate_reshape,/home/romakrut/PycharmProjects/masters-thesis/task_equivalents/llm_translations/gemini/base/r/data_manipulation_preprocessing/02_merge_aggregate_reshape.R,10,ok,0.081294088,1.360000000,16.729383814,
script_10,gemini,base,r,data_manipulation_preprocessing,02_merge_aggregate_reshape,/home/romakrut/PycharmProjects/masters-thesis/task_equivalents/llm_translations/gemini/base/r/data_manipulation_preprocessing/02_merge_aggregate_reshape.R,11,ok,0.080100844,1.390000000,17.353125518,
script_10,gemini,base,r,data_manipulation_preprocessing,02_merge_aggregate_reshape,/home/romakrut/PycharmProjects/masters-thesis/task_equivalents/llm_translations/gemini/base/r/data_manipulation_preprocessing/02_merge_aggregate_reshape.R,12,ok,0.080337999,1.360000000,16.928477395,
script_10,gemini,base,r,data_manipulation_preprocessing,02_merge_aggregate_reshape,/home/romakrut/PycharmProjects/masters-thesis/task_equivalents/llm_translations/gemini/base/r/data_manipulation_preprocessing/02_merge_aggregate_reshape.R,13,ok,0.080145555,1.330000000,16.594806786,
script_10,gemini,base,r,data_manipulation_preprocessing,02_merge_aggregate_reshape,/home/romakrut/PycharmProjects/masters-thesis/task_equivalents/llm_translations/gemini/base/r/data_manipulation_preprocessing/02_merge_aggregate_reshape.R,14,ok,0.080016768,1.360000000,16.996437547,
script_10,gemini,base,r,data_manipulation_preprocessing,02_merge_aggregate_reshape,/home/romakrut/PycharmProjects/masters-thesis/task_equivalents/llm_translations/gemini/base/r/data_manipulation_preprocessing/02_merge_aggregate_reshape.R,15,ok,0.079779223,1.340000000,16.796353106,
script_10,gemini,base,r,data_manipulation_preprocessing,02_merge_aggregate_reshape,/home/romakrut/PycharmProjects/masters-thesis/task_equivalents/llm_translations/gemini/base/r/data_manipulation_preprocessing/02_merge_aggregate_reshape.R,16,ok,0.079693738,1.400000000,17.567252273,
script_10,gemini,base,r,data_manipulation_preprocessing,02_merge_aggregate_reshape,/home/romakrut/PycharmProjects/masters-thesis/task_equivalents/llm_translations/gemini/base/r/data_manipulation_preprocessing/02_merge_aggregate_reshape.R,17,ok,0.080322546,1.370000000,17.056232256,
script_10,gemini,base,r,data_manipulation_preprocessing,02_merge_aggregate_reshape,/home/romakrut/PycharmProjects/masters-thesis/task_equivalents/llm_translations/gemini/base/r/data_manipulation_preprocessing/02_merge_aggregate_reshape.R,18,ok,0.079960315,1.330000000,16.633251132,
script_10,gemini,base,r,data_manipulation_preprocessing,02_merge_aggregate_reshape,/home/romakrut/PycharmProjects/masters-thesis/task_equivalents/llm_translations/gemini/base/r/data_manipulation_preprocessing/02_merge_aggregate_reshape.R,19,ok,0.080028867,1.360000000,16.993867975,
script_10,gemini,base,r,data_manipulation_preprocessing,02_merge_aggregate_reshape,/home/romakrut/PycharmProjects/masters-thesis/task_equivalents/llm_translations/gemini/base/r/data_manipulation_preprocessing/02_merge_aggregate_reshape.R,20,ok,0.080032410,1.380000000,17.243014424,
script_10,gemini,base,r,data_manipulation_preprocessing,02_merge_aggregate_reshape,/home/romakrut/PycharmProjects/masters-thesis/task_equivalents/llm_translations/gemini/base/r/data_manipulation_preprocessing/02_merge_aggregate_reshape.R,21,ok,0.080053284,1.380000000,17.238518285,
script_10,gemini,base,r,data_manipulation_preprocessing,02_merge_aggregate_reshape,/home/romakrut/PycharmProjects/masters-thesis/task_equivalents/llm_translations/gemini/base/r/data_manipulation_preprocessing/02_merge_aggregate_reshape.R,22,ok,0.079930787,1.310000000,16.389179303,
script_10,gemini,base,r,data_manipulation_preprocessing,02_merge_aggregate_reshape,/home/romakrut/PycharmProjects/masters-thesis/task_equivalents/llm_translations/gemini/base/r/data_manipulation_preprocessing/02_merge_aggregate_reshape.R,23,ok,0.079210445,1.310000000,16.538222958,
script_10,gemini,base,r,data_manipulation_preprocessing,02_merge_aggregate_reshape,/home/romakrut/PycharmProjects/masters-thesis/task_equivalents/llm_translations/gemini/base/r/data_manipulation_preprocessing/02_merge_aggregate_reshape.R,24,ok,0.079903583,1.340000000,16.770211669,
script_10,gemini,base,r,data_manipulation_preprocessing,02_merge_aggregate_reshape,/home/romakrut/PycharmProjects/masters-thesis/task_equivalents/llm_translations/gemini/base/r/data_manipulation_preprocessing/02_merge_aggregate_reshape.R,25,ok,0.079393711,1.330000000,16.751956588,
script_10,gemini,base,r,data_manipulation_preprocessing,02_merge_aggregate_reshape,/home/romakrut/PycharmProjects/masters-thesis/task_equivalents/llm_translations/gemini/base/r/data_manipulation_preprocessing/02_merge_aggregate_reshape.R,26,ok,0.080384027,1.400000000,17.416395424,
script_10,gemini,base,r,data_manipulation_preprocessing,02_merge_aggregate_reshape,/home/romakrut/PycharmProjects/masters-thesis/task_equivalents/llm_translations/gemini/base/r/data_manipulation_preprocessing/02_merge_aggregate_reshape.R,27,ok,0.081847558,1.360000000,16.616256285,
script_10,gemini,base,r,data_manipulation_preprocessing,02_merge_aggregate_reshape,/home/romakrut/PycharmProjects/masters-thesis/task_equivalents/llm_translations/gemini/base/r/data_manipulation_preprocessing/02_merge_aggregate_reshape.R,28,ok,0.080575108,1.350000000,16.754554024,
script_10,gemini,base,r,data_manipulation_preprocessing,02_merge_aggregate_reshape,/home/romakrut/PycharmProjects/masters-thesis/task_equivalents/llm_translations/gemini/base/r/data_manipulation_preprocessing/02_merge_aggregate_reshape.R,29,ok,0.082359993,1.420000000,17.241380776,
script_10,gemini,base,r,data_manipulation_preprocessing,02_merge_aggregate_reshape,/home/romakrut/PycharmProjects/masters-thesis/task_equivalents/llm_translations/gemini/base/r/data_manipulation_preprocessing/02_merge_aggregate_reshape.R,30,ok,0.081611817,1.330000000,16.296659588,
script_46,gpt,base,r,machine_learning_workflows,02_regression_workflow_feature_importance,/home/romakrut/PycharmProjects/masters-thesis/task_equivalents/llm_translations/gpt/base/r/machine_learning_workflows/02_regression_workflow_feature_importance.R,1,ok,1.790106756,30.700000000,17.149815170,
script_46,gpt,base,r,machine_learning_workflows,02_regression_workflow_feature_importance,/home/romakrut/PycharmProjects/masters-thesis/task_equivalents/llm_translations/gpt/base/r/machine_learning_workflows/02_regression_workflow_feature_importance.R,2,ok,1.775923341,29.860000000,16.813788811,
script_46,gpt,base,r,machine_learning_workflows,02_regression_workflow_feature_importance,/home/romakrut/PycharmProjects/masters-thesis/task_equivalents/llm_translations/gpt/base/r/machine_learning_workflows/02_regression_workflow_feature_importance.R,3,ok,1.757973231,30.000000000,17.065106266,
script_46,gpt,base,r,machine_learning_workflows,02_regression_workflow_feature_importance,/home/romakrut/PycharmProjects/masters-thesis/task_equivalents/llm_translations/gpt/base/r/machine_learning_workflows/02_regression_workflow_feature_importance.R,4,ok,1.792661324,30.240000000,16.868774707,
script_46,gpt,base,r,machine_learning_workflows,02_regression_workflow_feature_importance,/home/romakrut/PycharmProjects/masters-thesis/task_equivalents/llm_translations/gpt/base/r/machine_learning_workflows/02_regression_workflow_feature_importance.R,5,ok,1.755539365,30.830000000,17.561554366,
script_46,gpt,base,r,machine_learning_workflows,02_regression_workflow_feature_importance,/home/romakrut/PycharmProjects/masters-thesis/task_equivalents/llm_translations/gpt/base/r/machine_learning_workflows/02_regression_workflow_feature_importance.R,6,ok,1.781222586,30.850000000,17.319564799,
script_46,gpt,base,r,machine_learning_workflows,02_regression_workflow_feature_importance,/home/romakrut/PycharmProjects/masters-thesis/task_equivalents/llm_translations/gpt/base/r/machine_learning_workflows/02_regression_workflow_feature_importance.R,7,ok,1.772168850,30.920000000,17.447547394,
script_46,gpt,base,r,machine_learning_workflows,02_regression_workflow_feature_importance,/home/romakrut/PycharmProjects/masters-thesis/task_equivalents/llm_translations/gpt/base/r/machine_learning_workflows/02_regression_workflow_feature_importance.R,8,ok,1.752753580,30.420000000,17.355548633,
script_46,gpt,base,r,machine_learning_workflows,02_regression_workflow_feature_importance,/home/romakrut/PycharmProjects/masters-thesis/task_equivalents/llm_translations/gpt/base/r/machine_learning_workflows/02_regression_workflow_feature_importance.R,9,ok,1.768164445,30.640000000,17.328704967,
script_46,gpt,base,r,machine_learning_workflows,02_regression_workflow_feature_importance,/home/romakrut/PycharmProjects/masters-thesis/task_equivalents/llm_translations/gpt/base/r/machine_learning_workflows/02_regression_workflow_feature_importance.R,10,ok,1.780901545,30.690000000,17.232844840,
script_46,gpt,base,r,machine_learning_workflows,02_regression_workflow_feature_importance,/home/romakrut/PycharmProjects/masters-thesis/task_equivalents/llm_translations/gpt/base/r/machine_learning_workflows/02_regression_workflow_feature_importance.R,11,ok,1.778201608,30.670000000,17.247763056,
script_46,gpt,base,r,machine_learning_workflows,02_regression_workflow_feature_importance,/home/romakrut/PycharmProjects/masters-thesis/task_equivalents/llm_translations/gpt/base/r/machine_learning_workflows/02_regression_workflow_feature_importance.R,12,ok,1.779490536,30.600000000,17.195932982,
script_46,gpt,base,r,machine_learning_workflows,02_regression_workflow_feature_importance,/home/romakrut/PycharmProjects/masters-thesis/task_equivalents/llm_translations/gpt/base/r/machine_learning_workflows/02_regression_workflow_feature_importance.R,13,ok,1.787869593,30.910000000,17.288732982,
script_46,gpt,base,r,machine_learning_workflows,02_regression_workflow_feature_importance,/home/romakrut/PycharmProjects/masters-thesis/task_equivalents/llm_translations/gpt/base/r/machine_learning_workflows/02_regression_workflow_feature_importance.R,14,ok,1.756341680,31.350000000,17.849602020,
script_46,gpt,base,r,machine_learning_workflows,02_regression_workflow_feature_importance,/home/romakrut/PycharmProjects/masters-thesis/task_equivalents/llm_translations/gpt/base/r/machine_learning_workflows/02_regression_workflow_feature_importance.R,15,ok,1.774315138,31.340000000,17.663153139,
script_46,gpt,base,r,machine_learning_workflows,02_regression_workflow_feature_importance,/home/romakrut/PycharmProjects/masters-thesis/task_equivalents/llm_translations/gpt/base/r/machine_learning_workflows/02_regression_workflow_feature_importance.R,16,ok,1.779830744,31.580000000,17.743260198,
script_46,gpt,base,r,machine_learning_workflows,02_regression_workflow_feature_importance,/home/romakrut/PycharmProjects/masters-thesis/task_equivalents/llm_translations/gpt/base/r/machine_learning_workflows/02_regression_workflow_feature_importance.R,17,ok,1.755420297,31.010000000,17.665285090,
script_46,gpt,base,r,machine_learning_workflows,02_regression_workflow_feature_importance,/home/romakrut/PycharmProjects/masters-thesis/task_equivalents/llm_translations/gpt/base/r/machine_learning_workflows/02_regression_workflow_feature_importance.R,18,ok,1.757510038,31.250000000,17.780837278,
script_46,gpt,base,r,machine_learning_workflows,02_regression_workflow_feature_importance,/home/romakrut/PycharmProjects/masters-thesis/task_equivalents/llm_translations/gpt/base/r/machine_learning_workflows/02_regression_workflow_feature_importance.R,19,ok,1.757627291,31.330000000,17.825167008,
script_46,gpt,base,r,machine_learning_workflows,02_regression_workflow_feature_importance,/home/romakrut/PycharmProjects/masters-thesis/task_equivalents/llm_translations/gpt/base/r/machine_learning_workflows/02_regression_workflow_feature_importance.R,20,ok,1.788214191,31.060000000,17.369283924,
script_46,gpt,base,r,machine_learning_workflows,02_regression_workflow_feature_importance,/home/romakrut/PycharmProjects/masters-thesis/task_equivalents/llm_translations/gpt/base/r/machine_learning_workflows/02_regression_workflow_feature_importance.R,21,ok,1.753325605,31.460000000,17.943044869,
script_46,gpt,base,r,machine_learning_workflows,02_regression_workflow_feature_importance,/home/romakrut/PycharmProjects/masters-thesis/task_equivalents/llm_translations/gpt/base/r/machine_learning_workflows/02_regression_workflow_feature_importance.R,22,ok,1.775397316,31.390000000,17.680549428,
script_46,gpt,base,r,machine_learning_workflows,02_regression_workflow_feature_importance,/home/romakrut/PycharmProjects/masters-thesis/task_equivalents/llm_translations/gpt/base/r/machine_learning_workflows/02_regression_workflow_feature_importance.R,23,ok,1.787518520,31.130000000,17.415204179,
script_46,gpt,base,r,machine_learning_workflows,02_regression_workflow_feature_importance,/home/romakrut/PycharmProjects/masters-thesis/task_equivalents/llm_translations/gpt/base/r/machine_learning_workflows/02_regression_workflow_feature_importance.R,24,ok,1.776454332,30.840000000,17.360423763,
script_46,gpt,base,r,machine_learning_workflows,02_regression_workflow_feature_importance,/home/romakrut/PycharmProjects/masters-thesis/task_equivalents/llm_translations/gpt/base/r/machine_learning_workflows/02_regression_workflow_feature_importance.R,25,ok,1.770545800,31.530000000,17.808067998,
script_46,gpt,base,r,machine_learning_workflows,02_regression_workflow_feature_importance,/home/romakrut/PycharmProjects/masters-thesis/task_equivalents/llm_translations/gpt/base/r/machine_learning_workflows/02_regression_workflow_feature_importance.R,26,ok,1.799673927,31.010000000,17.230899184,
script_46,gpt,base,r,machine_learning_workflows,02_regression_workflow_feature_importance,/home/romakrut/PycharmProjects/masters-thesis/task_equivalents/llm_translations/gpt/base/r/machine_learning_workflows/02_regression_workflow_feature_importance.R,27,ok,1.768732832,30.950000000,17.498403060,
script_46,gpt,base,r,machine_learning_workflows,02_regression_workflow_feature_importance,/home/romakrut/PycharmProjects/masters-thesis/task_equivalents/llm_translations/gpt/base/r/machine_learning_workflows/02_regression_workflow_feature_importance.R,28,ok,1.762768667,31.110000000,17.648373597,
script_46,gpt,base,r,machine_learning_workflows,02_regression_workflow_feature_importance,/home/romakrut/PycharmProjects/masters-thesis/task_equivalents/llm_translations/gpt/base/r/machine_learning_workflows/02_regression_workflow_feature_importance.R,29,ok,1.786505637,30.920000000,17.307530052,
script_46,gpt,base,r,machine_learning_workflows,02_regression_workflow_feature_importance,/home/romakrut/PycharmProjects/masters-thesis/task_equivalents/llm_translations/gpt/base/r/machine_learning_workflows/02_regression_workflow_feature_importance.R,30,ok,1.792144080,31.440000000,17.543232350,
script_104,starcoder,base,python,statistical_modelling_analysis,02_logistic_regression_odds_ratios,/home/romakrut/PycharmProjects/masters-thesis/task_equivalents/llm_translations/starcoder/base/python/statistical_modelling_analysis/02_logistic_regression_odds_ratios.py,1,ok,0.633184793,10.240000000,16.172214041,
script_104,starcoder,base,python,statistical_modelling_analysis,02_logistic_regression_odds_ratios,/home/romakrut/PycharmProjects/masters-thesis/task_equivalents/llm_translations/starcoder/base/python/statistical_modelling_analysis/02_logistic_regression_odds_ratios.py,2,ok,0.629849742,10.380000000,16.480121064,
script_104,starcoder,base,python,statistical_modelling_analysis,02_logistic_regression_odds_ratios,/home/romakrut/PycharmProjects/masters-thesis/task_equivalents/llm_translations/starcoder/base/python/statistical_modelling_analysis/02_logistic_regression_odds_ratios.py,3,ok,0.630143719,10.320000000,16.377216322,
script_104,starcoder,base,python,statistical_modelling_analysis,02_logistic_regression_odds_ratios,/home/romakrut/PycharmProjects/masters-thesis/task_equivalents/llm_translations/starcoder/base/python/statistical_modelling_analysis/02_logistic_regression_odds_ratios.py,4,ok,0.633869401,10.460000000,16.501821958,
script_104,starcoder,base,python,statistical_modelling_analysis,02_logistic_regression_odds_ratios,/home/romakrut/PycharmProjects/masters-thesis/task_equivalents/llm_translations/starcoder/base/python/statistical_modelling_analysis/02_logistic_regression_odds_ratios.py,5,ok,0.633380784,10.220000000,16.135633190,
script_104,starcoder,base,python,statistical_modelling_analysis,02_logistic_regression_odds_ratios,/home/romakrut/PycharmProjects/masters-thesis/task_equivalents/llm_translations/starcoder/base/python/statistical_modelling_analysis/02_logistic_regression_odds_ratios.py,6,ok,0.631230541,10.470000000,16.586649916,
script_104,starcoder,base,python,statistical_modelling_analysis,02_logistic_regression_odds_ratios,/home/romakrut/PycharmProjects/masters-thesis/task_equivalents/llm_translations/starcoder/base/python/statistical_modelling_analysis/02_logistic_regression_odds_ratios.py,7,ok,0.631016042,10.440000000,16.544745783,
script_104,starcoder,base,python,statistical_modelling_analysis,02_logistic_regression_odds_ratios,/home/romakrut/PycharmProjects/masters-thesis/task_equivalents/llm_translations/starcoder/base/python/statistical_modelling_analysis/02_logistic_regression_odds_ratios.py,8,ok,0.629579118,10.210000000,16.217183366,
script_104,starcoder,base,python,statistical_modelling_analysis,02_logistic_regression_odds_ratios,/home/romakrut/PycharmProjects/masters-thesis/task_equivalents/llm_translations/starcoder/base/python/statistical_modelling_analysis/02_logistic_regression_odds_ratios.py,9,ok,0.630132258,10.560000000,16.758386618,
script_104,starcoder,base,python,statistical_modelling_analysis,02_logistic_regression_odds_ratios,/home/romakrut/PycharmProjects/masters-thesis/task_equivalents/llm_translations/starcoder/base/python/statistical_modelling_analysis/02_logistic_regression_odds_ratios.py,10,ok,0.633489992,10.430000000,16.464348501,
script_104,starcoder,base,python,statistical_modelling_analysis,02_logistic_regression_odds_ratios,/home/romakrut/PycharmProjects/masters-thesis/task_equivalents/llm_translations/starcoder/base/python/statistical_modelling_analysis/02_logistic_regression_odds_ratios.py,11,ok,0.628868989,10.480000000,16.664838278,
script_104,starcoder,base,python,statistical_modelling_analysis,02_logistic_regression_odds_ratios,/home/romakrut/PycharmProjects/masters-thesis/task_equivalents/llm_translations/starcoder/base/python/statistical_modelling_analysis/02_logistic_regression_odds_ratios.py,12,ok,0.633542498,10.460000000,16.510336770,
script_104,starcoder,base,python,statistical_modelling_analysis,02_logistic_regression_odds_ratios,/home/romakrut/PycharmProjects/masters-thesis/task_equivalents/llm_translations/starcoder/base/python/statistical_modelling_analysis/02_logistic_regression_odds_ratios.py,13,ok,0.628912988,10.490000000,16.679572851,
script_104,starcoder,base,python,statistical_modelling_analysis,02_logistic_regression_odds_ratios,/home/romakrut/PycharmProjects/masters-thesis/task_equivalents/llm_translations/starcoder/base/python/statistical_modelling_analysis/02_logistic_regression_odds_ratios.py,14,ok,0.633386143,10.300000000,16.261801926,
script_104,starcoder,base,python,statistical_modelling_analysis,02_logistic_regression_odds_ratios,/home/romakrut/PycharmProjects/masters-thesis/task_equivalents/llm_translations/starcoder/base/python/statistical_modelling_analysis/02_logistic_regression_odds_ratios.py,15,ok,0.634578500,10.520000000,16.577933227,
script_104,starcoder,base,python,statistical_modelling_analysis,02_logistic_regression_odds_ratios,/home/romakrut/PycharmProjects/masters-thesis/task_equivalents/llm_translations/starcoder/base/python/statistical_modelling_analysis/02_logistic_regression_odds_ratios.py,16,ok,0.630031156,10.320000000,16.380142318,
script_104,starcoder,base,python,statistical_modelling_analysis,02_logistic_regression_odds_ratios,/home/romakrut/PycharmProjects/masters-thesis/task_equivalents/llm_translations/starcoder/base/python/statistical_modelling_analysis/02_logistic_regression_odds_ratios.py,17,ok,0.635977792,10.570000000,16.620077199,
script_104,starcoder,base,python,statistical_modelling_analysis,02_logistic_regression_odds_ratios,/home/romakrut/PycharmProjects/masters-thesis/task_equivalents/llm_translations/starcoder/base/python/statistical_modelling_analysis/02_logistic_regression_odds_ratios.py,18,ok,0.634749835,10.400000000,16.384407567,
script_104,starcoder,base,python,statistical_modelling_analysis,02_logistic_regression_odds_ratios,/home/romakrut/PycharmProjects/masters-thesis/task_equivalents/llm_translations/starcoder/base/python/statistical_modelling_analysis/02_logistic_regression_odds_ratios.py,19,ok,0.633139454,10.580000000,16.710378627,
script_104,starcoder,base,python,statistical_modelling_analysis,02_logistic_regression_odds_ratios,/home/romakrut/PycharmProjects/masters-thesis/task_equivalents/llm_translations/starcoder/base/python/statistical_modelling_analysis/02_logistic_regression_odds_ratios.py,20,ok,0.633849034,10.430000000,16.455022317,
script_104,starcoder,base,python,statistical_modelling_analysis,02_logistic_regression_odds_ratios,/home/romakrut/PycharmProjects/masters-thesis/task_equivalents/llm_translations/starcoder/base/python/statistical_modelling_analysis/02_logistic_regression_odds_ratios.py,21,ok,0.630875602,10.440000000,16.548428830,
script_104,starcoder,base,python,statistical_modelling_analysis,02_logistic_regression_odds_ratios,/home/romakrut/PycharmProjects/masters-thesis/task_equivalents/llm_translations/starcoder/base/python/statistical_modelling_analysis/02_logistic_regression_odds_ratios.py,22,ok,0.633748771,10.470000000,16.520742097,
script_104,starcoder,base,python,statistical_modelling_analysis,02_logistic_regression_odds_ratios,/home/romakrut/PycharmProjects/masters-thesis/task_equivalents/llm_translations/starcoder/base/python/statistical_modelling_analysis/02_logistic_regression_odds_ratios.py,23,ok,0.631560154,10.650000000,16.863001778,
script_104,starcoder,base,python,statistical_modelling_analysis,02_logistic_regression_odds_ratios,/home/romakrut/PycharmProjects/masters-thesis/task_equivalents/llm_translations/starcoder/base/python/statistical_modelling_analysis/02_logistic_regression_odds_ratios.py,24,ok,0.635469587,10.640000000,16.743523557,
script_104,starcoder,base,python,statistical_modelling_analysis,02_logistic_regression_odds_ratios,/home/romakrut/PycharmProjects/masters-thesis/task_equivalents/llm_translations/starcoder/base/python/statistical_modelling_analysis/02_logistic_regression_odds_ratios.py,25,ok,0.630046108,10.460000000,16.601959551,
script_104,starcoder,base,python,statistical_modelling_analysis,02_logistic_regression_odds_ratios,/home/romakrut/PycharmProjects/masters-thesis/task_equivalents/llm_translations/starcoder/base/python/statistical_modelling_analysis/02_logistic_regression_odds_ratios.py,26,ok,0.634800780,10.570000000,16.650893214,
script_104,starcoder,base,python,statistical_modelling_analysis,02_logistic_regression_odds_ratios,/home/romakrut/PycharmProjects/masters-thesis/task_equivalents/llm_translations/starcoder/base/python/statistical_modelling_analysis/02_logistic_regression_odds_ratios.py,27,ok,0.634446707,10.440000000,16.455282823,
script_104,starcoder,base,python,statistical_modelling_analysis,02_logistic_regression_odds_ratios,/home/romakrut/PycharmProjects/masters-thesis/task_equivalents/llm_translations/starcoder/base/python/statistical_modelling_analysis/02_logistic_regression_odds_ratios.py,28,ok,0.636851420,10.410000000,16.346041907,
script_104,starcoder,base,python,statistical_modelling_analysis,02_logistic_regression_odds_ratios,/home/romakrut/PycharmProjects/masters-thesis/task_equivalents/llm_translations/starcoder/base/python/statistical_modelling_analysis/02_logistic_regression_odds_ratios.py,29,ok,0.631043297,10.560000000,16.734192488,
script_104,starcoder,base,python,statistical_modelling_analysis,02_logistic_regression_odds_ratios,/home/romakrut/PycharmProjects/masters-thesis/task_equivalents/llm_translations/starcoder/base/python/statistical_modelling_analysis/02_logistic_regression_odds_ratios.py,30,ok,0.630934277,10.680000000,16.927278148,
script_23,gemini,optimized,python,statistical_modelling_analysis,01_linear_regression_inference,/home/romakrut/PycharmProjects/masters-thesis/task_equivalents/llm_translations/gemini/optimized/python/statistical_modelling_analysis/01_linear_regression_inference.py,1,ok,0.580840357,9.400000000,16.183448493,
script_23,gemini,optimized,python,statistical_modelling_analysis,01_linear_regression_inference,/home/romakrut/PycharmProjects/masters-thesis/task_equivalents/llm_translations/gemini/optimized/python/statistical_modelling_analysis/01_linear_regression_inference.py,2,ok,0.582328583,9.500000000,16.313813674,
script_23,gemini,optimized,python,statistical_modelling_analysis,01_linear_regression_inference,/home/romakrut/PycharmProjects/masters-thesis/task_equivalents/llm_translations/gemini/optimized/python/statistical_modelling_analysis/01_linear_regression_inference.py,3,ok,0.580015809,9.410000000,16.223695723,
script_23,gemini,optimized,python,statistical_modelling_analysis,01_linear_regression_inference,/home/romakrut/PycharmProjects/masters-thesis/task_equivalents/llm_translations/gemini/optimized/python/statistical_modelling_analysis/01_linear_regression_inference.py,4,ok,0.580573934,9.500000000,16.363118362,
script_23,gemini,optimized,python,statistical_modelling_analysis,01_linear_regression_inference,/home/romakrut/PycharmProjects/masters-thesis/task_equivalents/llm_translations/gemini/optimized/python/statistical_modelling_analysis/01_linear_regression_inference.py,5,ok,0.577343157,9.670000000,16.749137636,
script_23,gemini,optimized,python,statistical_modelling_analysis,01_linear_regression_inference,/home/romakrut/PycharmProjects/masters-thesis/task_equivalents/llm_translations/gemini/optimized/python/statistical_modelling_analysis/01_linear_regression_inference.py,6,ok,0.580621455,9.360000000,16.120658166,
script_23,gemini,optimized,python,statistical_modelling_analysis,01_linear_regression_inference,/home/romakrut/PycharmProjects/masters-thesis/task_equivalents/llm_translations/gemini/optimized/python/statistical_modelling_analysis/01_linear_regression_inference.py,7,ok,0.580569070,9.610000000,16.552724726,
script_23,gemini,optimized,python,statistical_modelling_analysis,01_linear_regression_inference,/home/romakrut/PycharmProjects/masters-thesis/task_equivalents/llm_translations/gemini/optimized/python/statistical_modelling_analysis/01_linear_regression_inference.py,8,ok,0.578576667,9.490000000,16.402320628,
script_23,gemini,optimized,python,statistical_modelling_analysis,01_linear_regression_inference,/home/romakrut/PycharmProjects/masters-thesis/task_equivalents/llm_translations/gemini/optimized/python/statistical_modelling_analysis/01_linear_regression_inference.py,9,ok,0.576413026,9.680000000,16.793513615,
script_23,gemini,optimized,python,statistical_modelling_analysis,01_linear_regression_inference,/home/romakrut/PycharmProjects/masters-thesis/task_equivalents/llm_translations/gemini/optimized/python/statistical_modelling_analysis/01_linear_regression_inference.py,10,ok,0.577823391,9.400000000,16.267946481,
script_23,gemini,optimized,python,statistical_modelling_analysis,01_linear_regression_inference,/home/romakrut/PycharmProjects/masters-thesis/task_equivalents/llm_translations/gemini/optimized/python/statistical_modelling_analysis/01_linear_regression_inference.py,11,ok,0.581062182,9.800000000,16.865664818,
script_23,gemini,optimized,python,statistical_modelling_analysis,01_linear_regression_inference,/home/romakrut/PycharmProjects/masters-thesis/task_equivalents/llm_translations/gemini/optimized/python/statistical_modelling_analysis/01_linear_regression_inference.py,12,ok,0.578417991,9.570000000,16.545128521,
script_23,gemini,optimized,python,statistical_modelling_analysis,01_linear_regression_inference,/home/romakrut/PycharmProjects/masters-thesis/task_equivalents/llm_translations/gemini/optimized/python/statistical_modelling_analysis/01_linear_regression_inference.py,13,ok,0.577762393,9.420000000,16.304280296,
script_23,gemini,optimized,python,statistical_modelling_analysis,01_linear_regression_inference,/home/romakrut/PycharmProjects/masters-thesis/task_equivalents/llm_translations/gemini/optimized/python/statistical_modelling_analysis/01_linear_regression_inference.py,14,ok,0.580885482,9.610000000,16.543708352,
script_23,gemini,optimized,python,statistical_modelling_analysis,01_linear_regression_inference,/home/romakrut/PycharmProjects/masters-thesis/task_equivalents/llm_translations/gemini/optimized/python/statistical_modelling_analysis/01_linear_regression_inference.py,15,ok,0.577105876,9.530000000,16.513434356,
script_23,gemini,optimized,python,statistical_modelling_analysis,01_linear_regression_inference,/home/romakrut/PycharmProjects/masters-thesis/task_equivalents/llm_translations/gemini/optimized/python/statistical_modelling_analysis/01_linear_regression_inference.py,16,ok,0.578748212,9.660000000,16.691196274,
script_23,gemini,optimized,python,statistical_modelling_analysis,01_linear_regression_inference,/home/romakrut/PycharmProjects/masters-thesis/task_equivalents/llm_translations/gemini/optimized/python/statistical_modelling_analysis/01_linear_regression_inference.py,17,ok,0.581944078,9.670000000,16.616716907,
script_23,gemini,optimized,python,statistical_modelling_analysis,01_linear_regression_inference,/home/romakrut/PycharmProjects/masters-thesis/task_equivalents/llm_translations/gemini/optimized/python/statistical_modelling_analysis/01_linear_regression_inference.py,18,ok,0.577966719,9.730000000,16.834879380,
script_23,gemini,optimized,python,statistical_modelling_analysis,01_linear_regression_inference,/home/romakrut/PycharmProjects/masters-thesis/task_equivalents/llm_translations/gemini/optimized/python/statistical_modelling_analysis/01_linear_regression_inference.py,19,ok,0.577464733,9.490000000,16.433904025,
script_23,gemini,optimized,python,statistical_modelling_analysis,01_linear_regression_inference,/home/romakrut/PycharmProjects/masters-thesis/task_equivalents/llm_translations/gemini/optimized/python/statistical_modelling_analysis/01_linear_regression_inference.py,20,ok,0.577664727,9.480000000,16.410903344,
script_23,gemini,optimized,python,statistical_modelling_analysis,01_linear_regression_inference,/home/romakrut/PycharmProjects/masters-thesis/task_equivalents/llm_translations/gemini/optimized/python/statistical_modelling_analysis/01_linear_regression_inference.py,21,ok,0.576685716,9.710000000,16.837594084,
script_23,gemini,optimized,python,statistical_modelling_analysis,01_linear_regression_inference,/home/romakrut/PycharmProjects/masters-thesis/task_equivalents/llm_translations/gemini/optimized/python/statistical_modelling_analysis/01_linear_regression_inference.py,22,ok,0.581364244,9.730000000,16.736495408,
script_23,gemini,optimized,python,statistical_modelling_analysis,01_linear_regression_inference,/home/romakrut/PycharmProjects/masters-thesis/task_equivalents/llm_translations/gemini/optimized/python/statistical_modelling_analysis/01_linear_regression_inference.py,23,ok,0.578989678,9.750000000,16.839678444,
script_23,gemini,optimized,python,statistical_modelling_analysis,01_linear_regression_inference,/home/romakrut/PycharmProjects/masters-thesis/task_equivalents/llm_translations/gemini/optimized/python/statistical_modelling_analysis/01_linear_regression_inference.py,24,ok,0.579409619,9.650000000,16.654884012,
script_23,gemini,optimized,python,statistical_modelling_analysis,01_linear_regression_inference,/home/romakrut/PycharmProjects/masters-thesis/task_equivalents/llm_translations/gemini/optimized/python/statistical_modelling_analysis/01_linear_regression_inference.py,25,ok,0.578308328,9.640000000,16.669308625,
script_23,gemini,optimized,python,statistical_modelling_analysis,01_linear_regression_inference,/home/romakrut/PycharmProjects/masters-thesis/task_equivalents/llm_translations/gemini/optimized/python/statistical_modelling_analysis/01_linear_regression_inference.py,26,ok,0.579971813,9.700000000,16.724950735,
script_23,gemini,optimized,python,statistical_modelling_analysis,01_linear_regression_inference,/home/romakrut/PycharmProjects/masters-thesis/task_equivalents/llm_translations/gemini/optimized/python/statistical_modelling_analysis/01_linear_regression_inference.py,27,ok,0.581439294,9.830000000,16.906322124,
script_23,gemini,optimized,python,statistical_modelling_analysis,01_linear_regression_inference,/home/romakrut/PycharmProjects/masters-thesis/task_equivalents/llm_translations/gemini/optimized/python/statistical_modelling_analysis/01_linear_regression_inference.py,28,ok,0.581081647,9.720000000,16.727425570,
script_23,gemini,optimized,python,statistical_modelling_analysis,01_linear_regression_inference,/home/romakrut/PycharmProjects/masters-thesis/task_equivalents/llm_translations/gemini/optimized/python/statistical_modelling_analysis/01_linear_regression_inference.py,29,ok,0.579297585,9.740000000,16.813465570,
script_23,gemini,optimized,python,statistical_modelling_analysis,01_linear_regression_inference,/home/romakrut/PycharmProjects/masters-thesis/task_equivalents/llm_translations/gemini/optimized/python/statistical_modelling_analysis/01_linear_regression_inference.py,30,ok,0.575959226,9.860000000,17.119267398,
script_82,llama,optimized,python,data_manipulation_preprocessing,02_merge_aggregate_reshape,/home/romakrut/PycharmProjects/masters-thesis/task_equivalents/llm_translations/llama/optimized/python/data_manipulation_preprocessing/02_merge_aggregate_reshape.py,1,ok,0.171251672,2.910000000,16.992534823,
script_82,llama,optimized,python,data_manipulation_preprocessing,02_merge_aggregate_reshape,/home/romakrut/PycharmProjects/masters-thesis/task_equivalents/llm_translations/llama/optimized/python/data_manipulation_preprocessing/02_merge_aggregate_reshape.py,2,ok,0.171771176,2.780000000,16.184321868,
script_82,llama,optimized,python,data_manipulation_preprocessing,02_merge_aggregate_reshape,/home/romakrut/PycharmProjects/masters-thesis/task_equivalents/llm_translations/llama/optimized/python/data_manipulation_preprocessing/02_merge_aggregate_reshape.py,3,ok,0.173183573,2.800000000,16.167815177,
script_82,llama,optimized,python,data_manipulation_preprocessing,02_merge_aggregate_reshape,/home/romakrut/PycharmProjects/masters-thesis/task_equivalents/llm_translations/llama/optimized/python/data_manipulation_preprocessing/02_merge_aggregate_reshape.py,4,ok,0.172230986,2.880000000,16.721729736,
script_82,llama,optimized,python,data_manipulation_preprocessing,02_merge_aggregate_reshape,/home/romakrut/PycharmProjects/masters-thesis/task_equivalents/llm_translations/llama/optimized/python/data_manipulation_preprocessing/02_merge_aggregate_reshape.py,5,ok,0.172342992,2.820000000,16.362719292,
script_82,llama,optimized,python,data_manipulation_preprocessing,02_merge_aggregate_reshape,/home/romakrut/PycharmProjects/masters-thesis/task_equivalents/llm_translations/llama/optimized/python/data_manipulation_preprocessing/02_merge_aggregate_reshape.py,6,ok,0.172773468,2.800000000,16.206192029,
script_82,llama,optimized,python,data_manipulation_preprocessing,02_merge_aggregate_reshape,/home/romakrut/PycharmProjects/masters-thesis/task_equivalents/llm_translations/llama/optimized/python/data_manipulation_preprocessing/02_merge_aggregate_reshape.py,7,ok,0.173832081,2.920000000,16.797819961,
script_82,llama,optimized,python,data_manipulation_preprocessing,02_merge_aggregate_reshape,/home/romakrut/PycharmProjects/masters-thesis/task_equivalents/llm_translations/llama/optimized/python/data_manipulation_preprocessing/02_merge_aggregate_reshape.py,8,ok,0.173311239,2.810000000,16.213605166,
script_82,llama,optimized,python,data_manipulation_preprocessing,02_merge_aggregate_reshape,/home/romakrut/PycharmProjects/masters-thesis/task_equivalents/llm_translations/llama/optimized/python/data_manipulation_preprocessing/02_merge_aggregate_reshape.py,9,ok,0.172601074,2.790000000,16.164441711,
script_82,llama,optimized,python,data_manipulation_preprocessing,02_merge_aggregate_reshape,/home/romakrut/PycharmProjects/masters-thesis/task_equivalents/llm_translations/llama/optimized/python/data_manipulation_preprocessing/02_merge_aggregate_reshape.py,10,ok,0.173215559,2.850000000,16.453487299,
script_82,llama,optimized,python,data_manipulation_preprocessing,02_merge_aggregate_reshape,/home/romakrut/PycharmProjects/masters-thesis/task_equivalents/llm_translations/llama/optimized/python/data_manipulation_preprocessing/02_merge_aggregate_reshape.py,11,ok,0.173916740,2.820000000,16.214655358,
script_82,llama,optimized,python,data_manipulation_preprocessing,02_merge_aggregate_reshape,/home/romakrut/PycharmProjects/masters-thesis/task_equivalents/llm_translations/llama/optimized/python/data_manipulation_preprocessing/02_merge_aggregate_reshape.py,12,ok,0.173832133,2.840000000,16.337600828,
script_82,llama,optimized,python,data_manipulation_preprocessing,02_merge_aggregate_reshape,/home/romakrut/PycharmProjects/masters-thesis/task_equivalents/llm_translations/llama/optimized/python/data_manipulation_preprocessing/02_merge_aggregate_reshape.py,13,ok,0.174215313,2.910000000,16.703468541,
script_82,llama,optimized,python,data_manipulation_preprocessing,02_merge_aggregate_reshape,/home/romakrut/PycharmProjects/masters-thesis/task_equivalents/llm_translations/llama/optimized/python/data_manipulation_preprocessing/02_merge_aggregate_reshape.py,14,ok,0.172857353,2.840000000,16.429732092,
script_82,llama,optimized,python,data_manipulation_preprocessing,02_merge_aggregate_reshape,/home/romakrut/PycharmProjects/masters-thesis/task_equivalents/llm_translations/llama/optimized/python/data_manipulation_preprocessing/02_merge_aggregate_reshape.py,15,ok,0.174418868,2.870000000,16.454641822,
script_82,llama,optimized,python,data_manipulation_preprocessing,02_merge_aggregate_reshape,/home/romakrut/PycharmProjects/masters-thesis/task_equivalents/llm_translations/llama/optimized/python/data_manipulation_preprocessing/02_merge_aggregate_reshape.py,16,ok,0.173859846,2.800000000,16.104926263,
script_82,llama,optimized,python,data_manipulation_preprocessing,02_merge_aggregate_reshape,/home/romakrut/PycharmProjects/masters-thesis/task_equivalents/llm_translations/llama/optimized/python/data_manipulation_preprocessing/02_merge_aggregate_reshape.py,17,ok,0.174005030,2.920000000,16.781124086,
script_82,llama,optimized,python,data_manipulation_preprocessing,02_merge_aggregate_reshape,/home/romakrut/PycharmProjects/masters-thesis/task_equivalents/llm_translations/llama/optimized/python/data_manipulation_preprocessing/02_merge_aggregate_reshape.py,18,ok,0.173662069,2.850000000,16.411183032,
script_82,llama,optimized,python,data_manipulation_preprocessing,02_merge_aggregate_reshape,/home/romakrut/PycharmProjects/masters-thesis/task_equivalents/llm_translations/llama/optimized/python/data_manipulation_preprocessing/02_merge_aggregate_reshape.py,19,ok,0.172662479,2.870000000,16.622024754,
script_82,llama,optimized,python,data_manipulation_preprocessing,02_merge_aggregate_reshape,/home/romakrut/PycharmProjects/masters-thesis/task_equivalents/llm_translations/llama/optimized/python/data_manipulation_preprocessing/02_merge_aggregate_reshape.py,20,ok,0.174045105,2.880000000,16.547434643,
script_82,llama,optimized,python,data_manipulation_preprocessing,02_merge_aggregate_reshape,/home/romakrut/PycharmProjects/masters-thesis/task_equivalents/llm_translations/llama/optimized/python/data_manipulation_preprocessing/02_merge_aggregate_reshape.py,21,ok,0.172315834,2.780000000,16.133166265,
script_82,llama,optimized,python,data_manipulation_preprocessing,02_merge_aggregate_reshape,/home/romakrut/PycharmProjects/masters-thesis/task_equivalents/llm_translations/llama/optimized/python/data_manipulation_preprocessing/02_merge_aggregate_reshape.py,22,ok,0.173183611,2.800000000,16.167811630,
script_82,llama,optimized,python,data_manipulation_preprocessing,02_merge_aggregate_reshape,/home/romakrut/PycharmProjects/masters-thesis/task_equivalents/llm_translations/llama/optimized/python/data_manipulation_preprocessing/02_merge_aggregate_reshape.py,23,ok,0.173623717,2.870000000,16.529999758,
script_82,llama,optimized,python,data_manipulation_preprocessing,02_merge_aggregate_reshape,/home/romakrut/PycharmProjects/masters-thesis/task_equivalents/llm_translations/llama/optimized/python/data_manipulation_preprocessing/02_merge_aggregate_reshape.py,24,ok,0.173035878,2.830000000,16.354989686,
script_82,llama,optimized,python,data_manipulation_preprocessing,02_merge_aggregate_reshape,/home/romakrut/PycharmProjects/masters-thesis/task_equivalents/llm_translations/llama/optimized/python/data_manipulation_preprocessing/02_merge_aggregate_reshape.py,25,ok,0.173264559,2.850000000,16.448834178,
script_82,llama,optimized,python,data_manipulation_preprocessing,02_merge_aggregate_reshape,/home/romakrut/PycharmProjects/masters-thesis/task_equivalents/llm_translations/llama/optimized/python/data_manipulation_preprocessing/02_merge_aggregate_reshape.py,26,ok,0.173102153,2.840000000,16.406497266,
script_82,llama,optimized,python,data_manipulation_preprocessing,02_merge_aggregate_reshape,/home/romakrut/PycharmProjects/masters-thesis/task_equivalents/llm_translations/llama/optimized/python/data_manipulation_preprocessing/02_merge_aggregate_reshape.py,27,ok,0.173443671,2.770000000,15.970602928,
script_82,llama,optimized,python,data_manipulation_preprocessing,02_merge_aggregate_reshape,/home/romakrut/PycharmProjects/masters-thesis/task_equivalents/llm_translations/llama/optimized/python/data_manipulation_preprocessing/02_merge_aggregate_reshape.py,28,ok,0.173303669,2.850000000,16.445122117,
script_82,llama,optimized,python,data_manipulation_preprocessing,02_merge_aggregate_reshape,/home/romakrut/PycharmProjects/masters-thesis/task_equivalents/llm_translations/llama/optimized/python/data_manipulation_preprocessing/02_merge_aggregate_reshape.py,29,ok,0.173403866,2.830000000,16.320282040,
script_82,llama,optimized,python,data_manipulation_preprocessing,02_merge_aggregate_reshape,/home/romakrut/PycharmProjects/masters-thesis/task_equivalents/llm_translations/llama/optimized/python/data_manipulation_preprocessing/02_merge_aggregate_reshape.py,30,ok,0.174473173,2.860000000,16.392204892,
script_69,llama,base,python,machine_learning_workflows,01_pipeline_cv_gridsearch_classification,/home/romakrut/PycharmProjects/masters-thesis/task_equivalents/llm_translations/llama/base/python/machine_learning_workflows/01_pipeline_cv_gridsearch_classification.py,1,ok,2.275459506,36.580000000,16.075873864,
script_69,llama,base,python,machine_learning_workflows,01_pipeline_cv_gridsearch_classification,/home/romakrut/PycharmProjects/masters-thesis/task_equivalents/llm_translations/llama/base/python/machine_learning_workflows/01_pipeline_cv_gridsearch_classification.py,2,ok,2.274599112,35.750000000,15.717055287,
script_69,llama,base,python,machine_learning_workflows,01_pipeline_cv_gridsearch_classification,/home/romakrut/PycharmProjects/masters-thesis/task_equivalents/llm_translations/llama/base/python/machine_learning_workflows/01_pipeline_cv_gridsearch_classification.py,3,ok,2.281303799,36.540000000,16.017156512,
script_69,llama,base,python,machine_learning_workflows,01_pipeline_cv_gridsearch_classification,/home/romakrut/PycharmProjects/masters-thesis/task_equivalents/llm_translations/llama/base/python/machine_learning_workflows/01_pipeline_cv_gridsearch_classification.py,4,ok,2.309936111,37.660000000,16.303481218,
script_69,llama,base,python,machine_learning_workflows,01_pipeline_cv_gridsearch_classification,/home/romakrut/PycharmProjects/masters-thesis/task_equivalents/llm_translations/llama/base/python/machine_learning_workflows/01_pipeline_cv_gridsearch_classification.py,5,ok,2.280716811,36.780000000,16.126508921,
script_69,llama,base,python,machine_learning_workflows,01_pipeline_cv_gridsearch_classification,/home/romakrut/PycharmProjects/masters-thesis/task_equivalents/llm_translations/llama/base/python/machine_learning_workflows/01_pipeline_cv_gridsearch_classification.py,6,ok,2.278924191,37.270000000,16.354207897,
script_69,llama,base,python,machine_learning_workflows,01_pipeline_cv_gridsearch_classification,/home/romakrut/PycharmProjects/masters-thesis/task_equivalents/llm_translations/llama/base/python/machine_learning_workflows/01_pipeline_cv_gridsearch_classification.py,7,ok,2.280109089,37.540000000,16.464124537,
script_69,llama,base,python,machine_learning_workflows,01_pipeline_cv_gridsearch_classification,/home/romakrut/PycharmProjects/masters-thesis/task_equivalents/llm_translations/llama/base/python/machine_learning_workflows/01_pipeline_cv_gridsearch_classification.py,8,ok,2.283076085,37.480000000,16.416448075,
script_69,llama,base,python,machine_learning_workflows,01_pipeline_cv_gridsearch_classification,/home/romakrut/PycharmProjects/masters-thesis/task_equivalents/llm_translations/llama/base/python/machine_learning_workflows/01_pipeline_cv_gridsearch_classification.py,9,ok,2.289074885,37.670000000,16.456429734,
script_69,llama,base,python,machine_learning_workflows,01_pipeline_cv_gridsearch_classification,/home/romakrut/PycharmProjects/masters-thesis/task_equivalents/llm_translations/llama/base/python/machine_learning_workflows/01_pipeline_cv_gridsearch_classification.py,10,ok,2.282011782,37.610000000,16.481071788,
script_69,llama,base,python,machine_learning_workflows,01_pipeline_cv_gridsearch_classification,/home/romakrut/PycharmProjects/masters-thesis/task_equivalents/llm_translations/llama/base/python/machine_learning_workflows/01_pipeline_cv_gridsearch_classification.py,11,ok,2.282319475,38.110000000,16.697925254,
script_69,llama,base,python,machine_learning_workflows,01_pipeline_cv_gridsearch_classification,/home/romakrut/PycharmProjects/masters-thesis/task_equivalents/llm_translations/llama/base/python/machine_learning_workflows/01_pipeline_cv_gridsearch_classification.py,12,ok,2.277230204,38.020000000,16.695720939,
script_69,llama,base,python,machine_learning_workflows,01_pipeline_cv_gridsearch_classification,/home/romakrut/PycharmProjects/masters-thesis/task_equivalents/llm_translations/llama/base/python/machine_learning_workflows/01_pipeline_cv_gridsearch_classification.py,13,ok,2.268293857,38.270000000,16.871711697,
script_69,llama,base,python,machine_learning_workflows,01_pipeline_cv_gridsearch_classification,/home/romakrut/PycharmProjects/masters-thesis/task_equivalents/llm_translations/llama/base/python/machine_learning_workflows/01_pipeline_cv_gridsearch_classification.py,14,ok,2.289371665,38.040000000,16.615912821,
script_69,llama,base,python,machine_learning_workflows,01_pipeline_cv_gridsearch_classification,/home/romakrut/PycharmProjects/masters-thesis/task_equivalents/llm_translations/llama/base/python/machine_learning_workflows/01_pipeline_cv_gridsearch_classification.py,15,ok,2.277125562,38.380000000,16.854582216,
script_69,llama,base,python,machine_learning_workflows,01_pipeline_cv_gridsearch_classification,/home/romakrut/PycharmProjects/masters-thesis/task_equivalents/llm_translations/llama/base/python/machine_learning_workflows/01_pipeline_cv_gridsearch_classification.py,16,ok,2.292880159,37.910000000,16.533790417,
script_69,llama,base,python,machine_learning_workflows,01_pipeline_cv_gridsearch_classification,/home/romakrut/PycharmProjects/masters-thesis/task_equivalents/llm_translations/llama/base/python/machine_learning_workflows/01_pipeline_cv_gridsearch_classification.py,17,ok,2.277059968,37.970000000,16.675010994,
script_69,llama,base,python,machine_learning_workflows,01_pipeline_cv_gridsearch_classification,/home/romakrut/PycharmProjects/masters-thesis/task_equivalents/llm_translations/llama/base/python/machine_learning_workflows/01_pipeline_cv_gridsearch_classification.py,18,ok,2.283530559,37.070000000,16.233634297,
script_69,llama,base,python,machine_learning_workflows,01_pipeline_cv_gridsearch_classification,/home/romakrut/PycharmProjects/masters-thesis/task_equivalents/llm_translations/llama/base/python/machine_learning_workflows/01_pipeline_cv_gridsearch_classification.py,19,ok,2.280784828,37.520000000,16.450477721,
script_69,llama,base,python,machine_learning_workflows,01_pipeline_cv_gridsearch_classification,/home/romakrut/PycharmProjects/masters-thesis/task_equivalents/llm_translations/llama/base/python/machine_learning_workflows/01_pipeline_cv_gridsearch_classification.py,20,ok,2.284049677,38.010000000,16.641494440,
script_69,llama,base,python,machine_learning_workflows,01_pipeline_cv_gridsearch_classification,/home/romakrut/PycharmProjects/masters-thesis/task_equivalents/llm_translations/llama/base/python/machine_learning_workflows/01_pipeline_cv_gridsearch_classification.py,21,ok,2.284863491,38.080000000,16.666203539,
script_69,llama,base,python,machine_learning_workflows,01_pipeline_cv_gridsearch_classification,/home/romakrut/PycharmProjects/masters-thesis/task_equivalents/llm_translations/llama/base/python/machine_learning_workflows/01_pipeline_cv_gridsearch_classification.py,22,ok,2.288164561,38.270000000,16.725195667,
script_69,llama,base,python,machine_learning_workflows,01_pipeline_cv_gridsearch_classification,/home/romakrut/PycharmProjects/masters-thesis/task_equivalents/llm_translations/llama/base/python/machine_learning_workflows/01_pipeline_cv_gridsearch_classification.py,23,ok,2.282705282,38.070000000,16.677580019,
script_69,llama,base,python,machine_learning_workflows,01_pipeline_cv_gridsearch_classification,/home/romakrut/PycharmProjects/masters-thesis/task_equivalents/llm_translations/llama/base/python/machine_learning_workflows/01_pipeline_cv_gridsearch_classification.py,24,ok,2.278163571,37.820000000,16.601090669,
script_69,llama,base,python,machine_learning_workflows,01_pipeline_cv_gridsearch_classification,/home/romakrut/PycharmProjects/masters-thesis/task_equivalents/llm_translations/llama/base/python/machine_learning_workflows/01_pipeline_cv_gridsearch_classification.py,25,ok,2.281306141,37.510000000,16.442335084,
script_69,llama,base,python,machine_learning_workflows,01_pipeline_cv_gridsearch_classification,/home/romakrut/PycharmProjects/masters-thesis/task_equivalents/llm_translations/llama/base/python/machine_learning_workflows/01_pipeline_cv_gridsearch_classification.py,26,ok,2.284744736,38.240000000,16.737099509,
script_69,llama,base,python,machine_learning_workflows,01_pipeline_cv_gridsearch_classification,/home/romakrut/PycharmProjects/masters-thesis/task_equivalents/llm_translations/llama/base/python/machine_learning_workflows/01_pipeline_cv_gridsearch_classification.py,27,ok,2.284149356,38.540000000,16.872802078,
script_69,llama,base,python,machine_learning_workflows,01_pipeline_cv_gridsearch_classification,/home/romakrut/PycharmProjects/masters-thesis/task_equivalents/llm_translations/llama/base/python/machine_learning_workflows/01_pipeline_cv_gridsearch_classification.py,28,ok,2.272654133,37.800000000,16.632535260,
script_69,llama,base,python,machine_learning_workflows,01_pipeline_cv_gridsearch_classification,/home/romakrut/PycharmProjects/masters-thesis/task_equivalents/llm_translations/llama/base/python/machine_learning_workflows/01_pipeline_cv_gridsearch_classification.py,29,ok,2.297114185,38.390000000,16.712273273,
script_69,llama,base,python,machine_learning_workflows,01_pipeline_cv_gridsearch_classification,/home/romakrut/PycharmProjects/masters-thesis/task_equivalents/llm_translations/llama/base/python/machine_learning_workflows/01_pipeline_cv_gridsearch_classification.py,30,ok,2.310649886,37.940000000,16.419622994,
script_83,llama,optimized,python,data_visualization,01_scatter_trend_grouped,/home/romakrut/PycharmProjects/masters-thesis/task_equivalents/llm_translations/llama/optimized/python/data_visualization/01_scatter_trend_grouped.py,1,ok,0.826392104,13.500000000,16.336070897,
script_83,llama,optimized,python,data_visualization,01_scatter_trend_grouped,/home/romakrut/PycharmProjects/masters-thesis/task_equivalents/llm_translations/llama/optimized/python/data_visualization/01_scatter_trend_grouped.py,2,ok,0.828329259,13.530000000,16.334084367,
script_83,llama,optimized,python,data_visualization,01_scatter_trend_grouped,/home/romakrut/PycharmProjects/masters-thesis/task_equivalents/llm_translations/llama/optimized/python/data_visualization/01_scatter_trend_grouped.py,3,ok,0.826125926,13.600000000,16.462381305,
script_83,llama,optimized,python,data_visualization,01_scatter_trend_grouped,/home/romakrut/PycharmProjects/masters-thesis/task_equivalents/llm_translations/llama/optimized/python/data_visualization/01_scatter_trend_grouped.py,4,ok,0.829811180,13.690000000,16.497729038,
script_83,llama,optimized,python,data_visualization,01_scatter_trend_grouped,/home/romakrut/PycharmProjects/masters-thesis/task_equivalents/llm_translations/llama/optimized/python/data_visualization/01_scatter_trend_grouped.py,5,ok,0.828950863,13.710000000,16.538977896,
script_83,llama,optimized,python,data_visualization,01_scatter_trend_grouped,/home/romakrut/PycharmProjects/masters-thesis/task_equivalents/llm_translations/llama/optimized/python/data_visualization/01_scatter_trend_grouped.py,6,ok,0.828026124,13.610000000,16.436679478,
script_83,llama,optimized,python,data_visualization,01_scatter_trend_grouped,/home/romakrut/PycharmProjects/masters-thesis/task_equivalents/llm_translations/llama/optimized/python/data_visualization/01_scatter_trend_grouped.py,7,ok,0.831726066,13.840000000,16.640094096,
script_83,llama,optimized,python,data_visualization,01_scatter_trend_grouped,/home/romakrut/PycharmProjects/masters-thesis/task_equivalents/llm_translations/llama/optimized/python/data_visualization/01_scatter_trend_grouped.py,8,ok,0.831320480,13.930000000,16.756473989,
script_83,llama,optimized,python,data_visualization,01_scatter_trend_grouped,/home/romakrut/PycharmProjects/masters-thesis/task_equivalents/llm_translations/llama/optimized/python/data_visualization/01_scatter_trend_grouped.py,9,ok,0.820793057,13.560000000,16.520607581,
script_83,llama,optimized,python,data_visualization,01_scatter_trend_grouped,/home/romakrut/PycharmProjects/masters-thesis/task_equivalents/llm_translations/llama/optimized/python/data_visualization/01_scatter_trend_grouped.py,10,ok,0.825220185,13.510000000,16.371388201,
script_83,llama,optimized,python,data_visualization,01_scatter_trend_grouped,/home/romakrut/PycharmProjects/masters-thesis/task_equivalents/llm_translations/llama/optimized/python/data_visualization/01_scatter_trend_grouped.py,11,ok,0.830721078,13.630000000,16.407432484,
script_83,llama,optimized,python,data_visualization,01_scatter_trend_grouped,/home/romakrut/PycharmProjects/masters-thesis/task_equivalents/llm_translations/llama/optimized/python/data_visualization/01_scatter_trend_grouped.py,12,ok,0.829517776,13.670000000,16.479453962,
script_83,llama,optimized,python,data_visualization,01_scatter_trend_grouped,/home/romakrut/PycharmProjects/masters-thesis/task_equivalents/llm_translations/llama/optimized/python/data_visualization/01_scatter_trend_grouped.py,13,ok,0.828329022,13.620000000,16.442741517,
script_83,llama,optimized,python,data_visualization,01_scatter_trend_grouped,/home/romakrut/PycharmProjects/masters-thesis/task_equivalents/llm_translations/llama/optimized/python/data_visualization/01_scatter_trend_grouped.py,14,ok,0.827804568,13.700000000,16.549799952,
script_83,llama,optimized,python,data_visualization,01_scatter_trend_grouped,/home/romakrut/PycharmProjects/masters-thesis/task_equivalents/llm_translations/llama/optimized/python/data_visualization/01_scatter_trend_grouped.py,15,ok,0.820991964,13.860000000,16.882016643,
script_83,llama,optimized,python,data_visualization,01_scatter_trend_grouped,/home/romakrut/PycharmProjects/masters-thesis/task_equivalents/llm_translations/llama/optimized/python/data_visualization/01_scatter_trend_grouped.py,16,ok,0.832287674,13.750000000,16.520730067,
script_83,llama,optimized,python,data_visualization,01_scatter_trend_grouped,/home/romakrut/PycharmProjects/masters-thesis/task_equivalents/llm_translations/llama/optimized/python/data_visualization/01_scatter_trend_grouped.py,17,ok,0.827684340,13.850000000,16.733432458,
script_83,llama,optimized,python,data_visualization,01_scatter_trend_grouped,/home/romakrut/PycharmProjects/masters-thesis/task_equivalents/llm_translations/llama/optimized/python/data_visualization/01_scatter_trend_grouped.py,18,ok,0.828622025,14.070000000,16.979997605,
script_83,llama,optimized,python,data_visualization,01_scatter_trend_grouped,/home/romakrut/PycharmProjects/masters-thesis/task_equivalents/llm_translations/llama/optimized/python/data_visualization/01_scatter_trend_grouped.py,19,ok,0.832379957,13.930000000,16.735145870,
script_83,llama,optimized,python,data_visualization,01_scatter_trend_grouped,/home/romakrut/PycharmProjects/masters-thesis/task_equivalents/llm_translations/llama/optimized/python/data_visualization/01_scatter_trend_grouped.py,20,ok,0.826679711,13.710000000,16.584415727,
script_83,llama,optimized,python,data_visualization,01_scatter_trend_grouped,/home/romakrut/PycharmProjects/masters-thesis/task_equivalents/llm_translations/llama/optimized/python/data_visualization/01_scatter_trend_grouped.py,21,ok,0.827674792,13.590000000,16.419492452,
script_83,llama,optimized,python,data_visualization,01_scatter_trend_grouped,/home/romakrut/PycharmProjects/masters-thesis/task_equivalents/llm_translations/llama/optimized/python/data_visualization/01_scatter_trend_grouped.py,22,ok,0.823151165,13.690000000,16.631210137,
script_83,llama,optimized,python,data_visualization,01_scatter_trend_grouped,/home/romakrut/PycharmProjects/masters-thesis/task_equivalents/llm_translations/llama/optimized/python/data_visualization/01_scatter_trend_grouped.py,23,ok,0.820020609,13.940000000,16.999572751,
script_83,llama,optimized,python,data_visualization,01_scatter_trend_grouped,/home/romakrut/PycharmProjects/masters-thesis/task_equivalents/llm_translations/llama/optimized/python/data_visualization/01_scatter_trend_grouped.py,24,ok,0.824695169,13.980000000,16.951718072,
script_83,llama,optimized,python,data_visualization,01_scatter_trend_grouped,/home/romakrut/PycharmProjects/masters-thesis/task_equivalents/llm_translations/llama/optimized/python/data_visualization/01_scatter_trend_grouped.py,25,ok,0.831046992,13.980000000,16.822153422,
script_83,llama,optimized,python,data_visualization,01_scatter_trend_grouped,/home/romakrut/PycharmProjects/masters-thesis/task_equivalents/llm_translations/llama/optimized/python/data_visualization/01_scatter_trend_grouped.py,26,ok,0.822578007,13.680000000,16.630641573,
script_83,llama,optimized,python,data_visualization,01_scatter_trend_grouped,/home/romakrut/PycharmProjects/masters-thesis/task_equivalents/llm_translations/llama/optimized/python/data_visualization/01_scatter_trend_grouped.py,27,ok,0.833917741,13.900000000,16.668310694,
script_83,llama,optimized,python,data_visualization,01_scatter_trend_grouped,/home/romakrut/PycharmProjects/masters-thesis/task_equivalents/llm_translations/llama/optimized/python/data_visualization/01_scatter_trend_grouped.py,28,ok,0.829205523,13.680000000,16.497719348,
script_83,llama,optimized,python,data_visualization,01_scatter_trend_grouped,/home/romakrut/PycharmProjects/masters-thesis/task_equivalents/llm_translations/llama/optimized/python/data_visualization/01_scatter_trend_grouped.py,29,ok,0.826756056,13.750000000,16.631266140,
script_83,llama,optimized,python,data_visualization,01_scatter_trend_grouped,/home/romakrut/PycharmProjects/masters-thesis/task_equivalents/llm_translations/llama/optimized/python/data_visualization/01_scatter_trend_grouped.py,30,ok,0.827156680,13.960000000,16.877092741,
script_67,llama,base,python,data_visualization,01_scatter_trend_grouped,/home/romakrut/PycharmProjects/masters-thesis/task_equivalents/llm_translations/llama/base/python/data_visualization/01_scatter_trend_grouped.py,1,ok,0.816394213,13.600000000,16.658618819,
script_67,llama,base,python,data_visualization,01_scatter_trend_grouped,/home/romakrut/PycharmProjects/masters-thesis/task_equivalents/llm_translations/llama/base/python/data_visualization/01_scatter_trend_grouped.py,2,ok,0.829750578,13.460000000,16.221742240,
script_67,llama,base,python,data_visualization,01_scatter_trend_grouped,/home/romakrut/PycharmProjects/masters-thesis/task_equivalents/llm_translations/llama/base/python/data_visualization/01_scatter_trend_grouped.py,3,ok,0.825256415,13.580000000,16.455491594,
script_67,llama,base,python,data_visualization,01_scatter_trend_grouped,/home/romakrut/PycharmProjects/masters-thesis/task_equivalents/llm_translations/llama/base/python/data_visualization/01_scatter_trend_grouped.py,4,ok,0.827192250,13.570000000,16.404892575,
script_67,llama,base,python,data_visualization,01_scatter_trend_grouped,/home/romakrut/PycharmProjects/masters-thesis/task_equivalents/llm_translations/llama/base/python/data_visualization/01_scatter_trend_grouped.py,5,ok,0.827872761,13.640000000,16.475961818,
script_67,llama,base,python,data_visualization,01_scatter_trend_grouped,/home/romakrut/PycharmProjects/masters-thesis/task_equivalents/llm_translations/llama/base/python/data_visualization/01_scatter_trend_grouped.py,6,ok,0.824054604,13.460000000,16.333869060,
script_67,llama,base,python,data_visualization,01_scatter_trend_grouped,/home/romakrut/PycharmProjects/masters-thesis/task_equivalents/llm_translations/llama/base/python/data_visualization/01_scatter_trend_grouped.py,7,ok,0.827574156,13.750000000,16.614825270,
script_67,llama,base,python,data_visualization,01_scatter_trend_grouped,/home/romakrut/PycharmProjects/masters-thesis/task_equivalents/llm_translations/llama/base/python/data_visualization/01_scatter_trend_grouped.py,8,ok,0.829024105,13.740000000,16.573703849,
script_67,llama,base,python,data_visualization,01_scatter_trend_grouped,/home/romakrut/PycharmProjects/masters-thesis/task_equivalents/llm_translations/llama/base/python/data_visualization/01_scatter_trend_grouped.py,9,ok,0.829366682,13.610000000,16.410111830,
script_67,llama,base,python,data_visualization,01_scatter_trend_grouped,/home/romakrut/PycharmProjects/masters-thesis/task_equivalents/llm_translations/llama/base/python/data_visualization/01_scatter_trend_grouped.py,10,ok,0.830687343,13.510000000,16.263640121,
script_67,llama,base,python,data_visualization,01_scatter_trend_grouped,/home/romakrut/PycharmProjects/masters-thesis/task_equivalents/llm_translations/llama/base/python/data_visualization/01_scatter_trend_grouped.py,11,ok,0.823918472,13.760000000,16.700681521,
script_67,llama,base,python,data_visualization,01_scatter_trend_grouped,/home/romakrut/PycharmProjects/masters-thesis/task_equivalents/llm_translations/llama/base/python/data_visualization/01_scatter_trend_grouped.py,12,ok,0.825832556,13.650000000,16.528774388,
script_67,llama,base,python,data_visualization,01_scatter_trend_grouped,/home/romakrut/PycharmProjects/masters-thesis/task_equivalents/llm_translations/llama/base/python/data_visualization/01_scatter_trend_grouped.py,13,ok,0.828826395,13.750000000,16.589722628,
script_67,llama,base,python,data_visualization,01_scatter_trend_grouped,/home/romakrut/PycharmProjects/masters-thesis/task_equivalents/llm_translations/llama/base/python/data_visualization/01_scatter_trend_grouped.py,14,ok,0.826980308,13.500000000,16.324451585,
script_67,llama,base,python,data_visualization,01_scatter_trend_grouped,/home/romakrut/PycharmProjects/masters-thesis/task_equivalents/llm_translations/llama/base/python/data_visualization/01_scatter_trend_grouped.py,15,ok,0.827679851,13.820000000,16.697277315,
script_67,llama,base,python,data_visualization,01_scatter_trend_grouped,/home/romakrut/PycharmProjects/masters-thesis/task_equivalents/llm_translations/llama/base/python/data_visualization/01_scatter_trend_grouped.py,16,ok,0.825936311,13.930000000,16.865707216,
script_67,llama,base,python,data_visualization,01_scatter_trend_grouped,/home/romakrut/PycharmProjects/masters-thesis/task_equivalents/llm_translations/llama/base/python/data_visualization/01_scatter_trend_grouped.py,17,ok,0.828943530,13.700000000,16.527060655,
script_67,llama,base,python,data_visualization,01_scatter_trend_grouped,/home/romakrut/PycharmProjects/masters-thesis/task_equivalents/llm_translations/llama/base/python/data_visualization/01_scatter_trend_grouped.py,18,ok,0.824305164,13.710000000,16.632189872,
script_67,llama,base,python,data_visualization,01_scatter_trend_grouped,/home/romakrut/PycharmProjects/masters-thesis/task_equivalents/llm_translations/llama/base/python/data_visualization/01_scatter_trend_grouped.py,19,ok,0.828483874,13.740000000,16.584511095,
script_67,llama,base,python,data_visualization,01_scatter_trend_grouped,/home/romakrut/PycharmProjects/masters-thesis/task_equivalents/llm_translations/llama/base/python/data_visualization/01_scatter_trend_grouped.py,20,ok,0.828578745,13.740000000,16.582612193,
script_67,llama,base,python,data_visualization,01_scatter_trend_grouped,/home/romakrut/PycharmProjects/masters-thesis/task_equivalents/llm_translations/llama/base/python/data_visualization/01_scatter_trend_grouped.py,21,ok,0.829271748,14.090000000,16.990811557,
script_67,llama,base,python,data_visualization,01_scatter_trend_grouped,/home/romakrut/PycharmProjects/masters-thesis/task_equivalents/llm_translations/llama/base/python/data_visualization/01_scatter_trend_grouped.py,22,ok,0.823717185,13.910000000,16.886863906,
script_67,llama,base,python,data_visualization,01_scatter_trend_grouped,/home/romakrut/PycharmProjects/masters-thesis/task_equivalents/llm_translations/llama/base/python/data_visualization/01_scatter_trend_grouped.py,23,ok,0.828243268,13.830000000,16.697992648,
script_67,llama,base,python,data_visualization,01_scatter_trend_grouped,/home/romakrut/PycharmProjects/masters-thesis/task_equivalents/llm_translations/llama/base/python/data_visualization/01_scatter_trend_grouped.py,24,ok,0.827417625,13.920000000,16.823426985,
script_67,llama,base,python,data_visualization,01_scatter_trend_grouped,/home/romakrut/PycharmProjects/masters-thesis/task_equivalents/llm_translations/llama/base/python/data_visualization/01_scatter_trend_grouped.py,25,ok,0.827231920,14.100000000,17.044796821,
script_67,llama,base,python,data_visualization,01_scatter_trend_grouped,/home/romakrut/PycharmProjects/masters-thesis/task_equivalents/llm_translations/llama/base/python/data_visualization/01_scatter_trend_grouped.py,26,ok,0.825341653,13.870000000,16.805161777,
script_67,llama,base,python,data_visualization,01_scatter_trend_grouped,/home/romakrut/PycharmProjects/masters-thesis/task_equivalents/llm_translations/llama/base/python/data_visualization/01_scatter_trend_grouped.py,27,ok,0.823799556,13.910000000,16.885175403,
script_67,llama,base,python,data_visualization,01_scatter_trend_grouped,/home/romakrut/PycharmProjects/masters-thesis/task_equivalents/llm_translations/llama/base/python/data_visualization/01_scatter_trend_grouped.py,28,ok,0.825947038,14.140000000,17.119741762,
script_67,llama,base,python,data_visualization,01_scatter_trend_grouped,/home/romakrut/PycharmProjects/masters-thesis/task_equivalents/llm_translations/llama/base/python/data_visualization/01_scatter_trend_grouped.py,29,ok,0.825842609,13.610000000,16.480137803,
script_67,llama,base,python,data_visualization,01_scatter_trend_grouped,/home/romakrut/PycharmProjects/masters-thesis/task_equivalents/llm_translations/llama/base/python/data_visualization/01_scatter_trend_grouped.py,30,ok,0.824277992,13.940000000,16.911770222,
script_27,gemini,optimized,r,data_visualization,01_scatter_trend_grouped,/home/romakrut/PycharmProjects/masters-thesis/task_equivalents/llm_translations/gemini/optimized/r/data_visualization/01_scatter_trend_grouped.R,1,ok,0.100105430,1.730000000,17.281779820,
script_27,gemini,optimized,r,data_visualization,01_scatter_trend_grouped,/home/romakrut/PycharmProjects/masters-thesis/task_equivalents/llm_translations/gemini/optimized/r/data_visualization/01_scatter_trend_grouped.R,2,ok,0.109979484,1.760000000,16.002984702,
script_27,gemini,optimized,r,data_visualization,01_scatter_trend_grouped,/home/romakrut/PycharmProjects/masters-thesis/task_equivalents/llm_translations/gemini/optimized/r/data_visualization/01_scatter_trend_grouped.R,3,ok,0.110038603,1.780000000,16.176141386,
script_27,gemini,optimized,r,data_visualization,01_scatter_trend_grouped,/home/romakrut/PycharmProjects/masters-thesis/task_equivalents/llm_translations/gemini/optimized/r/data_visualization/01_scatter_trend_grouped.R,4,ok,0.101791339,1.720000000,16.897311863,
script_27,gemini,optimized,r,data_visualization,01_scatter_trend_grouped,/home/romakrut/PycharmProjects/masters-thesis/task_equivalents/llm_translations/gemini/optimized/r/data_visualization/01_scatter_trend_grouped.R,5,ok,0.101970508,1.680000000,16.475351873,
script_27,gemini,optimized,r,data_visualization,01_scatter_trend_grouped,/home/romakrut/PycharmProjects/masters-thesis/task_equivalents/llm_translations/gemini/optimized/r/data_visualization/01_scatter_trend_grouped.R,6,ok,0.102295362,1.760000000,17.205081106,
script_27,gemini,optimized,r,data_visualization,01_scatter_trend_grouped,/home/romakrut/PycharmProjects/masters-thesis/task_equivalents/llm_translations/gemini/optimized/r/data_visualization/01_scatter_trend_grouped.R,7,ok,0.102313172,1.690000000,16.517912278,
script_27,gemini,optimized,r,data_visualization,01_scatter_trend_grouped,/home/romakrut/PycharmProjects/masters-thesis/task_equivalents/llm_translations/gemini/optimized/r/data_visualization/01_scatter_trend_grouped.R,8,ok,0.101874362,1.710000000,16.785381193,
script_27,gemini,optimized,r,data_visualization,01_scatter_trend_grouped,/home/romakrut/PycharmProjects/masters-thesis/task_equivalents/llm_translations/gemini/optimized/r/data_visualization/01_scatter_trend_grouped.R,9,ok,0.101845583,1.680000000,16.495560735,
script_27,gemini,optimized,r,data_visualization,01_scatter_trend_grouped,/home/romakrut/PycharmProjects/masters-thesis/task_equivalents/llm_translations/gemini/optimized/r/data_visualization/01_scatter_trend_grouped.R,10,ok,0.100094357,1.720000000,17.183785895,
script_27,gemini,optimized,r,data_visualization,01_scatter_trend_grouped,/home/romakrut/PycharmProjects/masters-thesis/task_equivalents/llm_translations/gemini/optimized/r/data_visualization/01_scatter_trend_grouped.R,11,ok,0.101963946,1.750000000,17.162929336,
script_27,gemini,optimized,r,data_visualization,01_scatter_trend_grouped,/home/romakrut/PycharmProjects/masters-thesis/task_equivalents/llm_translations/gemini/optimized/r/data_visualization/01_scatter_trend_grouped.R,12,ok,0.103800953,1.750000000,16.859190108,
script_27,gemini,optimized,r,data_visualization,01_scatter_trend_grouped,/home/romakrut/PycharmProjects/masters-thesis/task_equivalents/llm_translations/gemini/optimized/r/data_visualization/01_scatter_trend_grouped.R,13,ok,0.102186039,1.730000000,16.929905660,
script_27,gemini,optimized,r,data_visualization,01_scatter_trend_grouped,/home/romakrut/PycharmProjects/masters-thesis/task_equivalents/llm_translations/gemini/optimized/r/data_visualization/01_scatter_trend_grouped.R,14,ok,0.101386789,1.690000000,16.668838383,
script_27,gemini,optimized,r,data_visualization,01_scatter_trend_grouped,/home/romakrut/PycharmProjects/masters-thesis/task_equivalents/llm_translations/gemini/optimized/r/data_visualization/01_scatter_trend_grouped.R,15,ok,0.101928471,1.680000000,16.482146583,
script_27,gemini,optimized,r,data_visualization,01_scatter_trend_grouped,/home/romakrut/PycharmProjects/masters-thesis/task_equivalents/llm_translations/gemini/optimized/r/data_visualization/01_scatter_trend_grouped.R,16,ok,0.101427799,1.770000000,17.450837122,
script_27,gemini,optimized,r,data_visualization,01_scatter_trend_grouped,/home/romakrut/PycharmProjects/masters-thesis/task_equivalents/llm_translations/gemini/optimized/r/data_visualization/01_scatter_trend_grouped.R,17,ok,0.100094501,1.700000000,16.983949997,
script_27,gemini,optimized,r,data_visualization,01_scatter_trend_grouped,/home/romakrut/PycharmProjects/masters-thesis/task_equivalents/llm_translations/gemini/optimized/r/data_visualization/01_scatter_trend_grouped.R,18,ok,0.103671331,1.780000000,17.169645483,
script_27,gemini,optimized,r,data_visualization,01_scatter_trend_grouped,/home/romakrut/PycharmProjects/masters-thesis/task_equivalents/llm_translations/gemini/optimized/r/data_visualization/01_scatter_trend_grouped.R,19,ok,0.101705011,1.720000000,16.911654432,
script_27,gemini,optimized,r,data_visualization,01_scatter_trend_grouped,/home/romakrut/PycharmProjects/masters-thesis/task_equivalents/llm_translations/gemini/optimized/r/data_visualization/01_scatter_trend_grouped.R,20,ok,0.103814727,1.750000000,16.856953253,
script_27,gemini,optimized,r,data_visualization,01_scatter_trend_grouped,/home/romakrut/PycharmProjects/masters-thesis/task_equivalents/llm_translations/gemini/optimized/r/data_visualization/01_scatter_trend_grouped.R,21,ok,0.103271901,1.800000000,17.429716918,
script_27,gemini,optimized,r,data_visualization,01_scatter_trend_grouped,/home/romakrut/PycharmProjects/masters-thesis/task_equivalents/llm_translations/gemini/optimized/r/data_visualization/01_scatter_trend_grouped.R,22,ok,0.103469855,1.720000000,16.623199095,
script_27,gemini,optimized,r,data_visualization,01_scatter_trend_grouped,/home/romakrut/PycharmProjects/masters-thesis/task_equivalents/llm_translations/gemini/optimized/r/data_visualization/01_scatter_trend_grouped.R,23,ok,0.102156775,1.720000000,16.836866669,
script_27,gemini,optimized,r,data_visualization,01_scatter_trend_grouped,/home/romakrut/PycharmProjects/masters-thesis/task_equivalents/llm_translations/gemini/optimized/r/data_visualization/01_scatter_trend_grouped.R,24,ok,0.102958518,1.700000000,16.511504177,
script_27,gemini,optimized,r,data_visualization,01_scatter_trend_grouped,/home/romakrut/PycharmProjects/masters-thesis/task_equivalents/llm_translations/gemini/optimized/r/data_visualization/01_scatter_trend_grouped.R,25,ok,0.103420219,1.690000000,16.341098640,
script_27,gemini,optimized,r,data_visualization,01_scatter_trend_grouped,/home/romakrut/PycharmProjects/masters-thesis/task_equivalents/llm_translations/gemini/optimized/r/data_visualization/01_scatter_trend_grouped.R,26,ok,0.103863775,1.800000000,17.330392622,
script_27,gemini,optimized,r,data_visualization,01_scatter_trend_grouped,/home/romakrut/PycharmProjects/masters-thesis/task_equivalents/llm_translations/gemini/optimized/r/data_visualization/01_scatter_trend_grouped.R,27,ok,0.102194627,1.680000000,16.439220430,
script_27,gemini,optimized,r,data_visualization,01_scatter_trend_grouped,/home/romakrut/PycharmProjects/masters-thesis/task_equivalents/llm_translations/gemini/optimized/r/data_visualization/01_scatter_trend_grouped.R,28,ok,0.101589271,1.690000000,16.635614995,
script_27,gemini,optimized,r,data_visualization,01_scatter_trend_grouped,/home/romakrut/PycharmProjects/masters-thesis/task_equivalents/llm_translations/gemini/optimized/r/data_visualization/01_scatter_trend_grouped.R,29,ok,0.101568242,1.670000000,16.442147340,
script_27,gemini,optimized,r,data_visualization,01_scatter_trend_grouped,/home/romakrut/PycharmProjects/masters-thesis/task_equivalents/llm_translations/gemini/optimized/r/data_visualization/01_scatter_trend_grouped.R,30,ok,0.103822442,1.690000000,16.277790885,
script_36,gpt,base,python,data_visualization,02_distribution_boxplot,/home/romakrut/PycharmProjects/masters-thesis/task_equivalents/llm_translations/gpt/base/python/data_visualization/02_distribution_boxplot.py,1,ok,0.458810355,7.410000000,16.150463736,
script_36,gpt,base,python,data_visualization,02_distribution_boxplot,/home/romakrut/PycharmProjects/masters-thesis/task_equivalents/llm_translations/gpt/base/python/data_visualization/02_distribution_boxplot.py,2,ok,0.458250712,7.580000000,16.541163607,
script_36,gpt,base,python,data_visualization,02_distribution_boxplot,/home/romakrut/PycharmProjects/masters-thesis/task_equivalents/llm_translations/gpt/base/python/data_visualization/02_distribution_boxplot.py,3,ok,0.456762269,7.450000000,16.310454049,
script_36,gpt,base,python,data_visualization,02_distribution_boxplot,/home/romakrut/PycharmProjects/masters-thesis/task_equivalents/llm_translations/gpt/base/python/data_visualization/02_distribution_boxplot.py,4,ok,0.457122568,7.440000000,16.275722357,
script_36,gpt,base,python,data_visualization,02_distribution_boxplot,/home/romakrut/PycharmProjects/masters-thesis/task_equivalents/llm_translations/gpt/base/python/data_visualization/02_distribution_boxplot.py,5,ok,0.458711125,7.560000000,16.480960648,
script_36,gpt,base,python,data_visualization,02_distribution_boxplot,/home/romakrut/PycharmProjects/masters-thesis/task_equivalents/llm_translations/gpt/base/python/data_visualization/02_distribution_boxplot.py,6,ok,0.459894334,7.510000000,16.329838062,
script_36,gpt,base,python,data_visualization,02_distribution_boxplot,/home/romakrut/PycharmProjects/masters-thesis/task_equivalents/llm_translations/gpt/base/python/data_visualization/02_distribution_boxplot.py,7,ok,0.457678337,7.370000000,16.103012540,
script_36,gpt,base,python,data_visualization,02_distribution_boxplot,/home/romakrut/PycharmProjects/masters-thesis/task_equivalents/llm_translations/gpt/base/python/data_visualization/02_distribution_boxplot.py,8,ok,0.456394034,7.490000000,16.411257471,
script_36,gpt,base,python,data_visualization,02_distribution_boxplot,/home/romakrut/PycharmProjects/masters-thesis/task_equivalents/llm_translations/gpt/base/python/data_visualization/02_distribution_boxplot.py,9,ok,0.457511953,7.640000000,16.699017260,
script_36,gpt,base,python,data_visualization,02_distribution_boxplot,/home/romakrut/PycharmProjects/masters-thesis/task_equivalents/llm_translations/gpt/base/python/data_visualization/02_distribution_boxplot.py,10,ok,0.459145156,7.560000000,16.465381157,
script_36,gpt,base,python,data_visualization,02_distribution_boxplot,/home/romakrut/PycharmProjects/masters-thesis/task_equivalents/llm_translations/gpt/base/python/data_visualization/02_distribution_boxplot.py,11,ok,0.460555215,7.620000000,16.545247457,
script_36,gpt,base,python,data_visualization,02_distribution_boxplot,/home/romakrut/PycharmProjects/masters-thesis/task_equivalents/llm_translations/gpt/base/python/data_visualization/02_distribution_boxplot.py,12,ok,0.461295475,7.590000000,16.453662373,
script_36,gpt,base,python,data_visualization,02_distribution_boxplot,/home/romakrut/PycharmProjects/masters-thesis/task_equivalents/llm_translations/gpt/base/python/data_visualization/02_distribution_boxplot.py,13,ok,0.458885133,7.580000000,16.518295004,
script_36,gpt,base,python,data_visualization,02_distribution_boxplot,/home/romakrut/PycharmProjects/masters-thesis/task_equivalents/llm_translations/gpt/base/python/data_visualization/02_distribution_boxplot.py,14,ok,0.457193382,7.650000000,16.732525669,
script_36,gpt,base,python,data_visualization,02_distribution_boxplot,/home/romakrut/PycharmProjects/masters-thesis/task_equivalents/llm_translations/gpt/base/python/data_visualization/02_distribution_boxplot.py,15,ok,0.454617925,7.490000000,16.475373249,
script_36,gpt,base,python,data_visualization,02_distribution_boxplot,/home/romakrut/PycharmProjects/masters-thesis/task_equivalents/llm_translations/gpt/base/python/data_visualization/02_distribution_boxplot.py,16,ok,0.459774914,7.600000000,16.529827462,
script_36,gpt,base,python,data_visualization,02_distribution_boxplot,/home/romakrut/PycharmProjects/masters-thesis/task_equivalents/llm_translations/gpt/base/python/data_visualization/02_distribution_boxplot.py,17,ok,0.456742611,7.650000000,16.749039428,
script_36,gpt,base,python,data_visualization,02_distribution_boxplot,/home/romakrut/PycharmProjects/masters-thesis/task_equivalents/llm_translations/gpt/base/python/data_visualization/02_distribution_boxplot.py,18,ok,0.459506474,7.610000000,16.561246534,
script_36,gpt,base,python,data_visualization,02_distribution_boxplot,/home/romakrut/PycharmProjects/masters-thesis/task_equivalents/llm_translations/gpt/base/python/data_visualization/02_distribution_boxplot.py,19,ok,0.458863715,7.600000000,16.562651941,
script_36,gpt,base,python,data_visualization,02_distribution_boxplot,/home/romakrut/PycharmProjects/masters-thesis/task_equivalents/llm_translations/gpt/base/python/data_visualization/02_distribution_boxplot.py,20,ok,0.457173410,7.640000000,16.711383105,
script_36,gpt,base,python,data_visualization,02_distribution_boxplot,/home/romakrut/PycharmProjects/masters-thesis/task_equivalents/llm_translations/gpt/base/python/data_visualization/02_distribution_boxplot.py,21,ok,0.456428446,7.660000000,16.782477225,
script_36,gpt,base,python,data_visualization,02_distribution_boxplot,/home/romakrut/PycharmProjects/masters-thesis/task_equivalents/llm_translations/gpt/base/python/data_visualization/02_distribution_boxplot.py,22,ok,0.457772331,7.690000000,16.798743566,
script_36,gpt,base,python,data_visualization,02_distribution_boxplot,/home/romakrut/PycharmProjects/masters-thesis/task_equivalents/llm_translations/gpt/base/python/data_visualization/02_distribution_boxplot.py,23,ok,0.457745344,7.500000000,16.384656006,
script_36,gpt,base,python,data_visualization,02_distribution_boxplot,/home/romakrut/PycharmProjects/masters-thesis/task_equivalents/llm_translations/gpt/base/python/data_visualization/02_distribution_boxplot.py,24,ok,0.459162239,7.540000000,16.421210979,
script_36,gpt,base,python,data_visualization,02_distribution_boxplot,/home/romakrut/PycharmProjects/masters-thesis/task_equivalents/llm_translations/gpt/base/python/data_visualization/02_distribution_boxplot.py,25,ok,0.459714008,7.640000000,16.619028063,
script_36,gpt,base,python,data_visualization,02_distribution_boxplot,/home/romakrut/PycharmProjects/masters-thesis/task_equivalents/llm_translations/gpt/base/python/data_visualization/02_distribution_boxplot.py,26,ok,0.458325657,7.500000000,16.363910432,
script_36,gpt,base,python,data_visualization,02_distribution_boxplot,/home/romakrut/PycharmProjects/masters-thesis/task_equivalents/llm_translations/gpt/base/python/data_visualization/02_distribution_boxplot.py,27,ok,0.461002717,7.740000000,16.789488900,
script_36,gpt,base,python,data_visualization,02_distribution_boxplot,/home/romakrut/PycharmProjects/masters-thesis/task_equivalents/llm_translations/gpt/base/python/data_visualization/02_distribution_boxplot.py,28,ok,0.459324675,7.520000000,16.371861581,
script_36,gpt,base,python,data_visualization,02_distribution_boxplot,/home/romakrut/PycharmProjects/masters-thesis/task_equivalents/llm_translations/gpt/base/python/data_visualization/02_distribution_boxplot.py,29,ok,0.457964609,7.630000000,16.660676065,
script_36,gpt,base,python,data_visualization,02_distribution_boxplot,/home/romakrut/PycharmProjects/masters-thesis/task_equivalents/llm_translations/gpt/base/python/data_visualization/02_distribution_boxplot.py,30,ok,0.460516254,7.650000000,16.611791513,
script_9,gemini,base,r,data_manipulation_preprocessing,01_impute_encode_scale,/home/romakrut/PycharmProjects/masters-thesis/task_equivalents/llm_translations/gemini/base/r/data_manipulation_preprocessing/01_impute_encode_scale.R,1,ok,0.080106535,1.400000000,17.476726462,
script_9,gemini,base,r,data_manipulation_preprocessing,01_impute_encode_scale,/home/romakrut/PycharmProjects/masters-thesis/task_equivalents/llm_translations/gemini/base/r/data_manipulation_preprocessing/01_impute_encode_scale.R,2,ok,0.089526838,1.400000000,15.637768867,
script_9,gemini,base,r,data_manipulation_preprocessing,01_impute_encode_scale,/home/romakrut/PycharmProjects/masters-thesis/task_equivalents/llm_translations/gemini/base/r/data_manipulation_preprocessing/01_impute_encode_scale.R,3,ok,0.089810075,1.430000000,15.922489765,
script_9,gemini,base,r,data_manipulation_preprocessing,01_impute_encode_scale,/home/romakrut/PycharmProjects/masters-thesis/task_equivalents/llm_translations/gemini/base/r/data_manipulation_preprocessing/01_impute_encode_scale.R,4,ok,0.081486613,1.350000000,16.567138457,
script_9,gemini,base,r,data_manipulation_preprocessing,01_impute_encode_scale,/home/romakrut/PycharmProjects/masters-thesis/task_equivalents/llm_translations/gemini/base/r/data_manipulation_preprocessing/01_impute_encode_scale.R,5,ok,0.080686465,1.360000000,16.855367254,
script_9,gemini,base,r,data_manipulation_preprocessing,01_impute_encode_scale,/home/romakrut/PycharmProjects/masters-thesis/task_equivalents/llm_translations/gemini/base/r/data_manipulation_preprocessing/01_impute_encode_scale.R,6,ok,0.079900631,1.310000000,16.395364888,
script_9,gemini,base,r,data_manipulation_preprocessing,01_impute_encode_scale,/home/romakrut/PycharmProjects/masters-thesis/task_equivalents/llm_translations/gemini/base/r/data_manipulation_preprocessing/01_impute_encode_scale.R,7,ok,0.080865586,1.320000000,16.323383843,
script_9,gemini,base,r,data_manipulation_preprocessing,01_impute_encode_scale,/home/romakrut/PycharmProjects/masters-thesis/task_equivalents/llm_translations/gemini/base/r/data_manipulation_preprocessing/01_impute_encode_scale.R,8,ok,0.079859034,1.340000000,16.779566855,
script_9,gemini,base,r,data_manipulation_preprocessing,01_impute_encode_scale,/home/romakrut/PycharmProjects/masters-thesis/task_equivalents/llm_translations/gemini/base/r/data_manipulation_preprocessing/01_impute_encode_scale.R,9,ok,0.081313320,1.350000000,16.602445946,
script_9,gemini,base,r,data_manipulation_preprocessing,01_impute_encode_scale,/home/romakrut/PycharmProjects/masters-thesis/task_equivalents/llm_translations/gemini/base/r/data_manipulation_preprocessing/01_impute_encode_scale.R,10,ok,0.080498817,1.310000000,16.273531076,
script_9,gemini,base,r,data_manipulation_preprocessing,01_impute_encode_scale,/home/romakrut/PycharmProjects/masters-thesis/task_equivalents/llm_translations/gemini/base/r/data_manipulation_preprocessing/01_impute_encode_scale.R,11,ok,0.080404070,1.390000000,17.287682079,
script_9,gemini,base,r,data_manipulation_preprocessing,01_impute_encode_scale,/home/romakrut/PycharmProjects/masters-thesis/task_equivalents/llm_translations/gemini/base/r/data_manipulation_preprocessing/01_impute_encode_scale.R,12,ok,0.080234718,1.310000000,16.327096706,
script_9,gemini,base,r,data_manipulation_preprocessing,01_impute_encode_scale,/home/romakrut/PycharmProjects/masters-thesis/task_equivalents/llm_translations/gemini/base/r/data_manipulation_preprocessing/01_impute_encode_scale.R,13,ok,0.080153240,1.340000000,16.717976716,
script_9,gemini,base,r,data_manipulation_preprocessing,01_impute_encode_scale,/home/romakrut/PycharmProjects/masters-thesis/task_equivalents/llm_translations/gemini/base/r/data_manipulation_preprocessing/01_impute_encode_scale.R,14,ok,0.080350649,1.340000000,16.676903257,
script_9,gemini,base,r,data_manipulation_preprocessing,01_impute_encode_scale,/home/romakrut/PycharmProjects/masters-thesis/task_equivalents/llm_translations/gemini/base/r/data_manipulation_preprocessing/01_impute_encode_scale.R,15,ok,0.080733666,1.320000000,16.350056493,
script_9,gemini,base,r,data_manipulation_preprocessing,01_impute_encode_scale,/home/romakrut/PycharmProjects/masters-thesis/task_equivalents/llm_translations/gemini/base/r/data_manipulation_preprocessing/01_impute_encode_scale.R,16,ok,0.079880381,1.400000000,17.526205840,
script_9,gemini,base,r,data_manipulation_preprocessing,01_impute_encode_scale,/home/romakrut/PycharmProjects/masters-thesis/task_equivalents/llm_translations/gemini/base/r/data_manipulation_preprocessing/01_impute_encode_scale.R,17,ok,0.080735706,1.350000000,16.721226170,
script_9,gemini,base,r,data_manipulation_preprocessing,01_impute_encode_scale,/home/romakrut/PycharmProjects/masters-thesis/task_equivalents/llm_translations/gemini/base/r/data_manipulation_preprocessing/01_impute_encode_scale.R,18,ok,0.080196846,1.320000000,16.459500165,
script_9,gemini,base,r,data_manipulation_preprocessing,01_impute_encode_scale,/home/romakrut/PycharmProjects/masters-thesis/task_equivalents/llm_translations/gemini/base/r/data_manipulation_preprocessing/01_impute_encode_scale.R,19,ok,0.079916854,1.340000000,16.767426806,
script_9,gemini,base,r,data_manipulation_preprocessing,01_impute_encode_scale,/home/romakrut/PycharmProjects/masters-thesis/task_equivalents/llm_translations/gemini/base/r/data_manipulation_preprocessing/01_impute_encode_scale.R,20,ok,0.080115883,1.340000000,16.725772092,
script_9,gemini,base,r,data_manipulation_preprocessing,01_impute_encode_scale,/home/romakrut/PycharmProjects/masters-thesis/task_equivalents/llm_translations/gemini/base/r/data_manipulation_preprocessing/01_impute_encode_scale.R,21,ok,0.079754365,1.370000000,17.177743187,
script_9,gemini,base,r,data_manipulation_preprocessing,01_impute_encode_scale,/home/romakrut/PycharmProjects/masters-thesis/task_equivalents/llm_translations/gemini/base/r/data_manipulation_preprocessing/01_impute_encode_scale.R,22,ok,0.080660454,1.370000000,16.984779183,
script_9,gemini,base,r,data_manipulation_preprocessing,01_impute_encode_scale,/home/romakrut/PycharmProjects/masters-thesis/task_equivalents/llm_translations/gemini/base/r/data_manipulation_preprocessing/01_impute_encode_scale.R,23,ok,0.080214854,1.330000000,16.580470246,
script_9,gemini,base,r,data_manipulation_preprocessing,01_impute_encode_scale,/home/romakrut/PycharmProjects/masters-thesis/task_equivalents/llm_translations/gemini/base/r/data_manipulation_preprocessing/01_impute_encode_scale.R,24,ok,0.080226780,1.340000000,16.702652157,
script_9,gemini,base,r,data_manipulation_preprocessing,01_impute_encode_scale,/home/romakrut/PycharmProjects/masters-thesis/task_equivalents/llm_translations/gemini/base/r/data_manipulation_preprocessing/01_impute_encode_scale.R,25,ok,0.079818354,1.300000000,16.286980811,
script_9,gemini,base,r,data_manipulation_preprocessing,01_impute_encode_scale,/home/romakrut/PycharmProjects/masters-thesis/task_equivalents/llm_translations/gemini/base/r/data_manipulation_preprocessing/01_impute_encode_scale.R,26,ok,0.080000424,1.380000000,17.249908575,
script_9,gemini,base,r,data_manipulation_preprocessing,01_impute_encode_scale,/home/romakrut/PycharmProjects/masters-thesis/task_equivalents/llm_translations/gemini/base/r/data_manipulation_preprocessing/01_impute_encode_scale.R,27,ok,0.080695262,1.370000000,16.977452778,
script_9,gemini,base,r,data_manipulation_preprocessing,01_impute_encode_scale,/home/romakrut/PycharmProjects/masters-thesis/task_equivalents/llm_translations/gemini/base/r/data_manipulation_preprocessing/01_impute_encode_scale.R,28,ok,0.080240343,1.350000000,16.824454502,
script_9,gemini,base,r,data_manipulation_preprocessing,01_impute_encode_scale,/home/romakrut/PycharmProjects/masters-thesis/task_equivalents/llm_translations/gemini/base/r/data_manipulation_preprocessing/01_impute_encode_scale.R,29,ok,0.080339912,1.340000000,16.679132036,
script_9,gemini,base,r,data_manipulation_preprocessing,01_impute_encode_scale,/home/romakrut/PycharmProjects/masters-thesis/task_equivalents/llm_translations/gemini/base/r/data_manipulation_preprocessing/01_impute_encode_scale.R,30,ok,0.079655308,1.360000000,17.073564012,
script_57,gpt,optimized,r,data_manipulation_preprocessing,01_impute_encode_scale,/home/romakrut/PycharmProjects/masters-thesis/task_equivalents/llm_translations/gpt/optimized/r/data_manipulation_preprocessing/01_impute_encode_scale.R,1,ok,0.388158453,6.820000000,17.570144221,
script_57,gpt,optimized,r,data_manipulation_preprocessing,01_impute_encode_scale,/home/romakrut/PycharmProjects/masters-thesis/task_equivalents/llm_translations/gpt/optimized/r/data_manipulation_preprocessing/01_impute_encode_scale.R,2,ok,0.387955642,6.650000000,17.141134914,
script_57,gpt,optimized,r,data_manipulation_preprocessing,01_impute_encode_scale,/home/romakrut/PycharmProjects/masters-thesis/task_equivalents/llm_translations/gpt/optimized/r/data_manipulation_preprocessing/01_impute_encode_scale.R,3,ok,0.389913341,6.830000000,17.516712771,
script_57,gpt,optimized,r,data_manipulation_preprocessing,01_impute_encode_scale,/home/romakrut/PycharmProjects/masters-thesis/task_equivalents/llm_translations/gpt/optimized/r/data_manipulation_preprocessing/01_impute_encode_scale.R,4,ok,0.388066443,6.540000000,16.852784151,
script_57,gpt,optimized,r,data_manipulation_preprocessing,01_impute_encode_scale,/home/romakrut/PycharmProjects/masters-thesis/task_equivalents/llm_translations/gpt/optimized/r/data_manipulation_preprocessing/01_impute_encode_scale.R,5,ok,0.388466095,6.620000000,17.041384268,
script_57,gpt,optimized,r,data_manipulation_preprocessing,01_impute_encode_scale,/home/romakrut/PycharmProjects/masters-thesis/task_equivalents/llm_translations/gpt/optimized/r/data_manipulation_preprocessing/01_impute_encode_scale.R,6,ok,0.389616220,6.710000000,17.222075611,
script_57,gpt,optimized,r,data_manipulation_preprocessing,01_impute_encode_scale,/home/romakrut/PycharmProjects/masters-thesis/task_equivalents/llm_translations/gpt/optimized/r/data_manipulation_preprocessing/01_impute_encode_scale.R,7,ok,0.388218047,6.640000000,17.103790129,
script_57,gpt,optimized,r,data_manipulation_preprocessing,01_impute_encode_scale,/home/romakrut/PycharmProjects/masters-thesis/task_equivalents/llm_translations/gpt/optimized/r/data_manipulation_preprocessing/01_impute_encode_scale.R,8,ok,0.387698034,6.780000000,17.487836939,
script_57,gpt,optimized,r,data_manipulation_preprocessing,01_impute_encode_scale,/home/romakrut/PycharmProjects/masters-thesis/task_equivalents/llm_translations/gpt/optimized/r/data_manipulation_preprocessing/01_impute_encode_scale.R,9,ok,0.388634258,6.750000000,17.368515155,
script_57,gpt,optimized,r,data_manipulation_preprocessing,01_impute_encode_scale,/home/romakrut/PycharmProjects/masters-thesis/task_equivalents/llm_translations/gpt/optimized/r/data_manipulation_preprocessing/01_impute_encode_scale.R,10,ok,0.388051161,6.760000000,17.420383391,
script_57,gpt,optimized,r,data_manipulation_preprocessing,01_impute_encode_scale,/home/romakrut/PycharmProjects/masters-thesis/task_equivalents/llm_translations/gpt/optimized/r/data_manipulation_preprocessing/01_impute_encode_scale.R,11,ok,0.390065116,6.740000000,17.279166282,
script_57,gpt,optimized,r,data_manipulation_preprocessing,01_impute_encode_scale,/home/romakrut/PycharmProjects/masters-thesis/task_equivalents/llm_translations/gpt/optimized/r/data_manipulation_preprocessing/01_impute_encode_scale.R,12,ok,0.389973444,6.820000000,17.488370311,
script_57,gpt,optimized,r,data_manipulation_preprocessing,01_impute_encode_scale,/home/romakrut/PycharmProjects/masters-thesis/task_equivalents/llm_translations/gpt/optimized/r/data_manipulation_preprocessing/01_impute_encode_scale.R,13,ok,0.387850651,6.680000000,17.223124372,
script_57,gpt,optimized,r,data_manipulation_preprocessing,01_impute_encode_scale,/home/romakrut/PycharmProjects/masters-thesis/task_equivalents/llm_translations/gpt/optimized/r/data_manipulation_preprocessing/01_impute_encode_scale.R,14,ok,0.390364201,6.740000000,17.265927518,
script_57,gpt,optimized,r,data_manipulation_preprocessing,01_impute_encode_scale,/home/romakrut/PycharmProjects/masters-thesis/task_equivalents/llm_translations/gpt/optimized/r/data_manipulation_preprocessing/01_impute_encode_scale.R,15,ok,0.389354945,6.810000000,17.490467470,
script_57,gpt,optimized,r,data_manipulation_preprocessing,01_impute_encode_scale,/home/romakrut/PycharmProjects/masters-thesis/task_equivalents/llm_translations/gpt/optimized/r/data_manipulation_preprocessing/01_impute_encode_scale.R,16,ok,0.389406053,6.740000000,17.308410971,
script_57,gpt,optimized,r,data_manipulation_preprocessing,01_impute_encode_scale,/home/romakrut/PycharmProjects/masters-thesis/task_equivalents/llm_translations/gpt/optimized/r/data_manipulation_preprocessing/01_impute_encode_scale.R,17,ok,0.388116227,6.760000000,17.417462940,
script_57,gpt,optimized,r,data_manipulation_preprocessing,01_impute_encode_scale,/home/romakrut/PycharmProjects/masters-thesis/task_equivalents/llm_translations/gpt/optimized/r/data_manipulation_preprocessing/01_impute_encode_scale.R,18,ok,0.384283371,6.700000000,17.435050553,
script_57,gpt,optimized,r,data_manipulation_preprocessing,01_impute_encode_scale,/home/romakrut/PycharmProjects/masters-thesis/task_equivalents/llm_translations/gpt/optimized/r/data_manipulation_preprocessing/01_impute_encode_scale.R,19,ok,0.394184754,6.680000000,16.946368250,
script_57,gpt,optimized,r,data_manipulation_preprocessing,01_impute_encode_scale,/home/romakrut/PycharmProjects/masters-thesis/task_equivalents/llm_translations/gpt/optimized/r/data_manipulation_preprocessing/01_impute_encode_scale.R,20,ok,0.399108879,6.890000000,17.263459578,
script_57,gpt,optimized,r,data_manipulation_preprocessing,01_impute_encode_scale,/home/romakrut/PycharmProjects/masters-thesis/task_equivalents/llm_translations/gpt/optimized/r/data_manipulation_preprocessing/01_impute_encode_scale.R,21,ok,0.392613352,6.700000000,17.065135370,
script_57,gpt,optimized,r,data_manipulation_preprocessing,01_impute_encode_scale,/home/romakrut/PycharmProjects/masters-thesis/task_equivalents/llm_translations/gpt/optimized/r/data_manipulation_preprocessing/01_impute_encode_scale.R,22,ok,0.401100413,6.750000000,16.828703689,
script_57,gpt,optimized,r,data_manipulation_preprocessing,01_impute_encode_scale,/home/romakrut/PycharmProjects/masters-thesis/task_equivalents/llm_translations/gpt/optimized/r/data_manipulation_preprocessing/01_impute_encode_scale.R,23,ok,0.399010281,6.700000000,16.791547283,
script_57,gpt,optimized,r,data_manipulation_preprocessing,01_impute_encode_scale,/home/romakrut/PycharmProjects/masters-thesis/task_equivalents/llm_translations/gpt/optimized/r/data_manipulation_preprocessing/01_impute_encode_scale.R,24,ok,0.389990282,6.910000000,17.718390224,
script_57,gpt,optimized,r,data_manipulation_preprocessing,01_impute_encode_scale,/home/romakrut/PycharmProjects/masters-thesis/task_equivalents/llm_translations/gpt/optimized/r/data_manipulation_preprocessing/01_impute_encode_scale.R,25,ok,0.392303583,6.730000000,17.155081655,
script_57,gpt,optimized,r,data_manipulation_preprocessing,01_impute_encode_scale,/home/romakrut/PycharmProjects/masters-thesis/task_equivalents/llm_translations/gpt/optimized/r/data_manipulation_preprocessing/01_impute_encode_scale.R,26,ok,0.398492214,6.850000000,17.189796336,
script_57,gpt,optimized,r,data_manipulation_preprocessing,01_impute_encode_scale,/home/romakrut/PycharmProjects/masters-thesis/task_equivalents/llm_translations/gpt/optimized/r/data_manipulation_preprocessing/01_impute_encode_scale.R,27,ok,0.393786319,6.770000000,17.192065019,
script_57,gpt,optimized,r,data_manipulation_preprocessing,01_impute_encode_scale,/home/romakrut/PycharmProjects/masters-thesis/task_equivalents/llm_translations/gpt/optimized/r/data_manipulation_preprocessing/01_impute_encode_scale.R,28,ok,0.395615382,6.870000000,17.365351077,
script_57,gpt,optimized,r,data_manipulation_preprocessing,01_impute_encode_scale,/home/romakrut/PycharmProjects/masters-thesis/task_equivalents/llm_translations/gpt/optimized/r/data_manipulation_preprocessing/01_impute_encode_scale.R,29,ok,0.397040529,6.790000000,17.101528696,
script_57,gpt,optimized,r,data_manipulation_preprocessing,01_impute_encode_scale,/home/romakrut/PycharmProjects/masters-thesis/task_equivalents/llm_translations/gpt/optimized/r/data_manipulation_preprocessing/01_impute_encode_scale.R,30,ok,0.392868938,6.790000000,17.283117455,
script_84,llama,optimized,python,data_visualization,02_distribution_boxplot,/home/romakrut/PycharmProjects/masters-thesis/task_equivalents/llm_translations/llama/optimized/python/data_visualization/02_distribution_boxplot.py,1,ok,0.469906237,7.850000000,16.705460328,
script_84,llama,optimized,python,data_visualization,02_distribution_boxplot,/home/romakrut/PycharmProjects/masters-thesis/task_equivalents/llm_translations/llama/optimized/python/data_visualization/02_distribution_boxplot.py,2,ok,0.473105996,7.730000000,16.338833296,
script_84,llama,optimized,python,data_visualization,02_distribution_boxplot,/home/romakrut/PycharmProjects/masters-thesis/task_equivalents/llm_translations/llama/optimized/python/data_visualization/02_distribution_boxplot.py,3,ok,0.472003405,7.690000000,16.292255349,
script_84,llama,optimized,python,data_visualization,02_distribution_boxplot,/home/romakrut/PycharmProjects/masters-thesis/task_equivalents/llm_translations/llama/optimized/python/data_visualization/02_distribution_boxplot.py,4,ok,0.473564652,7.820000000,16.513056806,
script_84,llama,optimized,python,data_visualization,02_distribution_boxplot,/home/romakrut/PycharmProjects/masters-thesis/task_equivalents/llm_translations/llama/optimized/python/data_visualization/02_distribution_boxplot.py,5,ok,0.470519854,7.890000000,16.768686662,
script_84,llama,optimized,python,data_visualization,02_distribution_boxplot,/home/romakrut/PycharmProjects/masters-thesis/task_equivalents/llm_translations/llama/optimized/python/data_visualization/02_distribution_boxplot.py,6,ok,0.474206036,7.760000000,16.364194909,
script_84,llama,optimized,python,data_visualization,02_distribution_boxplot,/home/romakrut/PycharmProjects/masters-thesis/task_equivalents/llm_translations/llama/optimized/python/data_visualization/02_distribution_boxplot.py,7,ok,0.474248387,7.590000000,16.004271618,
script_84,llama,optimized,python,data_visualization,02_distribution_boxplot,/home/romakrut/PycharmProjects/masters-thesis/task_equivalents/llm_translations/llama/optimized/python/data_visualization/02_distribution_boxplot.py,8,ok,0.469920938,7.640000000,16.258054030,
script_84,llama,optimized,python,data_visualization,02_distribution_boxplot,/home/romakrut/PycharmProjects/masters-thesis/task_equivalents/llm_translations/llama/optimized/python/data_visualization/02_distribution_boxplot.py,9,ok,0.475403261,7.940000000,16.701610299,
script_84,llama,optimized,python,data_visualization,02_distribution_boxplot,/home/romakrut/PycharmProjects/masters-thesis/task_equivalents/llm_translations/llama/optimized/python/data_visualization/02_distribution_boxplot.py,10,ok,0.473704825,7.760000000,16.381509308,
script_84,llama,optimized,python,data_visualization,02_distribution_boxplot,/home/romakrut/PycharmProjects/masters-thesis/task_equivalents/llm_translations/llama/optimized/python/data_visualization/02_distribution_boxplot.py,11,ok,0.472619711,7.690000000,16.271009907,
script_84,llama,optimized,python,data_visualization,02_distribution_boxplot,/home/romakrut/PycharmProjects/masters-thesis/task_equivalents/llm_translations/llama/optimized/python/data_visualization/02_distribution_boxplot.py,12,ok,0.474203945,7.710000000,16.258827201,
script_84,llama,optimized,python,data_visualization,02_distribution_boxplot,/home/romakrut/PycharmProjects/masters-thesis/task_equivalents/llm_translations/llama/optimized/python/data_visualization/02_distribution_boxplot.py,13,ok,0.471702343,7.750000000,16.429852671,
script_84,llama,optimized,python,data_visualization,02_distribution_boxplot,/home/romakrut/PycharmProjects/masters-thesis/task_equivalents/llm_translations/llama/optimized/python/data_visualization/02_distribution_boxplot.py,14,ok,0.473972604,7.770000000,16.393352558,
script_84,llama,optimized,python,data_visualization,02_distribution_boxplot,/home/romakrut/PycharmProjects/masters-thesis/task_equivalents/llm_translations/llama/optimized/python/data_visualization/02_distribution_boxplot.py,15,ok,0.473224665,7.750000000,16.376999284,
script_84,llama,optimized,python,data_visualization,02_distribution_boxplot,/home/romakrut/PycharmProjects/masters-thesis/task_equivalents/llm_translations/llama/optimized/python/data_visualization/02_distribution_boxplot.py,16,ok,0.473541991,7.820000000,16.513847027,
script_84,llama,optimized,python,data_visualization,02_distribution_boxplot,/home/romakrut/PycharmProjects/masters-thesis/task_equivalents/llm_translations/llama/optimized/python/data_visualization/02_distribution_boxplot.py,17,ok,0.472812536,7.710000000,16.306674238,
script_84,llama,optimized,python,data_visualization,02_distribution_boxplot,/home/romakrut/PycharmProjects/masters-thesis/task_equivalents/llm_translations/llama/optimized/python/data_visualization/02_distribution_boxplot.py,18,ok,0.469050209,7.820000000,16.671989160,
script_84,llama,optimized,python,data_visualization,02_distribution_boxplot,/home/romakrut/PycharmProjects/masters-thesis/task_equivalents/llm_translations/llama/optimized/python/data_visualization/02_distribution_boxplot.py,19,ok,0.474560307,7.770000000,16.373050770,
script_84,llama,optimized,python,data_visualization,02_distribution_boxplot,/home/romakrut/PycharmProjects/masters-thesis/task_equivalents/llm_translations/llama/optimized/python/data_visualization/02_distribution_boxplot.py,20,ok,0.474611283,7.820000000,16.476641580,
script_84,llama,optimized,python,data_visualization,02_distribution_boxplot,/home/romakrut/PycharmProjects/masters-thesis/task_equivalents/llm_translations/llama/optimized/python/data_visualization/02_distribution_boxplot.py,21,ok,0.470925461,7.760000000,16.478191652,
script_84,llama,optimized,python,data_visualization,02_distribution_boxplot,/home/romakrut/PycharmProjects/masters-thesis/task_equivalents/llm_translations/llama/optimized/python/data_visualization/02_distribution_boxplot.py,22,ok,0.473577107,7.900000000,16.681549600,
script_84,llama,optimized,python,data_visualization,02_distribution_boxplot,/home/romakrut/PycharmProjects/masters-thesis/task_equivalents/llm_translations/llama/optimized/python/data_visualization/02_distribution_boxplot.py,23,ok,0.475277255,7.720000000,16.243150537,
script_84,llama,optimized,python,data_visualization,02_distribution_boxplot,/home/romakrut/PycharmProjects/masters-thesis/task_equivalents/llm_translations/llama/optimized/python/data_visualization/02_distribution_boxplot.py,24,ok,0.475045908,7.850000000,16.524718702,
script_84,llama,optimized,python,data_visualization,02_distribution_boxplot,/home/romakrut/PycharmProjects/masters-thesis/task_equivalents/llm_translations/llama/optimized/python/data_visualization/02_distribution_boxplot.py,25,ok,0.473282450,7.760000000,16.396128781,
script_84,llama,optimized,python,data_visualization,02_distribution_boxplot,/home/romakrut/PycharmProjects/masters-thesis/task_equivalents/llm_translations/llama/optimized/python/data_visualization/02_distribution_boxplot.py,26,ok,0.475243686,8.010000000,16.854511140,
script_84,llama,optimized,python,data_visualization,02_distribution_boxplot,/home/romakrut/PycharmProjects/masters-thesis/task_equivalents/llm_translations/llama/optimized/python/data_visualization/02_distribution_boxplot.py,27,ok,0.473891177,7.740000000,16.332863695,
script_84,llama,optimized,python,data_visualization,02_distribution_boxplot,/home/romakrut/PycharmProjects/masters-thesis/task_equivalents/llm_translations/llama/optimized/python/data_visualization/02_distribution_boxplot.py,28,ok,0.474304950,7.910000000,16.677034469,
script_84,llama,optimized,python,data_visualization,02_distribution_boxplot,/home/romakrut/PycharmProjects/masters-thesis/task_equivalents/llm_translations/llama/optimized/python/data_visualization/02_distribution_boxplot.py,29,ok,0.472600727,7.890000000,16.694853709,
script_84,llama,optimized,python,data_visualization,02_distribution_boxplot,/home/romakrut/PycharmProjects/masters-thesis/task_equivalents/llm_translations/llama/optimized/python/data_visualization/02_distribution_boxplot.py,30,ok,0.474483182,7.860000000,16.565392196,
script_34,gpt,base,python,data_manipulation_preprocessing,02_merge_aggregate_reshape,/home/romakrut/PycharmProjects/masters-thesis/task_equivalents/llm_translations/gpt/base/python/data_manipulation_preprocessing/02_merge_aggregate_reshape.py,1,ok,0.171726871,2.840000000,16.537889402,
script_34,gpt,base,python,data_manipulation_preprocessing,02_merge_aggregate_reshape,/home/romakrut/PycharmProjects/masters-thesis/task_equivalents/llm_translations/gpt/base/python/data_manipulation_preprocessing/02_merge_aggregate_reshape.py,2,ok,0.174191593,2.770000000,15.902030358,
script_34,gpt,base,python,data_manipulation_preprocessing,02_merge_aggregate_reshape,/home/romakrut/PycharmProjects/masters-thesis/task_equivalents/llm_translations/gpt/base/python/data_manipulation_preprocessing/02_merge_aggregate_reshape.py,3,ok,0.173548477,2.810000000,16.191441426,
script_34,gpt,base,python,data_manipulation_preprocessing,02_merge_aggregate_reshape,/home/romakrut/PycharmProjects/masters-thesis/task_equivalents/llm_translations/gpt/base/python/data_manipulation_preprocessing/02_merge_aggregate_reshape.py,4,ok,0.174192307,2.780000000,15.959372993,
script_34,gpt,base,python,data_manipulation_preprocessing,02_merge_aggregate_reshape,/home/romakrut/PycharmProjects/masters-thesis/task_equivalents/llm_translations/gpt/base/python/data_manipulation_preprocessing/02_merge_aggregate_reshape.py,5,ok,0.173657190,2.810000000,16.181305249,
script_34,gpt,base,python,data_manipulation_preprocessing,02_merge_aggregate_reshape,/home/romakrut/PycharmProjects/masters-thesis/task_equivalents/llm_translations/gpt/base/python/data_manipulation_preprocessing/02_merge_aggregate_reshape.py,6,ok,0.174376781,2.800000000,16.057183668,
script_34,gpt,base,python,data_manipulation_preprocessing,02_merge_aggregate_reshape,/home/romakrut/PycharmProjects/masters-thesis/task_equivalents/llm_translations/gpt/base/python/data_manipulation_preprocessing/02_merge_aggregate_reshape.py,7,ok,0.172644573,2.920000000,16.913361070,
script_34,gpt,base,python,data_manipulation_preprocessing,02_merge_aggregate_reshape,/home/romakrut/PycharmProjects/masters-thesis/task_equivalents/llm_translations/gpt/base/python/data_manipulation_preprocessing/02_merge_aggregate_reshape.py,8,ok,0.173018903,2.780000000,16.067608520,
script_34,gpt,base,python,data_manipulation_preprocessing,02_merge_aggregate_reshape,/home/romakrut/PycharmProjects/masters-thesis/task_equivalents/llm_translations/gpt/base/python/data_manipulation_preprocessing/02_merge_aggregate_reshape.py,9,ok,0.174427472,2.810000000,16.109847651,
script_34,gpt,base,python,data_manipulation_preprocessing,02_merge_aggregate_reshape,/home/romakrut/PycharmProjects/masters-thesis/task_equivalents/llm_translations/gpt/base/python/data_manipulation_preprocessing/02_merge_aggregate_reshape.py,10,ok,0.173180698,2.860000000,16.514542516,
script_34,gpt,base,python,data_manipulation_preprocessing,02_merge_aggregate_reshape,/home/romakrut/PycharmProjects/masters-thesis/task_equivalents/llm_translations/gpt/base/python/data_manipulation_preprocessing/02_merge_aggregate_reshape.py,11,ok,0.173164227,2.820000000,16.285118750,
script_34,gpt,base,python,data_manipulation_preprocessing,02_merge_aggregate_reshape,/home/romakrut/PycharmProjects/masters-thesis/task_equivalents/llm_translations/gpt/base/python/data_manipulation_preprocessing/02_merge_aggregate_reshape.py,12,ok,0.174880106,2.850000000,16.296879417,
script_34,gpt,base,python,data_manipulation_preprocessing,02_merge_aggregate_reshape,/home/romakrut/PycharmProjects/masters-thesis/task_equivalents/llm_translations/gpt/base/python/data_manipulation_preprocessing/02_merge_aggregate_reshape.py,13,ok,0.174331970,2.820000000,16.176034723,
script_34,gpt,base,python,data_manipulation_preprocessing,02_merge_aggregate_reshape,/home/romakrut/PycharmProjects/masters-thesis/task_equivalents/llm_translations/gpt/base/python/data_manipulation_preprocessing/02_merge_aggregate_reshape.py,14,ok,0.172979823,2.810000000,16.244669183,
script_34,gpt,base,python,data_manipulation_preprocessing,02_merge_aggregate_reshape,/home/romakrut/PycharmProjects/masters-thesis/task_equivalents/llm_translations/gpt/base/python/data_manipulation_preprocessing/02_merge_aggregate_reshape.py,15,ok,0.174700912,2.860000000,16.370836118,
script_34,gpt,base,python,data_manipulation_preprocessing,02_merge_aggregate_reshape,/home/romakrut/PycharmProjects/masters-thesis/task_equivalents/llm_translations/gpt/base/python/data_manipulation_preprocessing/02_merge_aggregate_reshape.py,16,ok,0.174827216,2.860000000,16.359009000,
script_34,gpt,base,python,data_manipulation_preprocessing,02_merge_aggregate_reshape,/home/romakrut/PycharmProjects/masters-thesis/task_equivalents/llm_translations/gpt/base/python/data_manipulation_preprocessing/02_merge_aggregate_reshape.py,17,ok,0.174495353,2.840000000,16.275505056,
script_34,gpt,base,python,data_manipulation_preprocessing,02_merge_aggregate_reshape,/home/romakrut/PycharmProjects/masters-thesis/task_equivalents/llm_translations/gpt/base/python/data_manipulation_preprocessing/02_merge_aggregate_reshape.py,18,ok,0.173819272,2.850000000,16.396340677,
script_34,gpt,base,python,data_manipulation_preprocessing,02_merge_aggregate_reshape,/home/romakrut/PycharmProjects/masters-thesis/task_equivalents/llm_translations/gpt/base/python/data_manipulation_preprocessing/02_merge_aggregate_reshape.py,19,ok,0.173284288,2.860000000,16.504670060,
script_34,gpt,base,python,data_manipulation_preprocessing,02_merge_aggregate_reshape,/home/romakrut/PycharmProjects/masters-thesis/task_equivalents/llm_translations/gpt/base/python/data_manipulation_preprocessing/02_merge_aggregate_reshape.py,20,ok,0.173236091,2.850000000,16.451537226,
script_34,gpt,base,python,data_manipulation_preprocessing,02_merge_aggregate_reshape,/home/romakrut/PycharmProjects/masters-thesis/task_equivalents/llm_translations/gpt/base/python/data_manipulation_preprocessing/02_merge_aggregate_reshape.py,21,ok,0.173777951,2.820000000,16.227605308,
script_34,gpt,base,python,data_manipulation_preprocessing,02_merge_aggregate_reshape,/home/romakrut/PycharmProjects/masters-thesis/task_equivalents/llm_translations/gpt/base/python/data_manipulation_preprocessing/02_merge_aggregate_reshape.py,22,ok,0.173144687,2.860000000,16.517977245,
script_34,gpt,base,python,data_manipulation_preprocessing,02_merge_aggregate_reshape,/home/romakrut/PycharmProjects/masters-thesis/task_equivalents/llm_translations/gpt/base/python/data_manipulation_preprocessing/02_merge_aggregate_reshape.py,23,ok,0.174424634,2.830000000,16.224772471,
script_34,gpt,base,python,data_manipulation_preprocessing,02_merge_aggregate_reshape,/home/romakrut/PycharmProjects/masters-thesis/task_equivalents/llm_translations/gpt/base/python/data_manipulation_preprocessing/02_merge_aggregate_reshape.py,24,ok,0.172556619,2.890000000,16.748126017,
script_34,gpt,base,python,data_manipulation_preprocessing,02_merge_aggregate_reshape,/home/romakrut/PycharmProjects/masters-thesis/task_equivalents/llm_translations/gpt/base/python/data_manipulation_preprocessing/02_merge_aggregate_reshape.py,25,ok,0.173619282,2.830000000,16.300032850,
script_34,gpt,base,python,data_manipulation_preprocessing,02_merge_aggregate_reshape,/home/romakrut/PycharmProjects/masters-thesis/task_equivalents/llm_translations/gpt/base/python/data_manipulation_preprocessing/02_merge_aggregate_reshape.py,26,ok,0.174375736,2.780000000,15.942585039,
script_34,gpt,base,python,data_manipulation_preprocessing,02_merge_aggregate_reshape,/home/romakrut/PycharmProjects/masters-thesis/task_equivalents/llm_translations/gpt/base/python/data_manipulation_preprocessing/02_merge_aggregate_reshape.py,27,ok,0.175239984,2.850000000,16.263411665,
script_34,gpt,base,python,data_manipulation_preprocessing,02_merge_aggregate_reshape,/home/romakrut/PycharmProjects/masters-thesis/task_equivalents/llm_translations/gpt/base/python/data_manipulation_preprocessing/02_merge_aggregate_reshape.py,28,ok,0.173343524,2.850000000,16.441341068,
script_34,gpt,base,python,data_manipulation_preprocessing,02_merge_aggregate_reshape,/home/romakrut/PycharmProjects/masters-thesis/task_equivalents/llm_translations/gpt/base/python/data_manipulation_preprocessing/02_merge_aggregate_reshape.py,29,ok,0.173938142,2.870000000,16.500118761,
script_34,gpt,base,python,data_manipulation_preprocessing,02_merge_aggregate_reshape,/home/romakrut/PycharmProjects/masters-thesis/task_equivalents/llm_translations/gpt/base/python/data_manipulation_preprocessing/02_merge_aggregate_reshape.py,30,ok,0.172428775,2.800000000,16.238588948,
script_45,gpt,base,r,machine_learning_workflows,01_pipeline_cv_gridsearch_classification,/home/romakrut/PycharmProjects/masters-thesis/task_equivalents/llm_translations/gpt/base/r/machine_learning_workflows/01_pipeline_cv_gridsearch_classification.R,1,ok,2.188726794,38.890000000,17.768320883,
script_45,gpt,base,r,machine_learning_workflows,01_pipeline_cv_gridsearch_classification,/home/romakrut/PycharmProjects/masters-thesis/task_equivalents/llm_translations/gpt/base/r/machine_learning_workflows/01_pipeline_cv_gridsearch_classification.R,2,ok,2.228269570,39.400000000,17.681882179,
script_45,gpt,base,r,machine_learning_workflows,01_pipeline_cv_gridsearch_classification,/home/romakrut/PycharmProjects/masters-thesis/task_equivalents/llm_translations/gpt/base/r/machine_learning_workflows/01_pipeline_cv_gridsearch_classification.R,3,ok,2.187973950,39.310000000,17.966393064,
script_45,gpt,base,r,machine_learning_workflows,01_pipeline_cv_gridsearch_classification,/home/romakrut/PycharmProjects/masters-thesis/task_equivalents/llm_translations/gpt/base/r/machine_learning_workflows/01_pipeline_cv_gridsearch_classification.R,4,ok,2.292142829,40.470000000,17.655967808,
script_45,gpt,base,r,machine_learning_workflows,01_pipeline_cv_gridsearch_classification,/home/romakrut/PycharmProjects/masters-thesis/task_equivalents/llm_translations/gpt/base/r/machine_learning_workflows/01_pipeline_cv_gridsearch_classification.R,5,ok,2.438019560,43.800000000,17.965401393,
script_45,gpt,base,r,machine_learning_workflows,01_pipeline_cv_gridsearch_classification,/home/romakrut/PycharmProjects/masters-thesis/task_equivalents/llm_translations/gpt/base/r/machine_learning_workflows/01_pipeline_cv_gridsearch_classification.R,6,ok,2.213288956,40.060000000,18.099760491,
script_45,gpt,base,r,machine_learning_workflows,01_pipeline_cv_gridsearch_classification,/home/romakrut/PycharmProjects/masters-thesis/task_equivalents/llm_translations/gpt/base/r/machine_learning_workflows/01_pipeline_cv_gridsearch_classification.R,7,ok,2.265781830,40.440000000,17.848143835,
script_45,gpt,base,r,machine_learning_workflows,01_pipeline_cv_gridsearch_classification,/home/romakrut/PycharmProjects/masters-thesis/task_equivalents/llm_translations/gpt/base/r/machine_learning_workflows/01_pipeline_cv_gridsearch_classification.R,8,ok,2.081143431,37.960000000,18.239973005,
script_45,gpt,base,r,machine_learning_workflows,01_pipeline_cv_gridsearch_classification,/home/romakrut/PycharmProjects/masters-thesis/task_equivalents/llm_translations/gpt/base/r/machine_learning_workflows/01_pipeline_cv_gridsearch_classification.R,9,ok,2.495800562,45.580000000,18.262677192,
script_45,gpt,base,r,machine_learning_workflows,01_pipeline_cv_gridsearch_classification,/home/romakrut/PycharmProjects/masters-thesis/task_equivalents/llm_translations/gpt/base/r/machine_learning_workflows/01_pipeline_cv_gridsearch_classification.R,10,ok,2.394913659,43.760000000,18.272057465,
script_45,gpt,base,r,machine_learning_workflows,01_pipeline_cv_gridsearch_classification,/home/romakrut/PycharmProjects/masters-thesis/task_equivalents/llm_translations/gpt/base/r/machine_learning_workflows/01_pipeline_cv_gridsearch_classification.R,11,ok,2.231280398,41.550000000,18.621595043,
script_45,gpt,base,r,machine_learning_workflows,01_pipeline_cv_gridsearch_classification,/home/romakrut/PycharmProjects/masters-thesis/task_equivalents/llm_translations/gpt/base/r/machine_learning_workflows/01_pipeline_cv_gridsearch_classification.R,12,ok,2.190275974,39.640000000,18.098175970,
script_45,gpt,base,r,machine_learning_workflows,01_pipeline_cv_gridsearch_classification,/home/romakrut/PycharmProjects/masters-thesis/task_equivalents/llm_translations/gpt/base/r/machine_learning_workflows/01_pipeline_cv_gridsearch_classification.R,13,ok,2.424631752,43.930000000,18.118215256,
script_45,gpt,base,r,machine_learning_workflows,01_pipeline_cv_gridsearch_classification,/home/romakrut/PycharmProjects/masters-thesis/task_equivalents/llm_translations/gpt/base/r/machine_learning_workflows/01_pipeline_cv_gridsearch_classification.R,14,ok,2.127688334,39.160000000,18.404951221,
script_45,gpt,base,r,machine_learning_workflows,01_pipeline_cv_gridsearch_classification,/home/romakrut/PycharmProjects/masters-thesis/task_equivalents/llm_translations/gpt/base/r/machine_learning_workflows/01_pipeline_cv_gridsearch_classification.R,15,ok,2.248372383,41.510000000,18.462244206,
script_45,gpt,base,r,machine_learning_workflows,01_pipeline_cv_gridsearch_classification,/home/romakrut/PycharmProjects/masters-thesis/task_equivalents/llm_translations/gpt/base/r/machine_learning_workflows/01_pipeline_cv_gridsearch_classification.R,16,ok,2.379570078,43.940000000,18.465520476,
script_45,gpt,base,r,machine_learning_workflows,01_pipeline_cv_gridsearch_classification,/home/romakrut/PycharmProjects/masters-thesis/task_equivalents/llm_translations/gpt/base/r/machine_learning_workflows/01_pipeline_cv_gridsearch_classification.R,17,ok,2.217100660,40.250000000,18.154340363,
script_45,gpt,base,r,machine_learning_workflows,01_pipeline_cv_gridsearch_classification,/home/romakrut/PycharmProjects/masters-thesis/task_equivalents/llm_translations/gpt/base/r/machine_learning_workflows/01_pipeline_cv_gridsearch_classification.R,18,ok,2.325347536,42.160000000,18.130623207,
script_45,gpt,base,r,machine_learning_workflows,01_pipeline_cv_gridsearch_classification,/home/romakrut/PycharmProjects/masters-thesis/task_equivalents/llm_translations/gpt/base/r/machine_learning_workflows/01_pipeline_cv_gridsearch_classification.R,19,ok,2.214581842,41.030000000,18.527199683,
script_45,gpt,base,r,machine_learning_workflows,01_pipeline_cv_gridsearch_classification,/home/romakrut/PycharmProjects/masters-thesis/task_equivalents/llm_translations/gpt/base/r/machine_learning_workflows/01_pipeline_cv_gridsearch_classification.R,20,ok,2.250810302,41.060000000,18.242319205,
script_45,gpt,base,r,machine_learning_workflows,01_pipeline_cv_gridsearch_classification,/home/romakrut/PycharmProjects/masters-thesis/task_equivalents/llm_translations/gpt/base/r/machine_learning_workflows/01_pipeline_cv_gridsearch_classification.R,21,ok,2.177454595,40.250000000,18.484886019,
script_45,gpt,base,r,machine_learning_workflows,01_pipeline_cv_gridsearch_classification,/home/romakrut/PycharmProjects/masters-thesis/task_equivalents/llm_translations/gpt/base/r/machine_learning_workflows/01_pipeline_cv_gridsearch_classification.R,22,ok,2.133061024,38.860000000,18.217950430,
script_45,gpt,base,r,machine_learning_workflows,01_pipeline_cv_gridsearch_classification,/home/romakrut/PycharmProjects/masters-thesis/task_equivalents/llm_translations/gpt/base/r/machine_learning_workflows/01_pipeline_cv_gridsearch_classification.R,23,ok,2.261487268,41.510000000,18.355177404,
script_45,gpt,base,r,machine_learning_workflows,01_pipeline_cv_gridsearch_classification,/home/romakrut/PycharmProjects/masters-thesis/task_equivalents/llm_translations/gpt/base/r/machine_learning_workflows/01_pipeline_cv_gridsearch_classification.R,24,ok,2.426564382,44.640000000,18.396379808,
script_45,gpt,base,r,machine_learning_workflows,01_pipeline_cv_gridsearch_classification,/home/romakrut/PycharmProjects/masters-thesis/task_equivalents/llm_translations/gpt/base/r/machine_learning_workflows/01_pipeline_cv_gridsearch_classification.R,25,ok,2.647377378,47.840000000,18.070714209,
script_45,gpt,base,r,machine_learning_workflows,01_pipeline_cv_gridsearch_classification,/home/romakrut/PycharmProjects/masters-thesis/task_equivalents/llm_translations/gpt/base/r/machine_learning_workflows/01_pipeline_cv_gridsearch_classification.R,26,ok,2.058139661,37.560000000,18.249490407,
script_45,gpt,base,r,machine_learning_workflows,01_pipeline_cv_gridsearch_classification,/home/romakrut/PycharmProjects/masters-thesis/task_equivalents/llm_translations/gpt/base/r/machine_learning_workflows/01_pipeline_cv_gridsearch_classification.R,27,ok,3.009742135,55.000000000,18.273990772,
script_45,gpt,base,r,machine_learning_workflows,01_pipeline_cv_gridsearch_classification,/home/romakrut/PycharmProjects/masters-thesis/task_equivalents/llm_translations/gpt/base/r/machine_learning_workflows/01_pipeline_cv_gridsearch_classification.R,28,ok,2.325123027,42.710000000,18.368920485,
script_45,gpt,base,r,machine_learning_workflows,01_pipeline_cv_gridsearch_classification,/home/romakrut/PycharmProjects/masters-thesis/task_equivalents/llm_translations/gpt/base/r/machine_learning_workflows/01_pipeline_cv_gridsearch_classification.R,29,ok,2.229240881,41.220000000,18.490599357,
script_45,gpt,base,r,machine_learning_workflows,01_pipeline_cv_gridsearch_classification,/home/romakrut/PycharmProjects/masters-thesis/task_equivalents/llm_translations/gpt/base/r/machine_learning_workflows/01_pipeline_cv_gridsearch_classification.R,30,ok,2.200805710,40.650000000,18.470508239,
script_35,gpt,base,python,data_visualization,01_scatter_trend_grouped,/home/romakrut/PycharmProjects/masters-thesis/task_equivalents/llm_translations/gpt/base/python/data_visualization/01_scatter_trend_grouped.py,1,ok,0.816523488,13.440000000,16.460028643,
script_35,gpt,base,python,data_visualization,01_scatter_trend_grouped,/home/romakrut/PycharmProjects/masters-thesis/task_equivalents/llm_translations/gpt/base/python/data_visualization/01_scatter_trend_grouped.py,2,ok,0.818642911,13.400000000,16.368553151,
script_35,gpt,base,python,data_visualization,01_scatter_trend_grouped,/home/romakrut/PycharmProjects/masters-thesis/task_equivalents/llm_translations/gpt/base/python/data_visualization/01_scatter_trend_grouped.py,3,ok,0.826906202,13.420000000,16.229168396,
script_35,gpt,base,python,data_visualization,01_scatter_trend_grouped,/home/romakrut/PycharmProjects/masters-thesis/task_equivalents/llm_translations/gpt/base/python/data_visualization/01_scatter_trend_grouped.py,4,ok,0.826078062,13.630000000,16.499651337,
script_35,gpt,base,python,data_visualization,01_scatter_trend_grouped,/home/romakrut/PycharmProjects/masters-thesis/task_equivalents/llm_translations/gpt/base/python/data_visualization/01_scatter_trend_grouped.py,5,ok,0.825405574,13.630000000,16.513094204,
script_35,gpt,base,python,data_visualization,01_scatter_trend_grouped,/home/romakrut/PycharmProjects/masters-thesis/task_equivalents/llm_translations/gpt/base/python/data_visualization/01_scatter_trend_grouped.py,6,ok,0.825738328,13.630000000,16.506439798,
script_35,gpt,base,python,data_visualization,01_scatter_trend_grouped,/home/romakrut/PycharmProjects/masters-thesis/task_equivalents/llm_translations/gpt/base/python/data_visualization/01_scatter_trend_grouped.py,7,ok,0.819957855,13.740000000,16.756958807,
script_35,gpt,base,python,data_visualization,01_scatter_trend_grouped,/home/romakrut/PycharmProjects/masters-thesis/task_equivalents/llm_translations/gpt/base/python/data_visualization/01_scatter_trend_grouped.py,8,ok,0.826846156,13.410000000,16.218252818,
script_35,gpt,base,python,data_visualization,01_scatter_trend_grouped,/home/romakrut/PycharmProjects/masters-thesis/task_equivalents/llm_translations/gpt/base/python/data_visualization/01_scatter_trend_grouped.py,9,ok,0.829046019,13.680000000,16.500893420,
script_35,gpt,base,python,data_visualization,01_scatter_trend_grouped,/home/romakrut/PycharmProjects/masters-thesis/task_equivalents/llm_translations/gpt/base/python/data_visualization/01_scatter_trend_grouped.py,10,ok,0.819722671,13.550000000,16.529980784,
script_35,gpt,base,python,data_visualization,01_scatter_trend_grouped,/home/romakrut/PycharmProjects/masters-thesis/task_equivalents/llm_translations/gpt/base/python/data_visualization/01_scatter_trend_grouped.py,11,ok,0.824024698,13.540000000,16.431546327,
script_35,gpt,base,python,data_visualization,01_scatter_trend_grouped,/home/romakrut/PycharmProjects/masters-thesis/task_equivalents/llm_translations/gpt/base/python/data_visualization/01_scatter_trend_grouped.py,12,ok,0.824329177,13.570000000,16.461870305,
script_35,gpt,base,python,data_visualization,01_scatter_trend_grouped,/home/romakrut/PycharmProjects/masters-thesis/task_equivalents/llm_translations/gpt/base/python/data_visualization/01_scatter_trend_grouped.py,13,ok,0.831595185,13.840000000,16.642713005,
script_35,gpt,base,python,data_visualization,01_scatter_trend_grouped,/home/romakrut/PycharmProjects/masters-thesis/task_equivalents/llm_translations/gpt/base/python/data_visualization/01_scatter_trend_grouped.py,14,ok,0.823854899,13.540000000,16.434932919,
script_35,gpt,base,python,data_visualization,01_scatter_trend_grouped,/home/romakrut/PycharmProjects/masters-thesis/task_equivalents/llm_translations/gpt/base/python/data_visualization/01_scatter_trend_grouped.py,15,ok,0.823109585,13.850000000,16.826435085,
script_35,gpt,base,python,data_visualization,01_scatter_trend_grouped,/home/romakrut/PycharmProjects/masters-thesis/task_equivalents/llm_translations/gpt/base/python/data_visualization/01_scatter_trend_grouped.py,16,ok,0.826695093,13.680000000,16.547818072,
script_35,gpt,base,python,data_visualization,01_scatter_trend_grouped,/home/romakrut/PycharmProjects/masters-thesis/task_equivalents/llm_translations/gpt/base/python/data_visualization/01_scatter_trend_grouped.py,17,ok,0.829238427,13.840000000,16.690012847,
script_35,gpt,base,python,data_visualization,01_scatter_trend_grouped,/home/romakrut/PycharmProjects/masters-thesis/task_equivalents/llm_translations/gpt/base/python/data_visualization/01_scatter_trend_grouped.py,18,ok,0.828298545,13.880000000,16.757243006,
script_35,gpt,base,python,data_visualization,01_scatter_trend_grouped,/home/romakrut/PycharmProjects/masters-thesis/task_equivalents/llm_translations/gpt/base/python/data_visualization/01_scatter_trend_grouped.py,19,ok,0.826895243,13.690000000,16.555906103,
script_35,gpt,base,python,data_visualization,01_scatter_trend_grouped,/home/romakrut/PycharmProjects/masters-thesis/task_equivalents/llm_translations/gpt/base/python/data_visualization/01_scatter_trend_grouped.py,20,ok,0.827840842,13.810000000,16.681950563,
script_35,gpt,base,python,data_visualization,01_scatter_trend_grouped,/home/romakrut/PycharmProjects/masters-thesis/task_equivalents/llm_translations/gpt/base/python/data_visualization/01_scatter_trend_grouped.py,21,ok,0.827719327,13.750000000,16.611911250,
script_35,gpt,base,python,data_visualization,01_scatter_trend_grouped,/home/romakrut/PycharmProjects/masters-thesis/task_equivalents/llm_translations/gpt/base/python/data_visualization/01_scatter_trend_grouped.py,22,ok,0.827411744,13.610000000,16.448884245,
script_35,gpt,base,python,data_visualization,01_scatter_trend_grouped,/home/romakrut/PycharmProjects/masters-thesis/task_equivalents/llm_translations/gpt/base/python/data_visualization/01_scatter_trend_grouped.py,23,ok,0.825561235,13.690000000,16.582658463,
script_35,gpt,base,python,data_visualization,01_scatter_trend_grouped,/home/romakrut/PycharmProjects/masters-thesis/task_equivalents/llm_translations/gpt/base/python/data_visualization/01_scatter_trend_grouped.py,24,ok,0.824586057,13.760000000,16.687160646,
script_35,gpt,base,python,data_visualization,01_scatter_trend_grouped,/home/romakrut/PycharmProjects/masters-thesis/task_equivalents/llm_translations/gpt/base/python/data_visualization/01_scatter_trend_grouped.py,25,ok,0.823377813,13.790000000,16.748083058,
script_35,gpt,base,python,data_visualization,01_scatter_trend_grouped,/home/romakrut/PycharmProjects/masters-thesis/task_equivalents/llm_translations/gpt/base/python/data_visualization/01_scatter_trend_grouped.py,26,ok,0.820670357,13.650000000,16.632744053,
script_35,gpt,base,python,data_visualization,01_scatter_trend_grouped,/home/romakrut/PycharmProjects/masters-thesis/task_equivalents/llm_translations/gpt/base/python/data_visualization/01_scatter_trend_grouped.py,27,ok,0.826792483,13.900000000,16.811957397,
script_35,gpt,base,python,data_visualization,01_scatter_trend_grouped,/home/romakrut/PycharmProjects/masters-thesis/task_equivalents/llm_translations/gpt/base/python/data_visualization/01_scatter_trend_grouped.py,28,ok,0.825816134,14.030000000,16.989253930,
script_35,gpt,base,python,data_visualization,01_scatter_trend_grouped,/home/romakrut/PycharmProjects/masters-thesis/task_equivalents/llm_translations/gpt/base/python/data_visualization/01_scatter_trend_grouped.py,29,ok,0.826828110,14.020000000,16.956365937,
script_35,gpt,base,python,data_visualization,01_scatter_trend_grouped,/home/romakrut/PycharmProjects/masters-thesis/task_equivalents/llm_translations/gpt/base/python/data_visualization/01_scatter_trend_grouped.py,30,ok,0.829833718,13.790000000,16.617787035,
script_59,gpt,optimized,r,data_visualization,01_scatter_trend_grouped,/home/romakrut/PycharmProjects/masters-thesis/task_equivalents/llm_translations/gpt/optimized/r/data_visualization/01_scatter_trend_grouped.R,1,ok,0.395846238,6.870000000,17.355223671,
script_59,gpt,optimized,r,data_visualization,01_scatter_trend_grouped,/home/romakrut/PycharmProjects/masters-thesis/task_equivalents/llm_translations/gpt/optimized/r/data_visualization/01_scatter_trend_grouped.R,2,ok,0.415370710,6.870000000,16.539442562,
script_59,gpt,optimized,r,data_visualization,01_scatter_trend_grouped,/home/romakrut/PycharmProjects/masters-thesis/task_equivalents/llm_translations/gpt/optimized/r/data_visualization/01_scatter_trend_grouped.R,3,ok,0.409379236,7.080000000,17.294477534,
script_59,gpt,optimized,r,data_visualization,01_scatter_trend_grouped,/home/romakrut/PycharmProjects/masters-thesis/task_equivalents/llm_translations/gpt/optimized/r/data_visualization/01_scatter_trend_grouped.R,4,ok,0.412863860,6.850000000,16.591425561,
script_59,gpt,optimized,r,data_visualization,01_scatter_trend_grouped,/home/romakrut/PycharmProjects/masters-thesis/task_equivalents/llm_translations/gpt/optimized/r/data_visualization/01_scatter_trend_grouped.R,5,ok,0.409759838,7.000000000,17.083177390,
script_59,gpt,optimized,r,data_visualization,01_scatter_trend_grouped,/home/romakrut/PycharmProjects/masters-thesis/task_equivalents/llm_translations/gpt/optimized/r/data_visualization/01_scatter_trend_grouped.R,6,ok,0.398569670,6.850000000,17.186455758,
script_59,gpt,optimized,r,data_visualization,01_scatter_trend_grouped,/home/romakrut/PycharmProjects/masters-thesis/task_equivalents/llm_translations/gpt/optimized/r/data_visualization/01_scatter_trend_grouped.R,7,ok,0.407372467,6.830000000,16.765983353,
script_59,gpt,optimized,r,data_visualization,01_scatter_trend_grouped,/home/romakrut/PycharmProjects/masters-thesis/task_equivalents/llm_translations/gpt/optimized/r/data_visualization/01_scatter_trend_grouped.R,8,ok,0.397889133,6.970000000,17.517442478,
script_59,gpt,optimized,r,data_visualization,01_scatter_trend_grouped,/home/romakrut/PycharmProjects/masters-thesis/task_equivalents/llm_translations/gpt/optimized/r/data_visualization/01_scatter_trend_grouped.R,9,ok,0.397953585,6.850000000,17.213062674,
script_59,gpt,optimized,r,data_visualization,01_scatter_trend_grouped,/home/romakrut/PycharmProjects/masters-thesis/task_equivalents/llm_translations/gpt/optimized/r/data_visualization/01_scatter_trend_grouped.R,10,ok,0.401675691,6.960000000,17.327411531,
script_59,gpt,optimized,r,data_visualization,01_scatter_trend_grouped,/home/romakrut/PycharmProjects/masters-thesis/task_equivalents/llm_translations/gpt/optimized/r/data_visualization/01_scatter_trend_grouped.R,11,ok,0.407189751,6.880000000,16.896299534,
script_59,gpt,optimized,r,data_visualization,01_scatter_trend_grouped,/home/romakrut/PycharmProjects/masters-thesis/task_equivalents/llm_translations/gpt/optimized/r/data_visualization/01_scatter_trend_grouped.R,12,ok,0.409265416,7.080000000,17.299287267,
script_59,gpt,optimized,r,data_visualization,01_scatter_trend_grouped,/home/romakrut/PycharmProjects/masters-thesis/task_equivalents/llm_translations/gpt/optimized/r/data_visualization/01_scatter_trend_grouped.R,13,ok,0.408673242,7.000000000,17.128598794,
script_59,gpt,optimized,r,data_visualization,01_scatter_trend_grouped,/home/romakrut/PycharmProjects/masters-thesis/task_equivalents/llm_translations/gpt/optimized/r/data_visualization/01_scatter_trend_grouped.R,14,ok,0.408769430,7.010000000,17.149031913,
script_59,gpt,optimized,r,data_visualization,01_scatter_trend_grouped,/home/romakrut/PycharmProjects/masters-thesis/task_equivalents/llm_translations/gpt/optimized/r/data_visualization/01_scatter_trend_grouped.R,15,ok,0.399764026,6.940000000,17.360241414,
script_59,gpt,optimized,r,data_visualization,01_scatter_trend_grouped,/home/romakrut/PycharmProjects/masters-thesis/task_equivalents/llm_translations/gpt/optimized/r/data_visualization/01_scatter_trend_grouped.R,16,ok,0.407616692,7.000000000,17.172996439,
script_59,gpt,optimized,r,data_visualization,01_scatter_trend_grouped,/home/romakrut/PycharmProjects/masters-thesis/task_equivalents/llm_translations/gpt/optimized/r/data_visualization/01_scatter_trend_grouped.R,17,ok,0.402337520,6.920000000,17.199489623,
script_59,gpt,optimized,r,data_visualization,01_scatter_trend_grouped,/home/romakrut/PycharmProjects/masters-thesis/task_equivalents/llm_translations/gpt/optimized/r/data_visualization/01_scatter_trend_grouped.R,18,ok,0.399036182,6.870000000,17.216483893,
script_59,gpt,optimized,r,data_visualization,01_scatter_trend_grouped,/home/romakrut/PycharmProjects/masters-thesis/task_equivalents/llm_translations/gpt/optimized/r/data_visualization/01_scatter_trend_grouped.R,19,ok,0.410662288,6.980000000,16.996934474,
script_59,gpt,optimized,r,data_visualization,01_scatter_trend_grouped,/home/romakrut/PycharmProjects/masters-thesis/task_equivalents/llm_translations/gpt/optimized/r/data_visualization/01_scatter_trend_grouped.R,20,ok,0.401288148,7.030000000,17.518583679,
script_59,gpt,optimized,r,data_visualization,01_scatter_trend_grouped,/home/romakrut/PycharmProjects/masters-thesis/task_equivalents/llm_translations/gpt/optimized/r/data_visualization/01_scatter_trend_grouped.R,21,ok,0.416456991,6.980000000,16.760434213,
script_59,gpt,optimized,r,data_visualization,01_scatter_trend_grouped,/home/romakrut/PycharmProjects/masters-thesis/task_equivalents/llm_translations/gpt/optimized/r/data_visualization/01_scatter_trend_grouped.R,22,ok,0.406965182,6.900000000,16.954767398,
script_59,gpt,optimized,r,data_visualization,01_scatter_trend_grouped,/home/romakrut/PycharmProjects/masters-thesis/task_equivalents/llm_translations/gpt/optimized/r/data_visualization/01_scatter_trend_grouped.R,23,ok,0.408553259,6.920000000,16.937816178,
script_59,gpt,optimized,r,data_visualization,01_scatter_trend_grouped,/home/romakrut/PycharmProjects/masters-thesis/task_equivalents/llm_translations/gpt/optimized/r/data_visualization/01_scatter_trend_grouped.R,24,ok,0.408271611,6.950000000,17.022981302,
script_59,gpt,optimized,r,data_visualization,01_scatter_trend_grouped,/home/romakrut/PycharmProjects/masters-thesis/task_equivalents/llm_translations/gpt/optimized/r/data_visualization/01_scatter_trend_grouped.R,25,ok,0.410323049,6.970000000,16.986615831,
script_59,gpt,optimized,r,data_visualization,01_scatter_trend_grouped,/home/romakrut/PycharmProjects/masters-thesis/task_equivalents/llm_translations/gpt/optimized/r/data_visualization/01_scatter_trend_grouped.R,26,ok,0.409370667,6.950000000,16.977278931,
script_59,gpt,optimized,r,data_visualization,01_scatter_trend_grouped,/home/romakrut/PycharmProjects/masters-thesis/task_equivalents/llm_translations/gpt/optimized/r/data_visualization/01_scatter_trend_grouped.R,27,ok,0.399480548,6.940000000,17.372560528,
script_59,gpt,optimized,r,data_visualization,01_scatter_trend_grouped,/home/romakrut/PycharmProjects/masters-thesis/task_equivalents/llm_translations/gpt/optimized/r/data_visualization/01_scatter_trend_grouped.R,28,ok,0.410131859,7.140000000,17.409035273,
script_59,gpt,optimized,r,data_visualization,01_scatter_trend_grouped,/home/romakrut/PycharmProjects/masters-thesis/task_equivalents/llm_translations/gpt/optimized/r/data_visualization/01_scatter_trend_grouped.R,29,ok,0.407397179,6.990000000,17.157703490,
script_59,gpt,optimized,r,data_visualization,01_scatter_trend_grouped,/home/romakrut/PycharmProjects/masters-thesis/task_equivalents/llm_translations/gpt/optimized/r/data_visualization/01_scatter_trend_grouped.R,30,ok,0.407816052,6.930000000,16.992955442,
script_6,gemini,base,python,machine_learning_workflows,02_regression_workflow_feature_importance,/home/romakrut/PycharmProjects/masters-thesis/task_equivalents/llm_translations/gemini/base/python/machine_learning_workflows/02_regression_workflow_feature_importance.py,1,ok,12.358638318,191.470000000,15.492807142,
script_6,gemini,base,python,machine_learning_workflows,02_regression_workflow_feature_importance,/home/romakrut/PycharmProjects/masters-thesis/task_equivalents/llm_translations/gemini/base/python/machine_learning_workflows/02_regression_workflow_feature_importance.py,2,ok,12.283829812,193.630000000,15.762999241,
script_6,gemini,base,python,machine_learning_workflows,02_regression_workflow_feature_importance,/home/romakrut/PycharmProjects/masters-thesis/task_equivalents/llm_translations/gemini/base/python/machine_learning_workflows/02_regression_workflow_feature_importance.py,3,ok,12.352962290,192.570000000,15.588973355,
script_6,gemini,base,python,machine_learning_workflows,02_regression_workflow_feature_importance,/home/romakrut/PycharmProjects/masters-thesis/task_equivalents/llm_translations/gemini/base/python/machine_learning_workflows/02_regression_workflow_feature_importance.py,4,ok,12.304567945,195.000000000,15.847773028,
script_6,gemini,base,python,machine_learning_workflows,02_regression_workflow_feature_importance,/home/romakrut/PycharmProjects/masters-thesis/task_equivalents/llm_translations/gemini/base/python/machine_learning_workflows/02_regression_workflow_feature_importance.py,5,ok,12.275370455,192.440000000,15.676919952,
script_6,gemini,base,python,machine_learning_workflows,02_regression_workflow_feature_importance,/home/romakrut/PycharmProjects/masters-thesis/task_equivalents/llm_translations/gemini/base/python/machine_learning_workflows/02_regression_workflow_feature_importance.py,6,ok,12.255012879,194.880000000,15.902064072,
script_6,gemini,base,python,machine_learning_workflows,02_regression_workflow_feature_importance,/home/romakrut/PycharmProjects/masters-thesis/task_equivalents/llm_translations/gemini/base/python/machine_learning_workflows/02_regression_workflow_feature_importance.py,7,ok,12.296385798,193.150000000,15.707867594,
script_6,gemini,base,python,machine_learning_workflows,02_regression_workflow_feature_importance,/home/romakrut/PycharmProjects/masters-thesis/task_equivalents/llm_translations/gemini/base/python/machine_learning_workflows/02_regression_workflow_feature_importance.py,8,ok,12.353180206,193.990000000,15.703648515,
script_6,gemini,base,python,machine_learning_workflows,02_regression_workflow_feature_importance,/home/romakrut/PycharmProjects/masters-thesis/task_equivalents/llm_translations/gemini/base/python/machine_learning_workflows/02_regression_workflow_feature_importance.py,9,ok,12.218302863,194.730000000,15.937565322,
script_6,gemini,base,python,machine_learning_workflows,02_regression_workflow_feature_importance,/home/romakrut/PycharmProjects/masters-thesis/task_equivalents/llm_translations/gemini/base/python/machine_learning_workflows/02_regression_workflow_feature_importance.py,10,ok,12.245268577,195.690000000,15.980866305,
script_6,gemini,base,python,machine_learning_workflows,02_regression_workflow_feature_importance,/home/romakrut/PycharmProjects/masters-thesis/task_equivalents/llm_translations/gemini/base/python/machine_learning_workflows/02_regression_workflow_feature_importance.py,11,ok,12.284386692,192.530000000,15.672740107,
script_6,gemini,base,python,machine_learning_workflows,02_regression_workflow_feature_importance,/home/romakrut/PycharmProjects/masters-thesis/task_equivalents/llm_translations/gemini/base/python/machine_learning_workflows/02_regression_workflow_feature_importance.py,12,ok,12.293724091,197.490000000,16.064294150,
script_6,gemini,base,python,machine_learning_workflows,02_regression_workflow_feature_importance,/home/romakrut/PycharmProjects/masters-thesis/task_equivalents/llm_translations/gemini/base/python/machine_learning_workflows/02_regression_workflow_feature_importance.py,13,ok,12.334865931,196.700000000,15.946667041,
script_6,gemini,base,python,machine_learning_workflows,02_regression_workflow_feature_importance,/home/romakrut/PycharmProjects/masters-thesis/task_equivalents/llm_translations/gemini/base/python/machine_learning_workflows/02_regression_workflow_feature_importance.py,14,ok,12.216544354,190.960000000,15.631261547,
script_6,gemini,base,python,machine_learning_workflows,02_regression_workflow_feature_importance,/home/romakrut/PycharmProjects/masters-thesis/task_equivalents/llm_translations/gemini/base/python/machine_learning_workflows/02_regression_workflow_feature_importance.py,15,ok,12.233873989,196.280000000,16.043977580,
script_6,gemini,base,python,machine_learning_workflows,02_regression_workflow_feature_importance,/home/romakrut/PycharmProjects/masters-thesis/task_equivalents/llm_translations/gemini/base/python/machine_learning_workflows/02_regression_workflow_feature_importance.py,16,ok,12.252118877,191.150000000,15.601383068,
script_6,gemini,base,python,machine_learning_workflows,02_regression_workflow_feature_importance,/home/romakrut/PycharmProjects/masters-thesis/task_equivalents/llm_translations/gemini/base/python/machine_learning_workflows/02_regression_workflow_feature_importance.py,17,ok,12.228897583,194.360000000,15.893501330,
script_6,gemini,base,python,machine_learning_workflows,02_regression_workflow_feature_importance,/home/romakrut/PycharmProjects/masters-thesis/task_equivalents/llm_translations/gemini/base/python/machine_learning_workflows/02_regression_workflow_feature_importance.py,18,ok,12.229717754,196.000000000,16.026535031,
script_6,gemini,base,python,machine_learning_workflows,02_regression_workflow_feature_importance,/home/romakrut/PycharmProjects/masters-thesis/task_equivalents/llm_translations/gemini/base/python/machine_learning_workflows/02_regression_workflow_feature_importance.py,19,ok,12.258481702,191.660000000,15.634888941,
script_6,gemini,base,python,machine_learning_workflows,02_regression_workflow_feature_importance,/home/romakrut/PycharmProjects/masters-thesis/task_equivalents/llm_translations/gemini/base/python/machine_learning_workflows/02_regression_workflow_feature_importance.py,20,ok,12.247603403,192.300000000,15.701030942,
script_6,gemini,base,python,machine_learning_workflows,02_regression_workflow_feature_importance,/home/romakrut/PycharmProjects/masters-thesis/task_equivalents/llm_translations/gemini/base/python/machine_learning_workflows/02_regression_workflow_feature_importance.py,21,ok,12.237220667,195.680000000,15.990559076,
script_6,gemini,base,python,machine_learning_workflows,02_regression_workflow_feature_importance,/home/romakrut/PycharmProjects/masters-thesis/task_equivalents/llm_translations/gemini/base/python/machine_learning_workflows/02_regression_workflow_feature_importance.py,22,ok,12.258034862,195.840000000,15.976459702,
script_6,gemini,base,python,machine_learning_workflows,02_regression_workflow_feature_importance,/home/romakrut/PycharmProjects/masters-thesis/task_equivalents/llm_translations/gemini/base/python/machine_learning_workflows/02_regression_workflow_feature_importance.py,23,ok,12.227402717,191.540000000,15.664814878,
script_6,gemini,base,python,machine_learning_workflows,02_regression_workflow_feature_importance,/home/romakrut/PycharmProjects/masters-thesis/task_equivalents/llm_translations/gemini/base/python/machine_learning_workflows/02_regression_workflow_feature_importance.py,24,ok,12.309972236,193.080000000,15.684844474,
script_6,gemini,base,python,machine_learning_workflows,02_regression_workflow_feature_importance,/home/romakrut/PycharmProjects/masters-thesis/task_equivalents/llm_translations/gemini/base/python/machine_learning_workflows/02_regression_workflow_feature_importance.py,25,ok,12.292736204,196.380000000,15.975287905,
script_6,gemini,base,python,machine_learning_workflows,02_regression_workflow_feature_importance,/home/romakrut/PycharmProjects/masters-thesis/task_equivalents/llm_translations/gemini/base/python/machine_learning_workflows/02_regression_workflow_feature_importance.py,26,ok,12.234207798,198.390000000,16.216007058,
script_6,gemini,base,python,machine_learning_workflows,02_regression_workflow_feature_importance,/home/romakrut/PycharmProjects/masters-thesis/task_equivalents/llm_translations/gemini/base/python/machine_learning_workflows/02_regression_workflow_feature_importance.py,27,ok,12.235496277,193.610000000,15.823632783,
script_6,gemini,base,python,machine_learning_workflows,02_regression_workflow_feature_importance,/home/romakrut/PycharmProjects/masters-thesis/task_equivalents/llm_translations/gemini/base/python/machine_learning_workflows/02_regression_workflow_feature_importance.py,28,ok,12.330692143,197.110000000,15.985315156,
script_6,gemini,base,python,machine_learning_workflows,02_regression_workflow_feature_importance,/home/romakrut/PycharmProjects/masters-thesis/task_equivalents/llm_translations/gemini/base/python/machine_learning_workflows/02_regression_workflow_feature_importance.py,29,ok,12.253284617,197.390000000,16.109150009,
script_6,gemini,base,python,machine_learning_workflows,02_regression_workflow_feature_importance,/home/romakrut/PycharmProjects/masters-thesis/task_equivalents/llm_translations/gemini/base/python/machine_learning_workflows/02_regression_workflow_feature_importance.py,30,ok,12.213342949,196.280000000,16.070948046,
script_71,llama,base,python,statistical_modelling_analysis,01_linear_regression_inference,/home/romakrut/PycharmProjects/masters-thesis/task_equivalents/llm_translations/llama/base/python/statistical_modelling_analysis/01_linear_regression_inference.py,1,ok,0.720039194,12.040000000,16.721311979,
script_71,llama,base,python,statistical_modelling_analysis,01_linear_regression_inference,/home/romakrut/PycharmProjects/masters-thesis/task_equivalents/llm_translations/llama/base/python/statistical_modelling_analysis/01_linear_regression_inference.py,2,ok,0.722266224,11.740000000,16.254394308,
script_71,llama,base,python,statistical_modelling_analysis,01_linear_regression_inference,/home/romakrut/PycharmProjects/masters-thesis/task_equivalents/llm_translations/llama/base/python/statistical_modelling_analysis/01_linear_regression_inference.py,3,ok,0.721612532,11.740000000,16.269118785,
script_71,llama,base,python,statistical_modelling_analysis,01_linear_regression_inference,/home/romakrut/PycharmProjects/masters-thesis/task_equivalents/llm_translations/llama/base/python/statistical_modelling_analysis/01_linear_regression_inference.py,4,ok,0.728449614,11.790000000,16.185059026,
script_71,llama,base,python,statistical_modelling_analysis,01_linear_regression_inference,/home/romakrut/PycharmProjects/masters-thesis/task_equivalents/llm_translations/llama/base/python/statistical_modelling_analysis/01_linear_regression_inference.py,5,ok,0.722665803,11.800000000,16.328432798,
script_71,llama,base,python,statistical_modelling_analysis,01_linear_regression_inference,/home/romakrut/PycharmProjects/masters-thesis/task_equivalents/llm_translations/llama/base/python/statistical_modelling_analysis/01_linear_regression_inference.py,6,ok,0.728843346,11.830000000,16.231197095,
script_71,llama,base,python,statistical_modelling_analysis,01_linear_regression_inference,/home/romakrut/PycharmProjects/masters-thesis/task_equivalents/llm_translations/llama/base/python/statistical_modelling_analysis/01_linear_regression_inference.py,7,ok,0.722240194,11.960000000,16.559587931,
script_71,llama,base,python,statistical_modelling_analysis,01_linear_regression_inference,/home/romakrut/PycharmProjects/masters-thesis/task_equivalents/llm_translations/llama/base/python/statistical_modelling_analysis/01_linear_regression_inference.py,8,ok,0.724497762,11.870000000,16.383763515,
script_71,llama,base,python,statistical_modelling_analysis,01_linear_regression_inference,/home/romakrut/PycharmProjects/masters-thesis/task_equivalents/llm_translations/llama/base/python/statistical_modelling_analysis/01_linear_regression_inference.py,9,ok,0.723113582,11.970000000,16.553416086,
script_71,llama,base,python,statistical_modelling_analysis,01_linear_regression_inference,/home/romakrut/PycharmProjects/masters-thesis/task_equivalents/llm_translations/llama/base/python/statistical_modelling_analysis/01_linear_regression_inference.py,10,ok,0.720523048,12.110000000,16.807234735,
script_71,llama,base,python,statistical_modelling_analysis,01_linear_regression_inference,/home/romakrut/PycharmProjects/masters-thesis/task_equivalents/llm_translations/llama/base/python/statistical_modelling_analysis/01_linear_regression_inference.py,11,ok,0.727454416,12.070000000,16.592104927,
script_71,llama,base,python,statistical_modelling_analysis,01_linear_regression_inference,/home/romakrut/PycharmProjects/masters-thesis/task_equivalents/llm_translations/llama/base/python/statistical_modelling_analysis/01_linear_regression_inference.py,12,ok,0.726122671,11.880000000,16.360871895,
script_71,llama,base,python,statistical_modelling_analysis,01_linear_regression_inference,/home/romakrut/PycharmProjects/masters-thesis/task_equivalents/llm_translations/llama/base/python/statistical_modelling_analysis/01_linear_regression_inference.py,13,ok,0.720822392,11.850000000,16.439555890,
script_71,llama,base,python,statistical_modelling_analysis,01_linear_regression_inference,/home/romakrut/PycharmProjects/masters-thesis/task_equivalents/llm_translations/llama/base/python/statistical_modelling_analysis/01_linear_regression_inference.py,14,ok,0.721340444,12.140000000,16.829778645,
script_71,llama,base,python,statistical_modelling_analysis,01_linear_regression_inference,/home/romakrut/PycharmProjects/masters-thesis/task_equivalents/llm_translations/llama/base/python/statistical_modelling_analysis/01_linear_regression_inference.py,15,ok,0.727010918,12.180000000,16.753531066,
script_71,llama,base,python,statistical_modelling_analysis,01_linear_regression_inference,/home/romakrut/PycharmProjects/masters-thesis/task_equivalents/llm_translations/llama/base/python/statistical_modelling_analysis/01_linear_regression_inference.py,16,ok,0.721772113,12.100000000,16.764294134,
script_71,llama,base,python,statistical_modelling_analysis,01_linear_regression_inference,/home/romakrut/PycharmProjects/masters-thesis/task_equivalents/llm_translations/llama/base/python/statistical_modelling_analysis/01_linear_regression_inference.py,17,ok,0.726155211,11.980000000,16.497850347,
script_71,llama,base,python,statistical_modelling_analysis,01_linear_regression_inference,/home/romakrut/PycharmProjects/masters-thesis/task_equivalents/llm_translations/llama/base/python/statistical_modelling_analysis/01_linear_regression_inference.py,18,ok,0.722085971,12.150000000,16.826251289,
script_71,llama,base,python,statistical_modelling_analysis,01_linear_regression_inference,/home/romakrut/PycharmProjects/masters-thesis/task_equivalents/llm_translations/llama/base/python/statistical_modelling_analysis/01_linear_regression_inference.py,19,ok,0.724378534,12.200000000,16.842023096,
script_71,llama,base,python,statistical_modelling_analysis,01_linear_regression_inference,/home/romakrut/PycharmProjects/masters-thesis/task_equivalents/llm_translations/llama/base/python/statistical_modelling_analysis/01_linear_regression_inference.py,20,ok,0.719522539,12.100000000,16.816707392,
script_71,llama,base,python,statistical_modelling_analysis,01_linear_regression_inference,/home/romakrut/PycharmProjects/masters-thesis/task_equivalents/llm_translations/llama/base/python/statistical_modelling_analysis/01_linear_regression_inference.py,21,ok,0.723396399,12.010000000,16.602239127,
script_71,llama,base,python,statistical_modelling_analysis,01_linear_regression_inference,/home/romakrut/PycharmProjects/masters-thesis/task_equivalents/llm_translations/llama/base/python/statistical_modelling_analysis/01_linear_regression_inference.py,22,ok,0.725261010,12.190000000,16.807742084,
script_71,llama,base,python,statistical_modelling_analysis,01_linear_regression_inference,/home/romakrut/PycharmProjects/masters-thesis/task_equivalents/llm_translations/llama/base/python/statistical_modelling_analysis/01_linear_regression_inference.py,23,ok,0.726287435,11.920000000,16.412234916,
script_71,llama,base,python,statistical_modelling_analysis,01_linear_regression_inference,/home/romakrut/PycharmProjects/masters-thesis/task_equivalents/llm_translations/llama/base/python/statistical_modelling_analysis/01_linear_regression_inference.py,24,ok,0.728351480,12.020000000,16.503021316,
script_71,llama,base,python,statistical_modelling_analysis,01_linear_regression_inference,/home/romakrut/PycharmProjects/masters-thesis/task_equivalents/llm_translations/llama/base/python/statistical_modelling_analysis/01_linear_regression_inference.py,25,ok,0.723980776,12.270000000,16.947963823,
script_71,llama,base,python,statistical_modelling_analysis,01_linear_regression_inference,/home/romakrut/PycharmProjects/masters-thesis/task_equivalents/llm_translations/llama/base/python/statistical_modelling_analysis/01_linear_regression_inference.py,26,ok,0.722773257,12.200000000,16.879429173,
script_71,llama,base,python,statistical_modelling_analysis,01_linear_regression_inference,/home/romakrut/PycharmProjects/masters-thesis/task_equivalents/llm_translations/llama/base/python/statistical_modelling_analysis/01_linear_regression_inference.py,27,ok,0.724683788,11.930000000,16.462352543,
script_71,llama,base,python,statistical_modelling_analysis,01_linear_regression_inference,/home/romakrut/PycharmProjects/masters-thesis/task_equivalents/llm_translations/llama/base/python/statistical_modelling_analysis/01_linear_regression_inference.py,28,ok,0.721917342,12.220000000,16.927145657,
script_71,llama,base,python,statistical_modelling_analysis,01_linear_regression_inference,/home/romakrut/PycharmProjects/masters-thesis/task_equivalents/llm_translations/llama/base/python/statistical_modelling_analysis/01_linear_regression_inference.py,29,ok,0.726863132,11.980000000,16.481782433,
script_71,llama,base,python,statistical_modelling_analysis,01_linear_regression_inference,/home/romakrut/PycharmProjects/masters-thesis/task_equivalents/llm_translations/llama/base/python/statistical_modelling_analysis/01_linear_regression_inference.py,30,ok,0.724675940,12.050000000,16.628122082,
script_4,gemini,base,python,data_visualization,02_distribution_boxplot,/home/romakrut/PycharmProjects/masters-thesis/task_equivalents/llm_translations/gemini/base/python/data_visualization/02_distribution_boxplot.py,1,ok,0.480625044,7.950000000,16.540960774,
script_4,gemini,base,python,data_visualization,02_distribution_boxplot,/home/romakrut/PycharmProjects/masters-thesis/task_equivalents/llm_translations/gemini/base/python/data_visualization/02_distribution_boxplot.py,2,ok,0.484877405,8.040000000,16.581510949,
script_4,gemini,base,python,data_visualization,02_distribution_boxplot,/home/romakrut/PycharmProjects/masters-thesis/task_equivalents/llm_translations/gemini/base/python/data_visualization/02_distribution_boxplot.py,3,ok,0.483315044,8.070000000,16.697183546,
script_4,gemini,base,python,data_visualization,02_distribution_boxplot,/home/romakrut/PycharmProjects/masters-thesis/task_equivalents/llm_translations/gemini/base/python/data_visualization/02_distribution_boxplot.py,4,ok,0.483685834,7.980000000,16.498312415,
script_4,gemini,base,python,data_visualization,02_distribution_boxplot,/home/romakrut/PycharmProjects/masters-thesis/task_equivalents/llm_translations/gemini/base/python/data_visualization/02_distribution_boxplot.py,5,ok,0.482062421,8.050000000,16.699082213,
script_4,gemini,base,python,data_visualization,02_distribution_boxplot,/home/romakrut/PycharmProjects/masters-thesis/task_equivalents/llm_translations/gemini/base/python/data_visualization/02_distribution_boxplot.py,6,ok,0.483641904,8.020000000,16.582516804,
script_4,gemini,base,python,data_visualization,02_distribution_boxplot,/home/romakrut/PycharmProjects/masters-thesis/task_equivalents/llm_translations/gemini/base/python/data_visualization/02_distribution_boxplot.py,7,ok,0.478156870,8.060000000,16.856392757,
script_4,gemini,base,python,data_visualization,02_distribution_boxplot,/home/romakrut/PycharmProjects/masters-thesis/task_equivalents/llm_translations/gemini/base/python/data_visualization/02_distribution_boxplot.py,8,ok,0.484942746,7.920000000,16.331824871,
script_4,gemini,base,python,data_visualization,02_distribution_boxplot,/home/romakrut/PycharmProjects/masters-thesis/task_equivalents/llm_translations/gemini/base/python/data_visualization/02_distribution_boxplot.py,9,ok,0.480626158,8.010000000,16.665759586,
script_4,gemini,base,python,data_visualization,02_distribution_boxplot,/home/romakrut/PycharmProjects/masters-thesis/task_equivalents/llm_translations/gemini/base/python/data_visualization/02_distribution_boxplot.py,10,ok,0.482048460,7.890000000,16.367649012,
script_4,gemini,base,python,data_visualization,02_distribution_boxplot,/home/romakrut/PycharmProjects/masters-thesis/task_equivalents/llm_translations/gemini/base/python/data_visualization/02_distribution_boxplot.py,11,ok,0.480782009,8.130000000,16.909950555,
script_4,gemini,base,python,data_visualization,02_distribution_boxplot,/home/romakrut/PycharmProjects/masters-thesis/task_equivalents/llm_translations/gemini/base/python/data_visualization/02_distribution_boxplot.py,12,ok,0.485297473,8.150000000,16.793823280,
script_4,gemini,base,python,data_visualization,02_distribution_boxplot,/home/romakrut/PycharmProjects/masters-thesis/task_equivalents/llm_translations/gemini/base/python/data_visualization/02_distribution_boxplot.py,13,ok,0.480031283,7.980000000,16.623916571,
script_4,gemini,base,python,data_visualization,02_distribution_boxplot,/home/romakrut/PycharmProjects/masters-thesis/task_equivalents/llm_translations/gemini/base/python/data_visualization/02_distribution_boxplot.py,14,ok,0.480864625,7.950000000,16.532719578,
script_4,gemini,base,python,data_visualization,02_distribution_boxplot,/home/romakrut/PycharmProjects/masters-thesis/task_equivalents/llm_translations/gemini/base/python/data_visualization/02_distribution_boxplot.py,15,ok,0.483839548,8.030000000,16.596411007,
script_4,gemini,base,python,data_visualization,02_distribution_boxplot,/home/romakrut/PycharmProjects/masters-thesis/task_equivalents/llm_translations/gemini/base/python/data_visualization/02_distribution_boxplot.py,16,ok,0.485440214,8.120000000,16.727085573,
script_4,gemini,base,python,data_visualization,02_distribution_boxplot,/home/romakrut/PycharmProjects/masters-thesis/task_equivalents/llm_translations/gemini/base/python/data_visualization/02_distribution_boxplot.py,17,ok,0.480700352,7.950000000,16.538369416,
script_4,gemini,base,python,data_visualization,02_distribution_boxplot,/home/romakrut/PycharmProjects/masters-thesis/task_equivalents/llm_translations/gemini/base/python/data_visualization/02_distribution_boxplot.py,18,ok,0.482675669,8.010000000,16.594994350,
script_4,gemini,base,python,data_visualization,02_distribution_boxplot,/home/romakrut/PycharmProjects/masters-thesis/task_equivalents/llm_translations/gemini/base/python/data_visualization/02_distribution_boxplot.py,19,ok,0.478973975,8.140000000,16.994660305,
script_4,gemini,base,python,data_visualization,02_distribution_boxplot,/home/romakrut/PycharmProjects/masters-thesis/task_equivalents/llm_translations/gemini/base/python/data_visualization/02_distribution_boxplot.py,20,ok,0.483732934,8.000000000,16.538051139,
script_4,gemini,base,python,data_visualization,02_distribution_boxplot,/home/romakrut/PycharmProjects/masters-thesis/task_equivalents/llm_translations/gemini/base/python/data_visualization/02_distribution_boxplot.py,21,ok,0.478664125,8.000000000,16.713180667,
script_4,gemini,base,python,data_visualization,02_distribution_boxplot,/home/romakrut/PycharmProjects/masters-thesis/task_equivalents/llm_translations/gemini/base/python/data_visualization/02_distribution_boxplot.py,22,ok,0.483582698,8.100000000,16.749978925,
script_4,gemini,base,python,data_visualization,02_distribution_boxplot,/home/romakrut/PycharmProjects/masters-thesis/task_equivalents/llm_translations/gemini/base/python/data_visualization/02_distribution_boxplot.py,23,ok,0.478968857,7.990000000,16.681669138,
script_4,gemini,base,python,data_visualization,02_distribution_boxplot,/home/romakrut/PycharmProjects/masters-thesis/task_equivalents/llm_translations/gemini/base/python/data_visualization/02_distribution_boxplot.py,24,ok,0.484889969,8.260000000,17.034792485,
script_4,gemini,base,python,data_visualization,02_distribution_boxplot,/home/romakrut/PycharmProjects/masters-thesis/task_equivalents/llm_translations/gemini/base/python/data_visualization/02_distribution_boxplot.py,25,ok,0.483560916,8.030000000,16.605974003,
script_4,gemini,base,python,data_visualization,02_distribution_boxplot,/home/romakrut/PycharmProjects/masters-thesis/task_equivalents/llm_translations/gemini/base/python/data_visualization/02_distribution_boxplot.py,26,ok,0.484973762,8.120000000,16.743173830,
script_4,gemini,base,python,data_visualization,02_distribution_boxplot,/home/romakrut/PycharmProjects/masters-thesis/task_equivalents/llm_translations/gemini/base/python/data_visualization/02_distribution_boxplot.py,27,ok,0.480263636,8.070000000,16.803270943,
script_4,gemini,base,python,data_visualization,02_distribution_boxplot,/home/romakrut/PycharmProjects/masters-thesis/task_equivalents/llm_translations/gemini/base/python/data_visualization/02_distribution_boxplot.py,28,ok,0.483592857,8.210000000,16.977091124,
script_4,gemini,base,python,data_visualization,02_distribution_boxplot,/home/romakrut/PycharmProjects/masters-thesis/task_equivalents/llm_translations/gemini/base/python/data_visualization/02_distribution_boxplot.py,29,ok,0.481562903,8.200000000,17.027889709,
script_4,gemini,base,python,data_visualization,02_distribution_boxplot,/home/romakrut/PycharmProjects/masters-thesis/task_equivalents/llm_translations/gemini/base/python/data_visualization/02_distribution_boxplot.py,30,ok,0.480663634,8.100000000,16.851701329,
script_56,gpt,optimized,python,statistical_modelling_analysis,02_logistic_regression_odds_ratios,/home/romakrut/PycharmProjects/masters-thesis/task_equivalents/llm_translations/gpt/optimized/python/statistical_modelling_analysis/02_logistic_regression_odds_ratios.py,1,ok,0.734579861,11.950000000,16.267802365,
script_56,gpt,optimized,python,statistical_modelling_analysis,02_logistic_regression_odds_ratios,/home/romakrut/PycharmProjects/masters-thesis/task_equivalents/llm_translations/gpt/optimized/python/statistical_modelling_analysis/02_logistic_regression_odds_ratios.py,2,ok,0.730606031,11.820000000,16.178349888,
script_56,gpt,optimized,python,statistical_modelling_analysis,02_logistic_regression_odds_ratios,/home/romakrut/PycharmProjects/masters-thesis/task_equivalents/llm_translations/gpt/optimized/python/statistical_modelling_analysis/02_logistic_regression_odds_ratios.py,3,ok,0.733225924,12.160000000,16.584247231,
script_56,gpt,optimized,python,statistical_modelling_analysis,02_logistic_regression_odds_ratios,/home/romakrut/PycharmProjects/masters-thesis/task_equivalents/llm_translations/gpt/optimized/python/statistical_modelling_analysis/02_logistic_regression_odds_ratios.py,4,ok,0.729535003,11.980000000,16.421419056,
script_56,gpt,optimized,python,statistical_modelling_analysis,02_logistic_regression_odds_ratios,/home/romakrut/PycharmProjects/masters-thesis/task_equivalents/llm_translations/gpt/optimized/python/statistical_modelling_analysis/02_logistic_regression_odds_ratios.py,5,ok,0.727480311,11.750000000,16.151639876,
script_56,gpt,optimized,python,statistical_modelling_analysis,02_logistic_regression_odds_ratios,/home/romakrut/PycharmProjects/masters-thesis/task_equivalents/llm_translations/gpt/optimized/python/statistical_modelling_analysis/02_logistic_regression_odds_ratios.py,6,ok,0.729397439,12.000000000,16.451936021,
script_56,gpt,optimized,python,statistical_modelling_analysis,02_logistic_regression_odds_ratios,/home/romakrut/PycharmProjects/masters-thesis/task_equivalents/llm_translations/gpt/optimized/python/statistical_modelling_analysis/02_logistic_regression_odds_ratios.py,7,ok,0.729432650,12.040000000,16.505978996,
script_56,gpt,optimized,python,statistical_modelling_analysis,02_logistic_regression_odds_ratios,/home/romakrut/PycharmProjects/masters-thesis/task_equivalents/llm_translations/gpt/optimized/python/statistical_modelling_analysis/02_logistic_regression_odds_ratios.py,8,ok,0.735326729,11.890000000,16.169682851,
script_56,gpt,optimized,python,statistical_modelling_analysis,02_logistic_regression_odds_ratios,/home/romakrut/PycharmProjects/masters-thesis/task_equivalents/llm_translations/gpt/optimized/python/statistical_modelling_analysis/02_logistic_regression_odds_ratios.py,9,ok,0.731555135,11.980000000,16.376072598,
script_56,gpt,optimized,python,statistical_modelling_analysis,02_logistic_regression_odds_ratios,/home/romakrut/PycharmProjects/masters-thesis/task_equivalents/llm_translations/gpt/optimized/python/statistical_modelling_analysis/02_logistic_regression_odds_ratios.py,10,ok,0.736734178,12.160000000,16.505274715,
script_56,gpt,optimized,python,statistical_modelling_analysis,02_logistic_regression_odds_ratios,/home/romakrut/PycharmProjects/masters-thesis/task_equivalents/llm_translations/gpt/optimized/python/statistical_modelling_analysis/02_logistic_regression_odds_ratios.py,11,ok,0.731720980,12.020000000,16.427026597,
script_56,gpt,optimized,python,statistical_modelling_analysis,02_logistic_regression_odds_ratios,/home/romakrut/PycharmProjects/masters-thesis/task_equivalents/llm_translations/gpt/optimized/python/statistical_modelling_analysis/02_logistic_regression_odds_ratios.py,12,ok,0.727709832,11.860000000,16.297704770,
script_56,gpt,optimized,python,statistical_modelling_analysis,02_logistic_regression_odds_ratios,/home/romakrut/PycharmProjects/masters-thesis/task_equivalents/llm_translations/gpt/optimized/python/statistical_modelling_analysis/02_logistic_regression_odds_ratios.py,13,ok,0.730793539,12.300000000,16.831019082,
script_56,gpt,optimized,python,statistical_modelling_analysis,02_logistic_regression_odds_ratios,/home/romakrut/PycharmProjects/masters-thesis/task_equivalents/llm_translations/gpt/optimized/python/statistical_modelling_analysis/02_logistic_regression_odds_ratios.py,14,ok,0.729399938,11.910000000,16.328490557,
script_56,gpt,optimized,python,statistical_modelling_analysis,02_logistic_regression_odds_ratios,/home/romakrut/PycharmProjects/masters-thesis/task_equivalents/llm_translations/gpt/optimized/python/statistical_modelling_analysis/02_logistic_regression_odds_ratios.py,15,ok,0.730199558,12.010000000,16.447558573,
script_56,gpt,optimized,python,statistical_modelling_analysis,02_logistic_regression_odds_ratios,/home/romakrut/PycharmProjects/masters-thesis/task_equivalents/llm_translations/gpt/optimized/python/statistical_modelling_analysis/02_logistic_regression_odds_ratios.py,16,ok,0.727009013,12.160000000,16.726064990,
script_56,gpt,optimized,python,statistical_modelling_analysis,02_logistic_regression_odds_ratios,/home/romakrut/PycharmProjects/masters-thesis/task_equivalents/llm_translations/gpt/optimized/python/statistical_modelling_analysis/02_logistic_regression_odds_ratios.py,17,ok,0.728274008,12.050000000,16.545970154,
script_56,gpt,optimized,python,statistical_modelling_analysis,02_logistic_regression_odds_ratios,/home/romakrut/PycharmProjects/masters-thesis/task_equivalents/llm_translations/gpt/optimized/python/statistical_modelling_analysis/02_logistic_regression_odds_ratios.py,18,ok,0.730537966,12.000000000,16.426251007,
script_56,gpt,optimized,python,statistical_modelling_analysis,02_logistic_regression_odds_ratios,/home/romakrut/PycharmProjects/masters-thesis/task_equivalents/llm_translations/gpt/optimized/python/statistical_modelling_analysis/02_logistic_regression_odds_ratios.py,19,ok,0.733519091,12.090000000,16.482188601,
script_56,gpt,optimized,python,statistical_modelling_analysis,02_logistic_regression_odds_ratios,/home/romakrut/PycharmProjects/masters-thesis/task_equivalents/llm_translations/gpt/optimized/python/statistical_modelling_analysis/02_logistic_regression_odds_ratios.py,20,ok,0.731149614,12.230000000,16.727082619,
script_56,gpt,optimized,python,statistical_modelling_analysis,02_logistic_regression_odds_ratios,/home/romakrut/PycharmProjects/masters-thesis/task_equivalents/llm_translations/gpt/optimized/python/statistical_modelling_analysis/02_logistic_regression_odds_ratios.py,21,ok,0.731730468,12.210000000,16.686472047,
script_56,gpt,optimized,python,statistical_modelling_analysis,02_logistic_regression_odds_ratios,/home/romakrut/PycharmProjects/masters-thesis/task_equivalents/llm_translations/gpt/optimized/python/statistical_modelling_analysis/02_logistic_regression_odds_ratios.py,22,ok,0.728159016,12.110000000,16.630982703,
script_56,gpt,optimized,python,statistical_modelling_analysis,02_logistic_regression_odds_ratios,/home/romakrut/PycharmProjects/masters-thesis/task_equivalents/llm_translations/gpt/optimized/python/statistical_modelling_analysis/02_logistic_regression_odds_ratios.py,23,ok,0.734745805,12.230000000,16.645212421,
script_56,gpt,optimized,python,statistical_modelling_analysis,02_logistic_regression_odds_ratios,/home/romakrut/PycharmProjects/masters-thesis/task_equivalents/llm_translations/gpt/optimized/python/statistical_modelling_analysis/02_logistic_regression_odds_ratios.py,24,ok,0.733554455,12.070000000,16.454129503,
script_56,gpt,optimized,python,statistical_modelling_analysis,02_logistic_regression_odds_ratios,/home/romakrut/PycharmProjects/masters-thesis/task_equivalents/llm_translations/gpt/optimized/python/statistical_modelling_analysis/02_logistic_regression_odds_ratios.py,25,ok,0.732253359,12.100000000,16.524335261,
script_56,gpt,optimized,python,statistical_modelling_analysis,02_logistic_regression_odds_ratios,/home/romakrut/PycharmProjects/masters-thesis/task_equivalents/llm_translations/gpt/optimized/python/statistical_modelling_analysis/02_logistic_regression_odds_ratios.py,26,ok,0.733038372,12.100000000,16.506639300,
script_56,gpt,optimized,python,statistical_modelling_analysis,02_logistic_regression_odds_ratios,/home/romakrut/PycharmProjects/masters-thesis/task_equivalents/llm_translations/gpt/optimized/python/statistical_modelling_analysis/02_logistic_regression_odds_ratios.py,27,ok,0.736545628,12.060000000,16.373731024,
script_56,gpt,optimized,python,statistical_modelling_analysis,02_logistic_regression_odds_ratios,/home/romakrut/PycharmProjects/masters-thesis/task_equivalents/llm_translations/gpt/optimized/python/statistical_modelling_analysis/02_logistic_regression_odds_ratios.py,28,ok,0.730373805,12.250000000,16.772233500,
script_56,gpt,optimized,python,statistical_modelling_analysis,02_logistic_regression_odds_ratios,/home/romakrut/PycharmProjects/masters-thesis/task_equivalents/llm_translations/gpt/optimized/python/statistical_modelling_analysis/02_logistic_regression_odds_ratios.py,29,ok,0.730945405,12.260000000,16.772798510,
script_56,gpt,optimized,python,statistical_modelling_analysis,02_logistic_regression_odds_ratios,/home/romakrut/PycharmProjects/masters-thesis/task_equivalents/llm_translations/gpt/optimized/python/statistical_modelling_analysis/02_logistic_regression_odds_ratios.py,30,ok,0.734638982,12.310000000,16.756529808,
script_15,gemini,base,r,statistical_modelling_analysis,01_linear_regression_inference,/home/romakrut/PycharmProjects/masters-thesis/task_equivalents/llm_translations/gemini/base/r/statistical_modelling_analysis/01_linear_regression_inference.R,1,ok,0.086407064,1.510000000,17.475423074,
script_15,gemini,base,r,statistical_modelling_analysis,01_linear_regression_inference,/home/romakrut/PycharmProjects/masters-thesis/task_equivalents/llm_translations/gemini/base/r/statistical_modelling_analysis/01_linear_regression_inference.R,2,ok,0.095797963,1.520000000,15.866725684,
script_15,gemini,base,r,statistical_modelling_analysis,01_linear_regression_inference,/home/romakrut/PycharmProjects/masters-thesis/task_equivalents/llm_translations/gemini/base/r/statistical_modelling_analysis/01_linear_regression_inference.R,3,ok,0.096858925,1.550000000,16.002655408,
script_15,gemini,base,r,statistical_modelling_analysis,01_linear_regression_inference,/home/romakrut/PycharmProjects/masters-thesis/task_equivalents/llm_translations/gemini/base/r/statistical_modelling_analysis/01_linear_regression_inference.R,4,ok,0.088403501,1.470000000,16.628300728,
script_15,gemini,base,r,statistical_modelling_analysis,01_linear_regression_inference,/home/romakrut/PycharmProjects/masters-thesis/task_equivalents/llm_translations/gemini/base/r/statistical_modelling_analysis/01_linear_regression_inference.R,5,ok,0.088662447,1.460000000,16.466949079,
script_15,gemini,base,r,statistical_modelling_analysis,01_linear_regression_inference,/home/romakrut/PycharmProjects/masters-thesis/task_equivalents/llm_translations/gemini/base/r/statistical_modelling_analysis/01_linear_regression_inference.R,6,ok,0.088333453,1.550000000,17.547146040,
script_15,gemini,base,r,statistical_modelling_analysis,01_linear_regression_inference,/home/romakrut/PycharmProjects/masters-thesis/task_equivalents/llm_translations/gemini/base/r/statistical_modelling_analysis/01_linear_regression_inference.R,7,ok,0.087673892,1.480000000,16.880737997,
script_15,gemini,base,r,statistical_modelling_analysis,01_linear_regression_inference,/home/romakrut/PycharmProjects/masters-thesis/task_equivalents/llm_translations/gemini/base/r/statistical_modelling_analysis/01_linear_regression_inference.R,8,ok,0.087792171,1.430000000,16.288468365,
script_15,gemini,base,r,statistical_modelling_analysis,01_linear_regression_inference,/home/romakrut/PycharmProjects/masters-thesis/task_equivalents/llm_translations/gemini/base/r/statistical_modelling_analysis/01_linear_regression_inference.R,9,ok,0.088963025,1.460000000,16.411312453,
script_15,gemini,base,r,statistical_modelling_analysis,01_linear_regression_inference,/home/romakrut/PycharmProjects/masters-thesis/task_equivalents/llm_translations/gemini/base/r/statistical_modelling_analysis/01_linear_regression_inference.R,10,ok,0.088572251,1.440000000,16.257913554,
script_15,gemini,base,r,statistical_modelling_analysis,01_linear_regression_inference,/home/romakrut/PycharmProjects/masters-thesis/task_equivalents/llm_translations/gemini/base/r/statistical_modelling_analysis/01_linear_regression_inference.R,11,ok,0.089314677,1.570000000,17.578297910,
script_15,gemini,base,r,statistical_modelling_analysis,01_linear_regression_inference,/home/romakrut/PycharmProjects/masters-thesis/task_equivalents/llm_translations/gemini/base/r/statistical_modelling_analysis/01_linear_regression_inference.R,12,ok,0.088374331,1.430000000,16.181169168,
script_15,gemini,base,r,statistical_modelling_analysis,01_linear_regression_inference,/home/romakrut/PycharmProjects/masters-thesis/task_equivalents/llm_translations/gemini/base/r/statistical_modelling_analysis/01_linear_regression_inference.R,13,ok,0.087657739,1.450000000,16.541608494,
script_15,gemini,base,r,statistical_modelling_analysis,01_linear_regression_inference,/home/romakrut/PycharmProjects/masters-thesis/task_equivalents/llm_translations/gemini/base/r/statistical_modelling_analysis/01_linear_regression_inference.R,14,ok,0.088623892,1.450000000,16.361276483,
script_15,gemini,base,r,statistical_modelling_analysis,01_linear_regression_inference,/home/romakrut/PycharmProjects/masters-thesis/task_equivalents/llm_translations/gemini/base/r/statistical_modelling_analysis/01_linear_regression_inference.R,15,ok,0.088392472,1.450000000,16.404111880,
script_15,gemini,base,r,statistical_modelling_analysis,01_linear_regression_inference,/home/romakrut/PycharmProjects/masters-thesis/task_equivalents/llm_translations/gemini/base/r/statistical_modelling_analysis/01_linear_regression_inference.R,16,ok,0.087975889,1.530000000,17.391128608,
script_15,gemini,base,r,statistical_modelling_analysis,01_linear_regression_inference,/home/romakrut/PycharmProjects/masters-thesis/task_equivalents/llm_translations/gemini/base/r/statistical_modelling_analysis/01_linear_regression_inference.R,17,ok,0.088629872,1.520000000,17.149973995,
script_15,gemini,base,r,statistical_modelling_analysis,01_linear_regression_inference,/home/romakrut/PycharmProjects/masters-thesis/task_equivalents/llm_translations/gemini/base/r/statistical_modelling_analysis/01_linear_regression_inference.R,18,ok,0.087697911,1.500000000,17.104170246,
script_15,gemini,base,r,statistical_modelling_analysis,01_linear_regression_inference,/home/romakrut/PycharmProjects/masters-thesis/task_equivalents/llm_translations/gemini/base/r/statistical_modelling_analysis/01_linear_regression_inference.R,19,ok,0.087453909,1.440000000,16.465816296,
script_15,gemini,base,r,statistical_modelling_analysis,01_linear_regression_inference,/home/romakrut/PycharmProjects/masters-thesis/task_equivalents/llm_translations/gemini/base/r/statistical_modelling_analysis/01_linear_regression_inference.R,20,ok,0.088347948,1.440000000,16.299190107,
script_15,gemini,base,r,statistical_modelling_analysis,01_linear_regression_inference,/home/romakrut/PycharmProjects/masters-thesis/task_equivalents/llm_translations/gemini/base/r/statistical_modelling_analysis/01_linear_regression_inference.R,21,ok,0.088186835,1.500000000,17.009341587,
script_15,gemini,base,r,statistical_modelling_analysis,01_linear_regression_inference,/home/romakrut/PycharmProjects/masters-thesis/task_equivalents/llm_translations/gemini/base/r/statistical_modelling_analysis/01_linear_regression_inference.R,22,ok,0.089927667,1.490000000,16.568871958,
script_15,gemini,base,r,statistical_modelling_analysis,01_linear_regression_inference,/home/romakrut/PycharmProjects/masters-thesis/task_equivalents/llm_translations/gemini/base/r/statistical_modelling_analysis/01_linear_regression_inference.R,23,ok,0.088006957,1.440000000,16.362342809,
script_15,gemini,base,r,statistical_modelling_analysis,01_linear_regression_inference,/home/romakrut/PycharmProjects/masters-thesis/task_equivalents/llm_translations/gemini/base/r/statistical_modelling_analysis/01_linear_regression_inference.R,24,ok,0.087030288,1.470000000,16.890671441,
script_15,gemini,base,r,statistical_modelling_analysis,01_linear_regression_inference,/home/romakrut/PycharmProjects/masters-thesis/task_equivalents/llm_translations/gemini/base/r/statistical_modelling_analysis/01_linear_regression_inference.R,25,ok,0.088794134,1.470000000,16.555147663,
script_15,gemini,base,r,statistical_modelling_analysis,01_linear_regression_inference,/home/romakrut/PycharmProjects/masters-thesis/task_equivalents/llm_translations/gemini/base/r/statistical_modelling_analysis/01_linear_regression_inference.R,26,ok,0.087707001,1.500000000,17.102397561,
script_15,gemini,base,r,statistical_modelling_analysis,01_linear_regression_inference,/home/romakrut/PycharmProjects/masters-thesis/task_equivalents/llm_translations/gemini/base/r/statistical_modelling_analysis/01_linear_regression_inference.R,27,ok,0.088935230,1.470000000,16.528882874,
script_15,gemini,base,r,statistical_modelling_analysis,01_linear_regression_inference,/home/romakrut/PycharmProjects/masters-thesis/task_equivalents/llm_translations/gemini/base/r/statistical_modelling_analysis/01_linear_regression_inference.R,28,ok,0.087844924,1.450000000,16.506360686,
script_15,gemini,base,r,statistical_modelling_analysis,01_linear_regression_inference,/home/romakrut/PycharmProjects/masters-thesis/task_equivalents/llm_translations/gemini/base/r/statistical_modelling_analysis/01_linear_regression_inference.R,29,ok,0.087437935,1.470000000,16.811924939,
script_15,gemini,base,r,statistical_modelling_analysis,01_linear_regression_inference,/home/romakrut/PycharmProjects/masters-thesis/task_equivalents/llm_translations/gemini/base/r/statistical_modelling_analysis/01_linear_regression_inference.R,30,ok,0.088326911,1.450000000,16.416287897,
script_88,llama,optimized,python,statistical_modelling_analysis,02_logistic_regression_odds_ratios,/home/romakrut/PycharmProjects/masters-thesis/task_equivalents/llm_translations/llama/optimized/python/statistical_modelling_analysis/02_logistic_regression_odds_ratios.py,1,ok,0.628216349,10.300000000,16.395625514,
script_88,llama,optimized,python,statistical_modelling_analysis,02_logistic_regression_odds_ratios,/home/romakrut/PycharmProjects/masters-thesis/task_equivalents/llm_translations/llama/optimized/python/statistical_modelling_analysis/02_logistic_regression_odds_ratios.py,2,ok,0.628699014,10.120000000,16.096732736,
script_88,llama,optimized,python,statistical_modelling_analysis,02_logistic_regression_odds_ratios,/home/romakrut/PycharmProjects/masters-thesis/task_equivalents/llm_translations/llama/optimized/python/statistical_modelling_analysis/02_logistic_regression_odds_ratios.py,3,ok,0.629753759,10.140000000,16.101531519,
script_88,llama,optimized,python,statistical_modelling_analysis,02_logistic_regression_odds_ratios,/home/romakrut/PycharmProjects/masters-thesis/task_equivalents/llm_translations/llama/optimized/python/statistical_modelling_analysis/02_logistic_regression_odds_ratios.py,4,ok,0.631968723,10.390000000,16.440687050,
script_88,llama,optimized,python,statistical_modelling_analysis,02_logistic_regression_odds_ratios,/home/romakrut/PycharmProjects/masters-thesis/task_equivalents/llm_translations/llama/optimized/python/statistical_modelling_analysis/02_logistic_regression_odds_ratios.py,5,ok,0.628465605,10.290000000,16.373211069,
script_88,llama,optimized,python,statistical_modelling_analysis,02_logistic_regression_odds_ratios,/home/romakrut/PycharmProjects/masters-thesis/task_equivalents/llm_translations/llama/optimized/python/statistical_modelling_analysis/02_logistic_regression_odds_ratios.py,6,ok,0.629503612,10.140000000,16.107929814,
script_88,llama,optimized,python,statistical_modelling_analysis,02_logistic_regression_odds_ratios,/home/romakrut/PycharmProjects/masters-thesis/task_equivalents/llm_translations/llama/optimized/python/statistical_modelling_analysis/02_logistic_regression_odds_ratios.py,7,ok,0.629614776,10.320000000,16.390974916,
script_88,llama,optimized,python,statistical_modelling_analysis,02_logistic_regression_odds_ratios,/home/romakrut/PycharmProjects/masters-thesis/task_equivalents/llm_translations/llama/optimized/python/statistical_modelling_analysis/02_logistic_regression_odds_ratios.py,8,ok,0.628197936,10.140000000,16.141409290,
script_88,llama,optimized,python,statistical_modelling_analysis,02_logistic_regression_odds_ratios,/home/romakrut/PycharmProjects/masters-thesis/task_equivalents/llm_translations/llama/optimized/python/statistical_modelling_analysis/02_logistic_regression_odds_ratios.py,9,ok,0.629522515,10.350000000,16.441032296,
script_88,llama,optimized,python,statistical_modelling_analysis,02_logistic_regression_odds_ratios,/home/romakrut/PycharmProjects/masters-thesis/task_equivalents/llm_translations/llama/optimized/python/statistical_modelling_analysis/02_logistic_regression_odds_ratios.py,10,ok,0.635356527,10.150000000,15.975282489,
script_88,llama,optimized,python,statistical_modelling_analysis,02_logistic_regression_odds_ratios,/home/romakrut/PycharmProjects/masters-thesis/task_equivalents/llm_translations/llama/optimized/python/statistical_modelling_analysis/02_logistic_regression_odds_ratios.py,11,ok,0.629091985,10.180000000,16.182053249,
script_88,llama,optimized,python,statistical_modelling_analysis,02_logistic_regression_odds_ratios,/home/romakrut/PycharmProjects/masters-thesis/task_equivalents/llm_translations/llama/optimized/python/statistical_modelling_analysis/02_logistic_regression_odds_ratios.py,12,ok,0.630501704,10.420000000,16.526521552,
script_88,llama,optimized,python,statistical_modelling_analysis,02_logistic_regression_odds_ratios,/home/romakrut/PycharmProjects/masters-thesis/task_equivalents/llm_translations/llama/optimized/python/statistical_modelling_analysis/02_logistic_regression_odds_ratios.py,13,ok,0.628619317,10.290000000,16.369207439,
script_88,llama,optimized,python,statistical_modelling_analysis,02_logistic_regression_odds_ratios,/home/romakrut/PycharmProjects/masters-thesis/task_equivalents/llm_translations/llama/optimized/python/statistical_modelling_analysis/02_logistic_regression_odds_ratios.py,14,ok,0.630004791,10.400000000,16.507810970,
script_88,llama,optimized,python,statistical_modelling_analysis,02_logistic_regression_odds_ratios,/home/romakrut/PycharmProjects/masters-thesis/task_equivalents/llm_translations/llama/optimized/python/statistical_modelling_analysis/02_logistic_regression_odds_ratios.py,15,ok,0.631363913,10.450000000,16.551468630,
script_88,llama,optimized,python,statistical_modelling_analysis,02_logistic_regression_odds_ratios,/home/romakrut/PycharmProjects/masters-thesis/task_equivalents/llm_translations/llama/optimized/python/statistical_modelling_analysis/02_logistic_regression_odds_ratios.py,16,ok,0.629522801,10.530000000,16.726955693,
script_88,llama,optimized,python,statistical_modelling_analysis,02_logistic_regression_odds_ratios,/home/romakrut/PycharmProjects/masters-thesis/task_equivalents/llm_translations/llama/optimized/python/statistical_modelling_analysis/02_logistic_regression_odds_ratios.py,17,ok,0.631414677,10.510000000,16.645162653,
script_88,llama,optimized,python,statistical_modelling_analysis,02_logistic_regression_odds_ratios,/home/romakrut/PycharmProjects/masters-thesis/task_equivalents/llm_translations/llama/optimized/python/statistical_modelling_analysis/02_logistic_regression_odds_ratios.py,18,ok,0.628284146,10.180000000,16.202859908,
script_88,llama,optimized,python,statistical_modelling_analysis,02_logistic_regression_odds_ratios,/home/romakrut/PycharmProjects/masters-thesis/task_equivalents/llm_translations/llama/optimized/python/statistical_modelling_analysis/02_logistic_regression_odds_ratios.py,19,ok,0.630324865,10.310000000,16.356644918,
script_88,llama,optimized,python,statistical_modelling_analysis,02_logistic_regression_odds_ratios,/home/romakrut/PycharmProjects/masters-thesis/task_equivalents/llm_translations/llama/optimized/python/statistical_modelling_analysis/02_logistic_regression_odds_ratios.py,20,ok,0.630777892,10.330000000,16.376604398,
script_88,llama,optimized,python,statistical_modelling_analysis,02_logistic_regression_odds_ratios,/home/romakrut/PycharmProjects/masters-thesis/task_equivalents/llm_translations/llama/optimized/python/statistical_modelling_analysis/02_logistic_regression_odds_ratios.py,21,ok,0.634481427,10.190000000,16.060359794,
script_88,llama,optimized,python,statistical_modelling_analysis,02_logistic_regression_odds_ratios,/home/romakrut/PycharmProjects/masters-thesis/task_equivalents/llm_translations/llama/optimized/python/statistical_modelling_analysis/02_logistic_regression_odds_ratios.py,22,ok,0.629306477,10.300000000,16.367223883,
script_88,llama,optimized,python,statistical_modelling_analysis,02_logistic_regression_odds_ratios,/home/romakrut/PycharmProjects/masters-thesis/task_equivalents/llm_translations/llama/optimized/python/statistical_modelling_analysis/02_logistic_regression_odds_ratios.py,23,ok,0.631250902,10.240000000,16.221758999,
script_88,llama,optimized,python,statistical_modelling_analysis,02_logistic_regression_odds_ratios,/home/romakrut/PycharmProjects/masters-thesis/task_equivalents/llm_translations/llama/optimized/python/statistical_modelling_analysis/02_logistic_regression_odds_ratios.py,24,ok,0.635036686,10.380000000,16.345512360,
script_88,llama,optimized,python,statistical_modelling_analysis,02_logistic_regression_odds_ratios,/home/romakrut/PycharmProjects/masters-thesis/task_equivalents/llm_translations/llama/optimized/python/statistical_modelling_analysis/02_logistic_regression_odds_ratios.py,25,ok,0.630188583,10.560000000,16.756888787,
script_88,llama,optimized,python,statistical_modelling_analysis,02_logistic_regression_odds_ratios,/home/romakrut/PycharmProjects/masters-thesis/task_equivalents/llm_translations/llama/optimized/python/statistical_modelling_analysis/02_logistic_regression_odds_ratios.py,26,ok,0.630406440,10.460000000,16.592470090,
script_88,llama,optimized,python,statistical_modelling_analysis,02_logistic_regression_odds_ratios,/home/romakrut/PycharmProjects/masters-thesis/task_equivalents/llm_translations/llama/optimized/python/statistical_modelling_analysis/02_logistic_regression_odds_ratios.py,27,ok,0.635228077,10.440000000,16.435041803,
script_88,llama,optimized,python,statistical_modelling_analysis,02_logistic_regression_odds_ratios,/home/romakrut/PycharmProjects/masters-thesis/task_equivalents/llm_translations/llama/optimized/python/statistical_modelling_analysis/02_logistic_regression_odds_ratios.py,28,ok,0.631307546,10.510000000,16.647987287,
script_88,llama,optimized,python,statistical_modelling_analysis,02_logistic_regression_odds_ratios,/home/romakrut/PycharmProjects/masters-thesis/task_equivalents/llm_translations/llama/optimized/python/statistical_modelling_analysis/02_logistic_regression_odds_ratios.py,29,ok,0.630130533,10.400000000,16.504516851,
script_88,llama,optimized,python,statistical_modelling_analysis,02_logistic_regression_odds_ratios,/home/romakrut/PycharmProjects/masters-thesis/task_equivalents/llm_translations/llama/optimized/python/statistical_modelling_analysis/02_logistic_regression_odds_ratios.py,30,ok,0.628928693,10.580000000,16.822256828,
script_1,gemini,base,python,data_manipulation_preprocessing,01_impute_encode_scale,/home/romakrut/PycharmProjects/masters-thesis/task_equivalents/llm_translations/gemini/base/python/data_manipulation_preprocessing/01_impute_encode_scale.py,1,ok,0.171387539,2.880000000,16.804022141,
script_1,gemini,base,python,data_manipulation_preprocessing,01_impute_encode_scale,/home/romakrut/PycharmProjects/masters-thesis/task_equivalents/llm_translations/gemini/base/python/data_manipulation_preprocessing/01_impute_encode_scale.py,2,ok,0.171295187,2.750000000,16.054158019,
script_1,gemini,base,python,data_manipulation_preprocessing,01_impute_encode_scale,/home/romakrut/PycharmProjects/masters-thesis/task_equivalents/llm_translations/gemini/base/python/data_manipulation_preprocessing/01_impute_encode_scale.py,3,ok,0.172563694,2.760000000,15.994094331,
script_1,gemini,base,python,data_manipulation_preprocessing,01_impute_encode_scale,/home/romakrut/PycharmProjects/masters-thesis/task_equivalents/llm_translations/gemini/base/python/data_manipulation_preprocessing/01_impute_encode_scale.py,4,ok,0.172263482,2.830000000,16.428322284,
script_1,gemini,base,python,data_manipulation_preprocessing,01_impute_encode_scale,/home/romakrut/PycharmProjects/masters-thesis/task_equivalents/llm_translations/gemini/base/python/data_manipulation_preprocessing/01_impute_encode_scale.py,5,ok,0.171818009,2.800000000,16.296312687,
script_1,gemini,base,python,data_manipulation_preprocessing,01_impute_encode_scale,/home/romakrut/PycharmProjects/masters-thesis/task_equivalents/llm_translations/gemini/base/python/data_manipulation_preprocessing/01_impute_encode_scale.py,6,ok,0.171197931,2.840000000,16.588985529,
script_1,gemini,base,python,data_manipulation_preprocessing,01_impute_encode_scale,/home/romakrut/PycharmProjects/masters-thesis/task_equivalents/llm_translations/gemini/base/python/data_manipulation_preprocessing/01_impute_encode_scale.py,7,ok,0.172855370,2.810000000,16.256365076,
script_1,gemini,base,python,data_manipulation_preprocessing,01_impute_encode_scale,/home/romakrut/PycharmProjects/masters-thesis/task_equivalents/llm_translations/gemini/base/python/data_manipulation_preprocessing/01_impute_encode_scale.py,8,ok,0.173125703,2.820000000,16.288742521,
script_1,gemini,base,python,data_manipulation_preprocessing,01_impute_encode_scale,/home/romakrut/PycharmProjects/masters-thesis/task_equivalents/llm_translations/gemini/base/python/data_manipulation_preprocessing/01_impute_encode_scale.py,9,ok,0.172734332,2.760000000,15.978294344,
script_1,gemini,base,python,data_manipulation_preprocessing,01_impute_encode_scale,/home/romakrut/PycharmProjects/masters-thesis/task_equivalents/llm_translations/gemini/base/python/data_manipulation_preprocessing/01_impute_encode_scale.py,10,ok,0.171963200,2.780000000,16.166249523,
script_1,gemini,base,python,data_manipulation_preprocessing,01_impute_encode_scale,/home/romakrut/PycharmProjects/masters-thesis/task_equivalents/llm_translations/gemini/base/python/data_manipulation_preprocessing/01_impute_encode_scale.py,11,ok,0.173178288,2.920000000,16.861236092,
script_1,gemini,base,python,data_manipulation_preprocessing,01_impute_encode_scale,/home/romakrut/PycharmProjects/masters-thesis/task_equivalents/llm_translations/gemini/base/python/data_manipulation_preprocessing/01_impute_encode_scale.py,12,ok,0.172263414,2.840000000,16.486379400,
script_1,gemini,base,python,data_manipulation_preprocessing,01_impute_encode_scale,/home/romakrut/PycharmProjects/masters-thesis/task_equivalents/llm_translations/gemini/base/python/data_manipulation_preprocessing/01_impute_encode_scale.py,13,ok,0.173803105,2.880000000,16.570474964,
script_1,gemini,base,python,data_manipulation_preprocessing,01_impute_encode_scale,/home/romakrut/PycharmProjects/masters-thesis/task_equivalents/llm_translations/gemini/base/python/data_manipulation_preprocessing/01_impute_encode_scale.py,14,ok,0.173692754,2.810000000,16.177992088,
script_1,gemini,base,python,data_manipulation_preprocessing,01_impute_encode_scale,/home/romakrut/PycharmProjects/masters-thesis/task_equivalents/llm_translations/gemini/base/python/data_manipulation_preprocessing/01_impute_encode_scale.py,15,ok,0.173132025,2.860000000,16.519185286,
script_1,gemini,base,python,data_manipulation_preprocessing,01_impute_encode_scale,/home/romakrut/PycharmProjects/masters-thesis/task_equivalents/llm_translations/gemini/base/python/data_manipulation_preprocessing/01_impute_encode_scale.py,16,ok,0.173432826,2.830000000,16.317556862,
script_1,gemini,base,python,data_manipulation_preprocessing,01_impute_encode_scale,/home/romakrut/PycharmProjects/masters-thesis/task_equivalents/llm_translations/gemini/base/python/data_manipulation_preprocessing/01_impute_encode_scale.py,17,ok,0.176598543,2.900000000,16.421426535,
script_1,gemini,base,python,data_manipulation_preprocessing,01_impute_encode_scale,/home/romakrut/PycharmProjects/masters-thesis/task_equivalents/llm_translations/gemini/base/python/data_manipulation_preprocessing/01_impute_encode_scale.py,18,ok,0.173309866,2.850000000,16.444534092,
script_1,gemini,base,python,data_manipulation_preprocessing,01_impute_encode_scale,/home/romakrut/PycharmProjects/masters-thesis/task_equivalents/llm_translations/gemini/base/python/data_manipulation_preprocessing/01_impute_encode_scale.py,19,ok,0.172190240,2.820000000,16.377234854,
script_1,gemini,base,python,data_manipulation_preprocessing,01_impute_encode_scale,/home/romakrut/PycharmProjects/masters-thesis/task_equivalents/llm_translations/gemini/base/python/data_manipulation_preprocessing/01_impute_encode_scale.py,20,ok,0.171947757,2.840000000,16.516644646,
script_1,gemini,base,python,data_manipulation_preprocessing,01_impute_encode_scale,/home/romakrut/PycharmProjects/masters-thesis/task_equivalents/llm_translations/gemini/base/python/data_manipulation_preprocessing/01_impute_encode_scale.py,21,ok,0.171633062,2.780000000,16.197345474,
script_1,gemini,base,python,data_manipulation_preprocessing,01_impute_encode_scale,/home/romakrut/PycharmProjects/masters-thesis/task_equivalents/llm_translations/gemini/base/python/data_manipulation_preprocessing/01_impute_encode_scale.py,22,ok,0.172373945,2.860000000,16.591834688,
script_1,gemini,base,python,data_manipulation_preprocessing,01_impute_encode_scale,/home/romakrut/PycharmProjects/masters-thesis/task_equivalents/llm_translations/gemini/base/python/data_manipulation_preprocessing/01_impute_encode_scale.py,23,ok,0.172905888,2.800000000,16.193780515,
script_1,gemini,base,python,data_manipulation_preprocessing,01_impute_encode_scale,/home/romakrut/PycharmProjects/masters-thesis/task_equivalents/llm_translations/gemini/base/python/data_manipulation_preprocessing/01_impute_encode_scale.py,24,ok,0.173440287,2.820000000,16.259198187,
script_1,gemini,base,python,data_manipulation_preprocessing,01_impute_encode_scale,/home/romakrut/PycharmProjects/masters-thesis/task_equivalents/llm_translations/gemini/base/python/data_manipulation_preprocessing/01_impute_encode_scale.py,25,ok,0.173224677,2.780000000,16.048521770,
script_1,gemini,base,python,data_manipulation_preprocessing,01_impute_encode_scale,/home/romakrut/PycharmProjects/masters-thesis/task_equivalents/llm_translations/gemini/base/python/data_manipulation_preprocessing/01_impute_encode_scale.py,26,ok,0.172957083,2.810000000,16.246804995,
script_1,gemini,base,python,data_manipulation_preprocessing,01_impute_encode_scale,/home/romakrut/PycharmProjects/masters-thesis/task_equivalents/llm_translations/gemini/base/python/data_manipulation_preprocessing/01_impute_encode_scale.py,27,ok,0.171935339,2.850000000,16.575998957,
script_1,gemini,base,python,data_manipulation_preprocessing,01_impute_encode_scale,/home/romakrut/PycharmProjects/masters-thesis/task_equivalents/llm_translations/gemini/base/python/data_manipulation_preprocessing/01_impute_encode_scale.py,28,ok,0.171461198,2.800000000,16.330225338,
script_1,gemini,base,python,data_manipulation_preprocessing,01_impute_encode_scale,/home/romakrut/PycharmProjects/masters-thesis/task_equivalents/llm_translations/gemini/base/python/data_manipulation_preprocessing/01_impute_encode_scale.py,29,ok,0.173035023,2.870000000,16.586237573,
script_1,gemini,base,python,data_manipulation_preprocessing,01_impute_encode_scale,/home/romakrut/PycharmProjects/masters-thesis/task_equivalents/llm_translations/gemini/base/python/data_manipulation_preprocessing/01_impute_encode_scale.py,30,ok,0.174970202,2.860000000,16.345640385,
script_33,gpt,base,python,data_manipulation_preprocessing,01_impute_encode_scale,/home/romakrut/PycharmProjects/masters-thesis/task_equivalents/llm_translations/gpt/base/python/data_manipulation_preprocessing/01_impute_encode_scale.py,1,ok,0.584011439,9.420000000,16.129821046,
script_33,gpt,base,python,data_manipulation_preprocessing,01_impute_encode_scale,/home/romakrut/PycharmProjects/masters-thesis/task_equivalents/llm_translations/gpt/base/python/data_manipulation_preprocessing/01_impute_encode_scale.py,2,ok,0.584893559,9.640000000,16.481631318,
script_33,gpt,base,python,data_manipulation_preprocessing,01_impute_encode_scale,/home/romakrut/PycharmProjects/masters-thesis/task_equivalents/llm_translations/gpt/base/python/data_manipulation_preprocessing/01_impute_encode_scale.py,3,ok,0.583349128,9.460000000,16.216703764,
script_33,gpt,base,python,data_manipulation_preprocessing,01_impute_encode_scale,/home/romakrut/PycharmProjects/masters-thesis/task_equivalents/llm_translations/gpt/base/python/data_manipulation_preprocessing/01_impute_encode_scale.py,4,ok,0.585082499,9.340000000,15.963560722,
script_33,gpt,base,python,data_manipulation_preprocessing,01_impute_encode_scale,/home/romakrut/PycharmProjects/masters-thesis/task_equivalents/llm_translations/gpt/base/python/data_manipulation_preprocessing/01_impute_encode_scale.py,5,ok,0.586918480,9.700000000,16.526997071,
script_33,gpt,base,python,data_manipulation_preprocessing,01_impute_encode_scale,/home/romakrut/PycharmProjects/masters-thesis/task_equivalents/llm_translations/gpt/base/python/data_manipulation_preprocessing/01_impute_encode_scale.py,6,ok,0.584072598,9.330000000,15.974041638,
script_33,gpt,base,python,data_manipulation_preprocessing,01_impute_encode_scale,/home/romakrut/PycharmProjects/masters-thesis/task_equivalents/llm_translations/gpt/base/python/data_manipulation_preprocessing/01_impute_encode_scale.py,7,ok,0.588586407,9.610000000,16.327254394,
script_33,gpt,base,python,data_manipulation_preprocessing,01_impute_encode_scale,/home/romakrut/PycharmProjects/masters-thesis/task_equivalents/llm_translations/gpt/base/python/data_manipulation_preprocessing/01_impute_encode_scale.py,8,ok,0.588025741,9.710000000,16.512882554,
script_33,gpt,base,python,data_manipulation_preprocessing,01_impute_encode_scale,/home/romakrut/PycharmProjects/masters-thesis/task_equivalents/llm_translations/gpt/base/python/data_manipulation_preprocessing/01_impute_encode_scale.py,9,ok,0.583909892,9.410000000,16.115500232,
script_33,gpt,base,python,data_manipulation_preprocessing,01_impute_encode_scale,/home/romakrut/PycharmProjects/masters-thesis/task_equivalents/llm_translations/gpt/base/python/data_manipulation_preprocessing/01_impute_encode_scale.py,10,ok,0.587594744,9.620000000,16.371827860,
script_33,gpt,base,python,data_manipulation_preprocessing,01_impute_encode_scale,/home/romakrut/PycharmProjects/masters-thesis/task_equivalents/llm_translations/gpt/base/python/data_manipulation_preprocessing/01_impute_encode_scale.py,11,ok,0.584776763,9.610000000,16.433621525,
script_33,gpt,base,python,data_manipulation_preprocessing,01_impute_encode_scale,/home/romakrut/PycharmProjects/masters-thesis/task_equivalents/llm_translations/gpt/base/python/data_manipulation_preprocessing/01_impute_encode_scale.py,12,ok,0.587118429,9.430000000,16.061495491,
script_33,gpt,base,python,data_manipulation_preprocessing,01_impute_encode_scale,/home/romakrut/PycharmProjects/masters-thesis/task_equivalents/llm_translations/gpt/base/python/data_manipulation_preprocessing/01_impute_encode_scale.py,13,ok,0.583868529,9.650000000,16.527693343,
script_33,gpt,base,python,data_manipulation_preprocessing,01_impute_encode_scale,/home/romakrut/PycharmProjects/masters-thesis/task_equivalents/llm_translations/gpt/base/python/data_manipulation_preprocessing/01_impute_encode_scale.py,14,ok,0.583721888,9.620000000,16.480451047,
script_33,gpt,base,python,data_manipulation_preprocessing,01_impute_encode_scale,/home/romakrut/PycharmProjects/masters-thesis/task_equivalents/llm_translations/gpt/base/python/data_manipulation_preprocessing/01_impute_encode_scale.py,15,ok,0.587288172,9.680000000,16.482538661,
script_33,gpt,base,python,data_manipulation_preprocessing,01_impute_encode_scale,/home/romakrut/PycharmProjects/masters-thesis/task_equivalents/llm_translations/gpt/base/python/data_manipulation_preprocessing/01_impute_encode_scale.py,16,ok,0.584345520,9.580000000,16.394409937,
script_33,gpt,base,python,data_manipulation_preprocessing,01_impute_encode_scale,/home/romakrut/PycharmProjects/masters-thesis/task_equivalents/llm_translations/gpt/base/python/data_manipulation_preprocessing/01_impute_encode_scale.py,17,ok,0.585781016,9.700000000,16.559089037,
script_33,gpt,base,python,data_manipulation_preprocessing,01_impute_encode_scale,/home/romakrut/PycharmProjects/masters-thesis/task_equivalents/llm_translations/gpt/base/python/data_manipulation_preprocessing/01_impute_encode_scale.py,18,ok,0.585705823,9.550000000,16.305113634,
script_33,gpt,base,python,data_manipulation_preprocessing,01_impute_encode_scale,/home/romakrut/PycharmProjects/masters-thesis/task_equivalents/llm_translations/gpt/base/python/data_manipulation_preprocessing/01_impute_encode_scale.py,19,ok,0.586818115,9.600000000,16.359413172,
script_33,gpt,base,python,data_manipulation_preprocessing,01_impute_encode_scale,/home/romakrut/PycharmProjects/masters-thesis/task_equivalents/llm_translations/gpt/base/python/data_manipulation_preprocessing/01_impute_encode_scale.py,20,ok,0.581926460,9.430000000,16.204796737,
script_33,gpt,base,python,data_manipulation_preprocessing,01_impute_encode_scale,/home/romakrut/PycharmProjects/masters-thesis/task_equivalents/llm_translations/gpt/base/python/data_manipulation_preprocessing/01_impute_encode_scale.py,21,ok,0.585691505,9.650000000,16.476250582,
script_33,gpt,base,python,data_manipulation_preprocessing,01_impute_encode_scale,/home/romakrut/PycharmProjects/masters-thesis/task_equivalents/llm_translations/gpt/base/python/data_manipulation_preprocessing/01_impute_encode_scale.py,22,ok,0.584644800,9.590000000,16.403122032,
script_33,gpt,base,python,data_manipulation_preprocessing,01_impute_encode_scale,/home/romakrut/PycharmProjects/masters-thesis/task_equivalents/llm_translations/gpt/base/python/data_manipulation_preprocessing/01_impute_encode_scale.py,23,ok,0.585264289,9.700000000,16.573708976,
script_33,gpt,base,python,data_manipulation_preprocessing,01_impute_encode_scale,/home/romakrut/PycharmProjects/masters-thesis/task_equivalents/llm_translations/gpt/base/python/data_manipulation_preprocessing/01_impute_encode_scale.py,24,ok,0.582156405,9.530000000,16.370171174,
script_33,gpt,base,python,data_manipulation_preprocessing,01_impute_encode_scale,/home/romakrut/PycharmProjects/masters-thesis/task_equivalents/llm_translations/gpt/base/python/data_manipulation_preprocessing/01_impute_encode_scale.py,25,ok,0.585368035,9.840000000,16.809937358,
script_33,gpt,base,python,data_manipulation_preprocessing,01_impute_encode_scale,/home/romakrut/PycharmProjects/masters-thesis/task_equivalents/llm_translations/gpt/base/python/data_manipulation_preprocessing/01_impute_encode_scale.py,26,ok,0.583801199,9.630000000,16.495341251,
script_33,gpt,base,python,data_manipulation_preprocessing,01_impute_encode_scale,/home/romakrut/PycharmProjects/masters-thesis/task_equivalents/llm_translations/gpt/base/python/data_manipulation_preprocessing/01_impute_encode_scale.py,27,ok,0.582505329,9.590000000,16.463368698,
script_33,gpt,base,python,data_manipulation_preprocessing,01_impute_encode_scale,/home/romakrut/PycharmProjects/masters-thesis/task_equivalents/llm_translations/gpt/base/python/data_manipulation_preprocessing/01_impute_encode_scale.py,28,ok,0.590572746,9.680000000,16.390868129,
script_33,gpt,base,python,data_manipulation_preprocessing,01_impute_encode_scale,/home/romakrut/PycharmProjects/masters-thesis/task_equivalents/llm_translations/gpt/base/python/data_manipulation_preprocessing/01_impute_encode_scale.py,29,ok,0.584760059,9.790000000,16.741909522,
script_33,gpt,base,python,data_manipulation_preprocessing,01_impute_encode_scale,/home/romakrut/PycharmProjects/masters-thesis/task_equivalents/llm_translations/gpt/base/python/data_manipulation_preprocessing/01_impute_encode_scale.py,30,ok,0.585300965,9.750000000,16.658096574,
script_120,starcoder,optimized,python,statistical_modelling_analysis,02_logistic_regression_odds_ratios,/home/romakrut/PycharmProjects/masters-thesis/task_equivalents/llm_translations/starcoder/optimized/python/statistical_modelling_analysis/02_logistic_regression_odds_ratios.py,1,ok,0.630233513,10.340000000,16.406617209,
script_120,starcoder,optimized,python,statistical_modelling_analysis,02_logistic_regression_odds_ratios,/home/romakrut/PycharmProjects/masters-thesis/task_equivalents/llm_translations/starcoder/optimized/python/statistical_modelling_analysis/02_logistic_regression_odds_ratios.py,2,ok,0.634796036,10.170000000,16.020893993,
script_120,starcoder,optimized,python,statistical_modelling_analysis,02_logistic_regression_odds_ratios,/home/romakrut/PycharmProjects/masters-thesis/task_equivalents/llm_translations/starcoder/optimized/python/statistical_modelling_analysis/02_logistic_regression_odds_ratios.py,3,ok,0.630629560,10.340000000,16.396313551,
script_120,starcoder,optimized,python,statistical_modelling_analysis,02_logistic_regression_odds_ratios,/home/romakrut/PycharmProjects/masters-thesis/task_equivalents/llm_translations/starcoder/optimized/python/statistical_modelling_analysis/02_logistic_regression_odds_ratios.py,4,ok,0.632045466,10.070000000,15.932398129,
script_120,starcoder,optimized,python,statistical_modelling_analysis,02_logistic_regression_odds_ratios,/home/romakrut/PycharmProjects/masters-thesis/task_equivalents/llm_translations/starcoder/optimized/python/statistical_modelling_analysis/02_logistic_regression_odds_ratios.py,5,ok,0.633544033,10.300000000,16.257749207,
script_120,starcoder,optimized,python,statistical_modelling_analysis,02_logistic_regression_odds_ratios,/home/romakrut/PycharmProjects/masters-thesis/task_equivalents/llm_translations/starcoder/optimized/python/statistical_modelling_analysis/02_logistic_regression_odds_ratios.py,6,ok,0.630255738,10.200000000,16.183906603,
script_120,starcoder,optimized,python,statistical_modelling_analysis,02_logistic_regression_odds_ratios,/home/romakrut/PycharmProjects/masters-thesis/task_equivalents/llm_translations/starcoder/optimized/python/statistical_modelling_analysis/02_logistic_regression_odds_ratios.py,7,ok,0.631506622,10.120000000,16.025168458,
script_120,starcoder,optimized,python,statistical_modelling_analysis,02_logistic_regression_odds_ratios,/home/romakrut/PycharmProjects/masters-thesis/task_equivalents/llm_translations/starcoder/optimized/python/statistical_modelling_analysis/02_logistic_regression_odds_ratios.py,8,ok,0.636419984,10.220000000,16.058578073,
script_120,starcoder,optimized,python,statistical_modelling_analysis,02_logistic_regression_odds_ratios,/home/romakrut/PycharmProjects/masters-thesis/task_equivalents/llm_translations/starcoder/optimized/python/statistical_modelling_analysis/02_logistic_regression_odds_ratios.py,9,ok,0.629867176,10.370000000,16.463788550,
script_120,starcoder,optimized,python,statistical_modelling_analysis,02_logistic_regression_odds_ratios,/home/romakrut/PycharmProjects/masters-thesis/task_equivalents/llm_translations/starcoder/optimized/python/statistical_modelling_analysis/02_logistic_regression_odds_ratios.py,10,ok,0.630237646,10.140000000,16.089169005,
script_120,starcoder,optimized,python,statistical_modelling_analysis,02_logistic_regression_odds_ratios,/home/romakrut/PycharmProjects/masters-thesis/task_equivalents/llm_translations/starcoder/optimized/python/statistical_modelling_analysis/02_logistic_regression_odds_ratios.py,11,ok,0.635406065,10.160000000,15.989774980,
script_120,starcoder,optimized,python,statistical_modelling_analysis,02_logistic_regression_odds_ratios,/home/romakrut/PycharmProjects/masters-thesis/task_equivalents/llm_translations/starcoder/optimized/python/statistical_modelling_analysis/02_logistic_regression_odds_ratios.py,12,ok,0.629602037,10.320000000,16.391306561,
script_120,starcoder,optimized,python,statistical_modelling_analysis,02_logistic_regression_odds_ratios,/home/romakrut/PycharmProjects/masters-thesis/task_equivalents/llm_translations/starcoder/optimized/python/statistical_modelling_analysis/02_logistic_regression_odds_ratios.py,13,ok,0.634908213,10.340000000,16.285818624,
script_120,starcoder,optimized,python,statistical_modelling_analysis,02_logistic_regression_odds_ratios,/home/romakrut/PycharmProjects/masters-thesis/task_equivalents/llm_translations/starcoder/optimized/python/statistical_modelling_analysis/02_logistic_regression_odds_ratios.py,14,ok,0.635164036,10.310000000,16.232027344,
script_120,starcoder,optimized,python,statistical_modelling_analysis,02_logistic_regression_odds_ratios,/home/romakrut/PycharmProjects/masters-thesis/task_equivalents/llm_translations/starcoder/optimized/python/statistical_modelling_analysis/02_logistic_regression_odds_ratios.py,15,ok,0.630115594,10.360000000,16.441427730,
script_120,starcoder,optimized,python,statistical_modelling_analysis,02_logistic_regression_odds_ratios,/home/romakrut/PycharmProjects/masters-thesis/task_equivalents/llm_translations/starcoder/optimized/python/statistical_modelling_analysis/02_logistic_regression_odds_ratios.py,16,ok,0.634800291,10.190000000,16.052292578,
script_120,starcoder,optimized,python,statistical_modelling_analysis,02_logistic_regression_odds_ratios,/home/romakrut/PycharmProjects/masters-thesis/task_equivalents/llm_translations/starcoder/optimized/python/statistical_modelling_analysis/02_logistic_regression_odds_ratios.py,17,ok,0.630409108,10.360000000,16.433772718,
script_120,starcoder,optimized,python,statistical_modelling_analysis,02_logistic_regression_odds_ratios,/home/romakrut/PycharmProjects/masters-thesis/task_equivalents/llm_translations/starcoder/optimized/python/statistical_modelling_analysis/02_logistic_regression_odds_ratios.py,18,ok,0.628961945,10.160000000,16.153600517,
script_120,starcoder,optimized,python,statistical_modelling_analysis,02_logistic_regression_odds_ratios,/home/romakrut/PycharmProjects/masters-thesis/task_equivalents/llm_translations/starcoder/optimized/python/statistical_modelling_analysis/02_logistic_regression_odds_ratios.py,19,ok,0.636447923,10.210000000,16.042160923,
script_120,starcoder,optimized,python,statistical_modelling_analysis,02_logistic_regression_odds_ratios,/home/romakrut/PycharmProjects/masters-thesis/task_equivalents/llm_translations/starcoder/optimized/python/statistical_modelling_analysis/02_logistic_regression_odds_ratios.py,20,ok,0.630597109,10.500000000,16.650885090,
script_120,starcoder,optimized,python,statistical_modelling_analysis,02_logistic_regression_odds_ratios,/home/romakrut/PycharmProjects/masters-thesis/task_equivalents/llm_translations/starcoder/optimized/python/statistical_modelling_analysis/02_logistic_regression_odds_ratios.py,21,ok,0.629863155,10.240000000,16.257499615,
script_120,starcoder,optimized,python,statistical_modelling_analysis,02_logistic_regression_odds_ratios,/home/romakrut/PycharmProjects/masters-thesis/task_equivalents/llm_translations/starcoder/optimized/python/statistical_modelling_analysis/02_logistic_regression_odds_ratios.py,22,ok,0.634843888,10.240000000,16.129949730,
script_120,starcoder,optimized,python,statistical_modelling_analysis,02_logistic_regression_odds_ratios,/home/romakrut/PycharmProjects/masters-thesis/task_equivalents/llm_translations/starcoder/optimized/python/statistical_modelling_analysis/02_logistic_regression_odds_ratios.py,23,ok,0.630559163,10.230000000,16.223695730,
script_120,starcoder,optimized,python,statistical_modelling_analysis,02_logistic_regression_odds_ratios,/home/romakrut/PycharmProjects/masters-thesis/task_equivalents/llm_translations/starcoder/optimized/python/statistical_modelling_analysis/02_logistic_regression_odds_ratios.py,24,ok,0.630161903,10.460000000,16.598908868,
script_120,starcoder,optimized,python,statistical_modelling_analysis,02_logistic_regression_odds_ratios,/home/romakrut/PycharmProjects/masters-thesis/task_equivalents/llm_translations/starcoder/optimized/python/statistical_modelling_analysis/02_logistic_regression_odds_ratios.py,25,ok,0.636329917,10.360000000,16.280862683,
script_120,starcoder,optimized,python,statistical_modelling_analysis,02_logistic_regression_odds_ratios,/home/romakrut/PycharmProjects/masters-thesis/task_equivalents/llm_translations/starcoder/optimized/python/statistical_modelling_analysis/02_logistic_regression_odds_ratios.py,26,ok,0.631430110,10.210000000,16.169643858,
script_120,starcoder,optimized,python,statistical_modelling_analysis,02_logistic_regression_odds_ratios,/home/romakrut/PycharmProjects/masters-thesis/task_equivalents/llm_translations/starcoder/optimized/python/statistical_modelling_analysis/02_logistic_regression_odds_ratios.py,27,ok,0.631650647,10.510000000,16.638944407,
script_120,starcoder,optimized,python,statistical_modelling_analysis,02_logistic_regression_odds_ratios,/home/romakrut/PycharmProjects/masters-thesis/task_equivalents/llm_translations/starcoder/optimized/python/statistical_modelling_analysis/02_logistic_regression_odds_ratios.py,28,ok,0.633852295,10.300000000,16.249842560,
script_120,starcoder,optimized,python,statistical_modelling_analysis,02_logistic_regression_odds_ratios,/home/romakrut/PycharmProjects/masters-thesis/task_equivalents/llm_translations/starcoder/optimized/python/statistical_modelling_analysis/02_logistic_regression_odds_ratios.py,29,ok,0.630259013,10.340000000,16.405953404,
script_120,starcoder,optimized,python,statistical_modelling_analysis,02_logistic_regression_odds_ratios,/home/romakrut/PycharmProjects/masters-thesis/task_equivalents/llm_translations/starcoder/optimized/python/statistical_modelling_analysis/02_logistic_regression_odds_ratios.py,30,ok,0.636917221,10.320000000,16.203047523,
script_58,gpt,optimized,r,data_manipulation_preprocessing,02_merge_aggregate_reshape,/home/romakrut/PycharmProjects/masters-thesis/task_equivalents/llm_translations/gpt/optimized/r/data_manipulation_preprocessing/02_merge_aggregate_reshape.R,1,ok,0.391781548,6.720000000,17.152415764,
script_58,gpt,optimized,r,data_manipulation_preprocessing,02_merge_aggregate_reshape,/home/romakrut/PycharmProjects/masters-thesis/task_equivalents/llm_translations/gpt/optimized/r/data_manipulation_preprocessing/02_merge_aggregate_reshape.R,2,ok,0.389529154,6.640000000,17.046220884,
script_58,gpt,optimized,r,data_manipulation_preprocessing,02_merge_aggregate_reshape,/home/romakrut/PycharmProjects/masters-thesis/task_equivalents/llm_translations/gpt/optimized/r/data_manipulation_preprocessing/02_merge_aggregate_reshape.R,3,ok,0.394107740,6.700000000,17.000427345,
script_58,gpt,optimized,r,data_manipulation_preprocessing,02_merge_aggregate_reshape,/home/romakrut/PycharmProjects/masters-thesis/task_equivalents/llm_translations/gpt/optimized/r/data_manipulation_preprocessing/02_merge_aggregate_reshape.R,4,ok,0.385144578,6.590000000,17.110457673,
script_58,gpt,optimized,r,data_manipulation_preprocessing,02_merge_aggregate_reshape,/home/romakrut/PycharmProjects/masters-thesis/task_equivalents/llm_translations/gpt/optimized/r/data_manipulation_preprocessing/02_merge_aggregate_reshape.R,5,ok,0.383934184,6.510000000,16.956031193,
script_58,gpt,optimized,r,data_manipulation_preprocessing,02_merge_aggregate_reshape,/home/romakrut/PycharmProjects/masters-thesis/task_equivalents/llm_translations/gpt/optimized/r/data_manipulation_preprocessing/02_merge_aggregate_reshape.R,6,ok,0.385367353,6.670000000,17.308160507,
script_58,gpt,optimized,r,data_manipulation_preprocessing,02_merge_aggregate_reshape,/home/romakrut/PycharmProjects/masters-thesis/task_equivalents/llm_translations/gpt/optimized/r/data_manipulation_preprocessing/02_merge_aggregate_reshape.R,7,ok,0.383654015,6.590000000,17.176934796,
script_58,gpt,optimized,r,data_manipulation_preprocessing,02_merge_aggregate_reshape,/home/romakrut/PycharmProjects/masters-thesis/task_equivalents/llm_translations/gpt/optimized/r/data_manipulation_preprocessing/02_merge_aggregate_reshape.R,8,ok,0.385822993,6.690000000,17.339557573,
script_58,gpt,optimized,r,data_manipulation_preprocessing,02_merge_aggregate_reshape,/home/romakrut/PycharmProjects/masters-thesis/task_equivalents/llm_translations/gpt/optimized/r/data_manipulation_preprocessing/02_merge_aggregate_reshape.R,9,ok,0.384751736,6.610000000,17.179909488,
script_58,gpt,optimized,r,data_manipulation_preprocessing,02_merge_aggregate_reshape,/home/romakrut/PycharmProjects/masters-thesis/task_equivalents/llm_translations/gpt/optimized/r/data_manipulation_preprocessing/02_merge_aggregate_reshape.R,10,ok,0.392524267,6.560000000,16.712342526,
script_58,gpt,optimized,r,data_manipulation_preprocessing,02_merge_aggregate_reshape,/home/romakrut/PycharmProjects/masters-thesis/task_equivalents/llm_translations/gpt/optimized/r/data_manipulation_preprocessing/02_merge_aggregate_reshape.R,11,ok,0.384198266,6.580000000,17.126573913,
script_58,gpt,optimized,r,data_manipulation_preprocessing,02_merge_aggregate_reshape,/home/romakrut/PycharmProjects/masters-thesis/task_equivalents/llm_translations/gpt/optimized/r/data_manipulation_preprocessing/02_merge_aggregate_reshape.R,12,ok,0.385059058,6.680000000,17.347988214,
script_58,gpt,optimized,r,data_manipulation_preprocessing,02_merge_aggregate_reshape,/home/romakrut/PycharmProjects/masters-thesis/task_equivalents/llm_translations/gpt/optimized/r/data_manipulation_preprocessing/02_merge_aggregate_reshape.R,13,ok,0.389494280,6.550000000,16.816678283,
script_58,gpt,optimized,r,data_manipulation_preprocessing,02_merge_aggregate_reshape,/home/romakrut/PycharmProjects/masters-thesis/task_equivalents/llm_translations/gpt/optimized/r/data_manipulation_preprocessing/02_merge_aggregate_reshape.R,14,ok,0.385135818,6.570000000,17.058917122,
script_58,gpt,optimized,r,data_manipulation_preprocessing,02_merge_aggregate_reshape,/home/romakrut/PycharmProjects/masters-thesis/task_equivalents/llm_translations/gpt/optimized/r/data_manipulation_preprocessing/02_merge_aggregate_reshape.R,15,ok,0.383465794,6.560000000,17.107132116,
script_58,gpt,optimized,r,data_manipulation_preprocessing,02_merge_aggregate_reshape,/home/romakrut/PycharmProjects/masters-thesis/task_equivalents/llm_translations/gpt/optimized/r/data_manipulation_preprocessing/02_merge_aggregate_reshape.R,16,ok,0.384654865,6.660000000,17.314222712,
script_58,gpt,optimized,r,data_manipulation_preprocessing,02_merge_aggregate_reshape,/home/romakrut/PycharmProjects/masters-thesis/task_equivalents/llm_translations/gpt/optimized/r/data_manipulation_preprocessing/02_merge_aggregate_reshape.R,17,ok,0.388150458,6.640000000,17.106768427,
script_58,gpt,optimized,r,data_manipulation_preprocessing,02_merge_aggregate_reshape,/home/romakrut/PycharmProjects/masters-thesis/task_equivalents/llm_translations/gpt/optimized/r/data_manipulation_preprocessing/02_merge_aggregate_reshape.R,18,ok,0.392920314,6.720000000,17.102704443,
script_58,gpt,optimized,r,data_manipulation_preprocessing,02_merge_aggregate_reshape,/home/romakrut/PycharmProjects/masters-thesis/task_equivalents/llm_translations/gpt/optimized/r/data_manipulation_preprocessing/02_merge_aggregate_reshape.R,19,ok,0.384776911,6.710000000,17.438676304,
script_58,gpt,optimized,r,data_manipulation_preprocessing,02_merge_aggregate_reshape,/home/romakrut/PycharmProjects/masters-thesis/task_equivalents/llm_translations/gpt/optimized/r/data_manipulation_preprocessing/02_merge_aggregate_reshape.R,20,ok,0.384890610,6.660000000,17.303617773,
script_58,gpt,optimized,r,data_manipulation_preprocessing,02_merge_aggregate_reshape,/home/romakrut/PycharmProjects/masters-thesis/task_equivalents/llm_translations/gpt/optimized/r/data_manipulation_preprocessing/02_merge_aggregate_reshape.R,21,ok,0.382656445,6.560000000,17.143315069,
script_58,gpt,optimized,r,data_manipulation_preprocessing,02_merge_aggregate_reshape,/home/romakrut/PycharmProjects/masters-thesis/task_equivalents/llm_translations/gpt/optimized/r/data_manipulation_preprocessing/02_merge_aggregate_reshape.R,22,ok,0.383772203,6.680000000,17.406159039,
script_58,gpt,optimized,r,data_manipulation_preprocessing,02_merge_aggregate_reshape,/home/romakrut/PycharmProjects/masters-thesis/task_equivalents/llm_translations/gpt/optimized/r/data_manipulation_preprocessing/02_merge_aggregate_reshape.R,23,ok,0.382681200,6.690000000,17.481914450,
script_58,gpt,optimized,r,data_manipulation_preprocessing,02_merge_aggregate_reshape,/home/romakrut/PycharmProjects/masters-thesis/task_equivalents/llm_translations/gpt/optimized/r/data_manipulation_preprocessing/02_merge_aggregate_reshape.R,24,ok,0.383304638,6.770000000,17.662191711,
script_58,gpt,optimized,r,data_manipulation_preprocessing,02_merge_aggregate_reshape,/home/romakrut/PycharmProjects/masters-thesis/task_equivalents/llm_translations/gpt/optimized/r/data_manipulation_preprocessing/02_merge_aggregate_reshape.R,25,ok,0.384944824,6.600000000,17.145314311,
script_58,gpt,optimized,r,data_manipulation_preprocessing,02_merge_aggregate_reshape,/home/romakrut/PycharmProjects/masters-thesis/task_equivalents/llm_translations/gpt/optimized/r/data_manipulation_preprocessing/02_merge_aggregate_reshape.R,26,ok,0.382852184,6.590000000,17.212909513,
script_58,gpt,optimized,r,data_manipulation_preprocessing,02_merge_aggregate_reshape,/home/romakrut/PycharmProjects/masters-thesis/task_equivalents/llm_translations/gpt/optimized/r/data_manipulation_preprocessing/02_merge_aggregate_reshape.R,27,ok,0.384785225,6.640000000,17.256379842,
script_58,gpt,optimized,r,data_manipulation_preprocessing,02_merge_aggregate_reshape,/home/romakrut/PycharmProjects/masters-thesis/task_equivalents/llm_translations/gpt/optimized/r/data_manipulation_preprocessing/02_merge_aggregate_reshape.R,28,ok,0.382463965,6.680000000,17.465697716,
script_58,gpt,optimized,r,data_manipulation_preprocessing,02_merge_aggregate_reshape,/home/romakrut/PycharmProjects/masters-thesis/task_equivalents/llm_translations/gpt/optimized/r/data_manipulation_preprocessing/02_merge_aggregate_reshape.R,29,ok,0.383983434,6.520000000,16.979899190,
script_58,gpt,optimized,r,data_manipulation_preprocessing,02_merge_aggregate_reshape,/home/romakrut/PycharmProjects/masters-thesis/task_equivalents/llm_translations/gpt/optimized/r/data_manipulation_preprocessing/02_merge_aggregate_reshape.R,30,ok,0.388328984,6.830000000,17.588179820,
script_31,gemini,optimized,r,statistical_modelling_analysis,01_linear_regression_inference,/home/romakrut/PycharmProjects/masters-thesis/task_equivalents/llm_translations/gemini/optimized/r/statistical_modelling_analysis/01_linear_regression_inference.R,1,ok,0.086957919,1.510000000,17.364720975,
script_31,gemini,optimized,r,statistical_modelling_analysis,01_linear_regression_inference,/home/romakrut/PycharmProjects/masters-thesis/task_equivalents/llm_translations/gemini/optimized/r/statistical_modelling_analysis/01_linear_regression_inference.R,2,ok,0.096013586,1.540000000,16.039396758,
script_31,gemini,optimized,r,statistical_modelling_analysis,01_linear_regression_inference,/home/romakrut/PycharmProjects/masters-thesis/task_equivalents/llm_translations/gemini/optimized/r/statistical_modelling_analysis/01_linear_regression_inference.R,3,ok,0.096735298,1.580000000,16.333231330,
script_31,gemini,optimized,r,statistical_modelling_analysis,01_linear_regression_inference,/home/romakrut/PycharmProjects/masters-thesis/task_equivalents/llm_translations/gemini/optimized/r/statistical_modelling_analysis/01_linear_regression_inference.R,4,ok,0.088428584,1.430000000,16.171241643,
script_31,gemini,optimized,r,statistical_modelling_analysis,01_linear_regression_inference,/home/romakrut/PycharmProjects/masters-thesis/task_equivalents/llm_translations/gemini/optimized/r/statistical_modelling_analysis/01_linear_regression_inference.R,5,ok,0.088470368,1.460000000,16.502700656,
script_31,gemini,optimized,r,statistical_modelling_analysis,01_linear_regression_inference,/home/romakrut/PycharmProjects/masters-thesis/task_equivalents/llm_translations/gemini/optimized/r/statistical_modelling_analysis/01_linear_regression_inference.R,6,ok,0.087919473,1.450000000,16.492364553,
script_31,gemini,optimized,r,statistical_modelling_analysis,01_linear_regression_inference,/home/romakrut/PycharmProjects/masters-thesis/task_equivalents/llm_translations/gemini/optimized/r/statistical_modelling_analysis/01_linear_regression_inference.R,7,ok,0.087789158,1.450000000,16.516845964,
script_31,gemini,optimized,r,statistical_modelling_analysis,01_linear_regression_inference,/home/romakrut/PycharmProjects/masters-thesis/task_equivalents/llm_translations/gemini/optimized/r/statistical_modelling_analysis/01_linear_regression_inference.R,8,ok,0.087786136,1.450000000,16.517414549,
script_31,gemini,optimized,r,statistical_modelling_analysis,01_linear_regression_inference,/home/romakrut/PycharmProjects/masters-thesis/task_equivalents/llm_translations/gemini/optimized/r/statistical_modelling_analysis/01_linear_regression_inference.R,9,ok,0.088660805,1.480000000,16.692832870,
script_31,gemini,optimized,r,statistical_modelling_analysis,01_linear_regression_inference,/home/romakrut/PycharmProjects/masters-thesis/task_equivalents/llm_translations/gemini/optimized/r/statistical_modelling_analysis/01_linear_regression_inference.R,10,ok,0.087548122,1.470000000,16.790765655,
script_31,gemini,optimized,r,statistical_modelling_analysis,01_linear_regression_inference,/home/romakrut/PycharmProjects/masters-thesis/task_equivalents/llm_translations/gemini/optimized/r/statistical_modelling_analysis/01_linear_regression_inference.R,11,ok,0.088419785,1.520000000,17.190722642,
script_31,gemini,optimized,r,statistical_modelling_analysis,01_linear_regression_inference,/home/romakrut/PycharmProjects/masters-thesis/task_equivalents/llm_translations/gemini/optimized/r/statistical_modelling_analysis/01_linear_regression_inference.R,12,ok,0.088569188,1.440000000,16.258475803,
script_31,gemini,optimized,r,statistical_modelling_analysis,01_linear_regression_inference,/home/romakrut/PycharmProjects/masters-thesis/task_equivalents/llm_translations/gemini/optimized/r/statistical_modelling_analysis/01_linear_regression_inference.R,13,ok,0.087554276,1.440000000,16.446940867,
script_31,gemini,optimized,r,statistical_modelling_analysis,01_linear_regression_inference,/home/romakrut/PycharmProjects/masters-thesis/task_equivalents/llm_translations/gemini/optimized/r/statistical_modelling_analysis/01_linear_regression_inference.R,14,ok,0.087927527,1.450000000,16.490853882,
script_31,gemini,optimized,r,statistical_modelling_analysis,01_linear_regression_inference,/home/romakrut/PycharmProjects/masters-thesis/task_equivalents/llm_translations/gemini/optimized/r/statistical_modelling_analysis/01_linear_regression_inference.R,15,ok,0.087524664,1.470000000,16.795265846,
script_31,gemini,optimized,r,statistical_modelling_analysis,01_linear_regression_inference,/home/romakrut/PycharmProjects/masters-thesis/task_equivalents/llm_translations/gemini/optimized/r/statistical_modelling_analysis/01_linear_regression_inference.R,16,ok,0.087752955,1.410000000,16.067834981,
script_31,gemini,optimized,r,statistical_modelling_analysis,01_linear_regression_inference,/home/romakrut/PycharmProjects/masters-thesis/task_equivalents/llm_translations/gemini/optimized/r/statistical_modelling_analysis/01_linear_regression_inference.R,17,ok,0.088671208,1.470000000,16.578098271,
script_31,gemini,optimized,r,statistical_modelling_analysis,01_linear_regression_inference,/home/romakrut/PycharmProjects/masters-thesis/task_equivalents/llm_translations/gemini/optimized/r/statistical_modelling_analysis/01_linear_regression_inference.R,18,ok,0.088507832,1.470000000,16.608699669,
script_31,gemini,optimized,r,statistical_modelling_analysis,01_linear_regression_inference,/home/romakrut/PycharmProjects/masters-thesis/task_equivalents/llm_translations/gemini/optimized/r/statistical_modelling_analysis/01_linear_regression_inference.R,19,ok,0.088768646,1.450000000,16.334596339,
script_31,gemini,optimized,r,statistical_modelling_analysis,01_linear_regression_inference,/home/romakrut/PycharmProjects/masters-thesis/task_equivalents/llm_translations/gemini/optimized/r/statistical_modelling_analysis/01_linear_regression_inference.R,20,ok,0.088848116,1.450000000,16.319985896,
script_31,gemini,optimized,r,statistical_modelling_analysis,01_linear_regression_inference,/home/romakrut/PycharmProjects/masters-thesis/task_equivalents/llm_translations/gemini/optimized/r/statistical_modelling_analysis/01_linear_regression_inference.R,21,ok,0.087111244,1.480000000,16.989770000,
script_31,gemini,optimized,r,statistical_modelling_analysis,01_linear_regression_inference,/home/romakrut/PycharmProjects/masters-thesis/task_equivalents/llm_translations/gemini/optimized/r/statistical_modelling_analysis/01_linear_regression_inference.R,22,ok,0.088846208,1.430000000,16.095228285,
script_31,gemini,optimized,r,statistical_modelling_analysis,01_linear_regression_inference,/home/romakrut/PycharmProjects/masters-thesis/task_equivalents/llm_translations/gemini/optimized/r/statistical_modelling_analysis/01_linear_regression_inference.R,23,ok,0.088049847,1.470000000,16.695088635,
script_31,gemini,optimized,r,statistical_modelling_analysis,01_linear_regression_inference,/home/romakrut/PycharmProjects/masters-thesis/task_equivalents/llm_translations/gemini/optimized/r/statistical_modelling_analysis/01_linear_regression_inference.R,24,ok,0.087599774,1.470000000,16.780865211,
script_31,gemini,optimized,r,statistical_modelling_analysis,01_linear_regression_inference,/home/romakrut/PycharmProjects/masters-thesis/task_equivalents/llm_translations/gemini/optimized/r/statistical_modelling_analysis/01_linear_regression_inference.R,25,ok,0.088199527,1.480000000,16.780135340,
script_31,gemini,optimized,r,statistical_modelling_analysis,01_linear_regression_inference,/home/romakrut/PycharmProjects/masters-thesis/task_equivalents/llm_translations/gemini/optimized/r/statistical_modelling_analysis/01_linear_regression_inference.R,26,ok,0.086462833,1.520000000,17.579807962,
script_31,gemini,optimized,r,statistical_modelling_analysis,01_linear_regression_inference,/home/romakrut/PycharmProjects/masters-thesis/task_equivalents/llm_translations/gemini/optimized/r/statistical_modelling_analysis/01_linear_regression_inference.R,27,ok,0.087779713,1.460000000,16.632544697,
script_31,gemini,optimized,r,statistical_modelling_analysis,01_linear_regression_inference,/home/romakrut/PycharmProjects/masters-thesis/task_equivalents/llm_translations/gemini/optimized/r/statistical_modelling_analysis/01_linear_regression_inference.R,28,ok,0.087440961,1.420000000,16.239528749,
script_31,gemini,optimized,r,statistical_modelling_analysis,01_linear_regression_inference,/home/romakrut/PycharmProjects/masters-thesis/task_equivalents/llm_translations/gemini/optimized/r/statistical_modelling_analysis/01_linear_regression_inference.R,29,ok,0.087550247,1.460000000,16.676137990,
script_31,gemini,optimized,r,statistical_modelling_analysis,01_linear_regression_inference,/home/romakrut/PycharmProjects/masters-thesis/task_equivalents/llm_translations/gemini/optimized/r/statistical_modelling_analysis/01_linear_regression_inference.R,30,ok,0.087375081,1.460000000,16.709569631,
script_28,gemini,optimized,r,data_visualization,02_distribution_boxplot,/home/romakrut/PycharmProjects/masters-thesis/task_equivalents/llm_translations/gemini/optimized/r/data_visualization/02_distribution_boxplot.R,1,ok,0.104589217,1.830000000,17.497023618,
script_28,gemini,optimized,r,data_visualization,02_distribution_boxplot,/home/romakrut/PycharmProjects/masters-thesis/task_equivalents/llm_translations/gemini/optimized/r/data_visualization/02_distribution_boxplot.R,2,ok,0.102510958,1.660000000,16.193390759,
script_28,gemini,optimized,r,data_visualization,02_distribution_boxplot,/home/romakrut/PycharmProjects/masters-thesis/task_equivalents/llm_translations/gemini/optimized/r/data_visualization/02_distribution_boxplot.R,3,ok,0.102543567,1.650000000,16.090721712,
script_28,gemini,optimized,r,data_visualization,02_distribution_boxplot,/home/romakrut/PycharmProjects/masters-thesis/task_equivalents/llm_translations/gemini/optimized/r/data_visualization/02_distribution_boxplot.R,4,ok,0.104369706,1.710000000,16.384064548,
script_28,gemini,optimized,r,data_visualization,02_distribution_boxplot,/home/romakrut/PycharmProjects/masters-thesis/task_equivalents/llm_translations/gemini/optimized/r/data_visualization/02_distribution_boxplot.R,5,ok,0.104423632,1.690000000,16.184076034,
script_28,gemini,optimized,r,data_visualization,02_distribution_boxplot,/home/romakrut/PycharmProjects/masters-thesis/task_equivalents/llm_translations/gemini/optimized/r/data_visualization/02_distribution_boxplot.R,6,ok,0.103879037,1.680000000,16.172656664,
script_28,gemini,optimized,r,data_visualization,02_distribution_boxplot,/home/romakrut/PycharmProjects/masters-thesis/task_equivalents/llm_translations/gemini/optimized/r/data_visualization/02_distribution_boxplot.R,7,ok,0.105876096,1.710000000,16.150954414,
script_28,gemini,optimized,r,data_visualization,02_distribution_boxplot,/home/romakrut/PycharmProjects/masters-thesis/task_equivalents/llm_translations/gemini/optimized/r/data_visualization/02_distribution_boxplot.R,8,ok,0.104246333,1.680000000,16.115674783,
script_28,gemini,optimized,r,data_visualization,02_distribution_boxplot,/home/romakrut/PycharmProjects/masters-thesis/task_equivalents/llm_translations/gemini/optimized/r/data_visualization/02_distribution_boxplot.R,9,ok,0.103084396,1.670000000,16.200318038,
script_28,gemini,optimized,r,data_visualization,02_distribution_boxplot,/home/romakrut/PycharmProjects/masters-thesis/task_equivalents/llm_translations/gemini/optimized/r/data_visualization/02_distribution_boxplot.R,10,ok,0.103097875,1.650000000,16.004209592,
script_28,gemini,optimized,r,data_visualization,02_distribution_boxplot,/home/romakrut/PycharmProjects/masters-thesis/task_equivalents/llm_translations/gemini/optimized/r/data_visualization/02_distribution_boxplot.R,11,ok,0.103940464,1.740000000,16.740352439,
script_28,gemini,optimized,r,data_visualization,02_distribution_boxplot,/home/romakrut/PycharmProjects/masters-thesis/task_equivalents/llm_translations/gemini/optimized/r/data_visualization/02_distribution_boxplot.R,12,ok,0.104207808,1.700000000,16.313556850,
script_28,gemini,optimized,r,data_visualization,02_distribution_boxplot,/home/romakrut/PycharmProjects/masters-thesis/task_equivalents/llm_translations/gemini/optimized/r/data_visualization/02_distribution_boxplot.R,13,ok,0.104124778,1.720000000,16.518642662,
script_28,gemini,optimized,r,data_visualization,02_distribution_boxplot,/home/romakrut/PycharmProjects/masters-thesis/task_equivalents/llm_translations/gemini/optimized/r/data_visualization/02_distribution_boxplot.R,14,ok,0.104394848,1.730000000,16.571699017,
script_28,gemini,optimized,r,data_visualization,02_distribution_boxplot,/home/romakrut/PycharmProjects/masters-thesis/task_equivalents/llm_translations/gemini/optimized/r/data_visualization/02_distribution_boxplot.R,15,ok,0.103566887,1.680000000,16.221400958,
script_28,gemini,optimized,r,data_visualization,02_distribution_boxplot,/home/romakrut/PycharmProjects/masters-thesis/task_equivalents/llm_translations/gemini/optimized/r/data_visualization/02_distribution_boxplot.R,16,ok,0.102354089,1.710000000,16.706709197,
script_28,gemini,optimized,r,data_visualization,02_distribution_boxplot,/home/romakrut/PycharmProjects/masters-thesis/task_equivalents/llm_translations/gemini/optimized/r/data_visualization/02_distribution_boxplot.R,17,ok,0.102021735,1.650000000,16.173024307,
script_28,gemini,optimized,r,data_visualization,02_distribution_boxplot,/home/romakrut/PycharmProjects/masters-thesis/task_equivalents/llm_translations/gemini/optimized/r/data_visualization/02_distribution_boxplot.R,18,ok,0.103099429,1.720000000,16.682924597,
script_28,gemini,optimized,r,data_visualization,02_distribution_boxplot,/home/romakrut/PycharmProjects/masters-thesis/task_equivalents/llm_translations/gemini/optimized/r/data_visualization/02_distribution_boxplot.R,19,ok,0.103509883,1.740000000,16.809989052,
script_28,gemini,optimized,r,data_visualization,02_distribution_boxplot,/home/romakrut/PycharmProjects/masters-thesis/task_equivalents/llm_translations/gemini/optimized/r/data_visualization/02_distribution_boxplot.R,20,ok,0.103792170,1.720000000,16.571577606,
script_28,gemini,optimized,r,data_visualization,02_distribution_boxplot,/home/romakrut/PycharmProjects/masters-thesis/task_equivalents/llm_translations/gemini/optimized/r/data_visualization/02_distribution_boxplot.R,21,ok,0.105397309,1.800000000,17.078234891,
script_28,gemini,optimized,r,data_visualization,02_distribution_boxplot,/home/romakrut/PycharmProjects/masters-thesis/task_equivalents/llm_translations/gemini/optimized/r/data_visualization/02_distribution_boxplot.R,22,ok,0.105233715,1.730000000,16.439598279,
script_28,gemini,optimized,r,data_visualization,02_distribution_boxplot,/home/romakrut/PycharmProjects/masters-thesis/task_equivalents/llm_translations/gemini/optimized/r/data_visualization/02_distribution_boxplot.R,23,ok,0.104532093,1.710000000,16.358612469,
script_28,gemini,optimized,r,data_visualization,02_distribution_boxplot,/home/romakrut/PycharmProjects/masters-thesis/task_equivalents/llm_translations/gemini/optimized/r/data_visualization/02_distribution_boxplot.R,24,ok,0.104311776,1.720000000,16.489029963,
script_28,gemini,optimized,r,data_visualization,02_distribution_boxplot,/home/romakrut/PycharmProjects/masters-thesis/task_equivalents/llm_translations/gemini/optimized/r/data_visualization/02_distribution_boxplot.R,25,ok,0.103751985,1.700000000,16.385228678,
script_28,gemini,optimized,r,data_visualization,02_distribution_boxplot,/home/romakrut/PycharmProjects/masters-thesis/task_equivalents/llm_translations/gemini/optimized/r/data_visualization/02_distribution_boxplot.R,26,ok,0.103528378,1.740000000,16.806986003,
script_28,gemini,optimized,r,data_visualization,02_distribution_boxplot,/home/romakrut/PycharmProjects/masters-thesis/task_equivalents/llm_translations/gemini/optimized/r/data_visualization/02_distribution_boxplot.R,27,ok,0.102407958,1.640000000,16.014380445,
script_28,gemini,optimized,r,data_visualization,02_distribution_boxplot,/home/romakrut/PycharmProjects/masters-thesis/task_equivalents/llm_translations/gemini/optimized/r/data_visualization/02_distribution_boxplot.R,28,ok,0.103895336,1.750000000,16.843874493,
script_28,gemini,optimized,r,data_visualization,02_distribution_boxplot,/home/romakrut/PycharmProjects/masters-thesis/task_equivalents/llm_translations/gemini/optimized/r/data_visualization/02_distribution_boxplot.R,29,ok,0.104357264,1.730000000,16.577667272,
script_28,gemini,optimized,r,data_visualization,02_distribution_boxplot,/home/romakrut/PycharmProjects/masters-thesis/task_equivalents/llm_translations/gemini/optimized/r/data_visualization/02_distribution_boxplot.R,30,ok,0.104370293,1.730000000,16.575597809,
script_48,gpt,base,r,statistical_modelling_analysis,02_logistic_regression_odds_ratios,/home/romakrut/PycharmProjects/masters-thesis/task_equivalents/llm_translations/gpt/base/r/statistical_modelling_analysis/02_logistic_regression_odds_ratios.R,1,ok,0.411198194,7.070000000,17.193655281,
script_48,gpt,base,r,statistical_modelling_analysis,02_logistic_regression_odds_ratios,/home/romakrut/PycharmProjects/masters-thesis/task_equivalents/llm_translations/gpt/base/r/statistical_modelling_analysis/02_logistic_regression_odds_ratios.R,2,ok,0.423301267,7.020000000,16.583933353,
script_48,gpt,base,r,statistical_modelling_analysis,02_logistic_regression_odds_ratios,/home/romakrut/PycharmProjects/masters-thesis/task_equivalents/llm_translations/gpt/base/r/statistical_modelling_analysis/02_logistic_regression_odds_ratios.R,3,ok,0.412318157,7.110000000,17.243965320,
script_48,gpt,base,r,statistical_modelling_analysis,02_logistic_regression_odds_ratios,/home/romakrut/PycharmProjects/masters-thesis/task_equivalents/llm_translations/gpt/base/r/statistical_modelling_analysis/02_logistic_regression_odds_ratios.R,4,ok,0.421735753,6.880000000,16.313532706,
script_48,gpt,base,r,statistical_modelling_analysis,02_logistic_regression_odds_ratios,/home/romakrut/PycharmProjects/masters-thesis/task_equivalents/llm_translations/gpt/base/r/statistical_modelling_analysis/02_logistic_regression_odds_ratios.R,5,ok,0.422976687,7.030000000,16.620301345,
script_48,gpt,base,r,statistical_modelling_analysis,02_logistic_regression_odds_ratios,/home/romakrut/PycharmProjects/masters-thesis/task_equivalents/llm_translations/gpt/base/r/statistical_modelling_analysis/02_logistic_regression_odds_ratios.R,6,ok,0.423137314,7.020000000,16.590359129,
script_48,gpt,base,r,statistical_modelling_analysis,02_logistic_regression_odds_ratios,/home/romakrut/PycharmProjects/masters-thesis/task_equivalents/llm_translations/gpt/base/r/statistical_modelling_analysis/02_logistic_regression_odds_ratios.R,7,ok,0.424386389,7.120000000,16.777163888,
script_48,gpt,base,r,statistical_modelling_analysis,02_logistic_regression_odds_ratios,/home/romakrut/PycharmProjects/masters-thesis/task_equivalents/llm_translations/gpt/base/r/statistical_modelling_analysis/02_logistic_regression_odds_ratios.R,8,ok,0.415322202,7.120000000,17.143316600,
script_48,gpt,base,r,statistical_modelling_analysis,02_logistic_regression_odds_ratios,/home/romakrut/PycharmProjects/masters-thesis/task_equivalents/llm_translations/gpt/base/r/statistical_modelling_analysis/02_logistic_regression_odds_ratios.R,9,ok,0.413229753,7.060000000,17.084926603,
script_48,gpt,base,r,statistical_modelling_analysis,02_logistic_regression_odds_ratios,/home/romakrut/PycharmProjects/masters-thesis/task_equivalents/llm_translations/gpt/base/r/statistical_modelling_analysis/02_logistic_regression_odds_ratios.R,10,ok,0.411363448,7.090000000,17.235367008,
script_48,gpt,base,r,statistical_modelling_analysis,02_logistic_regression_odds_ratios,/home/romakrut/PycharmProjects/masters-thesis/task_equivalents/llm_translations/gpt/base/r/statistical_modelling_analysis/02_logistic_regression_odds_ratios.R,11,ok,0.414636493,7.260000000,17.509312669,
script_48,gpt,base,r,statistical_modelling_analysis,02_logistic_regression_odds_ratios,/home/romakrut/PycharmProjects/masters-thesis/task_equivalents/llm_translations/gpt/base/r/statistical_modelling_analysis/02_logistic_regression_odds_ratios.R,12,ok,0.412563444,7.030000000,17.039803459,
script_48,gpt,base,r,statistical_modelling_analysis,02_logistic_regression_odds_ratios,/home/romakrut/PycharmProjects/masters-thesis/task_equivalents/llm_translations/gpt/base/r/statistical_modelling_analysis/02_logistic_regression_odds_ratios.R,13,ok,0.411042168,6.890000000,16.762270483,
script_48,gpt,base,r,statistical_modelling_analysis,02_logistic_regression_odds_ratios,/home/romakrut/PycharmProjects/masters-thesis/task_equivalents/llm_translations/gpt/base/r/statistical_modelling_analysis/02_logistic_regression_odds_ratios.R,14,ok,0.413903264,7.150000000,17.274567808,
script_48,gpt,base,r,statistical_modelling_analysis,02_logistic_regression_odds_ratios,/home/romakrut/PycharmProjects/masters-thesis/task_equivalents/llm_translations/gpt/base/r/statistical_modelling_analysis/02_logistic_regression_odds_ratios.R,15,ok,0.411624039,7.110000000,17.273043667,
script_48,gpt,base,r,statistical_modelling_analysis,02_logistic_regression_odds_ratios,/home/romakrut/PycharmProjects/masters-thesis/task_equivalents/llm_translations/gpt/base/r/statistical_modelling_analysis/02_logistic_regression_odds_ratios.R,16,ok,0.411639099,7.180000000,17.442463598,
script_48,gpt,base,r,statistical_modelling_analysis,02_logistic_regression_odds_ratios,/home/romakrut/PycharmProjects/masters-thesis/task_equivalents/llm_translations/gpt/base/r/statistical_modelling_analysis/02_logistic_regression_odds_ratios.R,17,ok,0.412072051,7.120000000,17.278531710,
script_48,gpt,base,r,statistical_modelling_analysis,02_logistic_regression_odds_ratios,/home/romakrut/PycharmProjects/masters-thesis/task_equivalents/llm_translations/gpt/base/r/statistical_modelling_analysis/02_logistic_regression_odds_ratios.R,18,ok,0.412973211,7.010000000,16.974466656,
script_48,gpt,base,r,statistical_modelling_analysis,02_logistic_regression_odds_ratios,/home/romakrut/PycharmProjects/masters-thesis/task_equivalents/llm_translations/gpt/base/r/statistical_modelling_analysis/02_logistic_regression_odds_ratios.R,19,ok,0.410165441,7.140000000,17.407609921,
script_48,gpt,base,r,statistical_modelling_analysis,02_logistic_regression_odds_ratios,/home/romakrut/PycharmProjects/masters-thesis/task_equivalents/llm_translations/gpt/base/r/statistical_modelling_analysis/02_logistic_regression_odds_ratios.R,20,ok,0.424176638,7.100000000,16.738309855,
script_48,gpt,base,r,statistical_modelling_analysis,02_logistic_regression_odds_ratios,/home/romakrut/PycharmProjects/masters-thesis/task_equivalents/llm_translations/gpt/base/r/statistical_modelling_analysis/02_logistic_regression_odds_ratios.R,21,ok,0.412339359,7.180000000,17.412841737,
script_48,gpt,base,r,statistical_modelling_analysis,02_logistic_regression_odds_ratios,/home/romakrut/PycharmProjects/masters-thesis/task_equivalents/llm_translations/gpt/base/r/statistical_modelling_analysis/02_logistic_regression_odds_ratios.R,22,ok,0.413134012,7.080000000,17.137296360,
script_48,gpt,base,r,statistical_modelling_analysis,02_logistic_regression_odds_ratios,/home/romakrut/PycharmProjects/masters-thesis/task_equivalents/llm_translations/gpt/base/r/statistical_modelling_analysis/02_logistic_regression_odds_ratios.R,23,ok,0.420883358,7.310000000,17.368232459,
script_48,gpt,base,r,statistical_modelling_analysis,02_logistic_regression_odds_ratios,/home/romakrut/PycharmProjects/masters-thesis/task_equivalents/llm_translations/gpt/base/r/statistical_modelling_analysis/02_logistic_regression_odds_ratios.R,24,ok,0.412294131,7.020000000,17.026679431,
script_48,gpt,base,r,statistical_modelling_analysis,02_logistic_regression_odds_ratios,/home/romakrut/PycharmProjects/masters-thesis/task_equivalents/llm_translations/gpt/base/r/statistical_modelling_analysis/02_logistic_regression_odds_ratios.R,25,ok,0.413663525,7.200000000,17.405450481,
script_48,gpt,base,r,statistical_modelling_analysis,02_logistic_regression_odds_ratios,/home/romakrut/PycharmProjects/masters-thesis/task_equivalents/llm_translations/gpt/base/r/statistical_modelling_analysis/02_logistic_regression_odds_ratios.R,26,ok,0.423486673,7.260000000,17.143396623,
script_48,gpt,base,r,statistical_modelling_analysis,02_logistic_regression_odds_ratios,/home/romakrut/PycharmProjects/masters-thesis/task_equivalents/llm_translations/gpt/base/r/statistical_modelling_analysis/02_logistic_regression_odds_ratios.R,27,ok,0.412132120,7.110000000,17.251749269,
script_48,gpt,base,r,statistical_modelling_analysis,02_logistic_regression_odds_ratios,/home/romakrut/PycharmProjects/masters-thesis/task_equivalents/llm_translations/gpt/base/r/statistical_modelling_analysis/02_logistic_regression_odds_ratios.R,28,ok,0.425833394,7.240000000,17.001954525,
script_48,gpt,base,r,statistical_modelling_analysis,02_logistic_regression_odds_ratios,/home/romakrut/PycharmProjects/masters-thesis/task_equivalents/llm_translations/gpt/base/r/statistical_modelling_analysis/02_logistic_regression_odds_ratios.R,29,ok,0.414405408,7.100000000,17.132981044,
script_48,gpt,base,r,statistical_modelling_analysis,02_logistic_regression_odds_ratios,/home/romakrut/PycharmProjects/masters-thesis/task_equivalents/llm_translations/gpt/base/r/statistical_modelling_analysis/02_logistic_regression_odds_ratios.R,30,ok,0.410653009,7.120000000,17.338238961,
script_100,starcoder,base,python,data_visualization,02_distribution_boxplot,/home/romakrut/PycharmProjects/masters-thesis/task_equivalents/llm_translations/starcoder/base/python/data_visualization/02_distribution_boxplot.py,1,ok,0.418831276,6.740000000,16.092398983,
script_100,starcoder,base,python,data_visualization,02_distribution_boxplot,/home/romakrut/PycharmProjects/masters-thesis/task_equivalents/llm_translations/starcoder/base/python/data_visualization/02_distribution_boxplot.py,2,ok,0.419699365,6.870000000,16.368859648,
script_100,starcoder,base,python,data_visualization,02_distribution_boxplot,/home/romakrut/PycharmProjects/masters-thesis/task_equivalents/llm_translations/starcoder/base/python/data_visualization/02_distribution_boxplot.py,3,ok,0.418599266,6.780000000,16.196875032,
script_100,starcoder,base,python,data_visualization,02_distribution_boxplot,/home/romakrut/PycharmProjects/masters-thesis/task_equivalents/llm_translations/starcoder/base/python/data_visualization/02_distribution_boxplot.py,4,ok,0.420744005,6.800000000,16.161846442,
script_100,starcoder,base,python,data_visualization,02_distribution_boxplot,/home/romakrut/PycharmProjects/masters-thesis/task_equivalents/llm_translations/starcoder/base/python/data_visualization/02_distribution_boxplot.py,5,ok,0.419644703,6.820000000,16.251843408,
script_100,starcoder,base,python,data_visualization,02_distribution_boxplot,/home/romakrut/PycharmProjects/masters-thesis/task_equivalents/llm_translations/starcoder/base/python/data_visualization/02_distribution_boxplot.py,6,ok,0.419520369,6.740000000,16.065966037,
script_100,starcoder,base,python,data_visualization,02_distribution_boxplot,/home/romakrut/PycharmProjects/masters-thesis/task_equivalents/llm_translations/starcoder/base/python/data_visualization/02_distribution_boxplot.py,7,ok,0.418823123,6.780000000,16.188217956,
script_100,starcoder,base,python,data_visualization,02_distribution_boxplot,/home/romakrut/PycharmProjects/masters-thesis/task_equivalents/llm_translations/starcoder/base/python/data_visualization/02_distribution_boxplot.py,8,ok,0.418942318,6.690000000,15.968785469,
script_100,starcoder,base,python,data_visualization,02_distribution_boxplot,/home/romakrut/PycharmProjects/masters-thesis/task_equivalents/llm_translations/starcoder/base/python/data_visualization/02_distribution_boxplot.py,9,ok,0.419607948,6.770000000,16.134108118,
script_100,starcoder,base,python,data_visualization,02_distribution_boxplot,/home/romakrut/PycharmProjects/masters-thesis/task_equivalents/llm_translations/starcoder/base/python/data_visualization/02_distribution_boxplot.py,10,ok,0.418106542,6.630000000,15.857202253,
script_100,starcoder,base,python,data_visualization,02_distribution_boxplot,/home/romakrut/PycharmProjects/masters-thesis/task_equivalents/llm_translations/starcoder/base/python/data_visualization/02_distribution_boxplot.py,11,ok,0.419236228,6.820000000,16.267678088,
script_100,starcoder,base,python,data_visualization,02_distribution_boxplot,/home/romakrut/PycharmProjects/masters-thesis/task_equivalents/llm_translations/starcoder/base/python/data_visualization/02_distribution_boxplot.py,12,ok,0.420060100,6.910000000,16.450027032,
script_100,starcoder,base,python,data_visualization,02_distribution_boxplot,/home/romakrut/PycharmProjects/masters-thesis/task_equivalents/llm_translations/starcoder/base/python/data_visualization/02_distribution_boxplot.py,13,ok,0.419689278,6.820000000,16.250117307,
script_100,starcoder,base,python,data_visualization,02_distribution_boxplot,/home/romakrut/PycharmProjects/masters-thesis/task_equivalents/llm_translations/starcoder/base/python/data_visualization/02_distribution_boxplot.py,14,ok,0.419948387,6.990000000,16.644902603,
script_100,starcoder,base,python,data_visualization,02_distribution_boxplot,/home/romakrut/PycharmProjects/masters-thesis/task_equivalents/llm_translations/starcoder/base/python/data_visualization/02_distribution_boxplot.py,15,ok,0.418641380,6.770000000,16.171358885,
script_100,starcoder,base,python,data_visualization,02_distribution_boxplot,/home/romakrut/PycharmProjects/masters-thesis/task_equivalents/llm_translations/starcoder/base/python/data_visualization/02_distribution_boxplot.py,16,ok,0.421320520,6.840000000,16.234670934,
script_100,starcoder,base,python,data_visualization,02_distribution_boxplot,/home/romakrut/PycharmProjects/masters-thesis/task_equivalents/llm_translations/starcoder/base/python/data_visualization/02_distribution_boxplot.py,17,ok,0.421430966,6.890000000,16.349059646,
script_100,starcoder,base,python,data_visualization,02_distribution_boxplot,/home/romakrut/PycharmProjects/masters-thesis/task_equivalents/llm_translations/starcoder/base/python/data_visualization/02_distribution_boxplot.py,18,ok,0.422607480,6.930000000,16.398195318,
script_100,starcoder,base,python,data_visualization,02_distribution_boxplot,/home/romakrut/PycharmProjects/masters-thesis/task_equivalents/llm_translations/starcoder/base/python/data_visualization/02_distribution_boxplot.py,19,ok,0.418640817,6.790000000,16.219154283,
script_100,starcoder,base,python,data_visualization,02_distribution_boxplot,/home/romakrut/PycharmProjects/masters-thesis/task_equivalents/llm_translations/starcoder/base/python/data_visualization/02_distribution_boxplot.py,20,ok,0.419871397,7.030000000,16.743221973,
script_100,starcoder,base,python,data_visualization,02_distribution_boxplot,/home/romakrut/PycharmProjects/masters-thesis/task_equivalents/llm_translations/starcoder/base/python/data_visualization/02_distribution_boxplot.py,21,ok,0.420095494,6.810000000,16.210599964,
script_100,starcoder,base,python,data_visualization,02_distribution_boxplot,/home/romakrut/PycharmProjects/masters-thesis/task_equivalents/llm_translations/starcoder/base/python/data_visualization/02_distribution_boxplot.py,22,ok,0.419091380,6.900000000,16.464189743,
script_100,starcoder,base,python,data_visualization,02_distribution_boxplot,/home/romakrut/PycharmProjects/masters-thesis/task_equivalents/llm_translations/starcoder/base/python/data_visualization/02_distribution_boxplot.py,23,ok,0.420124050,7.010000000,16.685547995,
script_100,starcoder,base,python,data_visualization,02_distribution_boxplot,/home/romakrut/PycharmProjects/masters-thesis/task_equivalents/llm_translations/starcoder/base/python/data_visualization/02_distribution_boxplot.py,24,ok,0.417839524,6.890000000,16.489584169,
script_100,starcoder,base,python,data_visualization,02_distribution_boxplot,/home/romakrut/PycharmProjects/masters-thesis/task_equivalents/llm_translations/starcoder/base/python/data_visualization/02_distribution_boxplot.py,25,ok,0.419111327,6.970000000,16.630426216,
script_100,starcoder,base,python,data_visualization,02_distribution_boxplot,/home/romakrut/PycharmProjects/masters-thesis/task_equivalents/llm_translations/starcoder/base/python/data_visualization/02_distribution_boxplot.py,26,ok,0.419726290,6.870000000,16.367809603,
script_100,starcoder,base,python,data_visualization,02_distribution_boxplot,/home/romakrut/PycharmProjects/masters-thesis/task_equivalents/llm_translations/starcoder/base/python/data_visualization/02_distribution_boxplot.py,27,ok,0.417744564,6.850000000,16.397580221,
script_100,starcoder,base,python,data_visualization,02_distribution_boxplot,/home/romakrut/PycharmProjects/masters-thesis/task_equivalents/llm_translations/starcoder/base/python/data_visualization/02_distribution_boxplot.py,28,ok,0.419694287,6.900000000,16.440538301,
script_100,starcoder,base,python,data_visualization,02_distribution_boxplot,/home/romakrut/PycharmProjects/masters-thesis/task_equivalents/llm_translations/starcoder/base/python/data_visualization/02_distribution_boxplot.py,29,ok,0.419693953,6.900000000,16.440551384,
script_100,starcoder,base,python,data_visualization,02_distribution_boxplot,/home/romakrut/PycharmProjects/masters-thesis/task_equivalents/llm_translations/starcoder/base/python/data_visualization/02_distribution_boxplot.py,30,ok,0.419428741,6.870000000,16.379421171,
script_64,gpt,optimized,r,statistical_modelling_analysis,02_logistic_regression_odds_ratios,/home/romakrut/PycharmProjects/masters-thesis/task_equivalents/llm_translations/gpt/optimized/r/statistical_modelling_analysis/02_logistic_regression_odds_ratios.R,1,ok,0.336981182,5.760000000,17.092942596,
script_64,gpt,optimized,r,statistical_modelling_analysis,02_logistic_regression_odds_ratios,/home/romakrut/PycharmProjects/masters-thesis/task_equivalents/llm_translations/gpt/optimized/r/statistical_modelling_analysis/02_logistic_regression_odds_ratios.R,2,ok,0.347781083,5.900000000,16.964695000,
script_64,gpt,optimized,r,statistical_modelling_analysis,02_logistic_regression_odds_ratios,/home/romakrut/PycharmProjects/masters-thesis/task_equivalents/llm_translations/gpt/optimized/r/statistical_modelling_analysis/02_logistic_regression_odds_ratios.R,3,ok,0.346004144,5.850000000,16.907311954,
script_64,gpt,optimized,r,statistical_modelling_analysis,02_logistic_regression_odds_ratios,/home/romakrut/PycharmProjects/masters-thesis/task_equivalents/llm_translations/gpt/optimized/r/statistical_modelling_analysis/02_logistic_regression_odds_ratios.R,4,ok,0.342912218,5.800000000,16.913949680,
script_64,gpt,optimized,r,statistical_modelling_analysis,02_logistic_regression_odds_ratios,/home/romakrut/PycharmProjects/masters-thesis/task_equivalents/llm_translations/gpt/optimized/r/statistical_modelling_analysis/02_logistic_regression_odds_ratios.R,5,ok,0.340415079,5.870000000,17.243654474,
script_64,gpt,optimized,r,statistical_modelling_analysis,02_logistic_regression_odds_ratios,/home/romakrut/PycharmProjects/masters-thesis/task_equivalents/llm_translations/gpt/optimized/r/statistical_modelling_analysis/02_logistic_regression_odds_ratios.R,6,ok,0.341390022,5.900000000,17.282286007,
script_64,gpt,optimized,r,statistical_modelling_analysis,02_logistic_regression_odds_ratios,/home/romakrut/PycharmProjects/masters-thesis/task_equivalents/llm_translations/gpt/optimized/r/statistical_modelling_analysis/02_logistic_regression_odds_ratios.R,7,ok,0.340537933,5.720000000,16.796954012,
script_64,gpt,optimized,r,statistical_modelling_analysis,02_logistic_regression_odds_ratios,/home/romakrut/PycharmProjects/masters-thesis/task_equivalents/llm_translations/gpt/optimized/r/statistical_modelling_analysis/02_logistic_regression_odds_ratios.R,8,ok,0.341168530,5.850000000,17.146950805,
script_64,gpt,optimized,r,statistical_modelling_analysis,02_logistic_regression_odds_ratios,/home/romakrut/PycharmProjects/masters-thesis/task_equivalents/llm_translations/gpt/optimized/r/statistical_modelling_analysis/02_logistic_regression_odds_ratios.R,9,ok,0.348801779,5.880000000,16.857712185,
script_64,gpt,optimized,r,statistical_modelling_analysis,02_logistic_regression_odds_ratios,/home/romakrut/PycharmProjects/masters-thesis/task_equivalents/llm_translations/gpt/optimized/r/statistical_modelling_analysis/02_logistic_regression_odds_ratios.R,10,ok,0.338078454,5.710000000,16.889570845,
script_64,gpt,optimized,r,statistical_modelling_analysis,02_logistic_regression_odds_ratios,/home/romakrut/PycharmProjects/masters-thesis/task_equivalents/llm_translations/gpt/optimized/r/statistical_modelling_analysis/02_logistic_regression_odds_ratios.R,11,ok,0.347841550,5.770000000,16.588012559,
script_64,gpt,optimized,r,statistical_modelling_analysis,02_logistic_regression_odds_ratios,/home/romakrut/PycharmProjects/masters-thesis/task_equivalents/llm_translations/gpt/optimized/r/statistical_modelling_analysis/02_logistic_regression_odds_ratios.R,12,ok,0.349107067,5.900000000,16.900259427,
script_64,gpt,optimized,r,statistical_modelling_analysis,02_logistic_regression_odds_ratios,/home/romakrut/PycharmProjects/masters-thesis/task_equivalents/llm_translations/gpt/optimized/r/statistical_modelling_analysis/02_logistic_regression_odds_ratios.R,13,ok,0.339770253,5.950000000,17.511833209,
script_64,gpt,optimized,r,statistical_modelling_analysis,02_logistic_regression_odds_ratios,/home/romakrut/PycharmProjects/masters-thesis/task_equivalents/llm_translations/gpt/optimized/r/statistical_modelling_analysis/02_logistic_regression_odds_ratios.R,14,ok,0.340671217,5.740000000,16.849090013,
script_64,gpt,optimized,r,statistical_modelling_analysis,02_logistic_regression_odds_ratios,/home/romakrut/PycharmProjects/masters-thesis/task_equivalents/llm_translations/gpt/optimized/r/statistical_modelling_analysis/02_logistic_regression_odds_ratios.R,15,ok,0.346277500,5.840000000,16.865086527,
script_64,gpt,optimized,r,statistical_modelling_analysis,02_logistic_regression_odds_ratios,/home/romakrut/PycharmProjects/masters-thesis/task_equivalents/llm_translations/gpt/optimized/r/statistical_modelling_analysis/02_logistic_regression_odds_ratios.R,16,ok,0.349339754,5.840000000,16.717249993,
script_64,gpt,optimized,r,statistical_modelling_analysis,02_logistic_regression_odds_ratios,/home/romakrut/PycharmProjects/masters-thesis/task_equivalents/llm_translations/gpt/optimized/r/statistical_modelling_analysis/02_logistic_regression_odds_ratios.R,17,ok,0.340433938,5.860000000,17.213324954,
script_64,gpt,optimized,r,statistical_modelling_analysis,02_logistic_regression_odds_ratios,/home/romakrut/PycharmProjects/masters-thesis/task_equivalents/llm_translations/gpt/optimized/r/statistical_modelling_analysis/02_logistic_regression_odds_ratios.R,18,ok,0.339159908,5.730000000,16.894685559,
script_64,gpt,optimized,r,statistical_modelling_analysis,02_logistic_regression_odds_ratios,/home/romakrut/PycharmProjects/masters-thesis/task_equivalents/llm_translations/gpt/optimized/r/statistical_modelling_analysis/02_logistic_regression_odds_ratios.R,19,ok,0.348122838,5.810000000,16.689511189,
script_64,gpt,optimized,r,statistical_modelling_analysis,02_logistic_regression_odds_ratios,/home/romakrut/PycharmProjects/masters-thesis/task_equivalents/llm_translations/gpt/optimized/r/statistical_modelling_analysis/02_logistic_regression_odds_ratios.R,20,ok,0.349932037,5.820000000,16.631800992,
script_64,gpt,optimized,r,statistical_modelling_analysis,02_logistic_regression_odds_ratios,/home/romakrut/PycharmProjects/masters-thesis/task_equivalents/llm_translations/gpt/optimized/r/statistical_modelling_analysis/02_logistic_regression_odds_ratios.R,21,ok,0.341137510,5.930000000,17.383019534,
script_64,gpt,optimized,r,statistical_modelling_analysis,02_logistic_regression_odds_ratios,/home/romakrut/PycharmProjects/masters-thesis/task_equivalents/llm_translations/gpt/optimized/r/statistical_modelling_analysis/02_logistic_regression_odds_ratios.R,22,ok,0.349136336,5.850000000,16.755632104,
script_64,gpt,optimized,r,statistical_modelling_analysis,02_logistic_regression_odds_ratios,/home/romakrut/PycharmProjects/masters-thesis/task_equivalents/llm_translations/gpt/optimized/r/statistical_modelling_analysis/02_logistic_regression_odds_ratios.R,23,ok,0.350824599,5.840000000,16.646495191,
script_64,gpt,optimized,r,statistical_modelling_analysis,02_logistic_regression_odds_ratios,/home/romakrut/PycharmProjects/masters-thesis/task_equivalents/llm_translations/gpt/optimized/r/statistical_modelling_analysis/02_logistic_regression_odds_ratios.R,24,ok,0.350253627,5.830000000,16.645081023,
script_64,gpt,optimized,r,statistical_modelling_analysis,02_logistic_regression_odds_ratios,/home/romakrut/PycharmProjects/masters-thesis/task_equivalents/llm_translations/gpt/optimized/r/statistical_modelling_analysis/02_logistic_regression_odds_ratios.R,25,ok,0.347133423,5.980000000,17.226805614,
script_64,gpt,optimized,r,statistical_modelling_analysis,02_logistic_regression_odds_ratios,/home/romakrut/PycharmProjects/masters-thesis/task_equivalents/llm_translations/gpt/optimized/r/statistical_modelling_analysis/02_logistic_regression_odds_ratios.R,26,ok,0.346190256,5.880000000,16.984880129,
script_64,gpt,optimized,r,statistical_modelling_analysis,02_logistic_regression_odds_ratios,/home/romakrut/PycharmProjects/masters-thesis/task_equivalents/llm_translations/gpt/optimized/r/statistical_modelling_analysis/02_logistic_regression_odds_ratios.R,27,ok,0.347503658,5.790000000,16.661695112,
script_64,gpt,optimized,r,statistical_modelling_analysis,02_logistic_regression_odds_ratios,/home/romakrut/PycharmProjects/masters-thesis/task_equivalents/llm_translations/gpt/optimized/r/statistical_modelling_analysis/02_logistic_regression_odds_ratios.R,28,ok,0.340974723,5.860000000,17.186024666,
script_64,gpt,optimized,r,statistical_modelling_analysis,02_logistic_regression_odds_ratios,/home/romakrut/PycharmProjects/masters-thesis/task_equivalents/llm_translations/gpt/optimized/r/statistical_modelling_analysis/02_logistic_regression_odds_ratios.R,29,ok,0.349107632,5.940000000,17.014809920,
script_64,gpt,optimized,r,statistical_modelling_analysis,02_logistic_regression_odds_ratios,/home/romakrut/PycharmProjects/masters-thesis/task_equivalents/llm_translations/gpt/optimized/r/statistical_modelling_analysis/02_logistic_regression_odds_ratios.R,30,ok,0.339678185,5.860000000,17.251623033,
script_55,gpt,optimized,python,statistical_modelling_analysis,01_linear_regression_inference,/home/romakrut/PycharmProjects/masters-thesis/task_equivalents/llm_translations/gpt/optimized/python/statistical_modelling_analysis/01_linear_regression_inference.py,1,ok,0.578715528,9.480000000,16.381105295,
script_55,gpt,optimized,python,statistical_modelling_analysis,01_linear_regression_inference,/home/romakrut/PycharmProjects/masters-thesis/task_equivalents/llm_translations/gpt/optimized/python/statistical_modelling_analysis/01_linear_regression_inference.py,2,ok,0.580391696,9.420000000,16.230418293,
script_55,gpt,optimized,python,statistical_modelling_analysis,01_linear_regression_inference,/home/romakrut/PycharmProjects/masters-thesis/task_equivalents/llm_translations/gpt/optimized/python/statistical_modelling_analysis/01_linear_regression_inference.py,3,ok,0.578215062,9.380000000,16.222337702,
script_55,gpt,optimized,python,statistical_modelling_analysis,01_linear_regression_inference,/home/romakrut/PycharmProjects/masters-thesis/task_equivalents/llm_translations/gpt/optimized/python/statistical_modelling_analysis/01_linear_regression_inference.py,4,ok,0.584871043,9.500000000,16.242896812,
script_55,gpt,optimized,python,statistical_modelling_analysis,01_linear_regression_inference,/home/romakrut/PycharmProjects/masters-thesis/task_equivalents/llm_translations/gpt/optimized/python/statistical_modelling_analysis/01_linear_regression_inference.py,5,ok,0.580148658,9.470000000,16.323402406,
script_55,gpt,optimized,python,statistical_modelling_analysis,01_linear_regression_inference,/home/romakrut/PycharmProjects/masters-thesis/task_equivalents/llm_translations/gpt/optimized/python/statistical_modelling_analysis/01_linear_regression_inference.py,6,ok,0.578783979,9.480000000,16.379167952,
script_55,gpt,optimized,python,statistical_modelling_analysis,01_linear_regression_inference,/home/romakrut/PycharmProjects/masters-thesis/task_equivalents/llm_translations/gpt/optimized/python/statistical_modelling_analysis/01_linear_regression_inference.py,7,ok,0.581705844,9.380000000,16.124988423,
script_55,gpt,optimized,python,statistical_modelling_analysis,01_linear_regression_inference,/home/romakrut/PycharmProjects/masters-thesis/task_equivalents/llm_translations/gpt/optimized/python/statistical_modelling_analysis/01_linear_regression_inference.py,8,ok,0.581053101,9.580000000,16.487305521,
script_55,gpt,optimized,python,statistical_modelling_analysis,01_linear_regression_inference,/home/romakrut/PycharmProjects/masters-thesis/task_equivalents/llm_translations/gpt/optimized/python/statistical_modelling_analysis/01_linear_regression_inference.py,9,ok,0.582664345,9.670000000,16.596175968,
script_55,gpt,optimized,python,statistical_modelling_analysis,01_linear_regression_inference,/home/romakrut/PycharmProjects/masters-thesis/task_equivalents/llm_translations/gpt/optimized/python/statistical_modelling_analysis/01_linear_regression_inference.py,10,ok,0.587111244,9.530000000,16.232017522,
script_55,gpt,optimized,python,statistical_modelling_analysis,01_linear_regression_inference,/home/romakrut/PycharmProjects/masters-thesis/task_equivalents/llm_translations/gpt/optimized/python/statistical_modelling_analysis/01_linear_regression_inference.py,11,ok,0.580937345,9.590000000,16.507804297,
script_55,gpt,optimized,python,statistical_modelling_analysis,01_linear_regression_inference,/home/romakrut/PycharmProjects/masters-thesis/task_equivalents/llm_translations/gpt/optimized/python/statistical_modelling_analysis/01_linear_regression_inference.py,12,ok,0.582162664,9.300000000,15.974916591,
script_55,gpt,optimized,python,statistical_modelling_analysis,01_linear_regression_inference,/home/romakrut/PycharmProjects/masters-thesis/task_equivalents/llm_translations/gpt/optimized/python/statistical_modelling_analysis/01_linear_regression_inference.py,13,ok,0.579065511,9.430000000,16.284858657,
script_55,gpt,optimized,python,statistical_modelling_analysis,01_linear_regression_inference,/home/romakrut/PycharmProjects/masters-thesis/task_equivalents/llm_translations/gpt/optimized/python/statistical_modelling_analysis/01_linear_regression_inference.py,14,ok,0.581619304,9.400000000,16.161774438,
script_55,gpt,optimized,python,statistical_modelling_analysis,01_linear_regression_inference,/home/romakrut/PycharmProjects/masters-thesis/task_equivalents/llm_translations/gpt/optimized/python/statistical_modelling_analysis/01_linear_regression_inference.py,15,ok,0.582039791,9.450000000,16.236003356,
script_55,gpt,optimized,python,statistical_modelling_analysis,01_linear_regression_inference,/home/romakrut/PycharmProjects/masters-thesis/task_equivalents/llm_translations/gpt/optimized/python/statistical_modelling_analysis/01_linear_regression_inference.py,16,ok,0.578663712,9.600000000,16.589946459,
script_55,gpt,optimized,python,statistical_modelling_analysis,01_linear_regression_inference,/home/romakrut/PycharmProjects/masters-thesis/task_equivalents/llm_translations/gpt/optimized/python/statistical_modelling_analysis/01_linear_regression_inference.py,17,ok,0.580576826,9.650000000,16.621400593,
script_55,gpt,optimized,python,statistical_modelling_analysis,01_linear_regression_inference,/home/romakrut/PycharmProjects/masters-thesis/task_equivalents/llm_translations/gpt/optimized/python/statistical_modelling_analysis/01_linear_regression_inference.py,18,ok,0.576560028,9.440000000,16.372969928,
script_55,gpt,optimized,python,statistical_modelling_analysis,01_linear_regression_inference,/home/romakrut/PycharmProjects/masters-thesis/task_equivalents/llm_translations/gpt/optimized/python/statistical_modelling_analysis/01_linear_regression_inference.py,19,ok,0.579886238,9.590000000,16.537726491,
script_55,gpt,optimized,python,statistical_modelling_analysis,01_linear_regression_inference,/home/romakrut/PycharmProjects/masters-thesis/task_equivalents/llm_translations/gpt/optimized/python/statistical_modelling_analysis/01_linear_regression_inference.py,20,ok,0.584492488,9.400000000,16.082328162,
script_55,gpt,optimized,python,statistical_modelling_analysis,01_linear_regression_inference,/home/romakrut/PycharmProjects/masters-thesis/task_equivalents/llm_translations/gpt/optimized/python/statistical_modelling_analysis/01_linear_regression_inference.py,21,ok,0.582863063,9.390000000,16.110130485,
script_55,gpt,optimized,python,statistical_modelling_analysis,01_linear_regression_inference,/home/romakrut/PycharmProjects/masters-thesis/task_equivalents/llm_translations/gpt/optimized/python/statistical_modelling_analysis/01_linear_regression_inference.py,22,ok,0.578537957,9.640000000,16.662692367,
script_55,gpt,optimized,python,statistical_modelling_analysis,01_linear_regression_inference,/home/romakrut/PycharmProjects/masters-thesis/task_equivalents/llm_translations/gpt/optimized/python/statistical_modelling_analysis/01_linear_regression_inference.py,23,ok,0.580851985,9.600000000,16.527446317,
script_55,gpt,optimized,python,statistical_modelling_analysis,01_linear_regression_inference,/home/romakrut/PycharmProjects/masters-thesis/task_equivalents/llm_translations/gpt/optimized/python/statistical_modelling_analysis/01_linear_regression_inference.py,24,ok,0.579778709,9.600000000,16.558041630,
script_55,gpt,optimized,python,statistical_modelling_analysis,01_linear_regression_inference,/home/romakrut/PycharmProjects/masters-thesis/task_equivalents/llm_translations/gpt/optimized/python/statistical_modelling_analysis/01_linear_regression_inference.py,25,ok,0.584006624,9.600000000,16.438169715,
script_55,gpt,optimized,python,statistical_modelling_analysis,01_linear_regression_inference,/home/romakrut/PycharmProjects/masters-thesis/task_equivalents/llm_translations/gpt/optimized/python/statistical_modelling_analysis/01_linear_regression_inference.py,26,ok,0.582756966,9.610000000,16.490579368,
script_55,gpt,optimized,python,statistical_modelling_analysis,01_linear_regression_inference,/home/romakrut/PycharmProjects/masters-thesis/task_equivalents/llm_translations/gpt/optimized/python/statistical_modelling_analysis/01_linear_regression_inference.py,27,ok,0.583107462,9.380000000,16.086228716,
script_55,gpt,optimized,python,statistical_modelling_analysis,01_linear_regression_inference,/home/romakrut/PycharmProjects/masters-thesis/task_equivalents/llm_translations/gpt/optimized/python/statistical_modelling_analysis/01_linear_regression_inference.py,28,ok,0.577858367,9.390000000,16.249656553,
script_55,gpt,optimized,python,statistical_modelling_analysis,01_linear_regression_inference,/home/romakrut/PycharmProjects/masters-thesis/task_equivalents/llm_translations/gpt/optimized/python/statistical_modelling_analysis/01_linear_regression_inference.py,29,ok,0.581350615,9.570000000,16.461666597,
script_55,gpt,optimized,python,statistical_modelling_analysis,01_linear_regression_inference,/home/romakrut/PycharmProjects/masters-thesis/task_equivalents/llm_translations/gpt/optimized/python/statistical_modelling_analysis/01_linear_regression_inference.py,30,ok,0.584013234,9.590000000,16.420860764,
script_30,gemini,optimized,r,machine_learning_workflows,02_regression_workflow_feature_importance,/home/romakrut/PycharmProjects/masters-thesis/task_equivalents/llm_translations/gemini/optimized/r/machine_learning_workflows/02_regression_workflow_feature_importance.R,1,ok,2.508222920,42.990000000,17.139624894,
script_30,gemini,optimized,r,machine_learning_workflows,02_regression_workflow_feature_importance,/home/romakrut/PycharmProjects/masters-thesis/task_equivalents/llm_translations/gemini/optimized/r/machine_learning_workflows/02_regression_workflow_feature_importance.R,2,ok,2.490705994,41.960000000,16.846629069,
script_30,gemini,optimized,r,machine_learning_workflows,02_regression_workflow_feature_importance,/home/romakrut/PycharmProjects/masters-thesis/task_equivalents/llm_translations/gemini/optimized/r/machine_learning_workflows/02_regression_workflow_feature_importance.R,3,ok,2.462503839,42.810000000,17.384744471,
script_30,gemini,optimized,r,machine_learning_workflows,02_regression_workflow_feature_importance,/home/romakrut/PycharmProjects/masters-thesis/task_equivalents/llm_translations/gemini/optimized/r/machine_learning_workflows/02_regression_workflow_feature_importance.R,4,ok,2.466208287,42.790000000,17.350521538,
script_30,gemini,optimized,r,machine_learning_workflows,02_regression_workflow_feature_importance,/home/romakrut/PycharmProjects/masters-thesis/task_equivalents/llm_translations/gemini/optimized/r/machine_learning_workflows/02_regression_workflow_feature_importance.R,5,ok,2.503865458,43.670000000,17.441032968,
script_30,gemini,optimized,r,machine_learning_workflows,02_regression_workflow_feature_importance,/home/romakrut/PycharmProjects/masters-thesis/task_equivalents/llm_translations/gemini/optimized/r/machine_learning_workflows/02_regression_workflow_feature_importance.R,6,ok,2.488101994,43.570000000,17.511340011,
script_30,gemini,optimized,r,machine_learning_workflows,02_regression_workflow_feature_importance,/home/romakrut/PycharmProjects/masters-thesis/task_equivalents/llm_translations/gemini/optimized/r/machine_learning_workflows/02_regression_workflow_feature_importance.R,7,ok,2.490182040,43.390000000,17.424428939,
script_30,gemini,optimized,r,machine_learning_workflows,02_regression_workflow_feature_importance,/home/romakrut/PycharmProjects/masters-thesis/task_equivalents/llm_translations/gemini/optimized/r/machine_learning_workflows/02_regression_workflow_feature_importance.R,8,ok,2.494265509,43.200000000,17.319727930,
script_30,gemini,optimized,r,machine_learning_workflows,02_regression_workflow_feature_importance,/home/romakrut/PycharmProjects/masters-thesis/task_equivalents/llm_translations/gemini/optimized/r/machine_learning_workflows/02_regression_workflow_feature_importance.R,9,ok,2.469709299,43.980000000,17.807763860,
script_30,gemini,optimized,r,machine_learning_workflows,02_regression_workflow_feature_importance,/home/romakrut/PycharmProjects/masters-thesis/task_equivalents/llm_translations/gemini/optimized/r/machine_learning_workflows/02_regression_workflow_feature_importance.R,10,ok,2.491350128,44.060000000,17.685189851,
script_30,gemini,optimized,r,machine_learning_workflows,02_regression_workflow_feature_importance,/home/romakrut/PycharmProjects/masters-thesis/task_equivalents/llm_translations/gemini/optimized/r/machine_learning_workflows/02_regression_workflow_feature_importance.R,11,ok,2.462860570,43.610000000,17.707051926,
script_30,gemini,optimized,r,machine_learning_workflows,02_regression_workflow_feature_importance,/home/romakrut/PycharmProjects/masters-thesis/task_equivalents/llm_translations/gemini/optimized/r/machine_learning_workflows/02_regression_workflow_feature_importance.R,12,ok,2.479404766,43.740000000,17.641330935,
script_30,gemini,optimized,r,machine_learning_workflows,02_regression_workflow_feature_importance,/home/romakrut/PycharmProjects/masters-thesis/task_equivalents/llm_translations/gemini/optimized/r/machine_learning_workflows/02_regression_workflow_feature_importance.R,13,ok,2.467102708,43.640000000,17.688764987,
script_30,gemini,optimized,r,machine_learning_workflows,02_regression_workflow_feature_importance,/home/romakrut/PycharmProjects/masters-thesis/task_equivalents/llm_translations/gemini/optimized/r/machine_learning_workflows/02_regression_workflow_feature_importance.R,14,ok,3.709996264,43.070000000,11.609176111,
script_30,gemini,optimized,r,machine_learning_workflows,02_regression_workflow_feature_importance,/home/romakrut/PycharmProjects/masters-thesis/task_equivalents/llm_translations/gemini/optimized/r/machine_learning_workflows/02_regression_workflow_feature_importance.R,15,ok,2.464534633,43.090000000,17.484031031,
script_30,gemini,optimized,r,machine_learning_workflows,02_regression_workflow_feature_importance,/home/romakrut/PycharmProjects/masters-thesis/task_equivalents/llm_translations/gemini/optimized/r/machine_learning_workflows/02_regression_workflow_feature_importance.R,16,ok,2.482992732,43.700000000,17.599729325,
script_30,gemini,optimized,r,machine_learning_workflows,02_regression_workflow_feature_importance,/home/romakrut/PycharmProjects/masters-thesis/task_equivalents/llm_translations/gemini/optimized/r/machine_learning_workflows/02_regression_workflow_feature_importance.R,17,ok,2.482958684,43.810000000,17.644272650,
script_30,gemini,optimized,r,machine_learning_workflows,02_regression_workflow_feature_importance,/home/romakrut/PycharmProjects/masters-thesis/task_equivalents/llm_translations/gemini/optimized/r/machine_learning_workflows/02_regression_workflow_feature_importance.R,18,ok,2.458836343,43.180000000,17.561152503,
script_30,gemini,optimized,r,machine_learning_workflows,02_regression_workflow_feature_importance,/home/romakrut/PycharmProjects/masters-thesis/task_equivalents/llm_translations/gemini/optimized/r/machine_learning_workflows/02_regression_workflow_feature_importance.R,19,ok,2.501352682,43.650000000,17.450557978,
script_30,gemini,optimized,r,machine_learning_workflows,02_regression_workflow_feature_importance,/home/romakrut/PycharmProjects/masters-thesis/task_equivalents/llm_translations/gemini/optimized/r/machine_learning_workflows/02_regression_workflow_feature_importance.R,20,ok,2.465954776,43.060000000,17.461796307,
script_30,gemini,optimized,r,machine_learning_workflows,02_regression_workflow_feature_importance,/home/romakrut/PycharmProjects/masters-thesis/task_equivalents/llm_translations/gemini/optimized/r/machine_learning_workflows/02_regression_workflow_feature_importance.R,21,ok,2.469393818,43.430000000,17.587312191,
script_30,gemini,optimized,r,machine_learning_workflows,02_regression_workflow_feature_importance,/home/romakrut/PycharmProjects/masters-thesis/task_equivalents/llm_translations/gemini/optimized/r/machine_learning_workflows/02_regression_workflow_feature_importance.R,22,ok,2.520013251,44.840000000,17.793557229,
script_30,gemini,optimized,r,machine_learning_workflows,02_regression_workflow_feature_importance,/home/romakrut/PycharmProjects/masters-thesis/task_equivalents/llm_translations/gemini/optimized/r/machine_learning_workflows/02_regression_workflow_feature_importance.R,23,ok,2.470246582,43.190000000,17.484084510,
script_30,gemini,optimized,r,machine_learning_workflows,02_regression_workflow_feature_importance,/home/romakrut/PycharmProjects/masters-thesis/task_equivalents/llm_translations/gemini/optimized/r/machine_learning_workflows/02_regression_workflow_feature_importance.R,24,ok,2.482720027,43.830000000,17.654024426,
script_30,gemini,optimized,r,machine_learning_workflows,02_regression_workflow_feature_importance,/home/romakrut/PycharmProjects/masters-thesis/task_equivalents/llm_translations/gemini/optimized/r/machine_learning_workflows/02_regression_workflow_feature_importance.R,25,ok,2.516164255,43.570000000,17.316039648,
script_30,gemini,optimized,r,machine_learning_workflows,02_regression_workflow_feature_importance,/home/romakrut/PycharmProjects/masters-thesis/task_equivalents/llm_translations/gemini/optimized/r/machine_learning_workflows/02_regression_workflow_feature_importance.R,26,ok,2.471533752,43.970000000,17.790572338,
script_30,gemini,optimized,r,machine_learning_workflows,02_regression_workflow_feature_importance,/home/romakrut/PycharmProjects/masters-thesis/task_equivalents/llm_translations/gemini/optimized/r/machine_learning_workflows/02_regression_workflow_feature_importance.R,27,ok,2.469487160,43.870000000,17.764822069,
script_30,gemini,optimized,r,machine_learning_workflows,02_regression_workflow_feature_importance,/home/romakrut/PycharmProjects/masters-thesis/task_equivalents/llm_translations/gemini/optimized/r/machine_learning_workflows/02_regression_workflow_feature_importance.R,28,ok,2.493948675,43.670000000,17.510384411,
script_30,gemini,optimized,r,machine_learning_workflows,02_regression_workflow_feature_importance,/home/romakrut/PycharmProjects/masters-thesis/task_equivalents/llm_translations/gemini/optimized/r/machine_learning_workflows/02_regression_workflow_feature_importance.R,29,ok,2.493749957,43.800000000,17.563910077,
script_30,gemini,optimized,r,machine_learning_workflows,02_regression_workflow_feature_importance,/home/romakrut/PycharmProjects/masters-thesis/task_equivalents/llm_translations/gemini/optimized/r/machine_learning_workflows/02_regression_workflow_feature_importance.R,30,ok,2.480460076,43.440000000,17.512880139,
script_5,gemini,base,python,machine_learning_workflows,01_pipeline_cv_gridsearch_classification,/home/romakrut/PycharmProjects/masters-thesis/task_equivalents/llm_translations/gemini/base/python/machine_learning_workflows/01_pipeline_cv_gridsearch_classification.py,1,ok,2.563003013,41.720000000,16.277780318,
script_5,gemini,base,python,machine_learning_workflows,01_pipeline_cv_gridsearch_classification,/home/romakrut/PycharmProjects/masters-thesis/task_equivalents/llm_translations/gemini/base/python/machine_learning_workflows/01_pipeline_cv_gridsearch_classification.py,2,ok,2.557947965,41.020000000,16.036291809,
script_5,gemini,base,python,machine_learning_workflows,01_pipeline_cv_gridsearch_classification,/home/romakrut/PycharmProjects/masters-thesis/task_equivalents/llm_translations/gemini/base/python/machine_learning_workflows/01_pipeline_cv_gridsearch_classification.py,3,ok,2.565505828,42.320000000,16.495772311,
script_5,gemini,base,python,machine_learning_workflows,01_pipeline_cv_gridsearch_classification,/home/romakrut/PycharmProjects/masters-thesis/task_equivalents/llm_translations/gemini/base/python/machine_learning_workflows/01_pipeline_cv_gridsearch_classification.py,4,ok,2.563000222,42.480000000,16.574325525,
script_5,gemini,base,python,machine_learning_workflows,01_pipeline_cv_gridsearch_classification,/home/romakrut/PycharmProjects/masters-thesis/task_equivalents/llm_translations/gemini/base/python/machine_learning_workflows/01_pipeline_cv_gridsearch_classification.py,5,ok,2.558099356,42.470000000,16.602169849,
script_5,gemini,base,python,machine_learning_workflows,01_pipeline_cv_gridsearch_classification,/home/romakrut/PycharmProjects/masters-thesis/task_equivalents/llm_translations/gemini/base/python/machine_learning_workflows/01_pipeline_cv_gridsearch_classification.py,6,ok,2.560364481,42.470000000,16.587482101,
script_5,gemini,base,python,machine_learning_workflows,01_pipeline_cv_gridsearch_classification,/home/romakrut/PycharmProjects/masters-thesis/task_equivalents/llm_translations/gemini/base/python/machine_learning_workflows/01_pipeline_cv_gridsearch_classification.py,7,ok,2.576958480,43.140000000,16.740665531,
script_5,gemini,base,python,machine_learning_workflows,01_pipeline_cv_gridsearch_classification,/home/romakrut/PycharmProjects/masters-thesis/task_equivalents/llm_translations/gemini/base/python/machine_learning_workflows/01_pipeline_cv_gridsearch_classification.py,8,ok,2.575340094,42.970000000,16.685174941,
script_5,gemini,base,python,machine_learning_workflows,01_pipeline_cv_gridsearch_classification,/home/romakrut/PycharmProjects/masters-thesis/task_equivalents/llm_translations/gemini/base/python/machine_learning_workflows/01_pipeline_cv_gridsearch_classification.py,9,ok,2.562400085,43.170000000,16.847486172,
script_5,gemini,base,python,machine_learning_workflows,01_pipeline_cv_gridsearch_classification,/home/romakrut/PycharmProjects/masters-thesis/task_equivalents/llm_translations/gemini/base/python/machine_learning_workflows/01_pipeline_cv_gridsearch_classification.py,10,ok,2.566377198,42.650000000,16.618757380,
script_5,gemini,base,python,machine_learning_workflows,01_pipeline_cv_gridsearch_classification,/home/romakrut/PycharmProjects/masters-thesis/task_equivalents/llm_translations/gemini/base/python/machine_learning_workflows/01_pipeline_cv_gridsearch_classification.py,11,ok,2.563697669,43.560000000,16.991083046,
script_5,gemini,base,python,machine_learning_workflows,01_pipeline_cv_gridsearch_classification,/home/romakrut/PycharmProjects/masters-thesis/task_equivalents/llm_translations/gemini/base/python/machine_learning_workflows/01_pipeline_cv_gridsearch_classification.py,12,ok,2.555886988,42.680000000,16.698703894,
script_5,gemini,base,python,machine_learning_workflows,01_pipeline_cv_gridsearch_classification,/home/romakrut/PycharmProjects/masters-thesis/task_equivalents/llm_translations/gemini/base/python/machine_learning_workflows/01_pipeline_cv_gridsearch_classification.py,13,ok,2.559486923,43.600000000,17.034664099,
script_5,gemini,base,python,machine_learning_workflows,01_pipeline_cv_gridsearch_classification,/home/romakrut/PycharmProjects/masters-thesis/task_equivalents/llm_translations/gemini/base/python/machine_learning_workflows/01_pipeline_cv_gridsearch_classification.py,14,ok,2.564521028,43.210000000,16.849150203,
script_5,gemini,base,python,machine_learning_workflows,01_pipeline_cv_gridsearch_classification,/home/romakrut/PycharmProjects/masters-thesis/task_equivalents/llm_translations/gemini/base/python/machine_learning_workflows/01_pipeline_cv_gridsearch_classification.py,15,ok,2.560211211,43.680000000,17.061092387,
script_5,gemini,base,python,machine_learning_workflows,01_pipeline_cv_gridsearch_classification,/home/romakrut/PycharmProjects/masters-thesis/task_equivalents/llm_translations/gemini/base/python/machine_learning_workflows/01_pipeline_cv_gridsearch_classification.py,16,ok,2.568289768,43.010000000,16.746552720,
script_5,gemini,base,python,machine_learning_workflows,01_pipeline_cv_gridsearch_classification,/home/romakrut/PycharmProjects/masters-thesis/task_equivalents/llm_translations/gemini/base/python/machine_learning_workflows/01_pipeline_cv_gridsearch_classification.py,17,ok,2.560939622,43.030000000,16.802426590,
script_5,gemini,base,python,machine_learning_workflows,01_pipeline_cv_gridsearch_classification,/home/romakrut/PycharmProjects/masters-thesis/task_equivalents/llm_translations/gemini/base/python/machine_learning_workflows/01_pipeline_cv_gridsearch_classification.py,18,ok,2.580495824,43.140000000,16.717717424,
script_5,gemini,base,python,machine_learning_workflows,01_pipeline_cv_gridsearch_classification,/home/romakrut/PycharmProjects/masters-thesis/task_equivalents/llm_translations/gemini/base/python/machine_learning_workflows/01_pipeline_cv_gridsearch_classification.py,19,ok,2.561989270,43.580000000,17.010219563,
script_5,gemini,base,python,machine_learning_workflows,01_pipeline_cv_gridsearch_classification,/home/romakrut/PycharmProjects/masters-thesis/task_equivalents/llm_translations/gemini/base/python/machine_learning_workflows/01_pipeline_cv_gridsearch_classification.py,20,ok,2.566447098,43.340000000,16.887158919,
script_5,gemini,base,python,machine_learning_workflows,01_pipeline_cv_gridsearch_classification,/home/romakrut/PycharmProjects/masters-thesis/task_equivalents/llm_translations/gemini/base/python/machine_learning_workflows/01_pipeline_cv_gridsearch_classification.py,21,ok,2.566249968,43.610000000,16.993668015,
script_5,gemini,base,python,machine_learning_workflows,01_pipeline_cv_gridsearch_classification,/home/romakrut/PycharmProjects/masters-thesis/task_equivalents/llm_translations/gemini/base/python/machine_learning_workflows/01_pipeline_cv_gridsearch_classification.py,22,ok,2.558074806,42.610000000,16.657057839,
script_5,gemini,base,python,machine_learning_workflows,01_pipeline_cv_gridsearch_classification,/home/romakrut/PycharmProjects/masters-thesis/task_equivalents/llm_translations/gemini/base/python/machine_learning_workflows/01_pipeline_cv_gridsearch_classification.py,23,ok,2.564321911,43.110000000,16.811461859,
script_5,gemini,base,python,machine_learning_workflows,01_pipeline_cv_gridsearch_classification,/home/romakrut/PycharmProjects/masters-thesis/task_equivalents/llm_translations/gemini/base/python/machine_learning_workflows/01_pipeline_cv_gridsearch_classification.py,24,ok,2.580498695,43.240000000,16.756451024,
script_5,gemini,base,python,machine_learning_workflows,01_pipeline_cv_gridsearch_classification,/home/romakrut/PycharmProjects/masters-thesis/task_equivalents/llm_translations/gemini/base/python/machine_learning_workflows/01_pipeline_cv_gridsearch_classification.py,25,ok,2.570668580,43.700000000,16.999468675,
script_5,gemini,base,python,machine_learning_workflows,01_pipeline_cv_gridsearch_classification,/home/romakrut/PycharmProjects/masters-thesis/task_equivalents/llm_translations/gemini/base/python/machine_learning_workflows/01_pipeline_cv_gridsearch_classification.py,26,ok,2.560383958,42.880000000,16.747488152,
script_5,gemini,base,python,machine_learning_workflows,01_pipeline_cv_gridsearch_classification,/home/romakrut/PycharmProjects/masters-thesis/task_equivalents/llm_translations/gemini/base/python/machine_learning_workflows/01_pipeline_cv_gridsearch_classification.py,27,ok,2.560181054,42.950000000,16.776157269,
script_5,gemini,base,python,machine_learning_workflows,01_pipeline_cv_gridsearch_classification,/home/romakrut/PycharmProjects/masters-thesis/task_equivalents/llm_translations/gemini/base/python/machine_learning_workflows/01_pipeline_cv_gridsearch_classification.py,28,ok,2.570147648,43.600000000,16.964005953,
script_5,gemini,base,python,machine_learning_workflows,01_pipeline_cv_gridsearch_classification,/home/romakrut/PycharmProjects/masters-thesis/task_equivalents/llm_translations/gemini/base/python/machine_learning_workflows/01_pipeline_cv_gridsearch_classification.py,29,ok,2.564188592,42.420000000,16.543244960,
script_5,gemini,base,python,machine_learning_workflows,01_pipeline_cv_gridsearch_classification,/home/romakrut/PycharmProjects/masters-thesis/task_equivalents/llm_translations/gemini/base/python/machine_learning_workflows/01_pipeline_cv_gridsearch_classification.py,30,ok,2.557003518,43.030000000,16.828291278,
script_99,starcoder,base,python,data_visualization,01_scatter_trend_grouped,/home/romakrut/PycharmProjects/masters-thesis/task_equivalents/llm_translations/starcoder/base/python/data_visualization/01_scatter_trend_grouped.py,1,ok,0.818082707,13.510000000,16.514222687,
script_99,starcoder,base,python,data_visualization,01_scatter_trend_grouped,/home/romakrut/PycharmProjects/masters-thesis/task_equivalents/llm_translations/starcoder/base/python/data_visualization/01_scatter_trend_grouped.py,2,ok,0.826433429,13.580000000,16.432055533,
script_99,starcoder,base,python,data_visualization,01_scatter_trend_grouped,/home/romakrut/PycharmProjects/masters-thesis/task_equivalents/llm_translations/starcoder/base/python/data_visualization/01_scatter_trend_grouped.py,3,ok,0.822301642,13.380000000,16.271401292,
script_99,starcoder,base,python,data_visualization,01_scatter_trend_grouped,/home/romakrut/PycharmProjects/masters-thesis/task_equivalents/llm_translations/starcoder/base/python/data_visualization/01_scatter_trend_grouped.py,4,ok,0.826115513,13.470000000,16.305225829,
script_99,starcoder,base,python,data_visualization,01_scatter_trend_grouped,/home/romakrut/PycharmProjects/masters-thesis/task_equivalents/llm_translations/starcoder/base/python/data_visualization/01_scatter_trend_grouped.py,5,ok,0.830329465,13.560000000,16.330866929,
script_99,starcoder,base,python,data_visualization,01_scatter_trend_grouped,/home/romakrut/PycharmProjects/masters-thesis/task_equivalents/llm_translations/starcoder/base/python/data_visualization/01_scatter_trend_grouped.py,6,ok,0.827786572,13.370000000,16.151506260,
script_99,starcoder,base,python,data_visualization,01_scatter_trend_grouped,/home/romakrut/PycharmProjects/masters-thesis/task_equivalents/llm_translations/starcoder/base/python/data_visualization/01_scatter_trend_grouped.py,7,ok,0.828663699,13.540000000,16.339559723,
script_99,starcoder,base,python,data_visualization,01_scatter_trend_grouped,/home/romakrut/PycharmProjects/masters-thesis/task_equivalents/llm_translations/starcoder/base/python/data_visualization/01_scatter_trend_grouped.py,8,ok,0.826620922,13.450000000,16.271061671,
script_99,starcoder,base,python,data_visualization,01_scatter_trend_grouped,/home/romakrut/PycharmProjects/masters-thesis/task_equivalents/llm_translations/starcoder/base/python/data_visualization/01_scatter_trend_grouped.py,9,ok,0.830416969,13.630000000,16.413441089,
script_99,starcoder,base,python,data_visualization,01_scatter_trend_grouped,/home/romakrut/PycharmProjects/masters-thesis/task_equivalents/llm_translations/starcoder/base/python/data_visualization/01_scatter_trend_grouped.py,10,ok,0.822711659,13.620000000,16.555010314,
script_99,starcoder,base,python,data_visualization,01_scatter_trend_grouped,/home/romakrut/PycharmProjects/masters-thesis/task_equivalents/llm_translations/starcoder/base/python/data_visualization/01_scatter_trend_grouped.py,11,ok,0.820489589,13.860000000,16.892353280,
script_99,starcoder,base,python,data_visualization,01_scatter_trend_grouped,/home/romakrut/PycharmProjects/masters-thesis/task_equivalents/llm_translations/starcoder/base/python/data_visualization/01_scatter_trend_grouped.py,12,ok,0.822513284,13.430000000,16.328003768,
script_99,starcoder,base,python,data_visualization,01_scatter_trend_grouped,/home/romakrut/PycharmProjects/masters-thesis/task_equivalents/llm_translations/starcoder/base/python/data_visualization/01_scatter_trend_grouped.py,13,ok,0.828287275,13.740000000,16.588447529,
script_99,starcoder,base,python,data_visualization,01_scatter_trend_grouped,/home/romakrut/PycharmProjects/masters-thesis/task_equivalents/llm_translations/starcoder/base/python/data_visualization/01_scatter_trend_grouped.py,14,ok,0.822647933,13.830000000,16.811565975,
script_99,starcoder,base,python,data_visualization,01_scatter_trend_grouped,/home/romakrut/PycharmProjects/masters-thesis/task_equivalents/llm_translations/starcoder/base/python/data_visualization/01_scatter_trend_grouped.py,15,ok,0.824261514,13.560000000,16.451089575,
script_99,starcoder,base,python,data_visualization,01_scatter_trend_grouped,/home/romakrut/PycharmProjects/masters-thesis/task_equivalents/llm_translations/starcoder/base/python/data_visualization/01_scatter_trend_grouped.py,16,ok,0.821837492,13.840000000,16.840312269,
script_99,starcoder,base,python,data_visualization,01_scatter_trend_grouped,/home/romakrut/PycharmProjects/masters-thesis/task_equivalents/llm_translations/starcoder/base/python/data_visualization/01_scatter_trend_grouped.py,17,ok,0.824838006,13.730000000,16.645692730,
script_99,starcoder,base,python,data_visualization,01_scatter_trend_grouped,/home/romakrut/PycharmProjects/masters-thesis/task_equivalents/llm_translations/starcoder/base/python/data_visualization/01_scatter_trend_grouped.py,18,ok,0.826570445,13.880000000,16.792277154,
script_99,starcoder,base,python,data_visualization,01_scatter_trend_grouped,/home/romakrut/PycharmProjects/masters-thesis/task_equivalents/llm_translations/starcoder/base/python/data_visualization/01_scatter_trend_grouped.py,19,ok,0.821177903,13.660000000,16.634641471,
script_99,starcoder,base,python,data_visualization,01_scatter_trend_grouped,/home/romakrut/PycharmProjects/masters-thesis/task_equivalents/llm_translations/starcoder/base/python/data_visualization/01_scatter_trend_grouped.py,20,ok,0.827527264,13.960000000,16.869534827,
script_99,starcoder,base,python,data_visualization,01_scatter_trend_grouped,/home/romakrut/PycharmProjects/masters-thesis/task_equivalents/llm_translations/starcoder/base/python/data_visualization/01_scatter_trend_grouped.py,21,ok,0.825414542,13.720000000,16.621950913,
script_99,starcoder,base,python,data_visualization,01_scatter_trend_grouped,/home/romakrut/PycharmProjects/masters-thesis/task_equivalents/llm_translations/starcoder/base/python/data_visualization/01_scatter_trend_grouped.py,22,ok,0.822993270,13.570000000,16.488591699,
script_99,starcoder,base,python,data_visualization,01_scatter_trend_grouped,/home/romakrut/PycharmProjects/masters-thesis/task_equivalents/llm_translations/starcoder/base/python/data_visualization/01_scatter_trend_grouped.py,23,ok,0.829002737,14.060000000,16.960137009,
script_99,starcoder,base,python,data_visualization,01_scatter_trend_grouped,/home/romakrut/PycharmProjects/masters-thesis/task_equivalents/llm_translations/starcoder/base/python/data_visualization/01_scatter_trend_grouped.py,24,ok,0.826029352,13.800000000,16.706428127,
script_99,starcoder,base,python,data_visualization,01_scatter_trend_grouped,/home/romakrut/PycharmProjects/masters-thesis/task_equivalents/llm_translations/starcoder/base/python/data_visualization/01_scatter_trend_grouped.py,25,ok,0.825804051,13.700000000,16.589891977,
script_99,starcoder,base,python,data_visualization,01_scatter_trend_grouped,/home/romakrut/PycharmProjects/masters-thesis/task_equivalents/llm_translations/starcoder/base/python/data_visualization/01_scatter_trend_grouped.py,26,ok,0.822351523,14.010000000,17.036510067,
script_99,starcoder,base,python,data_visualization,01_scatter_trend_grouped,/home/romakrut/PycharmProjects/masters-thesis/task_equivalents/llm_translations/starcoder/base/python/data_visualization/01_scatter_trend_grouped.py,27,ok,0.828139414,14.030000000,16.941591914,
script_99,starcoder,base,python,data_visualization,01_scatter_trend_grouped,/home/romakrut/PycharmProjects/masters-thesis/task_equivalents/llm_translations/starcoder/base/python/data_visualization/01_scatter_trend_grouped.py,28,ok,0.828356154,13.820000000,16.683644992,
script_99,starcoder,base,python,data_visualization,01_scatter_trend_grouped,/home/romakrut/PycharmProjects/masters-thesis/task_equivalents/llm_translations/starcoder/base/python/data_visualization/01_scatter_trend_grouped.py,29,ok,0.822239724,13.770000000,16.746940823,
script_99,starcoder,base,python,data_visualization,01_scatter_trend_grouped,/home/romakrut/PycharmProjects/masters-thesis/task_equivalents/llm_translations/starcoder/base/python/data_visualization/01_scatter_trend_grouped.py,30,ok,0.819607515,13.870000000,16.922734048,
script_51,gpt,optimized,python,data_visualization,01_scatter_trend_grouped,/home/romakrut/PycharmProjects/masters-thesis/task_equivalents/llm_translations/gpt/optimized/python/data_visualization/01_scatter_trend_grouped.py,1,ok,0.370218851,6.030000000,16.287663321,
script_51,gpt,optimized,python,data_visualization,01_scatter_trend_grouped,/home/romakrut/PycharmProjects/masters-thesis/task_equivalents/llm_translations/gpt/optimized/python/data_visualization/01_scatter_trend_grouped.py,2,ok,0.370428820,5.990000000,16.170448077,
script_51,gpt,optimized,python,data_visualization,01_scatter_trend_grouped,/home/romakrut/PycharmProjects/masters-thesis/task_equivalents/llm_translations/gpt/optimized/python/data_visualization/01_scatter_trend_grouped.py,3,ok,0.368127096,6.040000000,16.407376870,
script_51,gpt,optimized,python,data_visualization,01_scatter_trend_grouped,/home/romakrut/PycharmProjects/masters-thesis/task_equivalents/llm_translations/gpt/optimized/python/data_visualization/01_scatter_trend_grouped.py,4,ok,0.373310282,6.130000000,16.420656745,
script_51,gpt,optimized,python,data_visualization,01_scatter_trend_grouped,/home/romakrut/PycharmProjects/masters-thesis/task_equivalents/llm_translations/gpt/optimized/python/data_visualization/01_scatter_trend_grouped.py,5,ok,0.370405848,5.950000000,16.063461287,
script_51,gpt,optimized,python,data_visualization,01_scatter_trend_grouped,/home/romakrut/PycharmProjects/masters-thesis/task_equivalents/llm_translations/gpt/optimized/python/data_visualization/01_scatter_trend_grouped.py,6,ok,0.372832318,6.140000000,16.468529426,
script_51,gpt,optimized,python,data_visualization,01_scatter_trend_grouped,/home/romakrut/PycharmProjects/masters-thesis/task_equivalents/llm_translations/gpt/optimized/python/data_visualization/01_scatter_trend_grouped.py,7,ok,0.372237182,6.190000000,16.629182412,
script_51,gpt,optimized,python,data_visualization,01_scatter_trend_grouped,/home/romakrut/PycharmProjects/masters-thesis/task_equivalents/llm_translations/gpt/optimized/python/data_visualization/01_scatter_trend_grouped.py,8,ok,0.373521811,6.080000000,16.277496577,
script_51,gpt,optimized,python,data_visualization,01_scatter_trend_grouped,/home/romakrut/PycharmProjects/masters-thesis/task_equivalents/llm_translations/gpt/optimized/python/data_visualization/01_scatter_trend_grouped.py,9,ok,0.370354553,6.040000000,16.308696494,
script_51,gpt,optimized,python,data_visualization,01_scatter_trend_grouped,/home/romakrut/PycharmProjects/masters-thesis/task_equivalents/llm_translations/gpt/optimized/python/data_visualization/01_scatter_trend_grouped.py,10,ok,0.368020147,6.070000000,16.493662234,
script_51,gpt,optimized,python,data_visualization,01_scatter_trend_grouped,/home/romakrut/PycharmProjects/masters-thesis/task_equivalents/llm_translations/gpt/optimized/python/data_visualization/01_scatter_trend_grouped.py,11,ok,0.371182712,6.200000000,16.703364137,
script_51,gpt,optimized,python,data_visualization,01_scatter_trend_grouped,/home/romakrut/PycharmProjects/masters-thesis/task_equivalents/llm_translations/gpt/optimized/python/data_visualization/01_scatter_trend_grouped.py,12,ok,0.369986087,6.070000000,16.406022316,
script_51,gpt,optimized,python,data_visualization,01_scatter_trend_grouped,/home/romakrut/PycharmProjects/masters-thesis/task_equivalents/llm_translations/gpt/optimized/python/data_visualization/01_scatter_trend_grouped.py,13,ok,0.370005366,5.990000000,16.188954406,
script_51,gpt,optimized,python,data_visualization,01_scatter_trend_grouped,/home/romakrut/PycharmProjects/masters-thesis/task_equivalents/llm_translations/gpt/optimized/python/data_visualization/01_scatter_trend_grouped.py,14,ok,0.373072352,6.110000000,16.377520251,
script_51,gpt,optimized,python,data_visualization,01_scatter_trend_grouped,/home/romakrut/PycharmProjects/masters-thesis/task_equivalents/llm_translations/gpt/optimized/python/data_visualization/01_scatter_trend_grouped.py,15,ok,0.372099647,6.320000000,16.984697650,
script_51,gpt,optimized,python,data_visualization,01_scatter_trend_grouped,/home/romakrut/PycharmProjects/masters-thesis/task_equivalents/llm_translations/gpt/optimized/python/data_visualization/01_scatter_trend_grouped.py,16,ok,0.371433821,6.010000000,16.180540544,
script_51,gpt,optimized,python,data_visualization,01_scatter_trend_grouped,/home/romakrut/PycharmProjects/masters-thesis/task_equivalents/llm_translations/gpt/optimized/python/data_visualization/01_scatter_trend_grouped.py,17,ok,0.370614662,6.000000000,16.189321727,
script_51,gpt,optimized,python,data_visualization,01_scatter_trend_grouped,/home/romakrut/PycharmProjects/masters-thesis/task_equivalents/llm_translations/gpt/optimized/python/data_visualization/01_scatter_trend_grouped.py,18,ok,0.371934203,6.170000000,16.588955655,
script_51,gpt,optimized,python,data_visualization,01_scatter_trend_grouped,/home/romakrut/PycharmProjects/masters-thesis/task_equivalents/llm_translations/gpt/optimized/python/data_visualization/01_scatter_trend_grouped.py,19,ok,0.373440572,6.130000000,16.414927728,
script_51,gpt,optimized,python,data_visualization,01_scatter_trend_grouped,/home/romakrut/PycharmProjects/masters-thesis/task_equivalents/llm_translations/gpt/optimized/python/data_visualization/01_scatter_trend_grouped.py,20,ok,0.370560976,6.090000000,16.434542206,
script_51,gpt,optimized,python,data_visualization,01_scatter_trend_grouped,/home/romakrut/PycharmProjects/masters-thesis/task_equivalents/llm_translations/gpt/optimized/python/data_visualization/01_scatter_trend_grouped.py,21,ok,0.371670282,6.040000000,16.250962997,
script_51,gpt,optimized,python,data_visualization,01_scatter_trend_grouped,/home/romakrut/PycharmProjects/masters-thesis/task_equivalents/llm_translations/gpt/optimized/python/data_visualization/01_scatter_trend_grouped.py,22,ok,0.375326471,6.280000000,16.732099879,
script_51,gpt,optimized,python,data_visualization,01_scatter_trend_grouped,/home/romakrut/PycharmProjects/masters-thesis/task_equivalents/llm_translations/gpt/optimized/python/data_visualization/01_scatter_trend_grouped.py,23,ok,0.371495774,6.130000000,16.500860653,
script_51,gpt,optimized,python,data_visualization,01_scatter_trend_grouped,/home/romakrut/PycharmProjects/masters-thesis/task_equivalents/llm_translations/gpt/optimized/python/data_visualization/01_scatter_trend_grouped.py,24,ok,0.370546092,6.170000000,16.651099912,
script_51,gpt,optimized,python,data_visualization,01_scatter_trend_grouped,/home/romakrut/PycharmProjects/masters-thesis/task_equivalents/llm_translations/gpt/optimized/python/data_visualization/01_scatter_trend_grouped.py,25,ok,0.371352927,6.340000000,17.072707764,
script_51,gpt,optimized,python,data_visualization,01_scatter_trend_grouped,/home/romakrut/PycharmProjects/masters-thesis/task_equivalents/llm_translations/gpt/optimized/python/data_visualization/01_scatter_trend_grouped.py,26,ok,0.371360496,6.100000000,16.426087496,
script_51,gpt,optimized,python,data_visualization,01_scatter_trend_grouped,/home/romakrut/PycharmProjects/masters-thesis/task_equivalents/llm_translations/gpt/optimized/python/data_visualization/01_scatter_trend_grouped.py,27,ok,0.374236021,6.260000000,16.727411710,
script_51,gpt,optimized,python,data_visualization,01_scatter_trend_grouped,/home/romakrut/PycharmProjects/masters-thesis/task_equivalents/llm_translations/gpt/optimized/python/data_visualization/01_scatter_trend_grouped.py,28,ok,0.370550544,6.240000000,16.839807959,
script_51,gpt,optimized,python,data_visualization,01_scatter_trend_grouped,/home/romakrut/PycharmProjects/masters-thesis/task_equivalents/llm_translations/gpt/optimized/python/data_visualization/01_scatter_trend_grouped.py,29,ok,0.371698530,6.020000000,16.195920925,
script_51,gpt,optimized,python,data_visualization,01_scatter_trend_grouped,/home/romakrut/PycharmProjects/masters-thesis/task_equivalents/llm_translations/gpt/optimized/python/data_visualization/01_scatter_trend_grouped.py,30,ok,0.373667617,6.190000000,16.565524328,
script_62,gpt,optimized,r,machine_learning_workflows,02_regression_workflow_feature_importance,/home/romakrut/PycharmProjects/masters-thesis/task_equivalents/llm_translations/gpt/optimized/r/machine_learning_workflows/02_regression_workflow_feature_importance.R,1,ok,1.729396089,30.090000000,17.399137301,
script_62,gpt,optimized,r,machine_learning_workflows,02_regression_workflow_feature_importance,/home/romakrut/PycharmProjects/masters-thesis/task_equivalents/llm_translations/gpt/optimized/r/machine_learning_workflows/02_regression_workflow_feature_importance.R,2,ok,1.744679399,30.200000000,17.309770504,
script_62,gpt,optimized,r,machine_learning_workflows,02_regression_workflow_feature_importance,/home/romakrut/PycharmProjects/masters-thesis/task_equivalents/llm_translations/gpt/optimized/r/machine_learning_workflows/02_regression_workflow_feature_importance.R,3,ok,1.736370990,30.170000000,17.375319084,
script_62,gpt,optimized,r,machine_learning_workflows,02_regression_workflow_feature_importance,/home/romakrut/PycharmProjects/masters-thesis/task_equivalents/llm_translations/gpt/optimized/r/machine_learning_workflows/02_regression_workflow_feature_importance.R,4,ok,1.748408204,30.050000000,17.187061884,
script_62,gpt,optimized,r,machine_learning_workflows,02_regression_workflow_feature_importance,/home/romakrut/PycharmProjects/masters-thesis/task_equivalents/llm_translations/gpt/optimized/r/machine_learning_workflows/02_regression_workflow_feature_importance.R,5,ok,1.733348991,29.480000000,17.007538674,
script_62,gpt,optimized,r,machine_learning_workflows,02_regression_workflow_feature_importance,/home/romakrut/PycharmProjects/masters-thesis/task_equivalents/llm_translations/gpt/optimized/r/machine_learning_workflows/02_regression_workflow_feature_importance.R,6,ok,1.741961193,29.780000000,17.095673612,
script_62,gpt,optimized,r,machine_learning_workflows,02_regression_workflow_feature_importance,/home/romakrut/PycharmProjects/masters-thesis/task_equivalents/llm_translations/gpt/optimized/r/machine_learning_workflows/02_regression_workflow_feature_importance.R,7,ok,1.727439383,30.400000000,17.598302030,
script_62,gpt,optimized,r,machine_learning_workflows,02_regression_workflow_feature_importance,/home/romakrut/PycharmProjects/masters-thesis/task_equivalents/llm_translations/gpt/optimized/r/machine_learning_workflows/02_regression_workflow_feature_importance.R,8,ok,1.757610677,30.390000000,17.290518542,
script_62,gpt,optimized,r,machine_learning_workflows,02_regression_workflow_feature_importance,/home/romakrut/PycharmProjects/masters-thesis/task_equivalents/llm_translations/gpt/optimized/r/machine_learning_workflows/02_regression_workflow_feature_importance.R,9,ok,1.729913117,30.370000000,17.555794971,
script_62,gpt,optimized,r,machine_learning_workflows,02_regression_workflow_feature_importance,/home/romakrut/PycharmProjects/masters-thesis/task_equivalents/llm_translations/gpt/optimized/r/machine_learning_workflows/02_regression_workflow_feature_importance.R,10,ok,1.743102304,30.060000000,17.245115178,
script_62,gpt,optimized,r,machine_learning_workflows,02_regression_workflow_feature_importance,/home/romakrut/PycharmProjects/masters-thesis/task_equivalents/llm_translations/gpt/optimized/r/machine_learning_workflows/02_regression_workflow_feature_importance.R,11,ok,1.741146749,30.540000000,17.540164273,
script_62,gpt,optimized,r,machine_learning_workflows,02_regression_workflow_feature_importance,/home/romakrut/PycharmProjects/masters-thesis/task_equivalents/llm_translations/gpt/optimized/r/machine_learning_workflows/02_regression_workflow_feature_importance.R,12,ok,1.756095724,30.170000000,17.180156860,
script_62,gpt,optimized,r,machine_learning_workflows,02_regression_workflow_feature_importance,/home/romakrut/PycharmProjects/masters-thesis/task_equivalents/llm_translations/gpt/optimized/r/machine_learning_workflows/02_regression_workflow_feature_importance.R,13,ok,1.727532973,30.430000000,17.614714437,
script_62,gpt,optimized,r,machine_learning_workflows,02_regression_workflow_feature_importance,/home/romakrut/PycharmProjects/masters-thesis/task_equivalents/llm_translations/gpt/optimized/r/machine_learning_workflows/02_regression_workflow_feature_importance.R,14,ok,1.738608957,30.570000000,17.583022264,
script_62,gpt,optimized,r,machine_learning_workflows,02_regression_workflow_feature_importance,/home/romakrut/PycharmProjects/masters-thesis/task_equivalents/llm_translations/gpt/optimized/r/machine_learning_workflows/02_regression_workflow_feature_importance.R,15,ok,1.738752035,30.830000000,17.731107932,
script_62,gpt,optimized,r,machine_learning_workflows,02_regression_workflow_feature_importance,/home/romakrut/PycharmProjects/masters-thesis/task_equivalents/llm_translations/gpt/optimized/r/machine_learning_workflows/02_regression_workflow_feature_importance.R,16,ok,1.758767624,30.270000000,17.210914954,
script_62,gpt,optimized,r,machine_learning_workflows,02_regression_workflow_feature_importance,/home/romakrut/PycharmProjects/masters-thesis/task_equivalents/llm_translations/gpt/optimized/r/machine_learning_workflows/02_regression_workflow_feature_importance.R,17,ok,1.726433611,30.150000000,17.463747119,
script_62,gpt,optimized,r,machine_learning_workflows,02_regression_workflow_feature_importance,/home/romakrut/PycharmProjects/masters-thesis/task_equivalents/llm_translations/gpt/optimized/r/machine_learning_workflows/02_regression_workflow_feature_importance.R,18,ok,1.743614001,30.230000000,17.337552912,
script_62,gpt,optimized,r,machine_learning_workflows,02_regression_workflow_feature_importance,/home/romakrut/PycharmProjects/masters-thesis/task_equivalents/llm_translations/gpt/optimized/r/machine_learning_workflows/02_regression_workflow_feature_importance.R,19,ok,1.738427487,30.250000000,17.400783309,
script_62,gpt,optimized,r,machine_learning_workflows,02_regression_workflow_feature_importance,/home/romakrut/PycharmProjects/masters-thesis/task_equivalents/llm_translations/gpt/optimized/r/machine_learning_workflows/02_regression_workflow_feature_importance.R,20,ok,1.757812213,30.870000000,17.561602867,
script_62,gpt,optimized,r,machine_learning_workflows,02_regression_workflow_feature_importance,/home/romakrut/PycharmProjects/masters-thesis/task_equivalents/llm_translations/gpt/optimized/r/machine_learning_workflows/02_regression_workflow_feature_importance.R,21,ok,1.759309929,31.180000000,17.722857972,
script_62,gpt,optimized,r,machine_learning_workflows,02_regression_workflow_feature_importance,/home/romakrut/PycharmProjects/masters-thesis/task_equivalents/llm_translations/gpt/optimized/r/machine_learning_workflows/02_regression_workflow_feature_importance.R,22,ok,1.740763326,30.720000000,17.647430608,
script_62,gpt,optimized,r,machine_learning_workflows,02_regression_workflow_feature_importance,/home/romakrut/PycharmProjects/masters-thesis/task_equivalents/llm_translations/gpt/optimized/r/machine_learning_workflows/02_regression_workflow_feature_importance.R,23,ok,1.727564509,30.440000000,17.620181383,
script_62,gpt,optimized,r,machine_learning_workflows,02_regression_workflow_feature_importance,/home/romakrut/PycharmProjects/masters-thesis/task_equivalents/llm_translations/gpt/optimized/r/machine_learning_workflows/02_regression_workflow_feature_importance.R,24,ok,1.761019707,30.850000000,17.518259380,
script_62,gpt,optimized,r,machine_learning_workflows,02_regression_workflow_feature_importance,/home/romakrut/PycharmProjects/masters-thesis/task_equivalents/llm_translations/gpt/optimized/r/machine_learning_workflows/02_regression_workflow_feature_importance.R,25,ok,1.756762700,31.210000000,17.765632205,
script_62,gpt,optimized,r,machine_learning_workflows,02_regression_workflow_feature_importance,/home/romakrut/PycharmProjects/masters-thesis/task_equivalents/llm_translations/gpt/optimized/r/machine_learning_workflows/02_regression_workflow_feature_importance.R,26,ok,1.733873502,31.030000000,17.896345935,
script_62,gpt,optimized,r,machine_learning_workflows,02_regression_workflow_feature_importance,/home/romakrut/PycharmProjects/masters-thesis/task_equivalents/llm_translations/gpt/optimized/r/machine_learning_workflows/02_regression_workflow_feature_importance.R,27,ok,1.740482694,30.780000000,17.684749240,
script_62,gpt,optimized,r,machine_learning_workflows,02_regression_workflow_feature_importance,/home/romakrut/PycharmProjects/masters-thesis/task_equivalents/llm_translations/gpt/optimized/r/machine_learning_workflows/02_regression_workflow_feature_importance.R,28,ok,1.757650385,30.710000000,17.472189158,
script_62,gpt,optimized,r,machine_learning_workflows,02_regression_workflow_feature_importance,/home/romakrut/PycharmProjects/masters-thesis/task_equivalents/llm_translations/gpt/optimized/r/machine_learning_workflows/02_regression_workflow_feature_importance.R,29,ok,1.728037815,30.920000000,17.893126951,
script_62,gpt,optimized,r,machine_learning_workflows,02_regression_workflow_feature_importance,/home/romakrut/PycharmProjects/masters-thesis/task_equivalents/llm_translations/gpt/optimized/r/machine_learning_workflows/02_regression_workflow_feature_importance.R,30,ok,1.736190274,30.950000000,17.826387156,
script_11,gemini,base,r,data_visualization,01_scatter_trend_grouped,/home/romakrut/PycharmProjects/masters-thesis/task_equivalents/llm_translations/gemini/base/r/data_visualization/01_scatter_trend_grouped.R,1,ok,0.102456012,1.810000000,17.666118021,
script_11,gemini,base,r,data_visualization,01_scatter_trend_grouped,/home/romakrut/PycharmProjects/masters-thesis/task_equivalents/llm_translations/gemini/base/r/data_visualization/01_scatter_trend_grouped.R,2,ok,0.102850239,1.710000000,16.626115959,
script_11,gemini,base,r,data_visualization,01_scatter_trend_grouped,/home/romakrut/PycharmProjects/masters-thesis/task_equivalents/llm_translations/gemini/base/r/data_visualization/01_scatter_trend_grouped.R,3,ok,0.109907545,1.830000000,16.650358262,
script_11,gemini,base,r,data_visualization,01_scatter_trend_grouped,/home/romakrut/PycharmProjects/masters-thesis/task_equivalents/llm_translations/gemini/base/r/data_visualization/01_scatter_trend_grouped.R,4,ok,0.102090088,1.710000000,16.749912097,
script_11,gemini,base,r,data_visualization,01_scatter_trend_grouped,/home/romakrut/PycharmProjects/masters-thesis/task_equivalents/llm_translations/gemini/base/r/data_visualization/01_scatter_trend_grouped.R,5,ok,0.103208804,1.680000000,16.277681117,
script_11,gemini,base,r,data_visualization,01_scatter_trend_grouped,/home/romakrut/PycharmProjects/masters-thesis/task_equivalents/llm_translations/gemini/base/r/data_visualization/01_scatter_trend_grouped.R,6,ok,0.103505732,1.730000000,16.714050194,
script_11,gemini,base,r,data_visualization,01_scatter_trend_grouped,/home/romakrut/PycharmProjects/masters-thesis/task_equivalents/llm_translations/gemini/base/r/data_visualization/01_scatter_trend_grouped.R,7,ok,0.101366097,1.710000000,16.869545643,
script_11,gemini,base,r,data_visualization,01_scatter_trend_grouped,/home/romakrut/PycharmProjects/masters-thesis/task_equivalents/llm_translations/gemini/base/r/data_visualization/01_scatter_trend_grouped.R,8,ok,0.102239451,1.770000000,17.312299535,
script_11,gemini,base,r,data_visualization,01_scatter_trend_grouped,/home/romakrut/PycharmProjects/masters-thesis/task_equivalents/llm_translations/gemini/base/r/data_visualization/01_scatter_trend_grouped.R,9,ok,0.102897805,1.720000000,16.715614099,
script_11,gemini,base,r,data_visualization,01_scatter_trend_grouped,/home/romakrut/PycharmProjects/masters-thesis/task_equivalents/llm_translations/gemini/base/r/data_visualization/01_scatter_trend_grouped.R,10,ok,0.103575564,1.700000000,16.413137755,
script_11,gemini,base,r,data_visualization,01_scatter_trend_grouped,/home/romakrut/PycharmProjects/masters-thesis/task_equivalents/llm_translations/gemini/base/r/data_visualization/01_scatter_trend_grouped.R,11,ok,0.102928253,1.750000000,17.002134487,
script_11,gemini,base,r,data_visualization,01_scatter_trend_grouped,/home/romakrut/PycharmProjects/masters-thesis/task_equivalents/llm_translations/gemini/base/r/data_visualization/01_scatter_trend_grouped.R,12,ok,0.105133905,1.820000000,17.311256535,
script_11,gemini,base,r,data_visualization,01_scatter_trend_grouped,/home/romakrut/PycharmProjects/masters-thesis/task_equivalents/llm_translations/gemini/base/r/data_visualization/01_scatter_trend_grouped.R,13,ok,0.103037137,1.730000000,16.790062791,
script_11,gemini,base,r,data_visualization,01_scatter_trend_grouped,/home/romakrut/PycharmProjects/masters-thesis/task_equivalents/llm_translations/gemini/base/r/data_visualization/01_scatter_trend_grouped.R,14,ok,0.102467369,1.730000000,16.883423639,
script_11,gemini,base,r,data_visualization,01_scatter_trend_grouped,/home/romakrut/PycharmProjects/masters-thesis/task_equivalents/llm_translations/gemini/base/r/data_visualization/01_scatter_trend_grouped.R,15,ok,0.102954657,1.700000000,16.512123390,
script_11,gemini,base,r,data_visualization,01_scatter_trend_grouped,/home/romakrut/PycharmProjects/masters-thesis/task_equivalents/llm_translations/gemini/base/r/data_visualization/01_scatter_trend_grouped.R,16,ok,0.103222371,1.800000000,17.438080356,
script_11,gemini,base,r,data_visualization,01_scatter_trend_grouped,/home/romakrut/PycharmProjects/masters-thesis/task_equivalents/llm_translations/gemini/base/r/data_visualization/01_scatter_trend_grouped.R,17,ok,0.101561379,1.640000000,16.147870540,
script_11,gemini,base,r,data_visualization,01_scatter_trend_grouped,/home/romakrut/PycharmProjects/masters-thesis/task_equivalents/llm_translations/gemini/base/r/data_visualization/01_scatter_trend_grouped.R,18,ok,0.103388057,1.710000000,16.539627977,
script_11,gemini,base,r,data_visualization,01_scatter_trend_grouped,/home/romakrut/PycharmProjects/masters-thesis/task_equivalents/llm_translations/gemini/base/r/data_visualization/01_scatter_trend_grouped.R,19,ok,0.102893025,1.730000000,16.813578957,
script_11,gemini,base,r,data_visualization,01_scatter_trend_grouped,/home/romakrut/PycharmProjects/masters-thesis/task_equivalents/llm_translations/gemini/base/r/data_visualization/01_scatter_trend_grouped.R,20,ok,0.101188799,1.730000000,17.096753960,
script_11,gemini,base,r,data_visualization,01_scatter_trend_grouped,/home/romakrut/PycharmProjects/masters-thesis/task_equivalents/llm_translations/gemini/base/r/data_visualization/01_scatter_trend_grouped.R,21,ok,0.101976466,1.730000000,16.964698502,
script_11,gemini,base,r,data_visualization,01_scatter_trend_grouped,/home/romakrut/PycharmProjects/masters-thesis/task_equivalents/llm_translations/gemini/base/r/data_visualization/01_scatter_trend_grouped.R,22,ok,0.102135963,1.740000000,17.036114889,
script_11,gemini,base,r,data_visualization,01_scatter_trend_grouped,/home/romakrut/PycharmProjects/masters-thesis/task_equivalents/llm_translations/gemini/base/r/data_visualization/01_scatter_trend_grouped.R,23,ok,0.103289529,1.690000000,16.361774677,
script_11,gemini,base,r,data_visualization,01_scatter_trend_grouped,/home/romakrut/PycharmProjects/masters-thesis/task_equivalents/llm_translations/gemini/base/r/data_visualization/01_scatter_trend_grouped.R,24,ok,0.101494842,1.730000000,17.045201174,
script_11,gemini,base,r,data_visualization,01_scatter_trend_grouped,/home/romakrut/PycharmProjects/masters-thesis/task_equivalents/llm_translations/gemini/base/r/data_visualization/01_scatter_trend_grouped.R,25,ok,0.103408137,1.700000000,16.439712090,
script_11,gemini,base,r,data_visualization,01_scatter_trend_grouped,/home/romakrut/PycharmProjects/masters-thesis/task_equivalents/llm_translations/gemini/base/r/data_visualization/01_scatter_trend_grouped.R,26,ok,0.103079721,1.800000000,17.462212572,
script_11,gemini,base,r,data_visualization,01_scatter_trend_grouped,/home/romakrut/PycharmProjects/masters-thesis/task_equivalents/llm_translations/gemini/base/r/data_visualization/01_scatter_trend_grouped.R,27,ok,0.101247368,1.700000000,16.790559928,
script_11,gemini,base,r,data_visualization,01_scatter_trend_grouped,/home/romakrut/PycharmProjects/masters-thesis/task_equivalents/llm_translations/gemini/base/r/data_visualization/01_scatter_trend_grouped.R,28,ok,0.103185516,1.700000000,16.475180489,
script_11,gemini,base,r,data_visualization,01_scatter_trend_grouped,/home/romakrut/PycharmProjects/masters-thesis/task_equivalents/llm_translations/gemini/base/r/data_visualization/01_scatter_trend_grouped.R,29,ok,0.101931638,1.710000000,16.775949387,
script_11,gemini,base,r,data_visualization,01_scatter_trend_grouped,/home/romakrut/PycharmProjects/masters-thesis/task_equivalents/llm_translations/gemini/base/r/data_visualization/01_scatter_trend_grouped.R,30,ok,0.102337130,1.730000000,16.904910271,
script_53,gpt,optimized,python,machine_learning_workflows,01_pipeline_cv_gridsearch_classification,/home/romakrut/PycharmProjects/masters-thesis/task_equivalents/llm_translations/gpt/optimized/python/machine_learning_workflows/01_pipeline_cv_gridsearch_classification.py,1,ok,2.425810615,39.380000000,16.233748734,
script_53,gpt,optimized,python,machine_learning_workflows,01_pipeline_cv_gridsearch_classification,/home/romakrut/PycharmProjects/masters-thesis/task_equivalents/llm_translations/gpt/optimized/python/machine_learning_workflows/01_pipeline_cv_gridsearch_classification.py,2,ok,2.432455260,39.650000000,16.300402582,
script_53,gpt,optimized,python,machine_learning_workflows,01_pipeline_cv_gridsearch_classification,/home/romakrut/PycharmProjects/masters-thesis/task_equivalents/llm_translations/gpt/optimized/python/machine_learning_workflows/01_pipeline_cv_gridsearch_classification.py,3,ok,2.435935925,39.050000000,16.030799332,
script_53,gpt,optimized,python,machine_learning_workflows,01_pipeline_cv_gridsearch_classification,/home/romakrut/PycharmProjects/masters-thesis/task_equivalents/llm_translations/gpt/optimized/python/machine_learning_workflows/01_pipeline_cv_gridsearch_classification.py,4,ok,2.438054682,40.090000000,16.443437588,
script_53,gpt,optimized,python,machine_learning_workflows,01_pipeline_cv_gridsearch_classification,/home/romakrut/PycharmProjects/masters-thesis/task_equivalents/llm_translations/gpt/optimized/python/machine_learning_workflows/01_pipeline_cv_gridsearch_classification.py,5,ok,2.444018191,40.060000000,16.391040029,
script_53,gpt,optimized,python,machine_learning_workflows,01_pipeline_cv_gridsearch_classification,/home/romakrut/PycharmProjects/masters-thesis/task_equivalents/llm_translations/gpt/optimized/python/machine_learning_workflows/01_pipeline_cv_gridsearch_classification.py,6,ok,2.439265657,40.390000000,16.558262067,
script_53,gpt,optimized,python,machine_learning_workflows,01_pipeline_cv_gridsearch_classification,/home/romakrut/PycharmProjects/masters-thesis/task_equivalents/llm_translations/gpt/optimized/python/machine_learning_workflows/01_pipeline_cv_gridsearch_classification.py,7,ok,2.440531256,39.710000000,16.271047503,
script_53,gpt,optimized,python,machine_learning_workflows,01_pipeline_cv_gridsearch_classification,/home/romakrut/PycharmProjects/masters-thesis/task_equivalents/llm_translations/gpt/optimized/python/machine_learning_workflows/01_pipeline_cv_gridsearch_classification.py,8,ok,2.436786689,40.320000000,16.546380601,
script_53,gpt,optimized,python,machine_learning_workflows,01_pipeline_cv_gridsearch_classification,/home/romakrut/PycharmProjects/masters-thesis/task_equivalents/llm_translations/gpt/optimized/python/machine_learning_workflows/01_pipeline_cv_gridsearch_classification.py,9,ok,2.436907129,40.140000000,16.471698705,
script_53,gpt,optimized,python,machine_learning_workflows,01_pipeline_cv_gridsearch_classification,/home/romakrut/PycharmProjects/masters-thesis/task_equivalents/llm_translations/gpt/optimized/python/machine_learning_workflows/01_pipeline_cv_gridsearch_classification.py,10,ok,2.441077880,40.450000000,16.570548745,
script_53,gpt,optimized,python,machine_learning_workflows,01_pipeline_cv_gridsearch_classification,/home/romakrut/PycharmProjects/masters-thesis/task_equivalents/llm_translations/gpt/optimized/python/machine_learning_workflows/01_pipeline_cv_gridsearch_classification.py,11,ok,2.454488009,41.200000000,16.785578031,
script_53,gpt,optimized,python,machine_learning_workflows,01_pipeline_cv_gridsearch_classification,/home/romakrut/PycharmProjects/masters-thesis/task_equivalents/llm_translations/gpt/optimized/python/machine_learning_workflows/01_pipeline_cv_gridsearch_classification.py,12,ok,2.438908972,40.980000000,16.802595124,
script_53,gpt,optimized,python,machine_learning_workflows,01_pipeline_cv_gridsearch_classification,/home/romakrut/PycharmProjects/masters-thesis/task_equivalents/llm_translations/gpt/optimized/python/machine_learning_workflows/01_pipeline_cv_gridsearch_classification.py,13,ok,2.453119148,41.250000000,16.815326738,
script_53,gpt,optimized,python,machine_learning_workflows,01_pipeline_cv_gridsearch_classification,/home/romakrut/PycharmProjects/masters-thesis/task_equivalents/llm_translations/gpt/optimized/python/machine_learning_workflows/01_pipeline_cv_gridsearch_classification.py,14,ok,2.438463939,40.420000000,16.576008918,
script_53,gpt,optimized,python,machine_learning_workflows,01_pipeline_cv_gridsearch_classification,/home/romakrut/PycharmProjects/masters-thesis/task_equivalents/llm_translations/gpt/optimized/python/machine_learning_workflows/01_pipeline_cv_gridsearch_classification.py,15,ok,2.447503194,40.530000000,16.559733241,
script_53,gpt,optimized,python,machine_learning_workflows,01_pipeline_cv_gridsearch_classification,/home/romakrut/PycharmProjects/masters-thesis/task_equivalents/llm_translations/gpt/optimized/python/machine_learning_workflows/01_pipeline_cv_gridsearch_classification.py,16,ok,2.435151773,40.600000000,16.672472102,
script_53,gpt,optimized,python,machine_learning_workflows,01_pipeline_cv_gridsearch_classification,/home/romakrut/PycharmProjects/masters-thesis/task_equivalents/llm_translations/gpt/optimized/python/machine_learning_workflows/01_pipeline_cv_gridsearch_classification.py,17,ok,2.440308995,40.850000000,16.739683410,
script_53,gpt,optimized,python,machine_learning_workflows,01_pipeline_cv_gridsearch_classification,/home/romakrut/PycharmProjects/masters-thesis/task_equivalents/llm_translations/gpt/optimized/python/machine_learning_workflows/01_pipeline_cv_gridsearch_classification.py,18,ok,2.435726960,40.950000000,16.812229233,
script_53,gpt,optimized,python,machine_learning_workflows,01_pipeline_cv_gridsearch_classification,/home/romakrut/PycharmProjects/masters-thesis/task_equivalents/llm_translations/gpt/optimized/python/machine_learning_workflows/01_pipeline_cv_gridsearch_classification.py,19,ok,2.442236177,41.200000000,16.869785317,
script_53,gpt,optimized,python,machine_learning_workflows,01_pipeline_cv_gridsearch_classification,/home/romakrut/PycharmProjects/masters-thesis/task_equivalents/llm_translations/gpt/optimized/python/machine_learning_workflows/01_pipeline_cv_gridsearch_classification.py,20,ok,2.444851097,41.260000000,16.876283407,
script_53,gpt,optimized,python,machine_learning_workflows,01_pipeline_cv_gridsearch_classification,/home/romakrut/PycharmProjects/masters-thesis/task_equivalents/llm_translations/gpt/optimized/python/machine_learning_workflows/01_pipeline_cv_gridsearch_classification.py,21,ok,2.433976464,40.510000000,16.643546312,
script_53,gpt,optimized,python,machine_learning_workflows,01_pipeline_cv_gridsearch_classification,/home/romakrut/PycharmProjects/masters-thesis/task_equivalents/llm_translations/gpt/optimized/python/machine_learning_workflows/01_pipeline_cv_gridsearch_classification.py,22,ok,2.442415909,40.450000000,16.561470899,
script_53,gpt,optimized,python,machine_learning_workflows,01_pipeline_cv_gridsearch_classification,/home/romakrut/PycharmProjects/masters-thesis/task_equivalents/llm_translations/gpt/optimized/python/machine_learning_workflows/01_pipeline_cv_gridsearch_classification.py,23,ok,2.461982747,41.540000000,16.872579652,
script_53,gpt,optimized,python,machine_learning_workflows,01_pipeline_cv_gridsearch_classification,/home/romakrut/PycharmProjects/masters-thesis/task_equivalents/llm_translations/gpt/optimized/python/machine_learning_workflows/01_pipeline_cv_gridsearch_classification.py,24,ok,2.448149228,41.010000000,16.751429827,
script_53,gpt,optimized,python,machine_learning_workflows,01_pipeline_cv_gridsearch_classification,/home/romakrut/PycharmProjects/masters-thesis/task_equivalents/llm_translations/gpt/optimized/python/machine_learning_workflows/01_pipeline_cv_gridsearch_classification.py,25,ok,2.434084156,40.430000000,16.609943375,
script_53,gpt,optimized,python,machine_learning_workflows,01_pipeline_cv_gridsearch_classification,/home/romakrut/PycharmProjects/masters-thesis/task_equivalents/llm_translations/gpt/optimized/python/machine_learning_workflows/01_pipeline_cv_gridsearch_classification.py,26,ok,2.437350009,40.200000000,16.493322605,
script_53,gpt,optimized,python,machine_learning_workflows,01_pipeline_cv_gridsearch_classification,/home/romakrut/PycharmProjects/masters-thesis/task_equivalents/llm_translations/gpt/optimized/python/machine_learning_workflows/01_pipeline_cv_gridsearch_classification.py,27,ok,2.451349422,40.940000000,16.701005427,
script_53,gpt,optimized,python,machine_learning_workflows,01_pipeline_cv_gridsearch_classification,/home/romakrut/PycharmProjects/masters-thesis/task_equivalents/llm_translations/gpt/optimized/python/machine_learning_workflows/01_pipeline_cv_gridsearch_classification.py,28,ok,2.438736768,41.380000000,16.967800930,
script_53,gpt,optimized,python,machine_learning_workflows,01_pipeline_cv_gridsearch_classification,/home/romakrut/PycharmProjects/masters-thesis/task_equivalents/llm_translations/gpt/optimized/python/machine_learning_workflows/01_pipeline_cv_gridsearch_classification.py,29,ok,2.522965832,42.120000000,16.694637504,
script_53,gpt,optimized,python,machine_learning_workflows,01_pipeline_cv_gridsearch_classification,/home/romakrut/PycharmProjects/masters-thesis/task_equivalents/llm_translations/gpt/optimized/python/machine_learning_workflows/01_pipeline_cv_gridsearch_classification.py,30,ok,2.441483762,41.210000000,16.879080108,
script_14,gemini,base,r,machine_learning_workflows,02_regression_workflow_feature_importance,/home/romakrut/PycharmProjects/masters-thesis/task_equivalents/llm_translations/gemini/base/r/machine_learning_workflows/02_regression_workflow_feature_importance.R,1,ok,2.769566176,46.100000000,16.645206170,
script_14,gemini,base,r,machine_learning_workflows,02_regression_workflow_feature_importance,/home/romakrut/PycharmProjects/masters-thesis/task_equivalents/llm_translations/gemini/base/r/machine_learning_workflows/02_regression_workflow_feature_importance.R,2,ok,2.788522109,46.310000000,16.607363395,
script_14,gemini,base,r,machine_learning_workflows,02_regression_workflow_feature_importance,/home/romakrut/PycharmProjects/masters-thesis/task_equivalents/llm_translations/gemini/base/r/machine_learning_workflows/02_regression_workflow_feature_importance.R,3,ok,2.794644534,45.640000000,16.331236207,
script_14,gemini,base,r,machine_learning_workflows,02_regression_workflow_feature_importance,/home/romakrut/PycharmProjects/masters-thesis/task_equivalents/llm_translations/gemini/base/r/machine_learning_workflows/02_regression_workflow_feature_importance.R,4,ok,2.783951019,47.530000000,17.072857847,
script_14,gemini,base,r,machine_learning_workflows,02_regression_workflow_feature_importance,/home/romakrut/PycharmProjects/masters-thesis/task_equivalents/llm_translations/gemini/base/r/machine_learning_workflows/02_regression_workflow_feature_importance.R,5,ok,2.785278401,47.940000000,17.211923944,
script_14,gemini,base,r,machine_learning_workflows,02_regression_workflow_feature_importance,/home/romakrut/PycharmProjects/masters-thesis/task_equivalents/llm_translations/gemini/base/r/machine_learning_workflows/02_regression_workflow_feature_importance.R,6,ok,2.798550708,46.550000000,16.633609628,
script_14,gemini,base,r,machine_learning_workflows,02_regression_workflow_feature_importance,/home/romakrut/PycharmProjects/masters-thesis/task_equivalents/llm_translations/gemini/base/r/machine_learning_workflows/02_regression_workflow_feature_importance.R,7,ok,2.782342841,47.180000000,16.956932591,
script_14,gemini,base,r,machine_learning_workflows,02_regression_workflow_feature_importance,/home/romakrut/PycharmProjects/masters-thesis/task_equivalents/llm_translations/gemini/base/r/machine_learning_workflows/02_regression_workflow_feature_importance.R,8,ok,2.787554295,47.600000000,17.075900579,
script_14,gemini,base,r,machine_learning_workflows,02_regression_workflow_feature_importance,/home/romakrut/PycharmProjects/masters-thesis/task_equivalents/llm_translations/gemini/base/r/machine_learning_workflows/02_regression_workflow_feature_importance.R,9,ok,2.765682173,48.540000000,17.550823617,
script_14,gemini,base,r,machine_learning_workflows,02_regression_workflow_feature_importance,/home/romakrut/PycharmProjects/masters-thesis/task_equivalents/llm_translations/gemini/base/r/machine_learning_workflows/02_regression_workflow_feature_importance.R,10,ok,2.770117503,48.600000000,17.544382124,
script_14,gemini,base,r,machine_learning_workflows,02_regression_workflow_feature_importance,/home/romakrut/PycharmProjects/masters-thesis/task_equivalents/llm_translations/gemini/base/r/machine_learning_workflows/02_regression_workflow_feature_importance.R,11,ok,2.784736805,47.370000000,17.010584237,
script_14,gemini,base,r,machine_learning_workflows,02_regression_workflow_feature_importance,/home/romakrut/PycharmProjects/masters-thesis/task_equivalents/llm_translations/gemini/base/r/machine_learning_workflows/02_regression_workflow_feature_importance.R,12,ok,2.781891414,47.600000000,17.110660668,
script_14,gemini,base,r,machine_learning_workflows,02_regression_workflow_feature_importance,/home/romakrut/PycharmProjects/masters-thesis/task_equivalents/llm_translations/gemini/base/r/machine_learning_workflows/02_regression_workflow_feature_importance.R,13,ok,2.789039232,48.220000000,17.289107821,
script_14,gemini,base,r,machine_learning_workflows,02_regression_workflow_feature_importance,/home/romakrut/PycharmProjects/masters-thesis/task_equivalents/llm_translations/gemini/base/r/machine_learning_workflows/02_regression_workflow_feature_importance.R,14,ok,2.788911479,47.300000000,16.960021986,
script_14,gemini,base,r,machine_learning_workflows,02_regression_workflow_feature_importance,/home/romakrut/PycharmProjects/masters-thesis/task_equivalents/llm_translations/gemini/base/r/machine_learning_workflows/02_regression_workflow_feature_importance.R,15,ok,2.792763268,47.890000000,17.147890961,
script_14,gemini,base,r,machine_learning_workflows,02_regression_workflow_feature_importance,/home/romakrut/PycharmProjects/masters-thesis/task_equivalents/llm_translations/gemini/base/r/machine_learning_workflows/02_regression_workflow_feature_importance.R,16,ok,2.791053727,48.350000000,17.323206477,
script_14,gemini,base,r,machine_learning_workflows,02_regression_workflow_feature_importance,/home/romakrut/PycharmProjects/masters-thesis/task_equivalents/llm_translations/gemini/base/r/machine_learning_workflows/02_regression_workflow_feature_importance.R,17,ok,2.790456618,47.430000000,16.997218195,
script_14,gemini,base,r,machine_learning_workflows,02_regression_workflow_feature_importance,/home/romakrut/PycharmProjects/masters-thesis/task_equivalents/llm_translations/gemini/base/r/machine_learning_workflows/02_regression_workflow_feature_importance.R,18,ok,2.793193988,47.860000000,17.134506306,
script_14,gemini,base,r,machine_learning_workflows,02_regression_workflow_feature_importance,/home/romakrut/PycharmProjects/masters-thesis/task_equivalents/llm_translations/gemini/base/r/machine_learning_workflows/02_regression_workflow_feature_importance.R,19,ok,2.799716217,47.540000000,16.980292399,
script_14,gemini,base,r,machine_learning_workflows,02_regression_workflow_feature_importance,/home/romakrut/PycharmProjects/masters-thesis/task_equivalents/llm_translations/gemini/base/r/machine_learning_workflows/02_regression_workflow_feature_importance.R,20,ok,2.767091382,48.400000000,17.491290788,
script_14,gemini,base,r,machine_learning_workflows,02_regression_workflow_feature_importance,/home/romakrut/PycharmProjects/masters-thesis/task_equivalents/llm_translations/gemini/base/r/machine_learning_workflows/02_regression_workflow_feature_importance.R,21,ok,2.766372440,47.910000000,17.318709262,
script_14,gemini,base,r,machine_learning_workflows,02_regression_workflow_feature_importance,/home/romakrut/PycharmProjects/masters-thesis/task_equivalents/llm_translations/gemini/base/r/machine_learning_workflows/02_regression_workflow_feature_importance.R,22,ok,2.791909977,47.950000000,17.174622533,
script_14,gemini,base,r,machine_learning_workflows,02_regression_workflow_feature_importance,/home/romakrut/PycharmProjects/masters-thesis/task_equivalents/llm_translations/gemini/base/r/machine_learning_workflows/02_regression_workflow_feature_importance.R,23,ok,2.795621398,47.290000000,16.915738316,
script_14,gemini,base,r,machine_learning_workflows,02_regression_workflow_feature_importance,/home/romakrut/PycharmProjects/masters-thesis/task_equivalents/llm_translations/gemini/base/r/machine_learning_workflows/02_regression_workflow_feature_importance.R,24,ok,2.792462758,47.500000000,17.010074660,
script_14,gemini,base,r,machine_learning_workflows,02_regression_workflow_feature_importance,/home/romakrut/PycharmProjects/masters-thesis/task_equivalents/llm_translations/gemini/base/r/machine_learning_workflows/02_regression_workflow_feature_importance.R,25,ok,2.806102494,48.190000000,17.173285760,
script_14,gemini,base,r,machine_learning_workflows,02_regression_workflow_feature_importance,/home/romakrut/PycharmProjects/masters-thesis/task_equivalents/llm_translations/gemini/base/r/machine_learning_workflows/02_regression_workflow_feature_importance.R,26,ok,2.781994214,47.150000000,16.948273926,
script_14,gemini,base,r,machine_learning_workflows,02_regression_workflow_feature_importance,/home/romakrut/PycharmProjects/masters-thesis/task_equivalents/llm_translations/gemini/base/r/machine_learning_workflows/02_regression_workflow_feature_importance.R,27,ok,2.785251024,48.920000000,17.563946509,
script_14,gemini,base,r,machine_learning_workflows,02_regression_workflow_feature_importance,/home/romakrut/PycharmProjects/masters-thesis/task_equivalents/llm_translations/gemini/base/r/machine_learning_workflows/02_regression_workflow_feature_importance.R,28,ok,2.791548707,48.620000000,17.416855338,
script_14,gemini,base,r,machine_learning_workflows,02_regression_workflow_feature_importance,/home/romakrut/PycharmProjects/masters-thesis/task_equivalents/llm_translations/gemini/base/r/machine_learning_workflows/02_regression_workflow_feature_importance.R,29,ok,2.764076883,48.730000000,17.629755634,
script_14,gemini,base,r,machine_learning_workflows,02_regression_workflow_feature_importance,/home/romakrut/PycharmProjects/masters-thesis/task_equivalents/llm_translations/gemini/base/r/machine_learning_workflows/02_regression_workflow_feature_importance.R,30,ok,2.783583172,47.420000000,17.035596593,
script_40,gpt,base,python,statistical_modelling_analysis,02_logistic_regression_odds_ratios,/home/romakrut/PycharmProjects/masters-thesis/task_equivalents/llm_translations/gpt/base/python/statistical_modelling_analysis/02_logistic_regression_odds_ratios.py,1,ok,0.728992483,12.110000000,16.611968275,
script_40,gpt,base,python,statistical_modelling_analysis,02_logistic_regression_odds_ratios,/home/romakrut/PycharmProjects/masters-thesis/task_equivalents/llm_translations/gpt/base/python/statistical_modelling_analysis/02_logistic_regression_odds_ratios.py,2,ok,0.733973538,11.750000000,16.008751531,
script_40,gpt,base,python,statistical_modelling_analysis,02_logistic_regression_odds_ratios,/home/romakrut/PycharmProjects/masters-thesis/task_equivalents/llm_translations/gpt/base/python/statistical_modelling_analysis/02_logistic_regression_odds_ratios.py,3,ok,0.736718825,12.160000000,16.505618680,
script_40,gpt,base,python,statistical_modelling_analysis,02_logistic_regression_odds_ratios,/home/romakrut/PycharmProjects/masters-thesis/task_equivalents/llm_translations/gpt/base/python/statistical_modelling_analysis/02_logistic_regression_odds_ratios.py,4,ok,0.735665646,12.130000000,16.488468730,
script_40,gpt,base,python,statistical_modelling_analysis,02_logistic_regression_odds_ratios,/home/romakrut/PycharmProjects/masters-thesis/task_equivalents/llm_translations/gpt/base/python/statistical_modelling_analysis/02_logistic_regression_odds_ratios.py,5,ok,0.732265450,11.870000000,16.209968666,
script_40,gpt,base,python,statistical_modelling_analysis,02_logistic_regression_odds_ratios,/home/romakrut/PycharmProjects/masters-thesis/task_equivalents/llm_translations/gpt/base/python/statistical_modelling_analysis/02_logistic_regression_odds_ratios.py,6,ok,0.729850671,11.950000000,16.373212322,
script_40,gpt,base,python,statistical_modelling_analysis,02_logistic_regression_odds_ratios,/home/romakrut/PycharmProjects/masters-thesis/task_equivalents/llm_translations/gpt/base/python/statistical_modelling_analysis/02_logistic_regression_odds_ratios.py,7,ok,0.734910486,11.950000000,16.260483729,
script_40,gpt,base,python,statistical_modelling_analysis,02_logistic_regression_odds_ratios,/home/romakrut/PycharmProjects/masters-thesis/task_equivalents/llm_translations/gpt/base/python/statistical_modelling_analysis/02_logistic_regression_odds_ratios.py,8,ok,0.728909818,11.860000000,16.270874266,
script_40,gpt,base,python,statistical_modelling_analysis,02_logistic_regression_odds_ratios,/home/romakrut/PycharmProjects/masters-thesis/task_equivalents/llm_translations/gpt/base/python/statistical_modelling_analysis/02_logistic_regression_odds_ratios.py,9,ok,0.735406765,11.900000000,16.181520985,
script_40,gpt,base,python,statistical_modelling_analysis,02_logistic_regression_odds_ratios,/home/romakrut/PycharmProjects/masters-thesis/task_equivalents/llm_translations/gpt/base/python/statistical_modelling_analysis/02_logistic_regression_odds_ratios.py,10,ok,0.728913855,12.200000000,16.737231590,
script_40,gpt,base,python,statistical_modelling_analysis,02_logistic_regression_odds_ratios,/home/romakrut/PycharmProjects/masters-thesis/task_equivalents/llm_translations/gpt/base/python/statistical_modelling_analysis/02_logistic_regression_odds_ratios.py,11,ok,0.730664612,12.090000000,16.546579376,
script_40,gpt,base,python,statistical_modelling_analysis,02_logistic_regression_odds_ratios,/home/romakrut/PycharmProjects/masters-thesis/task_equivalents/llm_translations/gpt/base/python/statistical_modelling_analysis/02_logistic_regression_odds_ratios.py,12,ok,0.728484380,11.860000000,16.280376526,
script_40,gpt,base,python,statistical_modelling_analysis,02_logistic_regression_odds_ratios,/home/romakrut/PycharmProjects/masters-thesis/task_equivalents/llm_translations/gpt/base/python/statistical_modelling_analysis/02_logistic_regression_odds_ratios.py,13,ok,0.730192048,11.990000000,16.420337681,
script_40,gpt,base,python,statistical_modelling_analysis,02_logistic_regression_odds_ratios,/home/romakrut/PycharmProjects/masters-thesis/task_equivalents/llm_translations/gpt/base/python/statistical_modelling_analysis/02_logistic_regression_odds_ratios.py,14,ok,0.735470449,12.100000000,16.452054622,
script_40,gpt,base,python,statistical_modelling_analysis,02_logistic_regression_odds_ratios,/home/romakrut/PycharmProjects/masters-thesis/task_equivalents/llm_translations/gpt/base/python/statistical_modelling_analysis/02_logistic_regression_odds_ratios.py,15,ok,0.734187897,12.250000000,16.685102070,
script_40,gpt,base,python,statistical_modelling_analysis,02_logistic_regression_odds_ratios,/home/romakrut/PycharmProjects/masters-thesis/task_equivalents/llm_translations/gpt/base/python/statistical_modelling_analysis/02_logistic_regression_odds_ratios.py,16,ok,0.736103402,11.950000000,16.234132280,
script_40,gpt,base,python,statistical_modelling_analysis,02_logistic_regression_odds_ratios,/home/romakrut/PycharmProjects/masters-thesis/task_equivalents/llm_translations/gpt/base/python/statistical_modelling_analysis/02_logistic_regression_odds_ratios.py,17,ok,0.731010167,12.240000000,16.743953166,
script_40,gpt,base,python,statistical_modelling_analysis,02_logistic_regression_odds_ratios,/home/romakrut/PycharmProjects/masters-thesis/task_equivalents/llm_translations/gpt/base/python/statistical_modelling_analysis/02_logistic_regression_odds_ratios.py,18,ok,0.734233423,12.270000000,16.711306807,
script_40,gpt,base,python,statistical_modelling_analysis,02_logistic_regression_odds_ratios,/home/romakrut/PycharmProjects/masters-thesis/task_equivalents/llm_translations/gpt/base/python/statistical_modelling_analysis/02_logistic_regression_odds_ratios.py,19,ok,0.734155512,12.070000000,16.440658420,
script_40,gpt,base,python,statistical_modelling_analysis,02_logistic_regression_odds_ratios,/home/romakrut/PycharmProjects/masters-thesis/task_equivalents/llm_translations/gpt/base/python/statistical_modelling_analysis/02_logistic_regression_odds_ratios.py,20,ok,0.728783890,12.260000000,16.822545295,
script_40,gpt,base,python,statistical_modelling_analysis,02_logistic_regression_odds_ratios,/home/romakrut/PycharmProjects/masters-thesis/task_equivalents/llm_translations/gpt/base/python/statistical_modelling_analysis/02_logistic_regression_odds_ratios.py,21,ok,0.737887843,12.230000000,16.574334590,
script_40,gpt,base,python,statistical_modelling_analysis,02_logistic_regression_odds_ratios,/home/romakrut/PycharmProjects/masters-thesis/task_equivalents/llm_translations/gpt/base/python/statistical_modelling_analysis/02_logistic_regression_odds_ratios.py,22,ok,0.736448800,12.340000000,16.756086778,
script_40,gpt,base,python,statistical_modelling_analysis,02_logistic_regression_odds_ratios,/home/romakrut/PycharmProjects/masters-thesis/task_equivalents/llm_translations/gpt/base/python/statistical_modelling_analysis/02_logistic_regression_odds_ratios.py,23,ok,0.735521706,12.070000000,16.410120737,
script_40,gpt,base,python,statistical_modelling_analysis,02_logistic_regression_odds_ratios,/home/romakrut/PycharmProjects/masters-thesis/task_equivalents/llm_translations/gpt/base/python/statistical_modelling_analysis/02_logistic_regression_odds_ratios.py,24,ok,0.726748762,12.080000000,16.621975340,
script_40,gpt,base,python,statistical_modelling_analysis,02_logistic_regression_odds_ratios,/home/romakrut/PycharmProjects/masters-thesis/task_equivalents/llm_translations/gpt/base/python/statistical_modelling_analysis/02_logistic_regression_odds_ratios.py,25,ok,0.736992261,12.110000000,16.431651512,
script_40,gpt,base,python,statistical_modelling_analysis,02_logistic_regression_odds_ratios,/home/romakrut/PycharmProjects/masters-thesis/task_equivalents/llm_translations/gpt/base/python/statistical_modelling_analysis/02_logistic_regression_odds_ratios.py,26,ok,0.731338269,12.280000000,16.791135539,
script_40,gpt,base,python,statistical_modelling_analysis,02_logistic_regression_odds_ratios,/home/romakrut/PycharmProjects/masters-thesis/task_equivalents/llm_translations/gpt/base/python/statistical_modelling_analysis/02_logistic_regression_odds_ratios.py,27,ok,0.731154789,12.060000000,16.494455321,
script_40,gpt,base,python,statistical_modelling_analysis,02_logistic_regression_odds_ratios,/home/romakrut/PycharmProjects/masters-thesis/task_equivalents/llm_translations/gpt/base/python/statistical_modelling_analysis/02_logistic_regression_odds_ratios.py,28,ok,0.736697895,12.210000000,16.573958040,
script_40,gpt,base,python,statistical_modelling_analysis,02_logistic_regression_odds_ratios,/home/romakrut/PycharmProjects/masters-thesis/task_equivalents/llm_translations/gpt/base/python/statistical_modelling_analysis/02_logistic_regression_odds_ratios.py,29,ok,0.732882047,12.170000000,16.605673518,
script_40,gpt,base,python,statistical_modelling_analysis,02_logistic_regression_odds_ratios,/home/romakrut/PycharmProjects/masters-thesis/task_equivalents/llm_translations/gpt/base/python/statistical_modelling_analysis/02_logistic_regression_odds_ratios.py,30,ok,0.734915502,12.310000000,16.750224980,
script_39,gpt,base,python,statistical_modelling_analysis,01_linear_regression_inference,/home/romakrut/PycharmProjects/masters-thesis/task_equivalents/llm_translations/gpt/base/python/statistical_modelling_analysis/01_linear_regression_inference.py,1,ok,0.578852693,9.700000000,16.757285778,
script_39,gpt,base,python,statistical_modelling_analysis,01_linear_regression_inference,/home/romakrut/PycharmProjects/masters-thesis/task_equivalents/llm_translations/gpt/base/python/statistical_modelling_analysis/01_linear_regression_inference.py,2,ok,0.580706734,9.510000000,16.376596728,
script_39,gpt,base,python,statistical_modelling_analysis,01_linear_regression_inference,/home/romakrut/PycharmProjects/masters-thesis/task_equivalents/llm_translations/gpt/base/python/statistical_modelling_analysis/01_linear_regression_inference.py,3,ok,0.578456711,9.540000000,16.492158909,
script_39,gpt,base,python,statistical_modelling_analysis,01_linear_regression_inference,/home/romakrut/PycharmProjects/masters-thesis/task_equivalents/llm_translations/gpt/base/python/statistical_modelling_analysis/01_linear_regression_inference.py,4,ok,0.578564690,9.650000000,16.679206607,
script_39,gpt,base,python,statistical_modelling_analysis,01_linear_regression_inference,/home/romakrut/PycharmProjects/masters-thesis/task_equivalents/llm_translations/gpt/base/python/statistical_modelling_analysis/01_linear_regression_inference.py,5,ok,0.580499785,9.630000000,16.589153431,
script_39,gpt,base,python,statistical_modelling_analysis,01_linear_regression_inference,/home/romakrut/PycharmProjects/masters-thesis/task_equivalents/llm_translations/gpt/base/python/statistical_modelling_analysis/01_linear_regression_inference.py,6,ok,0.577212750,9.580000000,16.596999980,
script_39,gpt,base,python,statistical_modelling_analysis,01_linear_regression_inference,/home/romakrut/PycharmProjects/masters-thesis/task_equivalents/llm_translations/gpt/base/python/statistical_modelling_analysis/01_linear_regression_inference.py,7,ok,0.580867504,9.450000000,16.268770305,
script_39,gpt,base,python,statistical_modelling_analysis,01_linear_regression_inference,/home/romakrut/PycharmProjects/masters-thesis/task_equivalents/llm_translations/gpt/base/python/statistical_modelling_analysis/01_linear_regression_inference.py,8,ok,0.578754427,9.470000000,16.362725809,
script_39,gpt,base,python,statistical_modelling_analysis,01_linear_regression_inference,/home/romakrut/PycharmProjects/masters-thesis/task_equivalents/llm_translations/gpt/base/python/statistical_modelling_analysis/01_linear_regression_inference.py,9,ok,0.579473418,9.700000000,16.739335574,
script_39,gpt,base,python,statistical_modelling_analysis,01_linear_regression_inference,/home/romakrut/PycharmProjects/masters-thesis/task_equivalents/llm_translations/gpt/base/python/statistical_modelling_analysis/01_linear_regression_inference.py,10,ok,0.582053358,9.360000000,16.080999914,
script_39,gpt,base,python,statistical_modelling_analysis,01_linear_regression_inference,/home/romakrut/PycharmProjects/masters-thesis/task_equivalents/llm_translations/gpt/base/python/statistical_modelling_analysis/01_linear_regression_inference.py,11,ok,0.577753748,9.610000000,16.633384090,
script_39,gpt,base,python,statistical_modelling_analysis,01_linear_regression_inference,/home/romakrut/PycharmProjects/masters-thesis/task_equivalents/llm_translations/gpt/base/python/statistical_modelling_analysis/01_linear_regression_inference.py,12,ok,0.581379728,9.600000000,16.512443654,
script_39,gpt,base,python,statistical_modelling_analysis,01_linear_regression_inference,/home/romakrut/PycharmProjects/masters-thesis/task_equivalents/llm_translations/gpt/base/python/statistical_modelling_analysis/01_linear_regression_inference.py,13,ok,0.577624960,9.570000000,16.567843606,
script_39,gpt,base,python,statistical_modelling_analysis,01_linear_regression_inference,/home/romakrut/PycharmProjects/masters-thesis/task_equivalents/llm_translations/gpt/base/python/statistical_modelling_analysis/01_linear_regression_inference.py,14,ok,0.579031367,9.500000000,16.406710485,
script_39,gpt,base,python,statistical_modelling_analysis,01_linear_regression_inference,/home/romakrut/PycharmProjects/masters-thesis/task_equivalents/llm_translations/gpt/base/python/statistical_modelling_analysis/01_linear_regression_inference.py,15,ok,0.582369697,9.420000000,16.175292170,
script_39,gpt,base,python,statistical_modelling_analysis,01_linear_regression_inference,/home/romakrut/PycharmProjects/masters-thesis/task_equivalents/llm_translations/gpt/base/python/statistical_modelling_analysis/01_linear_regression_inference.py,16,ok,0.577258030,9.560000000,16.561051563,
script_39,gpt,base,python,statistical_modelling_analysis,01_linear_regression_inference,/home/romakrut/PycharmProjects/masters-thesis/task_equivalents/llm_translations/gpt/base/python/statistical_modelling_analysis/01_linear_regression_inference.py,17,ok,0.583013411,9.470000000,16.243194104,
script_39,gpt,base,python,statistical_modelling_analysis,01_linear_regression_inference,/home/romakrut/PycharmProjects/masters-thesis/task_equivalents/llm_translations/gpt/base/python/statistical_modelling_analysis/01_linear_regression_inference.py,18,ok,0.580907479,9.730000000,16.749655241,
script_39,gpt,base,python,statistical_modelling_analysis,01_linear_regression_inference,/home/romakrut/PycharmProjects/masters-thesis/task_equivalents/llm_translations/gpt/base/python/statistical_modelling_analysis/01_linear_regression_inference.py,19,ok,0.581534709,9.690000000,16.662805934,
script_39,gpt,base,python,statistical_modelling_analysis,01_linear_regression_inference,/home/romakrut/PycharmProjects/masters-thesis/task_equivalents/llm_translations/gpt/base/python/statistical_modelling_analysis/01_linear_regression_inference.py,20,ok,0.580632886,9.510000000,16.378679591,
script_39,gpt,base,python,statistical_modelling_analysis,01_linear_regression_inference,/home/romakrut/PycharmProjects/masters-thesis/task_equivalents/llm_translations/gpt/base/python/statistical_modelling_analysis/01_linear_regression_inference.py,21,ok,0.579165881,9.510000000,16.420166160,
script_39,gpt,base,python,statistical_modelling_analysis,01_linear_regression_inference,/home/romakrut/PycharmProjects/masters-thesis/task_equivalents/llm_translations/gpt/base/python/statistical_modelling_analysis/01_linear_regression_inference.py,22,ok,0.582746965,9.550000000,16.387901737,
script_39,gpt,base,python,statistical_modelling_analysis,01_linear_regression_inference,/home/romakrut/PycharmProjects/masters-thesis/task_equivalents/llm_translations/gpt/base/python/statistical_modelling_analysis/01_linear_regression_inference.py,23,ok,0.582589156,9.750000000,16.735635910,
script_39,gpt,base,python,statistical_modelling_analysis,01_linear_regression_inference,/home/romakrut/PycharmProjects/masters-thesis/task_equivalents/llm_translations/gpt/base/python/statistical_modelling_analysis/01_linear_regression_inference.py,24,ok,0.580080801,9.520000000,16.411506782,
script_39,gpt,base,python,statistical_modelling_analysis,01_linear_regression_inference,/home/romakrut/PycharmProjects/masters-thesis/task_equivalents/llm_translations/gpt/base/python/statistical_modelling_analysis/01_linear_regression_inference.py,25,ok,0.578608202,9.580000000,16.556972347,
script_39,gpt,base,python,statistical_modelling_analysis,01_linear_regression_inference,/home/romakrut/PycharmProjects/masters-thesis/task_equivalents/llm_translations/gpt/base/python/statistical_modelling_analysis/01_linear_regression_inference.py,26,ok,0.576567919,9.490000000,16.459465897,
script_39,gpt,base,python,statistical_modelling_analysis,01_linear_regression_inference,/home/romakrut/PycharmProjects/masters-thesis/task_equivalents/llm_translations/gpt/base/python/statistical_modelling_analysis/01_linear_regression_inference.py,27,ok,0.579691916,9.530000000,16.439766947,
script_39,gpt,base,python,statistical_modelling_analysis,01_linear_regression_inference,/home/romakrut/PycharmProjects/masters-thesis/task_equivalents/llm_translations/gpt/base/python/statistical_modelling_analysis/01_linear_regression_inference.py,28,ok,0.581926907,9.730000000,16.720312952,
script_39,gpt,base,python,statistical_modelling_analysis,01_linear_regression_inference,/home/romakrut/PycharmProjects/masters-thesis/task_equivalents/llm_translations/gpt/base/python/statistical_modelling_analysis/01_linear_regression_inference.py,29,ok,0.579522110,9.680000000,16.703417925,
script_39,gpt,base,python,statistical_modelling_analysis,01_linear_regression_inference,/home/romakrut/PycharmProjects/masters-thesis/task_equivalents/llm_translations/gpt/base/python/statistical_modelling_analysis/01_linear_regression_inference.py,30,ok,0.579488061,9.550000000,16.480063426,
script_68,llama,base,python,data_visualization,02_distribution_boxplot,/home/romakrut/PycharmProjects/masters-thesis/task_equivalents/llm_translations/llama/base/python/data_visualization/02_distribution_boxplot.py,1,ok,0.470754998,7.820000000,16.611613330,
script_68,llama,base,python,data_visualization,02_distribution_boxplot,/home/romakrut/PycharmProjects/masters-thesis/task_equivalents/llm_translations/llama/base/python/data_visualization/02_distribution_boxplot.py,2,ok,0.473587320,7.800000000,16.470035558,
script_68,llama,base,python,data_visualization,02_distribution_boxplot,/home/romakrut/PycharmProjects/masters-thesis/task_equivalents/llm_translations/llama/base/python/data_visualization/02_distribution_boxplot.py,3,ok,0.473799634,7.610000000,16.061641787,
script_68,llama,base,python,data_visualization,02_distribution_boxplot,/home/romakrut/PycharmProjects/masters-thesis/task_equivalents/llm_translations/llama/base/python/data_visualization/02_distribution_boxplot.py,4,ok,0.475057151,7.920000000,16.671678309,
script_68,llama,base,python,data_visualization,02_distribution_boxplot,/home/romakrut/PycharmProjects/masters-thesis/task_equivalents/llm_translations/llama/base/python/data_visualization/02_distribution_boxplot.py,5,ok,0.469534523,7.740000000,16.484410881,
script_68,llama,base,python,data_visualization,02_distribution_boxplot,/home/romakrut/PycharmProjects/masters-thesis/task_equivalents/llm_translations/llama/base/python/data_visualization/02_distribution_boxplot.py,6,ok,0.475582164,7.760000000,16.316844044,
script_68,llama,base,python,data_visualization,02_distribution_boxplot,/home/romakrut/PycharmProjects/masters-thesis/task_equivalents/llm_translations/llama/base/python/data_visualization/02_distribution_boxplot.py,7,ok,0.473846891,7.630000000,16.102247677,
script_68,llama,base,python,data_visualization,02_distribution_boxplot,/home/romakrut/PycharmProjects/masters-thesis/task_equivalents/llm_translations/llama/base/python/data_visualization/02_distribution_boxplot.py,8,ok,0.471312730,7.930000000,16.825346517,
script_68,llama,base,python,data_visualization,02_distribution_boxplot,/home/romakrut/PycharmProjects/masters-thesis/task_equivalents/llm_translations/llama/base/python/data_visualization/02_distribution_boxplot.py,9,ok,0.478129200,8.010000000,16.752794015,
script_68,llama,base,python,data_visualization,02_distribution_boxplot,/home/romakrut/PycharmProjects/masters-thesis/task_equivalents/llm_translations/llama/base/python/data_visualization/02_distribution_boxplot.py,10,ok,0.470529746,7.960000000,16.917102622,
script_68,llama,base,python,data_visualization,02_distribution_boxplot,/home/romakrut/PycharmProjects/masters-thesis/task_equivalents/llm_translations/llama/base/python/data_visualization/02_distribution_boxplot.py,11,ok,0.473426546,7.950000000,16.792467738,
script_68,llama,base,python,data_visualization,02_distribution_boxplot,/home/romakrut/PycharmProjects/masters-thesis/task_equivalents/llm_translations/llama/base/python/data_visualization/02_distribution_boxplot.py,12,ok,0.472558282,7.940000000,16.802160289,
script_68,llama,base,python,data_visualization,02_distribution_boxplot,/home/romakrut/PycharmProjects/masters-thesis/task_equivalents/llm_translations/llama/base/python/data_visualization/02_distribution_boxplot.py,13,ok,0.473953845,7.790000000,16.436199605,
script_68,llama,base,python,data_visualization,02_distribution_boxplot,/home/romakrut/PycharmProjects/masters-thesis/task_equivalents/llm_translations/llama/base/python/data_visualization/02_distribution_boxplot.py,14,ok,0.473400037,7.920000000,16.730036715,
script_68,llama,base,python,data_visualization,02_distribution_boxplot,/home/romakrut/PycharmProjects/masters-thesis/task_equivalents/llm_translations/llama/base/python/data_visualization/02_distribution_boxplot.py,15,ok,0.476566765,7.760000000,16.283132962,
script_68,llama,base,python,data_visualization,02_distribution_boxplot,/home/romakrut/PycharmProjects/masters-thesis/task_equivalents/llm_translations/llama/base/python/data_visualization/02_distribution_boxplot.py,16,ok,0.477682675,7.990000000,16.726585280,
script_68,llama,base,python,data_visualization,02_distribution_boxplot,/home/romakrut/PycharmProjects/masters-thesis/task_equivalents/llm_translations/llama/base/python/data_visualization/02_distribution_boxplot.py,17,ok,0.472705883,7.680000000,16.246888977,
script_68,llama,base,python,data_visualization,02_distribution_boxplot,/home/romakrut/PycharmProjects/masters-thesis/task_equivalents/llm_translations/llama/base/python/data_visualization/02_distribution_boxplot.py,18,ok,0.472472853,7.870000000,16.657041669,
script_68,llama,base,python,data_visualization,02_distribution_boxplot,/home/romakrut/PycharmProjects/masters-thesis/task_equivalents/llm_translations/llama/base/python/data_visualization/02_distribution_boxplot.py,19,ok,0.473581410,7.900000000,16.681398030,
script_68,llama,base,python,data_visualization,02_distribution_boxplot,/home/romakrut/PycharmProjects/masters-thesis/task_equivalents/llm_translations/llama/base/python/data_visualization/02_distribution_boxplot.py,20,ok,0.475444305,8.030000000,16.889465108,
script_68,llama,base,python,data_visualization,02_distribution_boxplot,/home/romakrut/PycharmProjects/masters-thesis/task_equivalents/llm_translations/llama/base/python/data_visualization/02_distribution_boxplot.py,21,ok,0.475379884,7.850000000,16.513109335,
script_68,llama,base,python,data_visualization,02_distribution_boxplot,/home/romakrut/PycharmProjects/masters-thesis/task_equivalents/llm_translations/llama/base/python/data_visualization/02_distribution_boxplot.py,22,ok,0.470728429,7.880000000,16.740012956,
script_68,llama,base,python,data_visualization,02_distribution_boxplot,/home/romakrut/PycharmProjects/masters-thesis/task_equivalents/llm_translations/llama/base/python/data_visualization/02_distribution_boxplot.py,23,ok,0.474351395,7.700000000,16.232691800,
script_68,llama,base,python,data_visualization,02_distribution_boxplot,/home/romakrut/PycharmProjects/masters-thesis/task_equivalents/llm_translations/llama/base/python/data_visualization/02_distribution_boxplot.py,24,ok,0.472379216,7.840000000,16.596835200,
script_68,llama,base,python,data_visualization,02_distribution_boxplot,/home/romakrut/PycharmProjects/masters-thesis/task_equivalents/llm_translations/llama/base/python/data_visualization/02_distribution_boxplot.py,25,ok,0.474580913,7.720000000,16.266983750,
script_68,llama,base,python,data_visualization,02_distribution_boxplot,/home/romakrut/PycharmProjects/masters-thesis/task_equivalents/llm_translations/llama/base/python/data_visualization/02_distribution_boxplot.py,26,ok,0.474588606,7.990000000,16.835633850,
script_68,llama,base,python,data_visualization,02_distribution_boxplot,/home/romakrut/PycharmProjects/masters-thesis/task_equivalents/llm_translations/llama/base/python/data_visualization/02_distribution_boxplot.py,27,ok,0.471308706,7.780000000,16.507227431,
script_68,llama,base,python,data_visualization,02_distribution_boxplot,/home/romakrut/PycharmProjects/masters-thesis/task_equivalents/llm_translations/llama/base/python/data_visualization/02_distribution_boxplot.py,28,ok,0.475032233,7.840000000,16.504143204,
script_68,llama,base,python,data_visualization,02_distribution_boxplot,/home/romakrut/PycharmProjects/masters-thesis/task_equivalents/llm_translations/llama/base/python/data_visualization/02_distribution_boxplot.py,29,ok,0.474327271,7.860000000,16.570837227,
script_68,llama,base,python,data_visualization,02_distribution_boxplot,/home/romakrut/PycharmProjects/masters-thesis/task_equivalents/llm_translations/llama/base/python/data_visualization/02_distribution_boxplot.py,30,ok,0.475754328,7.870000000,16.542151142,
script_21,gemini,optimized,python,machine_learning_workflows,01_pipeline_cv_gridsearch_classification,/home/romakrut/PycharmProjects/masters-thesis/task_equivalents/llm_translations/gemini/optimized/python/machine_learning_workflows/01_pipeline_cv_gridsearch_classification.py,1,ok,2.571670309,42.230000000,16.421234033,
script_21,gemini,optimized,python,machine_learning_workflows,01_pipeline_cv_gridsearch_classification,/home/romakrut/PycharmProjects/masters-thesis/task_equivalents/llm_translations/gemini/optimized/python/machine_learning_workflows/01_pipeline_cv_gridsearch_classification.py,2,ok,2.568220842,42.150000000,16.412139996,
script_21,gemini,optimized,python,machine_learning_workflows,01_pipeline_cv_gridsearch_classification,/home/romakrut/PycharmProjects/masters-thesis/task_equivalents/llm_translations/gemini/optimized/python/machine_learning_workflows/01_pipeline_cv_gridsearch_classification.py,3,ok,2.597714864,42.490000000,16.356683556,
script_21,gemini,optimized,python,machine_learning_workflows,01_pipeline_cv_gridsearch_classification,/home/romakrut/PycharmProjects/masters-thesis/task_equivalents/llm_translations/gemini/optimized/python/machine_learning_workflows/01_pipeline_cv_gridsearch_classification.py,4,ok,2.575349593,42.900000000,16.657932623,
script_21,gemini,optimized,python,machine_learning_workflows,01_pipeline_cv_gridsearch_classification,/home/romakrut/PycharmProjects/masters-thesis/task_equivalents/llm_translations/gemini/optimized/python/machine_learning_workflows/01_pipeline_cv_gridsearch_classification.py,5,ok,2.572589184,43.020000000,16.722452332,
script_21,gemini,optimized,python,machine_learning_workflows,01_pipeline_cv_gridsearch_classification,/home/romakrut/PycharmProjects/masters-thesis/task_equivalents/llm_translations/gemini/optimized/python/machine_learning_workflows/01_pipeline_cv_gridsearch_classification.py,6,ok,2.574646734,42.700000000,16.584799552,
script_21,gemini,optimized,python,machine_learning_workflows,01_pipeline_cv_gridsearch_classification,/home/romakrut/PycharmProjects/masters-thesis/task_equivalents/llm_translations/gemini/optimized/python/machine_learning_workflows/01_pipeline_cv_gridsearch_classification.py,7,ok,2.567970482,42.860000000,16.690222999,
script_21,gemini,optimized,python,machine_learning_workflows,01_pipeline_cv_gridsearch_classification,/home/romakrut/PycharmProjects/masters-thesis/task_equivalents/llm_translations/gemini/optimized/python/machine_learning_workflows/01_pipeline_cv_gridsearch_classification.py,8,ok,2.574561198,42.950000000,16.682454483,
script_21,gemini,optimized,python,machine_learning_workflows,01_pipeline_cv_gridsearch_classification,/home/romakrut/PycharmProjects/masters-thesis/task_equivalents/llm_translations/gemini/optimized/python/machine_learning_workflows/01_pipeline_cv_gridsearch_classification.py,9,ok,2.571127778,43.050000000,16.743625256,
script_21,gemini,optimized,python,machine_learning_workflows,01_pipeline_cv_gridsearch_classification,/home/romakrut/PycharmProjects/masters-thesis/task_equivalents/llm_translations/gemini/optimized/python/machine_learning_workflows/01_pipeline_cv_gridsearch_classification.py,10,ok,2.579409684,43.180000000,16.740264359,
script_21,gemini,optimized,python,machine_learning_workflows,01_pipeline_cv_gridsearch_classification,/home/romakrut/PycharmProjects/masters-thesis/task_equivalents/llm_translations/gemini/optimized/python/machine_learning_workflows/01_pipeline_cv_gridsearch_classification.py,11,ok,2.572720343,43.510000000,16.912059687,
script_21,gemini,optimized,python,machine_learning_workflows,01_pipeline_cv_gridsearch_classification,/home/romakrut/PycharmProjects/masters-thesis/task_equivalents/llm_translations/gemini/optimized/python/machine_learning_workflows/01_pipeline_cv_gridsearch_classification.py,12,ok,2.584840860,43.080000000,16.666403208,
script_21,gemini,optimized,python,machine_learning_workflows,01_pipeline_cv_gridsearch_classification,/home/romakrut/PycharmProjects/masters-thesis/task_equivalents/llm_translations/gemini/optimized/python/machine_learning_workflows/01_pipeline_cv_gridsearch_classification.py,13,ok,2.574441076,43.320000000,16.826953393,
script_21,gemini,optimized,python,machine_learning_workflows,01_pipeline_cv_gridsearch_classification,/home/romakrut/PycharmProjects/masters-thesis/task_equivalents/llm_translations/gemini/optimized/python/machine_learning_workflows/01_pipeline_cv_gridsearch_classification.py,14,ok,2.599930983,43.810000000,16.850447295,
script_21,gemini,optimized,python,machine_learning_workflows,01_pipeline_cv_gridsearch_classification,/home/romakrut/PycharmProjects/masters-thesis/task_equivalents/llm_translations/gemini/optimized/python/machine_learning_workflows/01_pipeline_cv_gridsearch_classification.py,15,ok,2.568704880,43.280000000,16.848957752,
script_21,gemini,optimized,python,machine_learning_workflows,01_pipeline_cv_gridsearch_classification,/home/romakrut/PycharmProjects/masters-thesis/task_equivalents/llm_translations/gemini/optimized/python/machine_learning_workflows/01_pipeline_cv_gridsearch_classification.py,16,ok,2.569765437,43.070000000,16.760284569,
script_21,gemini,optimized,python,machine_learning_workflows,01_pipeline_cv_gridsearch_classification,/home/romakrut/PycharmProjects/masters-thesis/task_equivalents/llm_translations/gemini/optimized/python/machine_learning_workflows/01_pipeline_cv_gridsearch_classification.py,17,ok,2.564021499,42.550000000,16.595024658,
script_21,gemini,optimized,python,machine_learning_workflows,01_pipeline_cv_gridsearch_classification,/home/romakrut/PycharmProjects/masters-thesis/task_equivalents/llm_translations/gemini/optimized/python/machine_learning_workflows/01_pipeline_cv_gridsearch_classification.py,18,ok,2.582480224,43.730000000,16.933333930,
script_21,gemini,optimized,python,machine_learning_workflows,01_pipeline_cv_gridsearch_classification,/home/romakrut/PycharmProjects/masters-thesis/task_equivalents/llm_translations/gemini/optimized/python/machine_learning_workflows/01_pipeline_cv_gridsearch_classification.py,19,ok,2.569512606,43.010000000,16.738582990,
script_21,gemini,optimized,python,machine_learning_workflows,01_pipeline_cv_gridsearch_classification,/home/romakrut/PycharmProjects/masters-thesis/task_equivalents/llm_translations/gemini/optimized/python/machine_learning_workflows/01_pipeline_cv_gridsearch_classification.py,20,ok,2.579152438,43.570000000,16.893146507,
script_21,gemini,optimized,python,machine_learning_workflows,01_pipeline_cv_gridsearch_classification,/home/romakrut/PycharmProjects/masters-thesis/task_equivalents/llm_translations/gemini/optimized/python/machine_learning_workflows/01_pipeline_cv_gridsearch_classification.py,21,ok,2.587168251,43.700000000,16.891054528,
script_21,gemini,optimized,python,machine_learning_workflows,01_pipeline_cv_gridsearch_classification,/home/romakrut/PycharmProjects/masters-thesis/task_equivalents/llm_translations/gemini/optimized/python/machine_learning_workflows/01_pipeline_cv_gridsearch_classification.py,22,ok,2.566590387,43.560000000,16.971932966,
script_21,gemini,optimized,python,machine_learning_workflows,01_pipeline_cv_gridsearch_classification,/home/romakrut/PycharmProjects/masters-thesis/task_equivalents/llm_translations/gemini/optimized/python/machine_learning_workflows/01_pipeline_cv_gridsearch_classification.py,23,ok,2.577744502,42.730000000,16.576507085,
script_21,gemini,optimized,python,machine_learning_workflows,01_pipeline_cv_gridsearch_classification,/home/romakrut/PycharmProjects/masters-thesis/task_equivalents/llm_translations/gemini/optimized/python/machine_learning_workflows/01_pipeline_cv_gridsearch_classification.py,24,ok,2.568151475,42.990000000,16.739666806,
script_21,gemini,optimized,python,machine_learning_workflows,01_pipeline_cv_gridsearch_classification,/home/romakrut/PycharmProjects/masters-thesis/task_equivalents/llm_translations/gemini/optimized/python/machine_learning_workflows/01_pipeline_cv_gridsearch_classification.py,25,ok,2.569003150,43.470000000,16.920960179,
script_21,gemini,optimized,python,machine_learning_workflows,01_pipeline_cv_gridsearch_classification,/home/romakrut/PycharmProjects/masters-thesis/task_equivalents/llm_translations/gemini/optimized/python/machine_learning_workflows/01_pipeline_cv_gridsearch_classification.py,26,ok,2.598321713,43.520000000,16.749273111,
script_21,gemini,optimized,python,machine_learning_workflows,01_pipeline_cv_gridsearch_classification,/home/romakrut/PycharmProjects/masters-thesis/task_equivalents/llm_translations/gemini/optimized/python/machine_learning_workflows/01_pipeline_cv_gridsearch_classification.py,27,ok,2.579837521,43.130000000,16.718107109,
script_21,gemini,optimized,python,machine_learning_workflows,01_pipeline_cv_gridsearch_classification,/home/romakrut/PycharmProjects/masters-thesis/task_equivalents/llm_translations/gemini/optimized/python/machine_learning_workflows/01_pipeline_cv_gridsearch_classification.py,28,ok,2.584440828,43.010000000,16.641897750,
script_21,gemini,optimized,python,machine_learning_workflows,01_pipeline_cv_gridsearch_classification,/home/romakrut/PycharmProjects/masters-thesis/task_equivalents/llm_translations/gemini/optimized/python/machine_learning_workflows/01_pipeline_cv_gridsearch_classification.py,29,ok,2.572860205,42.720000000,16.604089067,
script_21,gemini,optimized,python,machine_learning_workflows,01_pipeline_cv_gridsearch_classification,/home/romakrut/PycharmProjects/masters-thesis/task_equivalents/llm_translations/gemini/optimized/python/machine_learning_workflows/01_pipeline_cv_gridsearch_classification.py,30,ok,2.565522432,43.220000000,16.846471292,
script_81,llama,optimized,python,data_manipulation_preprocessing,01_impute_encode_scale,/home/romakrut/PycharmProjects/masters-thesis/task_equivalents/llm_translations/llama/optimized/python/data_manipulation_preprocessing/01_impute_encode_scale.py,1,ok,0.583414569,9.500000000,16.283446634,
script_81,llama,optimized,python,data_manipulation_preprocessing,01_impute_encode_scale,/home/romakrut/PycharmProjects/masters-thesis/task_equivalents/llm_translations/llama/optimized/python/data_manipulation_preprocessing/01_impute_encode_scale.py,2,ok,0.585459374,9.680000000,16.534025126,
script_81,llama,optimized,python,data_manipulation_preprocessing,01_impute_encode_scale,/home/romakrut/PycharmProjects/masters-thesis/task_equivalents/llm_translations/llama/optimized/python/data_manipulation_preprocessing/01_impute_encode_scale.py,3,ok,0.585987358,9.550000000,16.297279915,
script_81,llama,optimized,python,data_manipulation_preprocessing,01_impute_encode_scale,/home/romakrut/PycharmProjects/masters-thesis/task_equivalents/llm_translations/llama/optimized/python/data_manipulation_preprocessing/01_impute_encode_scale.py,4,ok,0.583945163,9.700000000,16.611148811,
script_81,llama,optimized,python,data_manipulation_preprocessing,01_impute_encode_scale,/home/romakrut/PycharmProjects/masters-thesis/task_equivalents/llm_translations/llama/optimized/python/data_manipulation_preprocessing/01_impute_encode_scale.py,5,ok,0.588780953,9.510000000,16.152017064,
script_81,llama,optimized,python,data_manipulation_preprocessing,01_impute_encode_scale,/home/romakrut/PycharmProjects/masters-thesis/task_equivalents/llm_translations/llama/optimized/python/data_manipulation_preprocessing/01_impute_encode_scale.py,6,ok,0.587791804,9.740000000,16.570493045,
script_81,llama,optimized,python,data_manipulation_preprocessing,01_impute_encode_scale,/home/romakrut/PycharmProjects/masters-thesis/task_equivalents/llm_translations/llama/optimized/python/data_manipulation_preprocessing/01_impute_encode_scale.py,7,ok,0.585646550,9.590000000,16.375064448,
script_81,llama,optimized,python,data_manipulation_preprocessing,01_impute_encode_scale,/home/romakrut/PycharmProjects/masters-thesis/task_equivalents/llm_translations/llama/optimized/python/data_manipulation_preprocessing/01_impute_encode_scale.py,8,ok,0.588220410,9.640000000,16.388414676,
script_81,llama,optimized,python,data_manipulation_preprocessing,01_impute_encode_scale,/home/romakrut/PycharmProjects/masters-thesis/task_equivalents/llm_translations/llama/optimized/python/data_manipulation_preprocessing/01_impute_encode_scale.py,9,ok,0.588119123,9.630000000,16.374233762,
script_81,llama,optimized,python,data_manipulation_preprocessing,01_impute_encode_scale,/home/romakrut/PycharmProjects/masters-thesis/task_equivalents/llm_translations/llama/optimized/python/data_manipulation_preprocessing/01_impute_encode_scale.py,10,ok,0.585987493,9.710000000,16.570319531,
script_81,llama,optimized,python,data_manipulation_preprocessing,01_impute_encode_scale,/home/romakrut/PycharmProjects/masters-thesis/task_equivalents/llm_translations/llama/optimized/python/data_manipulation_preprocessing/01_impute_encode_scale.py,11,ok,0.587731043,9.740000000,16.572206141,
script_81,llama,optimized,python,data_manipulation_preprocessing,01_impute_encode_scale,/home/romakrut/PycharmProjects/masters-thesis/task_equivalents/llm_translations/llama/optimized/python/data_manipulation_preprocessing/01_impute_encode_scale.py,12,ok,0.586680198,9.590000000,16.346213887,
script_81,llama,optimized,python,data_manipulation_preprocessing,01_impute_encode_scale,/home/romakrut/PycharmProjects/masters-thesis/task_equivalents/llm_translations/llama/optimized/python/data_manipulation_preprocessing/01_impute_encode_scale.py,13,ok,0.587031924,9.510000000,16.200141102,
script_81,llama,optimized,python,data_manipulation_preprocessing,01_impute_encode_scale,/home/romakrut/PycharmProjects/masters-thesis/task_equivalents/llm_translations/llama/optimized/python/data_manipulation_preprocessing/01_impute_encode_scale.py,14,ok,0.587239766,9.580000000,16.313609116,
script_81,llama,optimized,python,data_manipulation_preprocessing,01_impute_encode_scale,/home/romakrut/PycharmProjects/masters-thesis/task_equivalents/llm_translations/llama/optimized/python/data_manipulation_preprocessing/01_impute_encode_scale.py,15,ok,0.588877423,9.570000000,16.251259814,
script_81,llama,optimized,python,data_manipulation_preprocessing,01_impute_encode_scale,/home/romakrut/PycharmProjects/masters-thesis/task_equivalents/llm_translations/llama/optimized/python/data_manipulation_preprocessing/01_impute_encode_scale.py,16,ok,0.587161204,9.560000000,16.281729676,
script_81,llama,optimized,python,data_manipulation_preprocessing,01_impute_encode_scale,/home/romakrut/PycharmProjects/masters-thesis/task_equivalents/llm_translations/llama/optimized/python/data_manipulation_preprocessing/01_impute_encode_scale.py,17,ok,0.586050160,9.580000000,16.346723632,
script_81,llama,optimized,python,data_manipulation_preprocessing,01_impute_encode_scale,/home/romakrut/PycharmProjects/masters-thesis/task_equivalents/llm_translations/llama/optimized/python/data_manipulation_preprocessing/01_impute_encode_scale.py,18,ok,0.588980896,9.600000000,16.299340208,
script_81,llama,optimized,python,data_manipulation_preprocessing,01_impute_encode_scale,/home/romakrut/PycharmProjects/masters-thesis/task_equivalents/llm_translations/llama/optimized/python/data_manipulation_preprocessing/01_impute_encode_scale.py,19,ok,0.587015283,9.520000000,16.217635683,
script_81,llama,optimized,python,data_manipulation_preprocessing,01_impute_encode_scale,/home/romakrut/PycharmProjects/masters-thesis/task_equivalents/llm_translations/llama/optimized/python/data_manipulation_preprocessing/01_impute_encode_scale.py,20,ok,0.584857769,9.810000000,16.773308862,
script_81,llama,optimized,python,data_manipulation_preprocessing,01_impute_encode_scale,/home/romakrut/PycharmProjects/masters-thesis/task_equivalents/llm_translations/llama/optimized/python/data_manipulation_preprocessing/01_impute_encode_scale.py,21,ok,0.585783438,9.700000000,16.559020571,
script_81,llama,optimized,python,data_manipulation_preprocessing,01_impute_encode_scale,/home/romakrut/PycharmProjects/masters-thesis/task_equivalents/llm_translations/llama/optimized/python/data_manipulation_preprocessing/01_impute_encode_scale.py,22,ok,0.584641503,9.910000000,16.950558503,
script_81,llama,optimized,python,data_manipulation_preprocessing,01_impute_encode_scale,/home/romakrut/PycharmProjects/masters-thesis/task_equivalents/llm_translations/llama/optimized/python/data_manipulation_preprocessing/01_impute_encode_scale.py,23,ok,0.588074416,9.660000000,16.426492527,
script_81,llama,optimized,python,data_manipulation_preprocessing,01_impute_encode_scale,/home/romakrut/PycharmProjects/masters-thesis/task_equivalents/llm_translations/llama/optimized/python/data_manipulation_preprocessing/01_impute_encode_scale.py,24,ok,0.586358230,9.650000000,16.457516082,
script_81,llama,optimized,python,data_manipulation_preprocessing,01_impute_encode_scale,/home/romakrut/PycharmProjects/masters-thesis/task_equivalents/llm_translations/llama/optimized/python/data_manipulation_preprocessing/01_impute_encode_scale.py,25,ok,0.587922389,9.640000000,16.396722051,
script_81,llama,optimized,python,data_manipulation_preprocessing,01_impute_encode_scale,/home/romakrut/PycharmProjects/masters-thesis/task_equivalents/llm_translations/llama/optimized/python/data_manipulation_preprocessing/01_impute_encode_scale.py,26,ok,0.583165182,9.580000000,16.427592551,
script_81,llama,optimized,python,data_manipulation_preprocessing,01_impute_encode_scale,/home/romakrut/PycharmProjects/masters-thesis/task_equivalents/llm_translations/llama/optimized/python/data_manipulation_preprocessing/01_impute_encode_scale.py,27,ok,0.586186696,9.760000000,16.649985519,
script_81,llama,optimized,python,data_manipulation_preprocessing,01_impute_encode_scale,/home/romakrut/PycharmProjects/masters-thesis/task_equivalents/llm_translations/llama/optimized/python/data_manipulation_preprocessing/01_impute_encode_scale.py,28,ok,0.589078926,9.630000000,16.347554759,
script_81,llama,optimized,python,data_manipulation_preprocessing,01_impute_encode_scale,/home/romakrut/PycharmProjects/masters-thesis/task_equivalents/llm_translations/llama/optimized/python/data_manipulation_preprocessing/01_impute_encode_scale.py,29,ok,0.586641000,9.730000000,16.585952908,
script_81,llama,optimized,python,data_manipulation_preprocessing,01_impute_encode_scale,/home/romakrut/PycharmProjects/masters-thesis/task_equivalents/llm_translations/llama/optimized/python/data_manipulation_preprocessing/01_impute_encode_scale.py,30,ok,0.588140052,9.710000000,16.509673108,
script_37,gpt,base,python,machine_learning_workflows,01_pipeline_cv_gridsearch_classification,/home/romakrut/PycharmProjects/masters-thesis/task_equivalents/llm_translations/gpt/base/python/machine_learning_workflows/01_pipeline_cv_gridsearch_classification.py,1,ok,2.406951917,38.670000000,16.065962817,
script_37,gpt,base,python,machine_learning_workflows,01_pipeline_cv_gridsearch_classification,/home/romakrut/PycharmProjects/masters-thesis/task_equivalents/llm_translations/gpt/base/python/machine_learning_workflows/01_pipeline_cv_gridsearch_classification.py,2,ok,2.414573419,39.440000000,16.334148173,
script_37,gpt,base,python,machine_learning_workflows,01_pipeline_cv_gridsearch_classification,/home/romakrut/PycharmProjects/masters-thesis/task_equivalents/llm_translations/gpt/base/python/machine_learning_workflows/01_pipeline_cv_gridsearch_classification.py,3,ok,2.426807078,39.760000000,16.383667396,
script_37,gpt,base,python,machine_learning_workflows,01_pipeline_cv_gridsearch_classification,/home/romakrut/PycharmProjects/masters-thesis/task_equivalents/llm_translations/gpt/base/python/machine_learning_workflows/01_pipeline_cv_gridsearch_classification.py,4,ok,2.418610599,40.460000000,16.728612707,
script_37,gpt,base,python,machine_learning_workflows,01_pipeline_cv_gridsearch_classification,/home/romakrut/PycharmProjects/masters-thesis/task_equivalents/llm_translations/gpt/base/python/machine_learning_workflows/01_pipeline_cv_gridsearch_classification.py,5,ok,2.414435875,40.680000000,16.848656210,
script_37,gpt,base,python,machine_learning_workflows,01_pipeline_cv_gridsearch_classification,/home/romakrut/PycharmProjects/masters-thesis/task_equivalents/llm_translations/gpt/base/python/machine_learning_workflows/01_pipeline_cv_gridsearch_classification.py,6,ok,2.412054366,40.120000000,16.633124264,
script_37,gpt,base,python,machine_learning_workflows,01_pipeline_cv_gridsearch_classification,/home/romakrut/PycharmProjects/masters-thesis/task_equivalents/llm_translations/gpt/base/python/machine_learning_workflows/01_pipeline_cv_gridsearch_classification.py,7,ok,2.408552001,39.460000000,16.383287545,
script_37,gpt,base,python,machine_learning_workflows,01_pipeline_cv_gridsearch_classification,/home/romakrut/PycharmProjects/masters-thesis/task_equivalents/llm_translations/gpt/base/python/machine_learning_workflows/01_pipeline_cv_gridsearch_classification.py,8,ok,2.417396372,40.750000000,16.856979051,
script_37,gpt,base,python,machine_learning_workflows,01_pipeline_cv_gridsearch_classification,/home/romakrut/PycharmProjects/masters-thesis/task_equivalents/llm_translations/gpt/base/python/machine_learning_workflows/01_pipeline_cv_gridsearch_classification.py,9,ok,2.418474464,40.640000000,16.803981437,
script_37,gpt,base,python,machine_learning_workflows,01_pipeline_cv_gridsearch_classification,/home/romakrut/PycharmProjects/masters-thesis/task_equivalents/llm_translations/gpt/base/python/machine_learning_workflows/01_pipeline_cv_gridsearch_classification.py,10,ok,2.422618297,40.750000000,16.820644032,
script_37,gpt,base,python,machine_learning_workflows,01_pipeline_cv_gridsearch_classification,/home/romakrut/PycharmProjects/masters-thesis/task_equivalents/llm_translations/gpt/base/python/machine_learning_workflows/01_pipeline_cv_gridsearch_classification.py,11,ok,2.414657913,40.400000000,16.731148451,
script_37,gpt,base,python,machine_learning_workflows,01_pipeline_cv_gridsearch_classification,/home/romakrut/PycharmProjects/masters-thesis/task_equivalents/llm_translations/gpt/base/python/machine_learning_workflows/01_pipeline_cv_gridsearch_classification.py,12,ok,2.412667931,40.040000000,16.595735984,
script_37,gpt,base,python,machine_learning_workflows,01_pipeline_cv_gridsearch_classification,/home/romakrut/PycharmProjects/masters-thesis/task_equivalents/llm_translations/gpt/base/python/machine_learning_workflows/01_pipeline_cv_gridsearch_classification.py,13,ok,2.411405963,40.080000000,16.621008911,
script_37,gpt,base,python,machine_learning_workflows,01_pipeline_cv_gridsearch_classification,/home/romakrut/PycharmProjects/masters-thesis/task_equivalents/llm_translations/gpt/base/python/machine_learning_workflows/01_pipeline_cv_gridsearch_classification.py,14,ok,2.415172410,40.060000000,16.586807565,
script_37,gpt,base,python,machine_learning_workflows,01_pipeline_cv_gridsearch_classification,/home/romakrut/PycharmProjects/masters-thesis/task_equivalents/llm_translations/gpt/base/python/machine_learning_workflows/01_pipeline_cv_gridsearch_classification.py,15,ok,2.421530924,40.220000000,16.609327431,
script_37,gpt,base,python,machine_learning_workflows,01_pipeline_cv_gridsearch_classification,/home/romakrut/PycharmProjects/masters-thesis/task_equivalents/llm_translations/gpt/base/python/machine_learning_workflows/01_pipeline_cv_gridsearch_classification.py,16,ok,2.417222108,40.690000000,16.833372434,
script_37,gpt,base,python,machine_learning_workflows,01_pipeline_cv_gridsearch_classification,/home/romakrut/PycharmProjects/masters-thesis/task_equivalents/llm_translations/gpt/base/python/machine_learning_workflows/01_pipeline_cv_gridsearch_classification.py,17,ok,2.419179758,40.620000000,16.790815096,
script_37,gpt,base,python,machine_learning_workflows,01_pipeline_cv_gridsearch_classification,/home/romakrut/PycharmProjects/masters-thesis/task_equivalents/llm_translations/gpt/base/python/machine_learning_workflows/01_pipeline_cv_gridsearch_classification.py,18,ok,2.427020080,40.180000000,16.555281240,
script_37,gpt,base,python,machine_learning_workflows,01_pipeline_cv_gridsearch_classification,/home/romakrut/PycharmProjects/masters-thesis/task_equivalents/llm_translations/gpt/base/python/machine_learning_workflows/01_pipeline_cv_gridsearch_classification.py,19,ok,2.436616422,41.040000000,16.843028566,
script_37,gpt,base,python,machine_learning_workflows,01_pipeline_cv_gridsearch_classification,/home/romakrut/PycharmProjects/masters-thesis/task_equivalents/llm_translations/gpt/base/python/machine_learning_workflows/01_pipeline_cv_gridsearch_classification.py,20,ok,2.410931230,40.370000000,16.744567202,
script_37,gpt,base,python,machine_learning_workflows,01_pipeline_cv_gridsearch_classification,/home/romakrut/PycharmProjects/masters-thesis/task_equivalents/llm_translations/gpt/base/python/machine_learning_workflows/01_pipeline_cv_gridsearch_classification.py,21,ok,2.416740643,40.760000000,16.865690623,
script_37,gpt,base,python,machine_learning_workflows,01_pipeline_cv_gridsearch_classification,/home/romakrut/PycharmProjects/masters-thesis/task_equivalents/llm_translations/gpt/base/python/machine_learning_workflows/01_pipeline_cv_gridsearch_classification.py,22,ok,2.413333320,40.920000000,16.955801199,
script_37,gpt,base,python,machine_learning_workflows,01_pipeline_cv_gridsearch_classification,/home/romakrut/PycharmProjects/masters-thesis/task_equivalents/llm_translations/gpt/base/python/machine_learning_workflows/01_pipeline_cv_gridsearch_classification.py,23,ok,2.413469513,40.240000000,16.673092319,
script_37,gpt,base,python,machine_learning_workflows,01_pipeline_cv_gridsearch_classification,/home/romakrut/PycharmProjects/masters-thesis/task_equivalents/llm_translations/gpt/base/python/machine_learning_workflows/01_pipeline_cv_gridsearch_classification.py,24,ok,2.417109044,40.410000000,16.718318977,
script_37,gpt,base,python,machine_learning_workflows,01_pipeline_cv_gridsearch_classification,/home/romakrut/PycharmProjects/masters-thesis/task_equivalents/llm_translations/gpt/base/python/machine_learning_workflows/01_pipeline_cv_gridsearch_classification.py,25,ok,2.415903585,39.980000000,16.548673651,
script_37,gpt,base,python,machine_learning_workflows,01_pipeline_cv_gridsearch_classification,/home/romakrut/PycharmProjects/masters-thesis/task_equivalents/llm_translations/gpt/base/python/machine_learning_workflows/01_pipeline_cv_gridsearch_classification.py,26,ok,2.438191511,40.840000000,16.750119839,
script_37,gpt,base,python,machine_learning_workflows,01_pipeline_cv_gridsearch_classification,/home/romakrut/PycharmProjects/masters-thesis/task_equivalents/llm_translations/gpt/base/python/machine_learning_workflows/01_pipeline_cv_gridsearch_classification.py,27,ok,2.415580397,40.560000000,16.790995676,
script_37,gpt,base,python,machine_learning_workflows,01_pipeline_cv_gridsearch_classification,/home/romakrut/PycharmProjects/masters-thesis/task_equivalents/llm_translations/gpt/base/python/machine_learning_workflows/01_pipeline_cv_gridsearch_classification.py,28,ok,2.417016163,40.660000000,16.822394745,
script_37,gpt,base,python,machine_learning_workflows,01_pipeline_cv_gridsearch_classification,/home/romakrut/PycharmProjects/masters-thesis/task_equivalents/llm_translations/gpt/base/python/machine_learning_workflows/01_pipeline_cv_gridsearch_classification.py,29,ok,2.413436129,40.370000000,16.727188060,
script_37,gpt,base,python,machine_learning_workflows,01_pipeline_cv_gridsearch_classification,/home/romakrut/PycharmProjects/masters-thesis/task_equivalents/llm_translations/gpt/base/python/machine_learning_workflows/01_pipeline_cv_gridsearch_classification.py,30,ok,2.416356191,41.030000000,16.980112515,
script_54,gpt,optimized,python,machine_learning_workflows,02_regression_workflow_feature_importance,/home/romakrut/PycharmProjects/masters-thesis/task_equivalents/llm_translations/gpt/optimized/python/machine_learning_workflows/02_regression_workflow_feature_importance.py,1,ok,12.195822428,188.690000000,15.471691320,
script_54,gpt,optimized,python,machine_learning_workflows,02_regression_workflow_feature_importance,/home/romakrut/PycharmProjects/masters-thesis/task_equivalents/llm_translations/gpt/optimized/python/machine_learning_workflows/02_regression_workflow_feature_importance.py,2,ok,12.259482047,190.720000000,15.556937827,
script_54,gpt,optimized,python,machine_learning_workflows,02_regression_workflow_feature_importance,/home/romakrut/PycharmProjects/masters-thesis/task_equivalents/llm_translations/gpt/optimized/python/machine_learning_workflows/02_regression_workflow_feature_importance.py,3,ok,12.305373104,194.450000000,15.802040162,
script_54,gpt,optimized,python,machine_learning_workflows,02_regression_workflow_feature_importance,/home/romakrut/PycharmProjects/masters-thesis/task_equivalents/llm_translations/gpt/optimized/python/machine_learning_workflows/02_regression_workflow_feature_importance.py,4,ok,12.269784181,195.980000000,15.972571083,
script_54,gpt,optimized,python,machine_learning_workflows,02_regression_workflow_feature_importance,/home/romakrut/PycharmProjects/masters-thesis/task_equivalents/llm_translations/gpt/optimized/python/machine_learning_workflows/02_regression_workflow_feature_importance.py,5,ok,12.268756243,191.690000000,15.624240649,
script_54,gpt,optimized,python,machine_learning_workflows,02_regression_workflow_feature_importance,/home/romakrut/PycharmProjects/masters-thesis/task_equivalents/llm_translations/gpt/optimized/python/machine_learning_workflows/02_regression_workflow_feature_importance.py,6,ok,12.170004960,193.310000000,15.884134857,
script_54,gpt,optimized,python,machine_learning_workflows,02_regression_workflow_feature_importance,/home/romakrut/PycharmProjects/masters-thesis/task_equivalents/llm_translations/gpt/optimized/python/machine_learning_workflows/02_regression_workflow_feature_importance.py,7,ok,12.236223126,192.090000000,15.698471499,
script_54,gpt,optimized,python,machine_learning_workflows,02_regression_workflow_feature_importance,/home/romakrut/PycharmProjects/masters-thesis/task_equivalents/llm_translations/gpt/optimized/python/machine_learning_workflows/02_regression_workflow_feature_importance.py,8,ok,12.240676924,193.980000000,15.847162800,
script_54,gpt,optimized,python,machine_learning_workflows,02_regression_workflow_feature_importance,/home/romakrut/PycharmProjects/masters-thesis/task_equivalents/llm_translations/gpt/optimized/python/machine_learning_workflows/02_regression_workflow_feature_importance.py,9,ok,12.247272738,192.220000000,15.694922789,
script_54,gpt,optimized,python,machine_learning_workflows,02_regression_workflow_feature_importance,/home/romakrut/PycharmProjects/masters-thesis/task_equivalents/llm_translations/gpt/optimized/python/machine_learning_workflows/02_regression_workflow_feature_importance.py,10,ok,12.235534673,195.840000000,16.005839159,
script_54,gpt,optimized,python,machine_learning_workflows,02_regression_workflow_feature_importance,/home/romakrut/PycharmProjects/masters-thesis/task_equivalents/llm_translations/gpt/optimized/python/machine_learning_workflows/02_regression_workflow_feature_importance.py,11,ok,12.228260175,191.810000000,15.685796447,
script_54,gpt,optimized,python,machine_learning_workflows,02_regression_workflow_feature_importance,/home/romakrut/PycharmProjects/masters-thesis/task_equivalents/llm_translations/gpt/optimized/python/machine_learning_workflows/02_regression_workflow_feature_importance.py,12,ok,12.232539209,196.160000000,16.035918353,
script_54,gpt,optimized,python,machine_learning_workflows,02_regression_workflow_feature_importance,/home/romakrut/PycharmProjects/masters-thesis/task_equivalents/llm_translations/gpt/optimized/python/machine_learning_workflows/02_regression_workflow_feature_importance.py,13,ok,12.219243319,192.150000000,15.725196314,
script_54,gpt,optimized,python,machine_learning_workflows,02_regression_workflow_feature_importance,/home/romakrut/PycharmProjects/masters-thesis/task_equivalents/llm_translations/gpt/optimized/python/machine_learning_workflows/02_regression_workflow_feature_importance.py,14,ok,12.213189542,195.800000000,16.031848137,
script_54,gpt,optimized,python,machine_learning_workflows,02_regression_workflow_feature_importance,/home/romakrut/PycharmProjects/masters-thesis/task_equivalents/llm_translations/gpt/optimized/python/machine_learning_workflows/02_regression_workflow_feature_importance.py,15,ok,12.208358319,196.510000000,16.096349310,
script_54,gpt,optimized,python,machine_learning_workflows,02_regression_workflow_feature_importance,/home/romakrut/PycharmProjects/masters-thesis/task_equivalents/llm_translations/gpt/optimized/python/machine_learning_workflows/02_regression_workflow_feature_importance.py,16,ok,12.225415628,198.320000000,16.221943371,
script_54,gpt,optimized,python,machine_learning_workflows,02_regression_workflow_feature_importance,/home/romakrut/PycharmProjects/masters-thesis/task_equivalents/llm_translations/gpt/optimized/python/machine_learning_workflows/02_regression_workflow_feature_importance.py,17,ok,12.262367848,198.900000000,16.220358292,
script_54,gpt,optimized,python,machine_learning_workflows,02_regression_workflow_feature_importance,/home/romakrut/PycharmProjects/masters-thesis/task_equivalents/llm_translations/gpt/optimized/python/machine_learning_workflows/02_regression_workflow_feature_importance.py,18,ok,12.232543583,193.420000000,15.811919957,
script_54,gpt,optimized,python,machine_learning_workflows,02_regression_workflow_feature_importance,/home/romakrut/PycharmProjects/masters-thesis/task_equivalents/llm_translations/gpt/optimized/python/machine_learning_workflows/02_regression_workflow_feature_importance.py,19,ok,12.225103541,194.770000000,15.931971402,
script_54,gpt,optimized,python,machine_learning_workflows,02_regression_workflow_feature_importance,/home/romakrut/PycharmProjects/masters-thesis/task_equivalents/llm_translations/gpt/optimized/python/machine_learning_workflows/02_regression_workflow_feature_importance.py,20,ok,12.328195664,198.080000000,16.067233632,
script_54,gpt,optimized,python,machine_learning_workflows,02_regression_workflow_feature_importance,/home/romakrut/PycharmProjects/masters-thesis/task_equivalents/llm_translations/gpt/optimized/python/machine_learning_workflows/02_regression_workflow_feature_importance.py,21,ok,12.253304594,197.210000000,16.094433831,
script_54,gpt,optimized,python,machine_learning_workflows,02_regression_workflow_feature_importance,/home/romakrut/PycharmProjects/masters-thesis/task_equivalents/llm_translations/gpt/optimized/python/machine_learning_workflows/02_regression_workflow_feature_importance.py,22,ok,12.253916312,199.060000000,16.244602536,
script_54,gpt,optimized,python,machine_learning_workflows,02_regression_workflow_feature_importance,/home/romakrut/PycharmProjects/masters-thesis/task_equivalents/llm_translations/gpt/optimized/python/machine_learning_workflows/02_regression_workflow_feature_importance.py,23,ok,12.232955952,194.630000000,15.910300075,
script_54,gpt,optimized,python,machine_learning_workflows,02_regression_workflow_feature_importance,/home/romakrut/PycharmProjects/masters-thesis/task_equivalents/llm_translations/gpt/optimized/python/machine_learning_workflows/02_regression_workflow_feature_importance.py,24,ok,12.293572823,198.620000000,16.156409765,
script_54,gpt,optimized,python,machine_learning_workflows,02_regression_workflow_feature_importance,/home/romakrut/PycharmProjects/masters-thesis/task_equivalents/llm_translations/gpt/optimized/python/machine_learning_workflows/02_regression_workflow_feature_importance.py,25,ok,12.297731737,195.560000000,15.902119528,
script_54,gpt,optimized,python,machine_learning_workflows,02_regression_workflow_feature_importance,/home/romakrut/PycharmProjects/masters-thesis/task_equivalents/llm_translations/gpt/optimized/python/machine_learning_workflows/02_regression_workflow_feature_importance.py,26,ok,12.244719148,197.890000000,16.161252668,
script_54,gpt,optimized,python,machine_learning_workflows,02_regression_workflow_feature_importance,/home/romakrut/PycharmProjects/masters-thesis/task_equivalents/llm_translations/gpt/optimized/python/machine_learning_workflows/02_regression_workflow_feature_importance.py,27,ok,12.269815862,194.900000000,15.884508960,
script_54,gpt,optimized,python,machine_learning_workflows,02_regression_workflow_feature_importance,/home/romakrut/PycharmProjects/masters-thesis/task_equivalents/llm_translations/gpt/optimized/python/machine_learning_workflows/02_regression_workflow_feature_importance.py,28,ok,12.232390196,200.620000000,16.400719466,
script_54,gpt,optimized,python,machine_learning_workflows,02_regression_workflow_feature_importance,/home/romakrut/PycharmProjects/masters-thesis/task_equivalents/llm_translations/gpt/optimized/python/machine_learning_workflows/02_regression_workflow_feature_importance.py,29,ok,12.266645029,198.670000000,16.195952482,
script_54,gpt,optimized,python,machine_learning_workflows,02_regression_workflow_feature_importance,/home/romakrut/PycharmProjects/masters-thesis/task_equivalents/llm_translations/gpt/optimized/python/machine_learning_workflows/02_regression_workflow_feature_importance.py,30,ok,12.226456415,198.010000000,16.195207612,
script_60,gpt,optimized,r,data_visualization,02_distribution_boxplot,/home/romakrut/PycharmProjects/masters-thesis/task_equivalents/llm_translations/gpt/optimized/r/data_visualization/02_distribution_boxplot.R,1,ok,0.370132235,6.500000000,17.561291304,
script_60,gpt,optimized,r,data_visualization,02_distribution_boxplot,/home/romakrut/PycharmProjects/masters-thesis/task_equivalents/llm_translations/gpt/optimized/r/data_visualization/02_distribution_boxplot.R,2,ok,0.374884279,6.370000000,16.991910189,
script_60,gpt,optimized,r,data_visualization,02_distribution_boxplot,/home/romakrut/PycharmProjects/masters-thesis/task_equivalents/llm_translations/gpt/optimized/r/data_visualization/02_distribution_boxplot.R,3,ok,0.377635018,6.450000000,17.079983827,
script_60,gpt,optimized,r,data_visualization,02_distribution_boxplot,/home/romakrut/PycharmProjects/masters-thesis/task_equivalents/llm_translations/gpt/optimized/r/data_visualization/02_distribution_boxplot.R,4,ok,0.361535601,6.290000000,17.398009996,
script_60,gpt,optimized,r,data_visualization,02_distribution_boxplot,/home/romakrut/PycharmProjects/masters-thesis/task_equivalents/llm_translations/gpt/optimized/r/data_visualization/02_distribution_boxplot.R,5,ok,0.370162375,6.280000000,16.965527628,
script_60,gpt,optimized,r,data_visualization,02_distribution_boxplot,/home/romakrut/PycharmProjects/masters-thesis/task_equivalents/llm_translations/gpt/optimized/r/data_visualization/02_distribution_boxplot.R,6,ok,0.369090738,6.320000000,17.123160647,
script_60,gpt,optimized,r,data_visualization,02_distribution_boxplot,/home/romakrut/PycharmProjects/masters-thesis/task_equivalents/llm_translations/gpt/optimized/r/data_visualization/02_distribution_boxplot.R,7,ok,0.360424512,6.250000000,17.340663001,
script_60,gpt,optimized,r,data_visualization,02_distribution_boxplot,/home/romakrut/PycharmProjects/masters-thesis/task_equivalents/llm_translations/gpt/optimized/r/data_visualization/02_distribution_boxplot.R,8,ok,0.361990951,6.380000000,17.624749962,
script_60,gpt,optimized,r,data_visualization,02_distribution_boxplot,/home/romakrut/PycharmProjects/masters-thesis/task_equivalents/llm_translations/gpt/optimized/r/data_visualization/02_distribution_boxplot.R,9,ok,0.368701218,6.410000000,17.385350758,
script_60,gpt,optimized,r,data_visualization,02_distribution_boxplot,/home/romakrut/PycharmProjects/masters-thesis/task_equivalents/llm_translations/gpt/optimized/r/data_visualization/02_distribution_boxplot.R,10,ok,0.361045177,6.290000000,17.421642500,
script_60,gpt,optimized,r,data_visualization,02_distribution_boxplot,/home/romakrut/PycharmProjects/masters-thesis/task_equivalents/llm_translations/gpt/optimized/r/data_visualization/02_distribution_boxplot.R,11,ok,0.373915124,6.450000000,17.249904018,
script_60,gpt,optimized,r,data_visualization,02_distribution_boxplot,/home/romakrut/PycharmProjects/masters-thesis/task_equivalents/llm_translations/gpt/optimized/r/data_visualization/02_distribution_boxplot.R,12,ok,0.370134530,6.400000000,17.291010379,
script_60,gpt,optimized,r,data_visualization,02_distribution_boxplot,/home/romakrut/PycharmProjects/masters-thesis/task_equivalents/llm_translations/gpt/optimized/r/data_visualization/02_distribution_boxplot.R,13,ok,0.368388665,6.360000000,17.264374842,
script_60,gpt,optimized,r,data_visualization,02_distribution_boxplot,/home/romakrut/PycharmProjects/masters-thesis/task_equivalents/llm_translations/gpt/optimized/r/data_visualization/02_distribution_boxplot.R,14,ok,0.371228502,6.440000000,17.347805907,
script_60,gpt,optimized,r,data_visualization,02_distribution_boxplot,/home/romakrut/PycharmProjects/masters-thesis/task_equivalents/llm_translations/gpt/optimized/r/data_visualization/02_distribution_boxplot.R,15,ok,0.371950285,6.330000000,17.018403414,
script_60,gpt,optimized,r,data_visualization,02_distribution_boxplot,/home/romakrut/PycharmProjects/masters-thesis/task_equivalents/llm_translations/gpt/optimized/r/data_visualization/02_distribution_boxplot.R,16,ok,0.359947655,6.380000000,17.724799457,
script_60,gpt,optimized,r,data_visualization,02_distribution_boxplot,/home/romakrut/PycharmProjects/masters-thesis/task_equivalents/llm_translations/gpt/optimized/r/data_visualization/02_distribution_boxplot.R,17,ok,0.368516536,6.400000000,17.366927600,
script_60,gpt,optimized,r,data_visualization,02_distribution_boxplot,/home/romakrut/PycharmProjects/masters-thesis/task_equivalents/llm_translations/gpt/optimized/r/data_visualization/02_distribution_boxplot.R,18,ok,0.368303492,6.340000000,17.214064318,
script_60,gpt,optimized,r,data_visualization,02_distribution_boxplot,/home/romakrut/PycharmProjects/masters-thesis/task_equivalents/llm_translations/gpt/optimized/r/data_visualization/02_distribution_boxplot.R,19,ok,0.369512156,6.490000000,17.563698229,
script_60,gpt,optimized,r,data_visualization,02_distribution_boxplot,/home/romakrut/PycharmProjects/masters-thesis/task_equivalents/llm_translations/gpt/optimized/r/data_visualization/02_distribution_boxplot.R,20,ok,0.359908684,6.240000000,17.337731145,
script_60,gpt,optimized,r,data_visualization,02_distribution_boxplot,/home/romakrut/PycharmProjects/masters-thesis/task_equivalents/llm_translations/gpt/optimized/r/data_visualization/02_distribution_boxplot.R,21,ok,0.366345052,6.310000000,17.224198786,
script_60,gpt,optimized,r,data_visualization,02_distribution_boxplot,/home/romakrut/PycharmProjects/masters-thesis/task_equivalents/llm_translations/gpt/optimized/r/data_visualization/02_distribution_boxplot.R,22,ok,0.372116349,6.430000000,17.279541781,
script_60,gpt,optimized,r,data_visualization,02_distribution_boxplot,/home/romakrut/PycharmProjects/masters-thesis/task_equivalents/llm_translations/gpt/optimized/r/data_visualization/02_distribution_boxplot.R,23,ok,0.361823667,6.520000000,18.019827321,
script_60,gpt,optimized,r,data_visualization,02_distribution_boxplot,/home/romakrut/PycharmProjects/masters-thesis/task_equivalents/llm_translations/gpt/optimized/r/data_visualization/02_distribution_boxplot.R,24,ok,0.368538782,6.340000000,17.203074167,
script_60,gpt,optimized,r,data_visualization,02_distribution_boxplot,/home/romakrut/PycharmProjects/masters-thesis/task_equivalents/llm_translations/gpt/optimized/r/data_visualization/02_distribution_boxplot.R,25,ok,0.362103086,6.430000000,17.757374208,
script_60,gpt,optimized,r,data_visualization,02_distribution_boxplot,/home/romakrut/PycharmProjects/masters-thesis/task_equivalents/llm_translations/gpt/optimized/r/data_visualization/02_distribution_boxplot.R,26,ok,0.368295171,6.390000000,17.350213913,
script_60,gpt,optimized,r,data_visualization,02_distribution_boxplot,/home/romakrut/PycharmProjects/masters-thesis/task_equivalents/llm_translations/gpt/optimized/r/data_visualization/02_distribution_boxplot.R,27,ok,0.370754915,6.420000000,17.316021286,
script_60,gpt,optimized,r,data_visualization,02_distribution_boxplot,/home/romakrut/PycharmProjects/masters-thesis/task_equivalents/llm_translations/gpt/optimized/r/data_visualization/02_distribution_boxplot.R,28,ok,0.361504444,6.330000000,17.510158188,
script_60,gpt,optimized,r,data_visualization,02_distribution_boxplot,/home/romakrut/PycharmProjects/masters-thesis/task_equivalents/llm_translations/gpt/optimized/r/data_visualization/02_distribution_boxplot.R,29,ok,0.370232733,6.470000000,17.475494259,
script_60,gpt,optimized,r,data_visualization,02_distribution_boxplot,/home/romakrut/PycharmProjects/masters-thesis/task_equivalents/llm_translations/gpt/optimized/r/data_visualization/02_distribution_boxplot.R,30,ok,0.370736393,6.420000000,17.316886395,
script_38,gpt,base,python,machine_learning_workflows,02_regression_workflow_feature_importance,/home/romakrut/PycharmProjects/masters-thesis/task_equivalents/llm_translations/gpt/base/python/machine_learning_workflows/02_regression_workflow_feature_importance.py,1,ok,12.260021591,192.890000000,15.733251248,
script_38,gpt,base,python,machine_learning_workflows,02_regression_workflow_feature_importance,/home/romakrut/PycharmProjects/masters-thesis/task_equivalents/llm_translations/gpt/base/python/machine_learning_workflows/02_regression_workflow_feature_importance.py,2,ok,12.175712112,193.320000000,15.877510754,
script_38,gpt,base,python,machine_learning_workflows,02_regression_workflow_feature_importance,/home/romakrut/PycharmProjects/masters-thesis/task_equivalents/llm_translations/gpt/base/python/machine_learning_workflows/02_regression_workflow_feature_importance.py,3,ok,12.294350067,191.830000000,15.603102153,
script_38,gpt,base,python,machine_learning_workflows,02_regression_workflow_feature_importance,/home/romakrut/PycharmProjects/masters-thesis/task_equivalents/llm_translations/gpt/base/python/machine_learning_workflows/02_regression_workflow_feature_importance.py,4,ok,12.227641048,192.130000000,15.712760887,
script_38,gpt,base,python,machine_learning_workflows,02_regression_workflow_feature_importance,/home/romakrut/PycharmProjects/masters-thesis/task_equivalents/llm_translations/gpt/base/python/machine_learning_workflows/02_regression_workflow_feature_importance.py,5,ok,12.208316142,197.340000000,16.164391363,
script_38,gpt,base,python,machine_learning_workflows,02_regression_workflow_feature_importance,/home/romakrut/PycharmProjects/masters-thesis/task_equivalents/llm_translations/gpt/base/python/machine_learning_workflows/02_regression_workflow_feature_importance.py,6,ok,12.193605793,195.320000000,16.018231466,
script_38,gpt,base,python,machine_learning_workflows,02_regression_workflow_feature_importance,/home/romakrut/PycharmProjects/masters-thesis/task_equivalents/llm_translations/gpt/base/python/machine_learning_workflows/02_regression_workflow_feature_importance.py,7,ok,12.235557069,193.470000000,15.812112102,
script_38,gpt,base,python,machine_learning_workflows,02_regression_workflow_feature_importance,/home/romakrut/PycharmProjects/masters-thesis/task_equivalents/llm_translations/gpt/base/python/machine_learning_workflows/02_regression_workflow_feature_importance.py,8,ok,12.219694322,197.170000000,16.135428171,
script_38,gpt,base,python,machine_learning_workflows,02_regression_workflow_feature_importance,/home/romakrut/PycharmProjects/masters-thesis/task_equivalents/llm_translations/gpt/base/python/machine_learning_workflows/02_regression_workflow_feature_importance.py,9,ok,12.202935903,193.390000000,15.847825600,
script_38,gpt,base,python,machine_learning_workflows,02_regression_workflow_feature_importance,/home/romakrut/PycharmProjects/masters-thesis/task_equivalents/llm_translations/gpt/base/python/machine_learning_workflows/02_regression_workflow_feature_importance.py,10,ok,12.227673882,196.520000000,16.071740373,
script_38,gpt,base,python,machine_learning_workflows,02_regression_workflow_feature_importance,/home/romakrut/PycharmProjects/masters-thesis/task_equivalents/llm_translations/gpt/base/python/machine_learning_workflows/02_regression_workflow_feature_importance.py,11,ok,12.272006845,197.110000000,16.061757664,
script_38,gpt,base,python,machine_learning_workflows,02_regression_workflow_feature_importance,/home/romakrut/PycharmProjects/masters-thesis/task_equivalents/llm_translations/gpt/base/python/machine_learning_workflows/02_regression_workflow_feature_importance.py,12,ok,12.215619205,198.680000000,16.264423167,
script_38,gpt,base,python,machine_learning_workflows,02_regression_workflow_feature_importance,/home/romakrut/PycharmProjects/masters-thesis/task_equivalents/llm_translations/gpt/base/python/machine_learning_workflows/02_regression_workflow_feature_importance.py,13,ok,12.242232846,193.780000000,15.828811822,
script_38,gpt,base,python,machine_learning_workflows,02_regression_workflow_feature_importance,/home/romakrut/PycharmProjects/masters-thesis/task_equivalents/llm_translations/gpt/base/python/machine_learning_workflows/02_regression_workflow_feature_importance.py,14,ok,12.224509605,194.700000000,15.927019266,
script_38,gpt,base,python,machine_learning_workflows,02_regression_workflow_feature_importance,/home/romakrut/PycharmProjects/masters-thesis/task_equivalents/llm_translations/gpt/base/python/machine_learning_workflows/02_regression_workflow_feature_importance.py,15,ok,12.241497921,193.870000000,15.837114155,
script_38,gpt,base,python,machine_learning_workflows,02_regression_workflow_feature_importance,/home/romakrut/PycharmProjects/masters-thesis/task_equivalents/llm_translations/gpt/base/python/machine_learning_workflows/02_regression_workflow_feature_importance.py,16,ok,12.297267529,200.100000000,16.271907522,
script_38,gpt,base,python,machine_learning_workflows,02_regression_workflow_feature_importance,/home/romakrut/PycharmProjects/masters-thesis/task_equivalents/llm_translations/gpt/base/python/machine_learning_workflows/02_regression_workflow_feature_importance.py,17,ok,12.212854593,198.010000000,16.213244700,
script_38,gpt,base,python,machine_learning_workflows,02_regression_workflow_feature_importance,/home/romakrut/PycharmProjects/masters-thesis/task_equivalents/llm_translations/gpt/base/python/machine_learning_workflows/02_regression_workflow_feature_importance.py,18,ok,12.221404160,198.050000000,16.205175560,
script_38,gpt,base,python,machine_learning_workflows,02_regression_workflow_feature_importance,/home/romakrut/PycharmProjects/masters-thesis/task_equivalents/llm_translations/gpt/base/python/machine_learning_workflows/02_regression_workflow_feature_importance.py,19,ok,12.240127013,198.660000000,16.230223738,
script_38,gpt,base,python,machine_learning_workflows,02_regression_workflow_feature_importance,/home/romakrut/PycharmProjects/masters-thesis/task_equivalents/llm_translations/gpt/base/python/machine_learning_workflows/02_regression_workflow_feature_importance.py,20,ok,12.209865495,198.850000000,16.286010692,
script_38,gpt,base,python,machine_learning_workflows,02_regression_workflow_feature_importance,/home/romakrut/PycharmProjects/masters-thesis/task_equivalents/llm_translations/gpt/base/python/machine_learning_workflows/02_regression_workflow_feature_importance.py,21,ok,12.224586085,194.990000000,15.950642308,
script_38,gpt,base,python,machine_learning_workflows,02_regression_workflow_feature_importance,/home/romakrut/PycharmProjects/masters-thesis/task_equivalents/llm_translations/gpt/base/python/machine_learning_workflows/02_regression_workflow_feature_importance.py,22,ok,12.220467756,200.460000000,16.403627423,
script_38,gpt,base,python,machine_learning_workflows,02_regression_workflow_feature_importance,/home/romakrut/PycharmProjects/masters-thesis/task_equivalents/llm_translations/gpt/base/python/machine_learning_workflows/02_regression_workflow_feature_importance.py,23,ok,12.269562734,194.650000000,15.864461042,
script_38,gpt,base,python,machine_learning_workflows,02_regression_workflow_feature_importance,/home/romakrut/PycharmProjects/masters-thesis/task_equivalents/llm_translations/gpt/base/python/machine_learning_workflows/02_regression_workflow_feature_importance.py,24,ok,12.226552645,199.560000000,16.321853412,
script_38,gpt,base,python,machine_learning_workflows,02_regression_workflow_feature_importance,/home/romakrut/PycharmProjects/masters-thesis/task_equivalents/llm_translations/gpt/base/python/machine_learning_workflows/02_regression_workflow_feature_importance.py,25,ok,12.292334028,198.180000000,16.122243306,
script_38,gpt,base,python,machine_learning_workflows,02_regression_workflow_feature_importance,/home/romakrut/PycharmProjects/masters-thesis/task_equivalents/llm_translations/gpt/base/python/machine_learning_workflows/02_regression_workflow_feature_importance.py,26,ok,12.204882167,199.510000000,16.346737090,
script_38,gpt,base,python,machine_learning_workflows,02_regression_workflow_feature_importance,/home/romakrut/PycharmProjects/masters-thesis/task_equivalents/llm_translations/gpt/base/python/machine_learning_workflows/02_regression_workflow_feature_importance.py,27,ok,12.237761429,196.890000000,16.088726778,
script_38,gpt,base,python,machine_learning_workflows,02_regression_workflow_feature_importance,/home/romakrut/PycharmProjects/masters-thesis/task_equivalents/llm_translations/gpt/base/python/machine_learning_workflows/02_regression_workflow_feature_importance.py,28,ok,12.241264927,195.630000000,15.981191582,
script_38,gpt,base,python,machine_learning_workflows,02_regression_workflow_feature_importance,/home/romakrut/PycharmProjects/masters-thesis/task_equivalents/llm_translations/gpt/base/python/machine_learning_workflows/02_regression_workflow_feature_importance.py,29,ok,12.247007707,195.100000000,15.930421918,
script_38,gpt,base,python,machine_learning_workflows,02_regression_workflow_feature_importance,/home/romakrut/PycharmProjects/masters-thesis/task_equivalents/llm_translations/gpt/base/python/machine_learning_workflows/02_regression_workflow_feature_importance.py,30,ok,12.196943941,194.120000000,15.915462180,
